v 0.045794 0.718241 0.061169
v 0.040356 0.704855 0.071162
v 0.051251 0.699728 0.062718
v 0.057143 0.709001 0.051735
v 0.047699 0.691504 0.070614
v 0.038369 0.693646 0.077035
v 0.058390 0.692169 0.053840
v 0.063639 0.697746 0.042492
v 0.065009 0.654981 0.049728
v 0.069425 0.648730 0.040948
v 0.068666 0.661319 0.040145
v 0.063236 0.664129 0.048825
v 0.064773 0.628468 0.051243
v 0.059190 0.620806 0.061034
v 0.061407 0.610144 0.052802
v 0.066041 0.617342 0.041797
v 0.026556 0.638367 0.081625
v 0.031874 0.631713 0.081659
v 0.035894 0.638271 0.079527
v 0.029849 0.644087 0.079357
v 0.017308 0.649041 0.085900
v 0.018420 0.653801 0.081688
v 0.013606 0.658536 0.086101
v 0.013297 0.653234 0.091468
v 0.021088 0.633049 0.082691
v 0.026788 0.626145 0.082528
v 0.021977 0.644315 0.082163
v 0.019648 0.640055 0.085070
v 0.016665 0.635858 0.096605
v 0.018130 0.640367 0.094333
v 0.014866 0.642596 0.100814
v 0.013797 0.637025 0.101139
v 0.019419 0.633290 0.087442
v 0.019799 0.636817 0.089720
v 0.017530 0.633366 0.092709
v 0.016137 0.630586 0.089964
v 0.016484 0.644964 0.089586
v 0.013609 0.648271 0.096175
v 0.009741 0.650880 0.102812
v 0.010874 0.643405 0.107695
v 0.042655 0.617275 0.077610
v 0.037546 0.624739 0.080509
v 0.032622 0.619866 0.081894
v 0.037354 0.613855 0.080028
v 0.017339 0.627048 0.087026
v 0.020976 0.611233 0.090019
v 0.021271 0.615196 0.089478
v 0.015265 0.616758 0.093268
v 0.015606 0.613025 0.093671
v 0.047715 0.601606 0.070877
v 0.041892 0.601116 0.075816
v 0.042211 0.593942 0.074233
v 0.047507 0.592866 0.068292
v 0.039602 0.588109 0.074271
v 0.045676 0.584533 0.066708
v 0.036072 0.570373 0.069406
v 0.041156 0.576638 0.067734
v 0.035524 0.582602 0.075666
v 0.030140 0.577955 0.079504
v 0.018991 0.583642 0.087555
v 0.013114 0.582840 0.090636
v 0.017571 0.570420 0.090162
v 0.023509 0.573558 0.085488
v 0.020536 0.604784 0.086590
v 0.024409 0.604308 0.083797
v 0.024888 0.606234 0.085860
v 0.020953 0.607827 0.089029
v 0.028180 0.603766 0.081881
v 0.029855 0.603436 0.081227
v 0.029701 0.604955 0.082336
v 0.027943 0.604463 0.082395
v 0.026020 0.604160 0.082929
v 0.024793 0.602362 0.083483
v 0.027174 0.603047 0.082351
v 0.021342 0.602003 0.086420
v 0.009023 0.601093 0.095083
v 0.012966 0.601400 0.093558
v 0.011552 0.605689 0.091933
v 0.008108 0.605677 0.093074
v 0.027718 0.606762 0.083825
v 0.030480 0.608703 0.083234
v 0.026849 0.612034 0.086033
v 0.025585 0.609065 0.086042
v 0.033092 0.610713 0.082321
v 0.031943 0.606066 0.081472
v 0.034874 0.606698 0.080414
v 0.029089 0.601713 0.081234
v 0.031824 0.599895 0.079931
v 0.032561 0.602737 0.080674
v 0.029624 0.596820 0.080720
v 0.026550 0.600029 0.082459
v 0.023102 0.598643 0.085490
v 0.018781 0.597538 0.089477
v 0.021042 0.592398 0.086893
v 0.025852 0.594274 0.083323
v 0.028643 0.615624 0.084415
v 0.036669 0.601884 0.078746
v 0.040018 0.608175 0.077687
v 0.036385 0.597016 0.078097
v 0.034152 0.592560 0.078432
v 0.029578 0.589007 0.080352
v 0.024691 0.585845 0.083926
v 0.019795 0.560227 0.079835
v 0.027440 0.564749 0.075352
v 0.036383 0.685657 0.076194
v 0.044927 0.684281 0.073114
v 0.045497 0.675789 0.069980
v 0.047419 0.678323 0.069270
v 0.042044 0.680073 0.072270
v 0.041574 0.677071 0.072404
v 0.057869 0.666542 0.054683
v 0.053442 0.668798 0.059433
v 0.053863 0.664922 0.058499
v 0.059720 0.659945 0.054993
v 0.046794 0.658311 0.066923
v 0.050830 0.659156 0.063314
v 0.047045 0.666047 0.065227
v 0.044260 0.665525 0.067959
v 0.040582 0.665358 0.070143
v 0.036570 0.665751 0.071483
v 0.036821 0.660210 0.071647
v 0.041759 0.658924 0.069863
v 0.035236 0.681287 0.073570
v 0.028301 0.680758 0.073526
v 0.029442 0.677489 0.073125
v 0.035656 0.677939 0.073721
v 0.019681 0.670393 0.069381
v 0.020775 0.672990 0.070047
v 0.017485 0.674520 0.071256
v 0.016632 0.670110 0.070913
v 0.018958 0.667018 0.071300
v 0.020990 0.668768 0.069935
v 0.037260 0.739532 0.055833
v 0.032586 0.723641 0.068625
v 0.052856 0.730569 0.046552
v 0.063151 0.718269 0.037655
v 0.070014 0.703202 0.029955
v 0.054744 0.604779 0.062985
v 0.055496 0.595024 0.058047
v 0.062368 0.600368 0.044969
v 0.060416 0.589554 0.041421
v 0.053155 0.584437 0.055860
v 0.039600 0.565759 0.055980
v 0.048024 0.573980 0.055180
v 0.055519 0.578885 0.037494
v 0.062464 0.588788 0.020092
v 0.065371 0.597240 0.026763
v 0.065701 0.602383 0.005609
v 0.058049 0.579860 0.010136
v 0.063123 0.599996 -0.002753
v 0.043030 0.545742 0.017890
v 0.045016 0.534417 0.014719
v 0.055887 0.539748 0.000894
v 0.054966 0.550951 0.004128
v 0.067241 0.606759 0.033184
v 0.070767 0.671318 0.030781
v 0.066024 0.672730 0.041889
v 0.072861 0.657242 0.029578
v 0.074013 0.727852 0.003614
v 0.069860 0.725233 0.022235
v 0.075649 0.708426 0.017344
v 0.079498 0.712297 0.001049
v 0.045646 0.762761 0.007179
v 0.043576 0.753397 0.034292
v 0.057351 0.741760 0.028615
v 0.060420 0.748472 0.006195
v 0.081585 0.712256 -0.013492
v 0.081819 0.710069 -0.031467
v 0.077362 0.724772 -0.040460
v 0.075776 0.729292 -0.018433
v 0.065169 0.743127 -0.049765
v 0.063095 0.748868 -0.023061
v 0.061461 0.585580 -0.011004
v 0.062706 0.603881 -0.015733
v 0.053926 0.564404 0.008385
v 0.060504 0.569714 -0.009123
v 0.046811 0.757162 -0.056594
v 0.045516 0.765058 -0.025179
v 0.069911 0.680521 -0.076210
v 0.072538 0.699154 -0.070391
v 0.079440 0.689003 -0.053409
v 0.076500 0.673069 -0.060789
v 0.058816 0.688176 -0.091925
v 0.061577 0.709898 -0.085728
v 0.057550 0.625027 -0.068864
v 0.050037 0.609767 -0.059829
v 0.042286 0.609370 -0.072785
v 0.048194 0.625152 -0.083916
v 0.054588 0.686877 0.063140
v 0.050903 0.681379 0.068433
v 0.054690 0.677511 0.063021
v 0.058601 0.680738 0.056458
v 0.062738 0.683081 0.046741
v 0.067286 0.685271 0.035203
v 0.077199 0.693661 0.011853
v 0.080984 0.698959 -0.002185
v 0.083292 0.696754 -0.027267
v 0.082862 0.698691 -0.013306
v 0.081061 0.677365 -0.043847
v 0.078778 0.667418 -0.048525
v 0.062481 0.611868 -0.032202
v 0.059045 0.590909 -0.028522
v 0.052364 0.593175 -0.042661
v 0.056688 0.610706 -0.047394
v 0.036627 0.594142 -0.063436
v 0.044336 0.594306 -0.053484
v 0.057404 0.559073 -0.027261
v 0.057815 0.546189 -0.030782
v 0.053172 0.549416 -0.046267
v 0.051643 0.561057 -0.041960
v 0.045589 0.549388 -0.058721
v 0.035595 0.548740 -0.067617
v 0.035207 0.562297 -0.063982
v 0.043571 0.562631 -0.054529
v 0.021765 0.526899 0.031453
v 0.022657 0.517543 0.027696
v 0.034637 0.520416 0.021367
v 0.032327 0.530307 0.024335
v 0.059971 0.535962 -0.035821
v 0.055978 0.540431 -0.051558
v 0.063560 0.626050 -0.053466
v 0.067408 0.628454 -0.042377
v 0.048872 0.539660 -0.064621
v 0.043483 0.577185 -0.052081
v 0.051230 0.575197 -0.041109
v 0.026986 0.594107 -0.072221
v 0.031399 0.608680 -0.082966
v 0.023925 0.648873 0.079476
v 0.026989 0.663421 0.072247
v 0.027535 0.667222 0.071525
v 0.023516 0.668018 0.070770
v 0.022364 0.665050 0.071811
v 0.015074 0.706169 0.081688
v 0.013774 0.688890 0.083214
v 0.026584 0.692919 0.081787
v 0.028094 0.707067 0.077865
v 0.053791 0.634004 0.069069
v 0.044611 0.640434 0.074926
v 0.041865 0.631710 0.078255
v 0.047735 0.623693 0.074217
v 0.050889 0.670351 0.062494
v 0.052732 0.672764 0.062297
v 0.049917 0.672325 0.064783
v 0.045448 0.609970 0.074538
v 0.052209 0.614336 0.068821
v 0.072008 0.642372 0.029994
v 0.060992 0.673181 0.051247
v 0.024005 0.773336 0.009723
v 0.023506 0.761602 0.040744
v 0.025353 0.768285 -0.059730
v 0.024555 0.775032 -0.026037
v 0.044895 0.718095 -0.097824
v 0.041657 0.694620 -0.104760
v 0.023735 0.698665 -0.114009
v 0.023129 0.726134 -0.104592
v 0.034912 0.625969 -0.094666
v 0.025481 0.548140 -0.072770
v 0.024582 0.563350 -0.070579
v 0.021985 0.743822 0.060924
v 0.018562 0.724310 0.074540
v 0.072589 0.688736 0.023026
v 0.064909 0.645797 0.053790
v 0.060084 0.653649 0.058251
v 0.057766 0.649829 0.063004
v 0.062295 0.639421 0.059395
v 0.068028 0.636807 0.045217
v 0.069557 0.628220 0.033315
v 0.071165 0.619366 0.019550
v 0.068551 0.608347 0.012250
v 0.080717 0.703023 -0.046299
v 0.074246 0.715604 -0.059865
v 0.063517 0.729236 -0.071990
v 0.047040 0.740941 -0.081719
v 0.082329 0.692609 -0.039996
v 0.024427 0.749372 -0.087075
v 0.014553 0.621350 0.091933
v 0.021659 0.620816 0.087044
v 0.012981 0.625486 0.091456
v 0.014160 0.596726 0.092629
v 0.009954 0.596349 0.094359
v 0.010837 0.590696 0.091248
v 0.015768 0.591230 0.089719
v 0.019444 0.555267 0.064481
v 0.029074 0.559507 0.059953
v 0.021194 0.536019 0.036437
v 0.031036 0.539949 0.028679
v 0.012937 0.634327 0.095330
v 0.011306 0.634642 0.095686
v 0.011069 0.633530 0.093537
v 0.013117 0.633453 0.093196
v 0.026696 0.605435 0.083929
v 0.010767 0.613296 0.095926
v 0.007622 0.613089 0.096578
v 0.007812 0.609429 0.095086
v 0.010989 0.609514 0.094403
v 0.045319 0.566582 0.034071
v 0.042573 0.556847 0.023357
v 0.059479 0.541765 -0.013442
v 0.059703 0.554895 -0.010657
v 0.057910 0.573517 -0.026280
v 0.034752 0.579084 -0.062601
v 0.025721 0.578639 -0.069800
v 0.001849 0.581022 -0.076533
v 0.001176 0.594604 -0.081412
v 0.014838 0.594688 -0.078610
v 0.013659 0.580269 -0.074373
v 0.031115 0.555603 0.044889
v 0.020348 0.550969 0.050950
v 0.020933 0.544794 0.042176
v 0.030986 0.549337 0.034826
v 0.007586 0.631372 0.096818
v 0.006193 0.630487 0.098460
v 0.006631 0.628177 0.095671
v 0.008520 0.630184 0.094858
v 0.013783 0.631497 0.091400
v 0.011711 0.630357 0.091678
v 0.012028 0.628438 0.091539
v 0.014381 0.634185 0.095951
v 0.014808 0.632749 0.093250
v 0.009683 0.635204 0.100718
v 0.012333 0.635148 0.099016
v 0.009610 0.635697 0.105698
v 0.008934 0.632556 0.095317
v 0.009524 0.631285 0.093706
v 0.012644 0.632493 0.091922
v 0.011007 0.632183 0.092159
v 0.009754 0.635265 0.098614
v 0.011604 0.634954 0.097316
v 0.009290 0.656964 0.097048
v 0.003392 0.658117 0.099604
v 0.003460 0.651578 0.105559
v 0.003530 0.643717 0.110847
v 0.003656 0.635418 0.108846
v 0.012284 0.542200 0.045856
v 0.012518 0.533626 0.040402
v 0.001959 0.723538 0.076002
v 0.002669 0.704404 0.082018
v 0.027428 0.604121 0.082293
v 0.027579 0.684644 0.076463
v 0.051822 0.648337 0.068657
v 0.030997 0.649787 0.076382
v 0.037652 0.645597 0.076131
v 0.037335 0.653032 0.073381
v 0.031409 0.655870 0.073866
v 0.018395 0.681659 0.076848
v 0.009919 0.678300 0.082267
v 0.013493 0.676145 0.075780
v 0.012939 0.669717 0.075784
v 0.010085 0.669377 0.084107
v 0.014222 0.662318 0.080364
v 0.015920 0.664581 0.074553
v 0.047853 0.674156 0.067303
v 0.050316 0.675582 0.065842
v 0.019391 0.657620 0.077511
v 0.025003 0.653634 0.076299
v 0.025886 0.658468 0.073687
v 0.020594 0.661134 0.073788
v 0.044208 0.650142 0.071854
v 0.056584 0.672674 0.057913
v 0.053161 0.661458 0.060182
v 0.070091 0.634486 -0.033852
v 0.066571 0.623412 -0.026833
v 0.073331 0.613778 -0.006552
v 0.071032 0.609796 -0.003605
v 0.065685 0.612606 -0.007965
v 0.071181 0.616082 -0.011041
v 0.081819 0.667129 -0.026394
v 0.081824 0.674279 -0.030038
v 0.082092 0.675461 -0.022715
v 0.081188 0.668019 -0.023583
v 0.080957 0.671545 -0.017381
v 0.081095 0.674761 -0.014976
v 0.080091 0.666747 -0.013629
v 0.080178 0.666967 -0.017035
v 0.082193 0.685952 -0.014110
v 0.080453 0.684074 -0.004140
v 0.078726 0.672144 -0.007233
v 0.074101 0.670091 0.016145
v 0.074845 0.658205 0.003888
v 0.076191 0.666721 -0.001308
v 0.077055 0.678997 0.005719
v 0.071426 0.615172 0.000693
v 0.071676 0.622664 0.004111
v 0.064829 0.616220 -0.016861
v 0.002235 0.705134 -0.115637
v 0.002709 0.733090 -0.105649
v 0.067507 0.661620 -0.077820
v 0.055967 0.666266 -0.093003
v 0.073266 0.657386 -0.062705
v 0.076042 0.654937 -0.049544
v 0.041442 0.671518 -0.105406
v 0.024360 0.672627 -0.114156
v 0.075243 0.652225 0.017370
v 0.073336 0.646055 0.005688
v 0.062987 0.642604 -0.075496
v 0.052485 0.644935 -0.090290
v 0.069654 0.640882 -0.060116
v 0.072834 0.641842 -0.047742
v 0.037903 0.649261 -0.102670
v 0.018649 0.625623 -0.100141
v 0.019947 0.647562 -0.109385
v 0.074745 0.624917 -0.007490
v 0.073179 0.623560 -0.002959
v 0.072934 0.617456 -0.004012
v 0.075957 0.619195 -0.005798
v 0.073877 0.636342 0.017348
v 0.073655 0.633693 0.005072
v 0.009838 0.662853 0.091320
v 0.003391 0.671521 0.088416
v 0.003596 0.664601 0.094035
v 0.003422 0.679275 0.084504
v 0.001841 0.778620 -0.022160
v 0.001689 0.776291 0.012026
v 0.001674 0.757193 -0.085470
v 0.001514 0.772676 -0.056006
v 0.007564 0.582529 0.092526
v 0.010954 0.569028 0.092753
v 0.009653 0.621306 0.094588
v 0.006661 0.620646 0.095240
v 0.007220 0.616749 0.096202
v 0.010310 0.617316 0.095550
v 0.021882 0.678307 0.072379
v 0.016703 0.609007 -0.089419
v 0.013120 0.564119 -0.073920
v 0.013586 0.548946 -0.075747
v 0.038498 0.537838 -0.073820
v 0.026738 0.536581 -0.079107
v 0.006283 0.624579 0.094979
v 0.008979 0.625146 0.093977
v 0.008999 0.634553 0.097201
v 0.015837 0.609208 0.092474
v 0.008891 0.628010 0.093718
v 0.009652 0.630072 0.093398
v 0.004476 0.627733 0.096356
v 0.004739 0.624204 0.095155
v 0.031890 0.661850 0.072497
v 0.032324 0.666691 0.071874
v 0.006865 0.632536 0.102074
v 0.007606 0.633518 0.099421
v 0.003549 0.631613 0.102748
v 0.047368 0.523885 0.011573
v 0.056953 0.528101 -0.002824
v 0.005484 0.612915 0.096677
v 0.005605 0.609163 0.095362
v 0.002125 0.764258 0.043610
v 0.000187 0.623483 -0.101821
v 0.000576 0.643641 -0.110656
v 0.075246 0.650590 -0.003649
v 0.076905 0.646430 -0.008636
v 0.078094 0.653611 -0.011024
v 0.076637 0.658318 -0.006215
v 0.012705 0.524695 0.035439
v 0.060601 0.531612 -0.019231
v 0.014008 0.536373 -0.082181
v 0.050647 0.668572 0.062019
v 0.049436 0.667100 0.063100
v 0.024404 0.675798 0.071541
v 0.001351 0.672491 -0.116897
v 0.017268 0.601613 0.090534
v 0.015818 0.605304 0.089821
v 0.001662 0.565530 -0.074917
v 0.012322 0.548470 0.054233
v 0.004525 0.630151 0.099279
v 0.000880 0.608374 -0.090958
v 0.080815 0.660058 -0.019299
v 0.082101 0.658462 -0.016058
v 0.081494 0.655197 -0.016323
v 0.080026 0.655923 -0.017718
v 0.083000 0.661978 -0.012024
v 0.084126 0.658463 -0.013805
v 0.085902 0.661566 -0.014969
v 0.084633 0.665278 -0.013787
v 0.078658 0.663730 -0.009666
v 0.080476 0.658188 -0.011011
v 0.086774 0.663444 -0.016815
v 0.086933 0.666226 -0.015740
v 0.084424 0.667879 -0.016924
v 0.080844 0.667824 -0.020298
v 0.089602 0.666922 -0.019155
v 0.085931 0.669117 -0.021176
v 0.092240 0.666033 -0.024081
v 0.087554 0.668610 -0.026481
v 0.093439 0.662792 -0.029650
v 0.087841 0.664623 -0.031948
v 0.074446 0.630867 -0.002844
v 0.074500 0.631327 -0.009680
v 0.094046 0.657384 -0.033084
v 0.087637 0.658166 -0.034795
v 0.093414 0.650138 -0.034724
v 0.087303 0.650298 -0.036437
v 0.091824 0.642541 -0.034050
v 0.086667 0.641322 -0.035692
v 0.090357 0.635321 -0.031694
v 0.085227 0.634091 -0.032954
v 0.088131 0.628596 -0.027302
v 0.083082 0.625293 -0.027996
v 0.088545 0.664122 -0.025147
v 0.089744 0.660763 -0.028924
v 0.079880 0.663046 -0.028053
v 0.087517 0.665300 -0.020494
v 0.080010 0.650210 -0.022849
v 0.078175 0.652754 -0.023337
v 0.078919 0.650992 -0.022496
v 0.077963 0.649543 -0.024819
v 0.075748 0.638879 -0.008487
v 0.076902 0.638790 -0.012044
v 0.077319 0.644501 -0.012019
v 0.075513 0.634411 -0.012565
v 0.074491 0.635864 -0.013638
v 0.074158 0.639563 -0.013350
v 0.073863 0.643997 -0.013822
v 0.075181 0.634173 -0.015595
v 0.076240 0.632320 -0.014830
v 0.073839 0.635300 -0.016009
v 0.073385 0.636159 -0.014929
v 0.072589 0.638524 -0.015884
v 0.073477 0.641954 -0.018314
v 0.075091 0.640930 -0.002608
v 0.075040 0.637803 -0.027158
v 0.072157 0.628953 -0.023109
v 0.084930 0.623760 -0.021420
v 0.081626 0.617493 -0.021350
v 0.079096 0.615586 -0.008147
v 0.080929 0.613204 -0.014090
v 0.078321 0.657773 -0.029778
v 0.078383 0.651330 -0.031410
v 0.070450 0.621972 -0.016697
v 0.077516 0.644750 -0.030891
v 0.086198 0.632932 -0.026160
v 0.082834 0.629544 -0.022216
v 0.088490 0.637548 -0.029466
v 0.077273 0.628946 -0.013194
v 0.078533 0.622774 -0.011055
v 0.082109 0.622136 -0.015753
v 0.079523 0.628291 -0.017902
v 0.084640 0.636273 -0.024017
v 0.080910 0.633864 -0.021740
v 0.081524 0.639334 -0.023933
v 0.078027 0.637144 -0.021778
v 0.075766 0.634825 -0.018538
v 0.077860 0.632500 -0.018394
v 0.074175 0.639594 -0.022154
v 0.077946 0.642517 -0.024036
v 0.073357 0.636618 -0.018343
v 0.084335 0.642211 -0.024628
v 0.086471 0.645991 -0.025720
v 0.084087 0.648538 -0.023211
v 0.081258 0.645433 -0.023962
v 0.089117 0.643465 -0.031767
v 0.088906 0.644362 -0.028307
v 0.087150 0.639873 -0.026524
v 0.089374 0.649703 -0.029294
v 0.089737 0.650167 -0.032446
v 0.087482 0.649921 -0.026864
v 0.085980 0.651136 -0.024749
v 0.088811 0.658791 -0.027012
v 0.089354 0.654809 -0.028768
v 0.090357 0.656312 -0.031494
v 0.088044 0.653646 -0.026325
v 0.087338 0.656866 -0.025228
v 0.086201 0.655274 -0.024197
v 0.086879 0.653361 -0.025360
v 0.084827 0.663142 -0.018273
v 0.083548 0.661430 -0.016617
v 0.085883 0.663027 -0.021082
v 0.083854 0.663553 -0.020335
v 0.084469 0.660751 -0.021174
v 0.082465 0.662497 -0.019882
v 0.083581 0.658874 -0.020509
v 0.081701 0.656162 -0.020106
v 0.026077 0.496009 0.023463
v 0.024256 0.506871 0.024833
v 0.013019 0.504349 0.028073
v 0.013602 0.494099 0.025313
v 0.084871 0.657013 -0.022124
v 0.085928 0.659143 -0.023281
v 0.087517 0.661981 -0.024400
v 0.082794 0.652491 -0.022167
v 0.084024 0.651579 -0.022689
v 0.084914 0.653206 -0.023197
v 0.083357 0.654725 -0.021816
v 0.077303 0.648749 -0.013050
v 0.075864 0.647288 -0.016334
v 0.076510 0.644452 -0.020237
v 0.060000 0.484593 0.006323
v 0.074092 0.493358 -0.006569
v 0.068790 0.500658 -0.009313
v 0.055563 0.493613 0.003290
v 0.070663 0.462825 0.023743
v 0.072759 0.445555 0.034766
v 0.091963 0.450455 0.027779
v 0.092158 0.471589 0.008565
v 0.090985 0.432200 0.042148
v 0.073130 0.428472 0.046318
v 0.086528 0.382256 0.075887
v 0.088023 0.397877 0.064781
v 0.071175 0.396698 0.068792
v 0.070152 0.381000 0.079635
v 0.109534 0.306388 0.107031
v 0.097670 0.308292 0.111930
v 0.090676 0.292028 0.112043
v 0.103958 0.288165 0.105921
v 0.153347 0.404650 0.037494
v 0.162570 0.393954 0.034134
v 0.166017 0.412272 0.029004
v 0.155553 0.423059 0.030424
v 0.104234 0.508215 -0.038950
v 0.095559 0.510918 -0.041603
v 0.090596 0.496785 -0.020553
v 0.099787 0.492828 -0.015606
v 0.150244 0.319151 0.055457
v 0.145292 0.328486 0.065116
v 0.142403 0.316637 0.072449
v 0.146495 0.307122 0.064371
v 0.123292 0.226453 0.062284
v 0.109285 0.225784 0.078536
v 0.108571 0.206038 0.080216
v 0.123328 0.206385 0.063199
v 0.158109 0.247805 -0.006607
v 0.155536 0.230096 -0.006062
v 0.154966 0.229891 -0.033164
v 0.157488 0.246309 -0.034160
v 0.115269 0.381973 0.066472
v 0.117823 0.398149 0.056131
v 0.103680 0.398328 0.060513
v 0.101645 0.382684 0.071367
v 0.325832 0.367233 -0.009582
v 0.303479 0.379096 -0.007853
v 0.297127 0.363931 -0.006901
v 0.319261 0.352324 -0.009124
v 0.152227 0.138379 0.011103
v 0.154071 0.121069 0.014372
v 0.155011 0.125314 -0.013069
v 0.152151 0.142170 -0.014924
v 0.215160 0.455431 0.001009
v 0.219803 0.471823 -0.016890
v 0.206324 0.481651 -0.016821
v 0.201687 0.465402 0.002684
v 0.153748 0.367105 0.043658
v 0.157922 0.379392 0.038773
v 0.150271 0.388900 0.043919
v 0.146526 0.374514 0.050171
v 0.166003 0.277622 -0.040627
v 0.168972 0.294421 -0.044502
v 0.168809 0.296300 -0.023447
v 0.166672 0.279563 -0.016949
v 0.163485 0.263221 -0.011389
v 0.162405 0.261383 -0.036905
v 0.137926 0.378195 0.055905
v 0.140519 0.395101 0.047622
v 0.130254 0.397154 0.051675
v 0.127400 0.380537 0.061508
v 0.082049 0.276994 0.108558
v 0.098148 0.272123 0.100475
v 0.146273 0.115922 0.040557
v 0.145878 0.133966 0.036824
v 0.133648 0.129279 0.059046
v 0.133512 0.110732 0.062918
v 0.093083 0.243742 0.089384
v 0.108484 0.243187 0.077808
v 0.109197 0.258009 0.083574
v 0.094091 0.258936 0.093261
v 0.116854 0.106663 0.081912
v 0.117466 0.125480 0.077761
v 0.099316 0.122938 0.094561
v 0.098636 0.102100 0.099291
v 0.089737 0.414732 0.053908
v 0.072432 0.412452 0.057791
v 0.128431 0.306072 0.092148
v 0.120041 0.305779 0.100100
v 0.115866 0.287168 0.098272
v 0.125933 0.288431 0.090058
v 0.170320 0.363862 0.014678
v 0.177894 0.374386 0.010663
v 0.176563 0.396339 0.023129
v 0.169345 0.379357 0.026951
v 0.158402 0.108225 -0.011292
v 0.156203 0.104372 0.016843
v 0.117157 0.087027 0.084084
v 0.099074 0.081542 0.101492
v 0.200622 0.360711 -0.056681
v 0.199696 0.364217 -0.043709
v 0.191852 0.355494 -0.041345
v 0.194060 0.352660 -0.054595
v 0.057996 0.309832 0.115957
v 0.067129 0.289124 0.114540
v 0.079726 0.302331 0.115689
v 0.073104 0.318762 0.114863
v 0.123282 0.272405 0.082449
v 0.111882 0.271002 0.091539
v 0.122262 0.259507 0.073063
v 0.041759 0.300118 0.113031
v 0.052610 0.273668 0.109212
v 0.054274 0.409418 0.061374
v 0.053437 0.394465 0.072197
v 0.054652 0.425122 0.051154
v 0.053377 0.441213 0.041292
v 0.035257 0.438045 0.045881
v 0.036088 0.421762 0.054982
v 0.051190 0.457101 0.032454
v 0.033088 0.453459 0.037828
v 0.043581 0.478735 0.016591
v 0.040676 0.488609 0.013929
v 0.163446 0.367291 0.030709
v 0.158765 0.356399 0.034729
v 0.133861 0.092510 0.064932
v 0.116842 0.439230 -0.130602
v 0.133514 0.445000 -0.122926
v 0.131954 0.427054 -0.127812
v 0.115325 0.420451 -0.135839
v 0.112939 0.494254 -0.012888
v 0.113733 0.508858 -0.037624
v 0.180567 0.375081 -0.099403
v 0.180431 0.365393 -0.095055
v 0.172595 0.357967 -0.099114
v 0.171958 0.370102 -0.103778
v 0.199645 0.362799 -0.077687
v 0.198764 0.368472 -0.084612
v 0.208137 0.367950 -0.087185
v 0.208835 0.362023 -0.080420
v 0.149648 0.128962 -0.038052
v 0.145996 0.145521 -0.040057
v 0.132938 0.258464 -0.099770
v 0.141022 0.275653 -0.099030
v 0.151000 0.267957 -0.081309
v 0.144799 0.251329 -0.080830
v 0.018802 0.407052 -0.132774
v 0.037596 0.410649 -0.137391
v 0.037307 0.394858 -0.139541
v 0.018622 0.391703 -0.134751
v 0.077603 0.440600 -0.136328
v 0.056502 0.432137 -0.137579
v 0.055677 0.446932 -0.133139
v 0.077472 0.456493 -0.130719
v 0.097319 0.431752 -0.137538
v 0.096402 0.412882 -0.141827
v 0.162700 0.279730 -0.062056
v 0.166451 0.295958 -0.063604
v 0.172377 0.317899 -0.065464
v 0.175894 0.325789 -0.065637
v 0.176895 0.325856 -0.050533
v 0.173682 0.317867 -0.049494
v 0.087555 0.515398 -0.044065
v 0.095561 0.518146 -0.064743
v 0.085804 0.521510 -0.067382
v 0.051284 0.495673 -0.110099
v 0.061908 0.500770 -0.105664
v 0.064669 0.495223 -0.109650
v 0.051099 0.489258 -0.114371
v 0.042196 0.323258 -0.143418
v 0.044935 0.300789 -0.138997
v 0.021941 0.301748 -0.137241
v 0.020705 0.322786 -0.141471
v 0.178343 0.334993 -0.077240
v 0.175793 0.340417 -0.086412
v 0.182897 0.348150 -0.084327
v 0.184789 0.342233 -0.076522
v 0.170531 0.333263 -0.088275
v 0.173435 0.328373 -0.078021
v 0.169653 0.320362 -0.078807
v 0.165692 0.325365 -0.090368
v 0.148686 0.291595 -0.096934
v 0.155591 0.306006 -0.094239
v 0.161662 0.300399 -0.079728
v 0.157076 0.284660 -0.080724
v 0.022508 0.231873 -0.121260
v 0.022542 0.254793 -0.127535
v 0.043077 0.252844 -0.128960
v 0.042427 0.229559 -0.123621
v 0.206595 0.374679 -0.022281
v 0.217320 0.368838 -0.026303
v 0.216884 0.377083 -0.011410
v 0.206843 0.381140 -0.007811
v 0.217685 0.384299 -0.099446
v 0.218691 0.391135 -0.101173
v 0.228873 0.389983 -0.101857
v 0.227461 0.383765 -0.100825
v 0.231704 0.351751 -0.042891
v 0.246769 0.341238 -0.045983
v 0.246482 0.349575 -0.031552
v 0.230088 0.359902 -0.028922
v 0.123706 0.512121 -0.064392
v 0.114081 0.514074 -0.064085
v 0.123821 0.510512 -0.036440
v 0.219553 0.353036 -0.063912
v 0.218436 0.354507 -0.074959
v 0.230649 0.348191 -0.079651
v 0.231022 0.345346 -0.068329
v 0.331680 0.381354 -0.017295
v 0.309541 0.393228 -0.016295
v 0.264486 0.328204 -0.062367
v 0.246556 0.336598 -0.059787
v 0.246669 0.336511 -0.072509
v 0.266389 0.329697 -0.075526
v 0.139243 0.235284 -0.079713
v 0.125461 0.241647 -0.098070
v 0.122820 0.133599 -0.077697
v 0.118529 0.151551 -0.079431
v 0.133545 0.148969 -0.062073
v 0.137916 0.131735 -0.060097
v 0.151716 0.112223 -0.037118
v 0.125781 0.115116 -0.076496
v 0.140921 0.114232 -0.059113
v 0.068746 0.528194 -0.062737
v 0.076937 0.524888 -0.066311
v 0.066205 0.521888 -0.083292
v 0.059617 0.527344 -0.077862
v 0.172820 0.008577 -0.041366
v 0.175851 0.007638 -0.009450
v 0.175294 -0.012526 -0.014987
v 0.170667 -0.014144 -0.046474
v 0.034690 0.509350 -0.100472
v 0.031308 0.518590 -0.093792
v 0.046101 0.522874 -0.087555
v 0.051671 0.515263 -0.093584
v 0.172544 0.031189 -0.038439
v 0.175151 0.028723 -0.008110
v 0.071894 0.522457 -0.043219
v 0.079793 0.518780 -0.044564
v 0.069931 0.514561 -0.025483
v 0.077299 0.509222 -0.025888
v 0.063190 0.508491 -0.009444
v 0.172114 0.002273 0.018566
v 0.175404 -0.017271 0.016231
v 0.053492 0.532621 -0.071465
v 0.041867 0.529354 -0.081110
v 0.028861 0.527318 -0.086718
v 0.014941 0.526231 -0.089506
v 0.000081 0.525958 -0.090324
v 0.000482 0.536090 -0.083386
v 0.160619 0.092822 -0.009779
v 0.156533 0.095686 -0.036958
v 0.132703 -0.116948 -0.113845
v 0.140623 -0.126711 -0.101907
v 0.107532 -0.137741 -0.111470
v 0.105003 -0.127507 -0.122213
v 0.031414 -0.128088 -0.126643
v 0.071218 -0.131338 -0.127091
v 0.069771 -0.143467 -0.114236
v 0.030289 -0.140807 -0.111538
v 0.035941 -0.005410 -0.143830
v 0.036725 0.016655 -0.137656
v 0.065814 0.017277 -0.137295
v 0.065619 -0.004470 -0.144445
v 0.145039 0.097475 -0.059761
v 0.130318 0.097697 -0.077669
v 0.156573 0.088482 0.018364
v 0.210314 -0.120247 0.031042
v 0.224470 -0.150109 0.027420
v 0.223927 -0.144067 -0.011734
v 0.211988 -0.114339 -0.010111
v 0.188004 -0.153037 -0.072703
v 0.157228 -0.163854 -0.087921
v 0.147706 -0.143923 -0.093839
v 0.178822 -0.129345 -0.077475
v 0.079959 0.076975 0.116917
v 0.079923 0.055693 0.116487
v 0.098885 0.061618 0.101787
v 0.019540 0.065701 0.139478
v 0.018258 0.043731 0.138478
v 0.039057 0.046878 0.135414
v 0.041114 0.069234 0.136265
v 0.024698 -0.071293 0.117675
v 0.028349 -0.046496 0.120533
v 0.013077 -0.047620 0.123608
v 0.012039 -0.070598 0.120165
v 0.162228 -0.004655 0.044624
v 0.159939 0.013353 0.045861
v 0.140739 0.003752 0.067319
v 0.141220 -0.014273 0.067333
v 0.069583 -0.154568 -0.097321
v 0.031124 -0.150390 -0.092105
v 0.195992 -0.129059 0.068559
v 0.213076 -0.159935 0.064199
v 0.190476 -0.174538 0.091446
v 0.174811 -0.143771 0.094712
v 0.145879 -0.159586 0.104273
v 0.159360 -0.188590 0.100816
v 0.017898 -0.155335 0.060746
v 0.026926 -0.164681 0.058668
v 0.039320 -0.147287 0.083902
v 0.028650 -0.134389 0.088955
v 0.031626 -0.094240 -0.142834
v 0.064813 -0.096908 -0.144505
v 0.067129 -0.115292 -0.137661
v 0.031810 -0.113026 -0.135595
v 0.112515 0.096638 -0.091177
v 0.108435 0.115215 -0.089186
v 0.089255 0.115113 -0.097476
v 0.086401 0.135817 -0.097844
v 0.105591 0.134834 -0.090105
v 0.089077 0.260689 -0.123058
v 0.097899 0.279277 -0.127292
v 0.117049 0.267264 -0.114882
v 0.108821 0.250163 -0.112391
v 0.056899 0.416380 -0.141414
v 0.056762 0.399677 -0.144086
v 0.116643 -0.171530 -0.093390
v 0.138157 -0.195955 -0.087245
v 0.101169 -0.204778 -0.080686
v 0.067576 -0.174356 -0.083375
v 0.199196 -0.178927 -0.069483
v 0.211322 -0.144014 -0.047082
v 0.221203 -0.172869 -0.046593
v 0.237486 -0.179289 0.024920
v 0.235533 -0.172988 -0.013201
v 0.203007 -0.205541 0.087814
v 0.171492 -0.218269 0.095860
v 0.077623 -0.218643 0.057172
v 0.089795 -0.240646 0.047433
v 0.111682 -0.236305 0.069589
v 0.100107 -0.212034 0.077678
v 0.061139 -0.072406 0.103390
v 0.074058 -0.093513 0.102940
v 0.097516 -0.067521 0.097063
v 0.091903 -0.046779 0.095559
v 0.042381 0.092768 0.135785
v 0.024695 0.088695 0.139050
v 0.079789 0.099043 0.115172
v 0.060687 0.096174 0.128072
v 0.060306 0.072847 0.129115
v 0.048015 0.186849 0.124090
v 0.044961 0.164770 0.127720
v 0.066240 0.164888 0.117795
v 0.070004 0.186200 0.113960
v 0.073250 0.208007 0.109208
v 0.050870 0.208785 0.118493
v 0.052124 0.250558 0.104788
v 0.074233 0.246337 0.098531
v 0.075421 0.263051 0.102512
v 0.036008 0.405980 0.064597
v 0.035593 0.390715 0.074277
v 0.164142 -0.022320 0.044709
v 0.046364 -0.190828 -0.055823
v 0.073859 -0.216965 -0.061181
v 0.064095 -0.228149 -0.033669
v 0.045926 -0.204816 -0.025494
v 0.171112 0.021059 0.019845
v 0.147180 0.098699 0.042951
v 0.147298 0.082083 0.043909
v 0.151237 0.253226 0.024671
v 0.148696 0.231320 0.020796
v 0.088292 0.311979 0.113919
v 0.086560 0.324110 0.111734
v 0.201116 -0.116874 -0.049011
v 0.213837 -0.234945 0.082339
v 0.183204 -0.248063 0.088936
v 0.193147 -0.277059 0.081115
v 0.222737 -0.263708 0.076146
v 0.092146 -0.264501 0.012458
v 0.110860 -0.288920 0.002587
v 0.120004 -0.289263 0.027539
v 0.104008 -0.264701 0.037369
v 0.129410 -0.313780 -0.005029
v 0.146082 -0.338188 -0.012705
v 0.152332 -0.341457 0.010905
v 0.137370 -0.315506 0.019943
v 0.227317 -0.191681 0.061335
v 0.256812 -0.238708 0.022383
v 0.248158 -0.209710 0.024301
v 0.236889 -0.221615 0.057836
v 0.246110 -0.250471 0.053952
v 0.171835 -0.187712 -0.082529
v 0.062172 -0.220276 0.033446
v 0.075173 -0.240762 0.023151
v 0.113921 -0.280148 -0.045785
v 0.089668 -0.254629 -0.040368
v 0.103166 -0.244934 -0.064771
v 0.127826 -0.270886 -0.067696
v 0.226728 -0.230207 -0.065306
v 0.213337 -0.204823 -0.066563
v 0.233943 -0.199951 -0.043300
v 0.245791 -0.226458 -0.042201
v 0.246356 -0.201302 -0.011338
v 0.255679 -0.230040 -0.011408
v 0.273499 -0.295025 0.019058
v 0.265036 -0.267474 0.020526
v 0.253859 -0.279082 0.050396
v 0.261069 -0.307139 0.046535
v 0.274074 -0.285458 -0.012812
v 0.264708 -0.258125 -0.012207
v 0.267163 -0.279363 -0.040770
v 0.256739 -0.252876 -0.041703
v 0.251198 -0.280530 -0.061947
v 0.239584 -0.254900 -0.064047
v 0.231334 -0.285796 -0.076271
v 0.217727 -0.261765 -0.078437
v 0.193215 -0.271592 -0.084226
v 0.209296 -0.294496 -0.081939
v 0.187638 -0.304660 -0.079621
v 0.169907 -0.282199 -0.081190
v 0.154631 -0.325690 -0.055191
v 0.135723 -0.303493 -0.050740
v 0.149312 -0.293912 -0.069963
v 0.168369 -0.315848 -0.071160
v 0.224752 -0.412655 -0.072780
v 0.204998 -0.389349 -0.070296
v 0.220993 -0.378613 -0.076033
v 0.239749 -0.402141 -0.076496
v 0.253563 -0.392045 -0.081042
v 0.237216 -0.369026 -0.078217
v 0.252595 -0.360906 -0.079237
v 0.270604 -0.382885 -0.081224
v 0.283255 -0.352509 -0.057466
v 0.299603 -0.374748 -0.058705
v 0.285719 -0.376777 -0.074085
v 0.268741 -0.354582 -0.072512
v 0.300287 -0.350923 -0.039064
v 0.313160 -0.373996 -0.039513
v 0.304930 -0.357569 -0.013796
v 0.314454 -0.381509 -0.014286
v 0.295949 -0.370157 0.013207
v 0.305928 -0.392747 0.011799
v 0.192530 -0.413314 -0.019449
v 0.187919 -0.408780 -0.039373
v 0.206905 -0.431051 -0.046528
v 0.209513 -0.436417 -0.026462
v 0.221595 -0.409624 0.021925
v 0.236405 -0.431671 0.010911
v 0.250635 -0.425874 0.033466
v 0.239062 -0.404088 0.044478
v 0.281549 -0.320790 0.017838
v 0.283168 -0.310677 -0.013095
v 0.276873 -0.304557 -0.039898
v 0.261383 -0.305005 -0.059261
v 0.171762 -0.346553 -0.060281
v 0.186305 -0.336191 -0.072936
v 0.165892 -0.366401 0.001427
v 0.160130 -0.362234 -0.020678
v 0.254080 -0.370836 0.056614
v 0.275881 -0.358396 0.041574
v 0.267941 -0.333613 0.043752
v 0.245486 -0.346119 0.058626
v 0.294435 -0.334284 -0.013510
v 0.287291 -0.328212 -0.039211
v 0.271479 -0.328934 -0.057211
v 0.238563 -0.338467 -0.077907
v 0.256113 -0.331616 -0.071748
v 0.220833 -0.347211 -0.077405
v 0.187591 -0.367699 -0.065709
v 0.203358 -0.356834 -0.074664
v 0.179658 -0.389975 -0.009178
v 0.174139 -0.385691 -0.029903
v 0.273600 -0.414578 0.042755
v 0.295489 -0.402164 0.033793
v 0.285348 -0.380906 0.038028
v 0.263684 -0.394276 0.052259
v 0.283549 -0.433621 0.031143
v 0.264310 -0.443611 0.022188
v 0.288414 -0.404921 -0.082596
v 0.272865 -0.413677 -0.084050
v 0.303602 -0.398942 -0.075336
v 0.325658 -0.405156 -0.012980
v 0.327046 -0.395933 -0.039791
v 0.316477 -0.416372 0.011390
v 0.302111 -0.423180 0.027222
v 0.247196 -0.473555 -0.052904
v 0.248052 -0.477437 -0.034749
v 0.228992 -0.455713 -0.030830
v 0.227598 -0.451084 -0.049123
v 0.262596 -0.458243 -0.080384
v 0.246140 -0.434393 -0.071475
v 0.258959 -0.424262 -0.078232
v 0.275321 -0.447408 -0.090393
v 0.308009 -0.427339 -0.090823
v 0.290633 -0.436479 -0.094080
v 0.323184 -0.419776 -0.082067
v 0.342168 -0.419706 -0.040447
v 0.337142 -0.415500 -0.065220
v 0.317726 -0.394798 -0.061360
v 0.339843 -0.428728 -0.010432
v 0.338466 -0.470136 0.007294
v 0.356206 -0.453535 -0.010762
v 0.322986 -0.444820 0.010367
v 0.364298 -0.568478 -0.006816
v 0.380995 -0.598876 -0.012652
v 0.398991 -0.586175 -0.012352
v 0.385005 -0.554594 -0.006043
v 0.263040 -0.499871 -0.059827
v 0.264519 -0.501976 -0.038953
v 0.292582 -0.473096 -0.100911
v 0.278172 -0.485110 -0.090855
v 0.379176 -0.468763 -0.045700
v 0.375170 -0.465305 -0.072728
v 0.356758 -0.439039 -0.068212
v 0.360986 -0.443177 -0.041517
v 0.312162 -0.587549 -0.052948
v 0.293520 -0.559621 -0.048826
v 0.293143 -0.557462 -0.071274
v 0.311956 -0.585761 -0.073546
v 0.306778 -0.502281 -0.108957
v 0.323471 -0.531857 -0.113377
v 0.308716 -0.543182 -0.103589
v 0.292360 -0.514321 -0.098442
v 0.409187 -0.531290 -0.051406
v 0.406606 -0.528875 -0.076367
v 0.392027 -0.495125 -0.075973
v 0.395238 -0.498225 -0.048909
v 0.354562 -0.495763 0.004176
v 0.371043 -0.523678 -0.000928
v 0.388375 -0.507811 -0.019951
v 0.373135 -0.479353 -0.015021
v 0.331809 -0.510628 0.003649
v 0.348290 -0.538245 -0.000854
v 0.359365 -0.642972 -0.073130
v 0.360416 -0.646657 -0.056557
v 0.335985 -0.616530 -0.055002
v 0.335452 -0.613548 -0.073516
v 0.342395 -0.561803 -0.113104
v 0.362880 -0.593055 -0.108557
v 0.349354 -0.602045 -0.100439
v 0.327386 -0.572550 -0.104332
v 0.435707 -0.603904 -0.055320
v 0.432886 -0.602917 -0.076082
v 0.420211 -0.565600 -0.076246
v 0.422455 -0.566853 -0.053885
v 0.414623 -0.620265 -0.019124
v 0.430560 -0.609246 -0.032921
v 0.416343 -0.573264 -0.027742
v 0.398181 -0.631473 -0.018493
v 0.414908 -0.663916 -0.022375
v 0.429087 -0.654452 -0.022825
v 0.381038 -0.672511 -0.072568
v 0.383065 -0.674551 -0.057336
v 0.389674 -0.664342 -0.093640
v 0.371346 -0.632947 -0.096357
v 0.381932 -0.624806 -0.104082
v 0.399741 -0.656503 -0.101044
v 0.413521 -0.611013 -0.101165
v 0.427937 -0.643869 -0.097441
v 0.413568 -0.649246 -0.102574
v 0.398009 -0.616975 -0.105882
v 0.443518 -0.637494 -0.075143
v 0.436896 -0.639932 -0.088504
v 0.425202 -0.605469 -0.091543
v 0.447215 -0.637706 -0.055978
v 0.442522 -0.643854 -0.035069
v 0.021542 -0.171036 -0.032455
v 0.030465 -0.174088 -0.044474
v 0.035132 -0.190183 -0.014492
v 0.028727 -0.183683 -0.002339
v 0.139993 -0.289275 0.052346
v 0.125427 -0.262034 0.061358
v 0.166414 -0.342634 0.033804
v 0.154206 -0.316684 0.044133
v 0.179466 -0.367144 0.023493
v 0.206228 -0.414295 0.001284
v 0.193011 -0.390383 0.012322
v 0.221117 -0.436423 -0.007824
v 0.239365 -0.456513 -0.012947
v 0.257843 -0.477628 -0.015364
v 0.289531 -0.526519 -0.022320
v 0.275064 -0.500100 -0.018853
v 0.278697 -0.530364 -0.044060
v 0.323553 -0.584673 -0.030821
v 0.305103 -0.555175 -0.026370
v 0.368928 -0.645768 -0.039848
v 0.345691 -0.615243 -0.035556
v 0.391295 -0.673649 -0.042157
v 0.104533 -0.151422 0.101428
v 0.094412 -0.131008 0.102222
v 0.073058 -0.152869 0.094728
v 0.080961 -0.169099 0.089747
v 0.009909 -0.165162 0.024148
v 0.016466 -0.169698 0.021787
v 0.021023 -0.169714 0.038949
v 0.013180 -0.163517 0.040209
v 0.289141 -0.345785 0.015723
v 0.244055 -0.308846 -0.073484
v 0.204794 -0.325746 -0.077901
v 0.224028 -0.316540 -0.079084
v 0.208249 -0.389258 0.034996
v 0.229119 -0.381908 0.052234
v 0.219740 -0.357849 0.058365
v 0.197599 -0.364976 0.044109
v 0.316840 -0.487196 0.007522
v 0.293893 -0.495260 -0.002851
v 0.309738 -0.520019 -0.007429
v 0.304068 -0.465786 0.012690
v 0.343807 -0.442053 -0.088502
v 0.327650 -0.449987 -0.099959
v 0.325829 -0.488518 -0.112269
v 0.309609 -0.460837 -0.103725
v 0.345212 -0.476515 -0.108020
v 0.176169 -0.314596 0.063555
v 0.186363 -0.340038 0.053992
v 0.211184 -0.331943 0.065143
v 0.202245 -0.305206 0.073201
v 0.115285 0.169248 -0.081657
v 0.129855 0.165997 -0.064922
v 0.142799 0.284055 0.062445
v 0.133760 0.276663 0.072807
v 0.134827 0.263078 0.060724
v 0.145914 0.270548 0.046751
v 0.153610 0.281886 0.036163
v 0.149566 0.294492 0.052923
v 0.158125 0.295221 0.027242
v 0.153975 0.307219 0.043677
v 0.172175 0.354221 -0.001127
v 0.178773 0.361934 -0.005017
v 0.028803 0.250114 0.108750
v 0.028389 0.229915 0.116113
v 0.052453 0.230216 0.111726
v 0.059375 0.050662 0.128331
v 0.066221 -0.037389 0.107324
v 0.045333 -0.043958 0.114876
v 0.040705 -0.072374 0.112744
v 0.011094 -0.139810 0.086058
v 0.000606 -0.150440 0.068254
v 0.000043 -0.160545 0.042733
v -0.000374 -0.163344 0.024322
v 0.062569 0.225090 -0.121002
v 0.063982 0.248257 -0.125925
v 0.018805 0.421363 -0.130399
v 0.037387 0.425518 -0.134294
v 0.035747 0.452820 -0.127647
v 0.018147 0.448044 -0.124870
v 0.017500 0.459775 -0.121713
v 0.034293 0.464602 -0.123708
v 0.016115 0.516032 -0.096832
v 0.017582 0.505014 -0.103399
v 0.011937 -0.166337 0.003611
v 0.014628 -0.168264 -0.005749
v 0.021384 -0.174067 0.017296
v 0.068056 -0.199326 0.065585
v 0.061151 -0.183522 0.072522
v 0.046863 -0.191067 0.050722
v 0.053075 -0.203872 0.043043
v 0.200409 -0.085974 -0.005224
v 0.196036 -0.091197 0.036104
v 0.110699 -0.152010 -0.100089
v 0.310352 0.315821 -0.077797
v 0.287718 0.323063 -0.077189
v 0.292506 0.329804 -0.088620
v 0.315350 0.322968 -0.088238
v 0.065936 0.324275 -0.143910
v 0.074122 0.297386 -0.136792
v 0.083551 0.503720 -0.023919
v 0.148963 0.510002 -0.030234
v 0.135349 0.510876 -0.034100
v 0.137028 0.498363 -0.008765
v 0.148657 0.498091 -0.005418
v 0.148137 0.464817 -0.108242
v 0.135076 0.462556 -0.115059
v 0.135413 0.480256 -0.103119
v 0.148127 0.481182 -0.096227
v 0.064399 -0.027879 -0.149377
v 0.034559 -0.028307 -0.148006
v 0.042686 0.161017 -0.107355
v 0.041744 0.183224 -0.112201
v 0.061715 0.179467 -0.110436
v 0.063539 0.158463 -0.105663
v 0.097755 0.310877 -0.136354
v 0.112481 0.294978 -0.126401
v 0.037280 0.324668 0.109970
v 0.054061 0.330845 0.110954
v 0.052727 0.348540 0.102521
v 0.035584 0.344387 0.102528
v 0.273578 0.364531 -0.101103
v 0.273752 0.347458 -0.096620
v 0.251251 0.351659 -0.093956
v 0.250314 0.362676 -0.098685
v 0.169276 -0.109933 -0.085247
v 0.189248 -0.087404 -0.052700
v 0.144317 0.196965 -0.053350
v 0.141679 0.179240 -0.048330
v 0.129455 0.183055 -0.069998
v 0.132560 0.200629 -0.075948
v 0.152970 0.247641 -0.058826
v 0.149118 0.231621 -0.057867
v 0.158333 0.263288 -0.060533
v 0.199869 0.359964 -0.069043
v 0.193209 0.352422 -0.066841
v 0.191753 0.355792 -0.075955
v 0.089726 -0.189186 0.084355
v 0.055419 -0.122027 0.099300
v 0.044276 -0.108348 0.102888
v 0.006749 -0.162864 0.008508
v -0.000557 -0.162355 0.009714
v 0.059110 0.517964 -0.006935
v 0.063815 0.522180 -0.023244
v 0.231939 0.346438 -0.055956
v 0.219790 0.355291 -0.051908
v 0.180935 0.333079 -0.051549
v 0.187251 0.340693 -0.053057
v 0.185137 0.344699 -0.037959
v 0.179189 0.336852 -0.035062
v 0.180296 0.332669 -0.065647
v 0.186897 0.339867 -0.066020
v 0.143333 0.411889 0.039765
v 0.144558 0.429744 0.031334
v 0.133088 0.433388 0.032760
v 0.131971 0.415409 0.042323
v 0.119878 0.416037 0.045734
v 0.121187 0.434540 0.034670
v 0.107259 0.433936 0.037528
v 0.105646 0.415651 0.049522
v 0.080370 0.484938 -0.000608
v 0.064989 0.476187 0.014454
v 0.046884 0.469747 0.024120
v 0.030986 0.466094 0.030682
v 0.018152 0.494270 -0.108983
v 0.039170 0.498575 -0.108003
v 0.034310 0.486434 -0.114681
v 0.017297 0.482669 -0.113802
v 0.001558 0.480313 -0.112640
v 0.001267 0.491859 -0.108247
v 0.052271 0.503718 0.004013
v 0.039097 0.499421 0.015795
v 0.027070 0.485356 0.022564
v 0.337506 0.390591 -0.030738
v 0.315834 0.402344 -0.030644
v 0.061236 0.533021 -0.057244
v 0.064862 0.528354 -0.040058
v 0.341382 0.394408 -0.047901
v 0.319205 0.406730 -0.048018
v 0.125220 0.475333 0.007865
v 0.137020 0.477538 0.008846
v 0.125121 0.496657 -0.011158
v 0.049835 0.513890 0.007359
v 0.037404 0.509887 0.018681
v 0.189004 -0.058663 0.002995
v 0.181529 -0.064347 0.040175
v 0.150599 0.155510 0.007107
v 0.145326 0.151763 0.032135
v 0.001529 0.185992 0.128879
v 0.000566 0.164574 0.132978
v 0.022630 0.164347 0.132541
v 0.024999 0.186848 0.128558
v 0.004305 0.248529 0.109223
v 0.003630 0.228487 0.116354
v 0.012772 0.514723 0.031365
v 0.041740 0.117654 0.133419
v 0.042634 0.142133 0.130691
v 0.020697 0.140645 0.135233
v 0.019454 0.113303 0.137443
v 0.010531 0.086633 0.139592
v 0.008976 0.074247 0.139887
v 0.021188 -0.092149 0.113953
v 0.010767 -0.091397 0.115576
v 0.248714 0.411016 -0.000422
v 0.254853 0.427797 -0.009116
v 0.240165 0.437709 -0.005235
v 0.234904 0.419481 0.002780
v 0.080871 0.121714 0.111190
v 0.061443 0.120502 0.124921
v 0.165408 0.354255 0.018097
v 0.167237 0.344794 0.001919
v 0.028064 0.271037 0.107748
v 0.070201 0.335853 0.109279
v 0.069348 0.351529 0.100754
v 0.085307 0.338857 0.105619
v 0.085094 0.353254 0.097135
v -0.000454 -0.157272 -0.006598
v 0.006055 -0.163087 0.001089
v 0.236081 0.425890 -0.096556
v 0.235004 0.416645 -0.099713
v 0.223038 0.419035 -0.101112
v 0.224602 0.429470 -0.098258
v 0.052634 -0.215617 0.005822
v 0.043234 -0.201015 0.015914
v 0.028545 -0.157359 -0.069645
v 0.012788 -0.159385 -0.055225
v 0.001107 -0.154217 -0.058232
v 0.000400 -0.147285 -0.071846
v 0.140410 -0.229666 0.087788
v 0.128280 -0.201246 0.094306
v 0.152687 -0.258246 0.080406
v 0.164785 -0.286794 0.072327
v 0.253583 -0.451197 0.003508
v 0.276543 -0.470594 0.003443
v 0.326371 -0.547821 -0.012136
v 0.343789 -0.577350 -0.017405
v 0.363008 -0.608529 -0.022845
v 0.402332 -0.670677 -0.030021
v 0.383193 -0.640496 -0.027363
v 0.341698 0.391526 -0.064377
v 0.340536 0.383723 -0.078451
v 0.317140 0.395235 -0.080890
v 0.318155 0.404553 -0.066226
v 0.264813 0.332062 -0.048301
v 0.284379 0.323760 -0.049927
v 0.285616 0.330212 -0.035597
v 0.265552 0.339667 -0.033749
v 0.305321 0.314980 -0.051761
v 0.284933 0.321059 -0.064158
v 0.306746 0.313527 -0.065474
v 0.320639 0.334570 -0.095661
v 0.297994 0.340920 -0.096572
v 0.302126 0.355772 -0.100020
v 0.326281 0.347664 -0.098644
v 0.337006 0.373207 -0.089370
v 0.332162 0.360665 -0.096486
v 0.309000 0.370382 -0.097959
v 0.314157 0.383437 -0.090971
v 0.313226 0.339156 -0.014446
v 0.291711 0.350448 -0.012445
v 0.287809 0.339354 -0.022559
v 0.308682 0.328265 -0.024225
v 0.260033 0.440475 -0.024227
v 0.245252 0.452184 -0.020420
v 0.185296 0.381063 0.003869
v 0.194771 0.384254 -0.003259
v 0.199039 0.395236 0.009316
v 0.187797 0.396209 0.014502
v 0.288343 0.404965 -0.014167
v 0.295004 0.415040 -0.029536
v 0.276009 0.428014 -0.027043
v 0.270261 0.416641 -0.011635
v 0.270665 0.361099 -0.009953
v 0.250266 0.370768 -0.006181
v 0.247365 0.359670 -0.017491
v 0.267159 0.349795 -0.020511
v 0.248563 0.341782 -0.084130
v 0.269713 0.335815 -0.087520
v 0.228610 0.400889 0.005340
v 0.241615 0.393569 0.002238
v 0.161502 0.344181 0.021732
v 0.175372 0.329583 -0.032946
v 0.172451 0.321036 -0.031235
v 0.134286 0.291747 0.081330
v 0.135151 0.306792 0.084071
v 0.165644 0.301462 -0.001601
v 0.163471 0.285551 0.006421
v 0.139627 0.307548 0.077274
v 0.141076 0.297502 0.072848
v 0.093633 0.226447 0.092419
v 0.028403 0.475437 0.024594
v 0.256057 0.385000 -0.001224
v 0.263506 0.401215 -0.003130
v 0.233188 0.363903 -0.095494
v 0.232212 0.355125 -0.089151
v 0.218047 0.359373 -0.084234
v 0.218744 0.366241 -0.091383
v 0.131045 0.335427 -0.126525
v 0.139503 0.323401 -0.117454
v 0.126867 0.309610 -0.122768
v 0.115988 0.322920 -0.133024
v 0.243136 0.439522 -0.086077
v 0.231103 0.446669 -0.086515
v 0.235954 0.453595 -0.075502
v 0.249337 0.444250 -0.076049
v 0.241328 0.458368 -0.060336
v 0.246411 0.459327 -0.041054
v 0.261204 0.447046 -0.043309
v 0.256233 0.447177 -0.061846
v 0.178196 -0.034697 -0.022090
v 0.172367 -0.036639 -0.053368
v 0.116748 0.067968 0.084738
v 0.133578 0.074645 0.065625
v 0.091402 -0.022957 0.096914
v 0.034314 -0.173186 0.057068
v 0.047356 -0.159626 0.081793
v 0.066826 -0.236531 -0.004403
v 0.179247 -0.038262 0.008513
v 0.109152 -0.285797 -0.021681
v 0.087452 -0.261192 -0.013506
v 0.150405 -0.259126 -0.081323
v 0.128121 -0.233614 -0.081003
v 0.158193 -0.223233 -0.085974
v 0.176386 -0.248105 -0.085505
v 0.187754 -0.213141 -0.080651
v 0.203021 -0.237985 -0.079798
v 0.238053 -0.320160 0.062650
v 0.343338 -0.518906 -0.116432
v 0.379992 -0.540682 -0.109887
v 0.361164 -0.550890 -0.115329
v 0.362419 -0.506930 -0.111439
v 0.362476 -0.468432 -0.094216
v 0.379317 -0.498571 -0.097151
v 0.402132 -0.539576 -0.023036
v 0.379877 -0.583529 -0.110837
v 0.397054 -0.575725 -0.105509
v 0.395653 -0.532456 -0.096452
v 0.410820 -0.568645 -0.093995
v 0.037669 -0.190926 0.025268
v 0.000806 -0.142264 -0.087756
v 0.166016 -0.076768 0.074355
v 0.180300 -0.101389 0.071294
v 0.084480 -0.112386 0.102571
v 0.106086 -0.087882 0.100572
v 0.119261 0.144242 0.073456
v 0.101313 0.142936 0.089991
v 0.122256 0.185291 0.065606
v 0.120884 0.164132 0.069202
v 0.135238 0.167244 0.050081
v 0.136038 0.187429 0.046317
v 0.151699 0.191790 -0.001440
v 0.150157 0.173295 0.002546
v 0.148947 0.175974 -0.023470
v 0.151066 0.194057 -0.028127
v 0.141829 0.162306 -0.043500
v 0.149670 0.158644 -0.018872
v 0.080935 0.197170 -0.109396
v 0.082044 0.219063 -0.114789
v 0.100174 0.212516 -0.105895
v 0.098817 0.192440 -0.099965
v 0.032336 -0.097877 0.108930
v 0.027191 -0.176177 0.036174
v 0.116065 -0.174667 0.098659
v 0.131488 -0.133209 0.105293
v 0.158868 -0.115959 0.095850
v 0.219156 0.360966 -0.039419
v 0.164800 0.350080 -0.103418
v 0.162961 0.362294 -0.108704
v 0.277484 0.434370 -0.046082
v 0.272237 0.434949 -0.064624
v 0.234182 0.379129 -0.001674
v 0.227412 0.446356 -0.001574
v 0.209611 0.434428 0.011211
v 0.222229 0.426811 0.006778
v 0.117653 -0.027504 0.083504
v 0.121995 -0.047838 0.086776
v 0.145473 -0.032108 0.069560
v 0.009624 -0.161230 -0.039306
v 0.001377 -0.155611 -0.046717
v 0.065328 -0.137327 0.097416
v 0.146856 -0.333407 -0.035287
v 0.129116 -0.310131 -0.028566
v 0.162406 -0.355609 -0.042322
v 0.177576 -0.377529 -0.050120
v 0.193627 -0.399852 -0.057898
v 0.212108 -0.421667 -0.063440
v 0.234855 -0.442857 -0.063457
v 0.253163 -0.466792 -0.068158
v 0.277501 -0.528476 -0.066306
v 0.267531 -0.493811 -0.076920
v 0.282445 -0.522608 -0.084245
v 0.298831 -0.551696 -0.089105
v 0.340819 -0.608734 -0.088446
v 0.317771 -0.580380 -0.090694
v 0.363396 -0.638149 -0.086020
v 0.383843 -0.668956 -0.084321
v 0.006180 -0.160539 -0.012354
v 0.007863 -0.161145 -0.025007
v 0.111716 0.472547 0.006729
v 0.175764 0.344910 -0.017817
v 0.181594 0.351926 -0.021384
v 0.221539 0.386199 0.001881
v 0.001396 -0.132991 -0.104035
v 0.001712 -0.120388 -0.119071
v 0.292257 0.391344 -0.093721
v 0.294218 0.405037 -0.084909
v 0.229966 0.369192 -0.014248
v 0.186175 0.370772 -0.010988
v 0.193951 0.376947 -0.017304
v 0.519666 0.294605 -0.049161
v 0.535273 0.281162 -0.049464
v 0.537071 0.285341 -0.061105
v 0.520652 0.298365 -0.061841
v 0.514987 0.286655 -0.039355
v 0.530283 0.273520 -0.040855
v 0.482100 0.235752 -0.055462
v 0.500560 0.226773 -0.060583
v 0.504321 0.234097 -0.049031
v 0.486215 0.243944 -0.044180
v 0.538970 0.251672 -0.038534
v 0.523515 0.263819 -0.036209
v 0.516064 0.253402 -0.036356
v 0.532222 0.241964 -0.039679
v 0.481242 0.235181 -0.085398
v 0.462033 0.242084 -0.080754
v 0.465138 0.249968 -0.092952
v 0.484684 0.243639 -0.096068
v 0.409875 0.280883 -0.032714
v 0.396072 0.290929 -0.027584
v 0.392599 0.279453 -0.036523
v 0.406839 0.270286 -0.042845
v 0.486730 0.322329 -0.048445
v 0.503398 0.308296 -0.048689
v 0.503417 0.311369 -0.062382
v 0.485289 0.324014 -0.063060
v 0.465619 0.290889 -0.026941
v 0.447309 0.305339 -0.026032
v 0.438263 0.292042 -0.027540
v 0.456330 0.277934 -0.029480
v 0.466248 0.335501 -0.064067
v 0.469355 0.336751 -0.049530
v 0.499723 0.265262 -0.032677
v 0.483005 0.277597 -0.029246
v 0.474309 0.265633 -0.032548
v 0.492002 0.254280 -0.036742
v 0.519602 0.222103 -0.090297
v 0.500469 0.228597 -0.088496
v 0.504110 0.237202 -0.097784
v 0.523396 0.230592 -0.098278
v 0.526594 0.233007 -0.045104
v 0.509454 0.243480 -0.041115
v 0.522040 0.224725 -0.053594
v 0.548880 0.269056 -0.084014
v 0.530849 0.280306 -0.086892
v 0.535098 0.284780 -0.074075
v 0.552169 0.272739 -0.072190
v 0.444875 0.256203 -0.044410
v 0.463351 0.245361 -0.049805
v 0.467805 0.254479 -0.039361
v 0.449427 0.266083 -0.035181
v 0.482704 0.314817 -0.036205
v 0.499045 0.300379 -0.037710
v 0.512164 0.291079 -0.089210
v 0.492736 0.301003 -0.090711
v 0.499283 0.308291 -0.076869
v 0.517562 0.296840 -0.075615
v 0.464742 0.296770 -0.098976
v 0.484697 0.289134 -0.099385
v 0.476702 0.275309 -0.101653
v 0.456680 0.282032 -0.099966
v 0.424073 0.259978 -0.050881
v 0.426914 0.268604 -0.038729
v 0.442899 0.249438 -0.074836
v 0.423800 0.257121 -0.067543
v 0.426200 0.262854 -0.082516
v 0.445744 0.256489 -0.088428
v 0.424595 0.343649 -0.029428
v 0.439285 0.333280 -0.028243
v 0.447145 0.343982 -0.037424
v 0.431238 0.353968 -0.039658
v 0.450290 0.348878 -0.051462
v 0.433009 0.357975 -0.054620
v 0.402739 0.361468 -0.072614
v 0.414432 0.357600 -0.071202
v 0.406478 0.346691 -0.079193
v 0.395679 0.351271 -0.081207
v 0.424848 0.307160 -0.098265
v 0.444627 0.302869 -0.098825
v 0.436386 0.287409 -0.097586
v 0.416459 0.291921 -0.094565
v 0.394203 0.282686 -0.082488
v 0.410769 0.278712 -0.087375
v 0.407610 0.268472 -0.075940
v 0.392116 0.273354 -0.069481
v 0.344270 0.299826 -0.068918
v 0.357482 0.293798 -0.070356
v 0.355467 0.290584 -0.056453
v 0.342445 0.297767 -0.055485
v 0.357891 0.301671 -0.028567
v 0.363151 0.312524 -0.019720
v 0.349934 0.319740 -0.018196
v 0.344945 0.309009 -0.027502
v 0.380164 0.369574 -0.032572
v 0.392328 0.363211 -0.032090
v 0.396154 0.370985 -0.046462
v 0.383009 0.375667 -0.048389
v 0.408315 0.310300 -0.097374
v 0.397444 0.295949 -0.091444
v 0.369014 0.294829 -0.030123
v 0.380401 0.287447 -0.032752
v 0.384648 0.299108 -0.024071
v 0.373675 0.306017 -0.021544
v 0.386182 0.332658 -0.020601
v 0.396557 0.324957 -0.022941
v 0.404287 0.337998 -0.025187
v 0.394792 0.344686 -0.024170
v 0.402161 0.357406 -0.031317
v 0.412497 0.350966 -0.030346
v 0.418224 0.360746 -0.041877
v 0.406948 0.366298 -0.044100
v 0.398073 0.313657 -0.096519
v 0.388674 0.315305 -0.096005
v 0.393307 0.327260 -0.093217
v 0.403153 0.325887 -0.093403
v 0.379108 0.278268 -0.063348
v 0.381107 0.285963 -0.076918
v 0.407967 0.317432 -0.025390
v 0.390357 0.312529 -0.021136
v 0.401767 0.303857 -0.024346
v 0.418960 0.363685 -0.057109
v 0.347761 0.304698 -0.079747
v 0.332449 0.309317 -0.078581
v 0.336437 0.316504 -0.088048
v 0.351636 0.311649 -0.088833
v 0.329097 0.305190 -0.067064
v 0.327131 0.305043 -0.053826
v 0.333987 0.328409 -0.016398
v 0.329345 0.317561 -0.025953
v 0.340316 0.341558 -0.011668
v 0.356834 0.332866 -0.014039
v 0.363379 0.346544 -0.015269
v 0.346596 0.355455 -0.012131
v 0.359909 0.379391 -0.031803
v 0.363315 0.383664 -0.048132
v 0.381964 0.373786 -0.063040
v 0.363680 0.380568 -0.063769
v 0.355698 0.293822 -0.041494
v 0.367084 0.286525 -0.043396
v 0.504600 0.280756 -0.098652
v 0.524059 0.271466 -0.096708
v 0.516176 0.260001 -0.101276
v 0.496569 0.268022 -0.102071
v 0.509417 0.248278 -0.101823
v 0.528783 0.241017 -0.100886
v 0.491990 0.289767 -0.030924
v 0.508058 0.276543 -0.033483
v 0.545425 0.260911 -0.041680
v 0.415746 0.330399 -0.026035
v 0.429567 0.319924 -0.026221
v 0.389187 0.340873 -0.087883
v 0.379435 0.344099 -0.090329
v 0.385146 0.354855 -0.083146
v 0.415537 0.325803 -0.092744
v 0.418620 0.339893 -0.079824
v 0.439818 0.335513 -0.078444
v 0.433297 0.323266 -0.091919
v 0.378941 0.316844 -0.095405
v 0.368613 0.319068 -0.095342
v 0.374225 0.331809 -0.095251
v 0.384152 0.329232 -0.093928
v 0.371966 0.359148 -0.021290
v 0.384703 0.351251 -0.023170
v 0.358087 0.363970 -0.087544
v 0.362281 0.372972 -0.077142
v 0.378613 0.367247 -0.075203
v 0.373415 0.358484 -0.084926
v 0.391207 0.364178 -0.073946
v 0.352624 0.352709 -0.094851
v 0.367960 0.347657 -0.092554
v 0.353637 0.369084 -0.018612
v 0.356408 0.322795 -0.095211
v 0.341185 0.327697 -0.095194
v 0.347055 0.340390 -0.097543
v 0.362315 0.335297 -0.096297
v 0.489829 0.255309 -0.101397
v 0.470131 0.261907 -0.099626
v 0.391343 0.271883 -0.051927
v 0.405899 0.264505 -0.059230
v 0.378627 0.279226 -0.046644
v 0.480168 0.232022 -0.070546
v 0.499076 0.224465 -0.075160
v 0.442354 0.249443 -0.058225
v 0.461301 0.240394 -0.064722
v 0.472949 0.310097 -0.091205
v 0.371774 0.296903 -0.082741
v 0.382735 0.295067 -0.086302
v 0.369178 0.289273 -0.072971
v 0.326725 0.309911 -0.038944
v 0.342598 0.301025 -0.040671
v 0.392145 0.304571 -0.094566
v 0.305876 0.320225 -0.037244
v 0.428266 0.352288 -0.069299
v 0.395446 0.370629 -0.061290
v 0.407213 0.367425 -0.059242
v 0.553153 0.272820 -0.059878
v 0.474941 0.303542 -0.028670
v 0.421563 0.306299 -0.026789
v 0.414937 0.293098 -0.027906
v 0.360553 0.300267 -0.081017
v 0.363834 0.307805 -0.089819
v 0.374180 0.305560 -0.090786
v 0.369583 0.325884 -0.016148
v 0.375939 0.339420 -0.018008
v 0.517852 0.217630 -0.078433
v 0.380384 0.318933 -0.018324
v 0.446454 0.345071 -0.065999
v 0.018649 0.435076 -0.127798
v 0.001891 0.419904 -0.127812
v 0.001869 0.433188 -0.125271
v 0.159158 0.270357 0.014469
v 0.122603 0.244518 0.064440
v 0.136388 0.247649 0.047468
v 0.171239 0.336992 -0.015246
v 0.168404 0.327177 -0.012315
v 0.196108 0.369602 -0.031378
v 0.188570 0.361721 -0.026608
v 0.160800 0.309063 0.018531
v 0.080191 0.669742 -0.035327
v 0.078028 0.662787 -0.038265
v 0.082810 0.683161 -0.034987
v 0.009105 0.099936 0.137942
v -0.003970 0.072809 0.138181
v -0.003905 0.059667 0.138695
v 0.080236 0.653334 -0.021063
v 0.078295 0.647071 -0.025344
v 0.082460 0.650249 -0.022663
v 0.080172 0.655343 -0.019002
v 0.079827 0.654331 -0.019336
v 0.083133 0.685760 -0.024507
v 0.076111 0.654226 -0.038722
v 0.073826 0.644821 -0.037461
v 0.081257 0.672063 -0.019787
v 0.051186 0.092336 -0.107042
v 0.056014 0.074406 -0.112563
v 0.030006 0.073557 -0.113699
v 0.026938 0.090937 -0.106756
v 0.002317 0.058430 -0.121176
v 0.001474 0.074570 -0.113337
v 0.033618 0.055420 -0.122161
v 0.147739 0.026075 -0.091746
v 0.144812 0.047255 -0.088049
v 0.159584 0.049630 -0.064681
v 0.162510 0.029856 -0.066937
v 0.164532 0.066050 -0.037054
v 0.169072 0.049949 -0.037167
v 0.154570 0.067363 -0.062686
v 0.167719 0.062620 -0.008272
v 0.171630 0.046292 -0.008078
v 0.163761 0.056459 0.019538
v 0.167793 0.039210 0.019675
v 0.157731 0.030528 0.044755
v 0.140493 0.021219 0.066983
v 0.117158 -0.007976 0.083762
v 0.117633 0.010478 0.084911
v 0.094046 -0.000503 0.099149
v 0.070000 -0.010274 0.110535
v 0.048754 -0.017203 0.118952
v 0.030809 -0.021110 0.124665
v 0.014043 -0.022790 0.127684
v -0.001130 -0.023853 0.127719
v -0.000199 -0.048643 0.123703
v 0.108640 0.452733 0.023620
v 0.086859 0.513662 -0.086028
v 0.104597 0.515794 -0.063332
v 0.096554 0.510179 -0.085899
v 0.118464 0.457455 -0.123330
v 0.098889 0.449723 -0.131632
v 0.099863 0.466885 -0.123554
v 0.119561 0.476411 -0.112224
v 0.076961 0.503726 -0.100513
v 0.071508 0.506453 -0.099255
v 0.083559 0.499531 -0.103234
v 0.068293 0.489041 -0.114024
v 0.050626 0.481384 -0.118506
v 0.148456 0.509120 -0.057311
v 0.162889 0.506496 -0.052477
v 0.159678 0.495475 -0.074692
v 0.148069 0.497430 -0.080272
v 0.147722 0.448568 -0.116088
v 0.159043 0.450592 -0.111107
v 0.158815 0.435217 -0.115779
v 0.146969 0.431900 -0.120848
v 0.205210 0.487665 -0.039969
v 0.219203 0.479002 -0.039151
v 0.214128 0.476715 -0.060121
v 0.200254 0.483834 -0.061716
v 0.158251 0.465979 -0.102505
v 0.088153 0.330542 -0.143199
v 0.107331 0.338960 -0.139720
v 0.123434 0.348143 -0.133847
v 0.161424 0.375484 -0.112803
v 0.153566 0.353453 -0.114328
v 0.151074 0.367539 -0.118485
v 0.171348 0.382798 -0.108417
v 0.178747 0.386049 -0.103591
v 0.196345 0.442811 0.014760
v 0.191623 0.417860 0.020004
v 0.204111 0.412879 0.014306
v 0.196165 0.385846 -0.095271
v 0.196720 0.379864 -0.092718
v 0.187696 0.377229 -0.092678
v 0.186828 0.383993 -0.095547
v 0.134564 0.510556 -0.061464
v 0.209566 0.468452 -0.076091
v 0.205681 0.458513 -0.088299
v 0.192599 0.462215 -0.089329
v 0.195976 0.473703 -0.077452
v 0.202680 0.447787 -0.096576
v 0.200381 0.436270 -0.101550
v 0.189116 0.437832 -0.103593
v 0.190811 0.450202 -0.098419
v 0.196725 0.392720 -0.098118
v 0.185803 0.391837 -0.098825
v 0.232393 0.462397 -0.018178
v 0.177287 0.500905 -0.020724
v 0.162887 0.506975 -0.025199
v 0.160552 0.493731 -0.000828
v 0.173968 0.486169 0.001649
v 0.207301 0.368201 -0.035984
v 0.209722 0.361979 -0.048599
v 0.209498 0.358438 -0.061190
v 0.190110 0.361743 -0.083966
v 0.209850 0.357650 -0.071907
v 0.209687 0.391079 0.005080
v 0.216241 0.407280 0.009128
v 0.157915 0.470326 0.013708
v 0.169627 0.462255 0.015464
v 0.232695 0.469786 -0.039793
v 0.227590 0.468124 -0.060126
v 0.217774 0.378516 -0.097526
v 0.207542 0.378521 -0.094415
v 0.207167 0.384312 -0.096973
v 0.181274 0.356250 -0.090484
v 0.188114 0.370114 -0.089176
v 0.177132 0.502084 -0.047297
v 0.218178 0.452568 -0.087810
v 0.222314 0.461614 -0.075985
v 0.179815 0.451356 -0.101322
v 0.169450 0.451398 -0.105828
v 0.169173 0.465742 -0.096989
v 0.180336 0.464463 -0.092422
v 0.211092 0.421211 -0.102715
v 0.212759 0.433277 -0.100220
v 0.169261 0.437032 -0.111332
v 0.179002 0.437880 -0.107162
v 0.207803 0.391316 -0.099599
v 0.147329 0.476027 0.011328
v 0.135197 0.454065 0.021406
v 0.146329 0.452175 0.021761
v 0.156274 0.445749 0.023086
v 0.167707 0.436703 0.024056
v 0.179810 0.425615 0.023479
v 0.123371 0.453566 0.021980
v 0.384129 0.304491 -0.092747
v 0.218745 0.372816 -0.095558
v 0.228775 0.378332 -0.099905
v 0.231324 0.371766 -0.098405
v 0.285530 0.378472 -0.099431
v 0.006715 0.596257 0.094934
v 0.007030 0.590622 0.092166
v 0.004995 0.620230 0.095264
v 0.005202 0.616559 0.096132
v 0.398678 0.337557 -0.086070
v 0.406567 0.334851 -0.085891
v 0.453050 0.317855 -0.091372
v 0.460273 0.328632 -0.078038
v 0.479964 0.319229 -0.077726
v 0.465400 0.330039 -0.035833
v 0.457170 0.318739 -0.027651
v 0.431500 0.279346 -0.031465
v 0.430341 0.273899 -0.092260
v 0.581458 0.244168 -0.046474
v 0.596730 0.231574 -0.045230
v 0.601038 0.237300 -0.053677
v 0.584798 0.249062 -0.056248
v 0.611643 0.219597 -0.043008
v 0.590938 0.223638 -0.041688
v 0.605213 0.211557 -0.041512
v 0.584816 0.215691 -0.043014
v 0.599220 0.204506 -0.044130
v 0.594178 0.198523 -0.049918
v 0.579533 0.208593 -0.047974
v 0.576234 0.202869 -0.055273
v 0.591355 0.193724 -0.057796
v 0.556908 0.207120 -0.061123
v 0.554982 0.203585 -0.071576
v 0.573031 0.196607 -0.073951
v 0.574102 0.198634 -0.064191
v 0.593732 0.196582 -0.091426
v 0.576107 0.202529 -0.092097
v 0.580476 0.210166 -0.096173
v 0.597893 0.203459 -0.094828
v 0.574049 0.235399 -0.094733
v 0.592619 0.227563 -0.093014
v 0.586297 0.218789 -0.095957
v 0.567312 0.226206 -0.097807
v 0.609688 0.220575 -0.092623
v 0.597597 0.233816 -0.086120
v 0.614413 0.226690 -0.084791
v 0.560711 0.248619 -0.041638
v 0.566025 0.256483 -0.048134
v 0.550546 0.268517 -0.049186
v 0.563996 0.219204 -0.045167
v 0.569480 0.227359 -0.041342
v 0.554259 0.239481 -0.040082
v 0.548177 0.230469 -0.042639
v 0.518749 0.218659 -0.065065
v 0.536996 0.211051 -0.068625
v 0.539448 0.215833 -0.057682
v 0.559850 0.212583 -0.052154
v 0.543251 0.222675 -0.048861
v 0.554958 0.203960 -0.082644
v 0.573451 0.197760 -0.083900
v 0.585515 0.249817 -0.067410
v 0.602170 0.238937 -0.064816
v 0.600817 0.237269 -0.075935
v 0.583679 0.247426 -0.078272
v 0.536580 0.210921 -0.080660
v 0.568903 0.261088 -0.069847
v 0.566556 0.258110 -0.081150
v 0.579783 0.242820 -0.088164
v 0.561616 0.252103 -0.090975
v 0.617958 0.229423 -0.062387
v 0.616545 0.226324 -0.050915
v 0.569077 0.261023 -0.058264
v 0.557277 0.208911 -0.092095
v 0.538497 0.215594 -0.091316
v 0.542530 0.223845 -0.098082
v 0.561570 0.217058 -0.097500
v 0.535649 0.251698 -0.099173
v 0.554847 0.243246 -0.096874
v 0.548109 0.233543 -0.099398
v 0.603288 0.211726 -0.095253
v 0.543029 0.261658 -0.093910
v 0.665472 0.152081 -0.055850
v 0.669209 0.148412 -0.046690
v 0.659382 0.149311 -0.044718
v 0.655637 0.153760 -0.054569
v 0.637172 0.152088 -0.037422
v 0.645202 0.149035 -0.027858
v 0.640971 0.155721 -0.021512
v 0.631713 0.159603 -0.029937
v 0.673180 0.148099 -0.038122
v 0.663193 0.147621 -0.036287
v 0.674596 0.153226 -0.031874
v 0.682340 0.149043 -0.039261
v 0.685310 0.155615 -0.035405
v 0.693922 0.154926 -0.037458
v 0.696677 0.163497 -0.040907
v 0.685679 0.167800 -0.036877
v 0.685165 0.180796 -0.060921
v 0.696600 0.171994 -0.061335
v 0.694535 0.173896 -0.072040
v 0.682503 0.182225 -0.071246
v 0.683695 0.173385 -0.089807
v 0.672987 0.181704 -0.087504
v 0.678089 0.181921 -0.079386
v 0.689942 0.173020 -0.080897
v 0.661115 0.157636 -0.070164
v 0.662551 0.156029 -0.064331
v 0.653097 0.158567 -0.064034
v 0.651424 0.160709 -0.070322
v 0.673715 0.157589 -0.021058
v 0.673327 0.153674 -0.022965
v 0.677242 0.160264 -0.029974
v 0.674025 0.166272 -0.028134
v 0.625328 0.166332 -0.081198
v 0.625278 0.166901 -0.073730
v 0.616916 0.173731 -0.070838
v 0.616233 0.173762 -0.079266
v 0.619547 0.168854 -0.044868
v 0.622179 0.181103 -0.037133
v 0.617129 0.185670 -0.042025
v 0.616726 0.174558 -0.051877
v 0.624568 0.164047 -0.037887
v 0.634497 0.170399 -0.025640
v 0.627178 0.175989 -0.031625
v 0.643655 0.164539 -0.018200
v 0.616201 0.177071 -0.089256
v 0.622225 0.171291 -0.092938
v 0.732410 0.123681 -0.041698
v 0.727639 0.126772 -0.041498
v 0.727436 0.125005 -0.046661
v 0.732461 0.122146 -0.046772
v 0.629514 0.188501 -0.100573
v 0.623202 0.190520 -0.098489
v 0.628893 0.198253 -0.097285
v 0.635509 0.195836 -0.097490
v 0.637468 0.185122 -0.103327
v 0.643974 0.192125 -0.098268
v 0.741119 0.134130 -0.040426
v 0.736387 0.138005 -0.041103
v 0.733261 0.134607 -0.038693
v 0.737755 0.130713 -0.038343
v 0.674382 0.149227 -0.055609
v 0.677963 0.146433 -0.046904
v 0.694605 0.139420 -0.049958
v 0.694491 0.141813 -0.043981
v 0.686378 0.144072 -0.045458
v 0.684310 0.144595 -0.054748
v 0.678293 0.149910 -0.074024
v 0.682021 0.147365 -0.067125
v 0.672705 0.152506 -0.066904
v 0.669200 0.154714 -0.074008
v 0.664573 0.153974 -0.085115
v 0.663207 0.152333 -0.090904
v 0.671133 0.148837 -0.092043
v 0.673649 0.149935 -0.085726
v 0.692699 0.141998 -0.081279
v 0.691185 0.142389 -0.086542
v 0.700580 0.140700 -0.086992
v 0.702127 0.139841 -0.082155
v 0.617228 0.193210 -0.097011
v 0.622775 0.201469 -0.096880
v 0.671593 0.171325 -0.106074
v 0.678926 0.165713 -0.109471
v 0.671548 0.161211 -0.115373
v 0.663954 0.166958 -0.111828
v 0.641842 0.200711 -0.090716
v 0.635411 0.204380 -0.091118
v 0.743368 0.135563 -0.045274
v 0.738692 0.139621 -0.045900
v 0.650551 0.172327 -0.019260
v 0.641761 0.179839 -0.027187
v 0.634319 0.186165 -0.033403
v 0.628884 0.191175 -0.037354
v 0.623970 0.195972 -0.039111
v 0.688923 0.142562 -0.059678
v 0.669762 0.152985 -0.062741
v 0.659438 0.158427 -0.074332
v 0.650418 0.154528 -0.101727
v 0.653461 0.153949 -0.094758
v 0.646693 0.156314 -0.092033
v 0.642989 0.158197 -0.101351
v 0.658578 0.159760 -0.112721
v 0.666540 0.154582 -0.115045
v 0.665395 0.149587 -0.110382
v 0.657639 0.153637 -0.108624
v 0.673442 0.161357 -0.017220
v 0.669239 0.169922 -0.024156
v 0.624631 0.179722 -0.099374
v 0.618617 0.183066 -0.095823
v 0.613440 0.187002 -0.093046
v 0.637973 0.163537 -0.072615
v 0.639348 0.162482 -0.068567
v 0.625694 0.164930 -0.063312
v 0.625290 0.166888 -0.069042
v 0.643605 0.153742 -0.052560
v 0.648397 0.149215 -0.042305
v 0.630994 0.156513 -0.047601
v 0.616761 0.173905 -0.063104
v 0.610936 0.180846 -0.060528
v 0.610743 0.180216 -0.069310
v 0.610540 0.180484 -0.078247
v 0.611104 0.182549 -0.086968
v 0.603351 0.186646 -0.059537
v 0.602821 0.185218 -0.068293
v 0.603004 0.185478 -0.077615
v 0.604206 0.187545 -0.085838
v 0.621124 0.214634 -0.091988
v 0.628777 0.208965 -0.091584
v 0.615217 0.206058 -0.096350
v 0.610399 0.194459 -0.043542
v 0.605818 0.189973 -0.051198
v 0.612633 0.182883 -0.051228
v 0.617168 0.202062 -0.040469
v 0.651609 0.147681 -0.020923
v 0.658386 0.146791 -0.026134
v 0.662657 0.144842 -0.020347
v 0.657416 0.145466 -0.015369
v 0.690087 0.148548 -0.039592
v 0.697477 0.146534 -0.039886
v 0.701554 0.152455 -0.038804
v 0.629141 0.166569 -0.097117
v 0.632227 0.162657 -0.086788
v 0.696889 0.138648 -0.055503
v 0.730456 0.142196 -0.041714
v 0.720038 0.148780 -0.042144
v 0.716155 0.144471 -0.039611
v 0.727295 0.138438 -0.039058
v 0.707036 0.138208 -0.058848
v 0.714754 0.136185 -0.057172
v 0.710861 0.134034 -0.052866
v 0.703576 0.137068 -0.053697
v 0.688469 0.142262 -0.092859
v 0.696159 0.140833 -0.093153
v 0.706228 0.160464 -0.061815
v 0.697840 0.170430 -0.050217
v 0.706989 0.163077 -0.050897
v 0.675771 0.150417 -0.080190
v 0.682421 0.145672 -0.086200
v 0.684156 0.145763 -0.080817
v 0.692175 0.141379 -0.062199
v 0.688949 0.143478 -0.067072
v 0.696308 0.140602 -0.066021
v 0.698357 0.139138 -0.060210
v 0.648149 0.164314 -0.110050
v 0.655096 0.173889 -0.108790
v 0.729959 0.130519 -0.038777
v 0.734587 0.127016 -0.038869
v 0.609989 0.197585 -0.095527
v 0.606346 0.191370 -0.091851
v 0.666677 0.154958 -0.079466
v 0.686242 0.177017 -0.049362
v 0.657168 0.158366 -0.078746
v 0.694389 0.157618 -0.099698
v 0.701371 0.154144 -0.100586
v 0.697750 0.148683 -0.102005
v 0.690916 0.151856 -0.103010
v 0.725940 0.132094 -0.055940
v 0.732730 0.129380 -0.055296
v 0.729594 0.126141 -0.051819
v 0.722520 0.129004 -0.051999
v 0.701490 0.137668 -0.048692
v 0.708959 0.133891 -0.047774
v 0.709343 0.136080 -0.042859
v 0.701367 0.139833 -0.043476
v 0.704209 0.144012 -0.040373
v 0.712327 0.140130 -0.040148
v 0.730174 0.137222 -0.056741
v 0.719710 0.141600 -0.057852
v 0.722113 0.148214 -0.054432
v 0.732673 0.142202 -0.052747
v 0.662567 0.190019 -0.085268
v 0.667975 0.180540 -0.095983
v 0.658049 0.188606 -0.093249
v 0.693604 0.165876 -0.091922
v 0.685861 0.163171 -0.100521
v 0.677702 0.172409 -0.098522
v 0.662635 0.178668 -0.102777
v 0.710074 0.147160 -0.064563
v 0.711856 0.152934 -0.066098
v 0.712687 0.152066 -0.057823
v 0.654199 0.157147 -0.085083
v 0.723851 0.134202 -0.039246
v 0.642683 0.205347 -0.048058
v 0.649007 0.199682 -0.047464
v 0.653212 0.203932 -0.060628
v 0.645555 0.209615 -0.059415
v 0.720794 0.128307 -0.046811
v 0.721184 0.129955 -0.041771
v 0.687704 0.142474 -0.099321
v 0.689893 0.143876 -0.104144
v 0.695621 0.143313 -0.102493
v 0.694740 0.141722 -0.098471
v 0.653199 0.186275 -0.100013
v 0.683871 0.161616 -0.112548
v 0.677564 0.156119 -0.118028
v 0.649065 0.195741 -0.091389
v 0.646486 0.203582 -0.081625
v 0.653447 0.197741 -0.083198
v 0.701333 0.162155 -0.081700
v 0.666863 0.190339 -0.077843
v 0.657377 0.198372 -0.075753
v 0.649754 0.204929 -0.072690
v 0.643751 0.210172 -0.071346
v 0.640606 0.208301 -0.081192
v 0.732769 0.144008 -0.046763
v 0.738797 0.138209 -0.051763
v 0.625512 0.219777 -0.082647
v 0.633606 0.213541 -0.081464
v 0.628080 0.221634 -0.072092
v 0.636799 0.215565 -0.071312
v 0.662438 0.196518 -0.058451
v 0.660646 0.198019 -0.067390
v 0.673543 0.188693 -0.060224
v 0.670813 0.190382 -0.069899
v 0.705082 0.165423 -0.072417
v 0.748985 0.126229 -0.053150
v 0.746186 0.122625 -0.054289
v 0.738529 0.126486 -0.054958
v 0.741917 0.130546 -0.054127
v 0.736352 0.133906 -0.055329
v 0.743814 0.134412 -0.050795
v 0.674165 0.184080 -0.048414
v 0.704359 0.139246 -0.065337
v 0.659750 0.190338 -0.044654
v 0.665805 0.179998 -0.032481
v 0.675886 0.176483 -0.036132
v 0.650062 0.187047 -0.032530
v 0.642183 0.194230 -0.037834
v 0.630893 0.203745 -0.041277
v 0.636016 0.199330 -0.040588
v 0.623469 0.209841 -0.041738
v 0.657696 0.178316 -0.024626
v 0.739061 0.118188 -0.047592
v 0.738781 0.119159 -0.042235
v 0.636431 0.210135 -0.048286
v 0.628448 0.216920 -0.049034
v 0.653945 0.146912 -0.033233
v 0.647670 0.161203 -0.077500
v 0.644673 0.160048 -0.082238
v 0.639796 0.159033 -0.089612
v 0.636233 0.162017 -0.099856
v 0.630025 0.221646 -0.060341
v 0.590246 0.190888 -0.066620
v 0.590101 0.190599 -0.076094
v 0.616642 0.228783 -0.073838
v 0.740852 0.122033 -0.039170
v 0.706772 0.144744 -0.086007
v 0.707840 0.143441 -0.084044
v 0.648160 0.152680 -0.015698
v 0.655581 0.149530 -0.010834
v 0.664693 0.159382 -0.008309
v 0.657543 0.165852 -0.012898
v 0.650867 0.159601 -0.012387
v 0.658683 0.154493 -0.008305
v 0.636812 0.163387 -0.075820
v 0.635409 0.162867 -0.080400
v 0.646129 0.180217 -0.106005
v 0.639518 0.170747 -0.107337
v 0.708144 0.149019 -0.039812
v 0.711661 0.153780 -0.043008
v 0.705147 0.158801 -0.042514
v 0.722161 0.150945 -0.048201
v 0.712130 0.143660 -0.059761
v 0.709280 0.142449 -0.063784
v 0.640975 0.159024 -0.061900
v 0.627433 0.161060 -0.056320
v 0.669115 0.148714 -0.024144
v 0.665637 0.148742 -0.029553
v 0.685991 0.145168 -0.074033
v 0.711794 0.155826 -0.079575
v 0.713270 0.158614 -0.072448
v 0.693746 0.141773 -0.073828
v 0.744184 0.125279 -0.038422
v 0.747569 0.128716 -0.040273
v 0.713850 0.156679 -0.049893
v 0.679795 0.145035 -0.092731
v 0.710524 0.149661 -0.082747
v 0.705629 0.154963 -0.085882
v 0.672510 0.151010 -0.116506
v 0.638661 0.214775 -0.059335
v 0.734740 0.123210 -0.052118
v 0.741614 0.119342 -0.052501
v 0.750028 0.129286 -0.050116
v 0.749502 0.130569 -0.045129
v 0.631845 0.175759 -0.103625
v 0.649822 0.161495 -0.074003
v 0.591220 0.192487 -0.084711
v 0.664050 0.170509 -0.017510
v 0.670482 0.162618 -0.011852
v 0.701463 0.139516 -0.073987
v 0.687966 0.158102 -0.106042
v 0.709433 0.153981 -0.088754
v 0.706541 0.157515 -0.095011
v 0.700739 0.160971 -0.093658
v 0.709857 0.148273 -0.087219
v 0.755289 0.126517 -0.044955
v 0.755645 0.125404 -0.049838
v 0.753573 0.124526 -0.040091
v 0.749621 0.121407 -0.038687
v 0.745948 0.118733 -0.039556
v 0.754496 0.122637 -0.052797
v 0.751576 0.119499 -0.053819
v 0.746823 0.116692 -0.052169
v 0.759049 0.119276 -0.052842
v 0.761228 0.121301 -0.049756
v 0.763699 0.115763 -0.039599
v 0.766078 0.116800 -0.041616
v 0.763259 0.119235 -0.041924
v 0.759996 0.120344 -0.040154
v 0.767406 0.112318 -0.040374
v 0.769817 0.113973 -0.042040
v 0.767201 0.118059 -0.045168
v 0.763381 0.120553 -0.044795
v 0.771364 0.115216 -0.045674
v 0.770653 0.114728 -0.049461
v 0.766576 0.117349 -0.048851
v 0.763602 0.119776 -0.047866
v 0.760374 0.122937 -0.044794
v 0.770925 0.109908 -0.042366
v 0.773451 0.109361 -0.046586
v 0.774399 0.112355 -0.046091
v 0.772402 0.112011 -0.042824
v 0.754909 0.117913 -0.038944
v 0.760222 0.113694 -0.039627
v 0.764596 0.110061 -0.040834
v 0.768379 0.107768 -0.043196
v 0.757678 0.111016 -0.040932
v 0.762690 0.108074 -0.042577
v 0.765969 0.106536 -0.044750
v 0.756344 0.108974 -0.043916
v 0.761863 0.106861 -0.045176
v 0.751010 0.115484 -0.039968
v 0.748718 0.113367 -0.042909
v 0.764567 0.106281 -0.046118
v 0.770885 0.107499 -0.047422
v 0.765238 0.116877 -0.051526
v 0.769249 0.113460 -0.051898
v 0.763521 0.115288 -0.053224
v 0.767602 0.111830 -0.053107
v 0.773553 0.112758 -0.049539
v 0.772611 0.110847 -0.050903
v 0.743583 0.116341 -0.042605
v 0.744040 0.115709 -0.047940
v 0.748980 0.112735 -0.047929
v 0.756348 0.108421 -0.048714
v 0.751683 0.113961 -0.052078
v 0.756258 0.116383 -0.053764
v 0.761434 0.112996 -0.053681
v 0.758371 0.110327 -0.052554
v 0.765418 0.109894 -0.053098
v 0.763328 0.107986 -0.051915
v 0.762141 0.106741 -0.048846
v 0.767774 0.107736 -0.051490
v 0.770333 0.109105 -0.051572
v 0.767902 0.106633 -0.048164
v 0.765313 0.106372 -0.048628
v 0.765733 0.107080 -0.050880
v 0.739858 0.122638 -0.074778
v 0.733519 0.126663 -0.073368
v 0.732778 0.126064 -0.078160
v 0.739379 0.122141 -0.079744
v 0.746556 0.133767 -0.071394
v 0.740931 0.137985 -0.070756
v 0.738114 0.133245 -0.069269
v 0.743694 0.128807 -0.070331
v 0.747559 0.136499 -0.076956
v 0.742125 0.140938 -0.076355
v 0.734051 0.142513 -0.069626
v 0.721352 0.148481 -0.068003
v 0.718339 0.143055 -0.066996
v 0.731141 0.137454 -0.068288
v 0.715207 0.139804 -0.083989
v 0.712034 0.137269 -0.080617
v 0.735489 0.129321 -0.070731
v 0.741416 0.124906 -0.071730
v 0.727965 0.133930 -0.085207
v 0.735954 0.130124 -0.086351
v 0.733704 0.127200 -0.083002
v 0.725592 0.130933 -0.081800
v 0.711145 0.136242 -0.074665
v 0.712425 0.136364 -0.068844
v 0.715421 0.138997 -0.066877
v 0.731315 0.138610 -0.085634
v 0.719330 0.144998 -0.084029
v 0.722082 0.150490 -0.080400
v 0.734200 0.143267 -0.082098
v 0.728135 0.133249 -0.069137
v 0.724707 0.130000 -0.076478
v 0.725682 0.130390 -0.071543
v 0.735218 0.145485 -0.075502
v 0.741040 0.138679 -0.082919
v 0.753505 0.125874 -0.087267
v 0.751458 0.121889 -0.088348
v 0.742588 0.126479 -0.087521
v 0.745181 0.130605 -0.086915
v 0.738764 0.134253 -0.086283
v 0.746889 0.134693 -0.083194
v 0.748740 0.116690 -0.081915
v 0.748761 0.117007 -0.076714
v 0.750071 0.119012 -0.073461
v 0.723365 0.152943 -0.073684
v 0.751907 0.122729 -0.072179
v 0.754409 0.127797 -0.072832
v 0.740348 0.123350 -0.084568
v 0.749313 0.118318 -0.086277
v 0.754741 0.129331 -0.083793
v 0.755205 0.130981 -0.077989
v 0.761889 0.125985 -0.079308
v 0.761207 0.124735 -0.084632
v 0.761344 0.123231 -0.074257
v 0.758289 0.118891 -0.073420
v 0.755910 0.115848 -0.074710
v 0.760051 0.122047 -0.087585
v 0.757878 0.118817 -0.088658
v 0.755125 0.115587 -0.086943
v 0.766163 0.118309 -0.088422
v 0.768392 0.120271 -0.085914
v 0.777569 0.111042 -0.078239
v 0.779562 0.113313 -0.079661
v 0.775023 0.115922 -0.078785
v 0.773069 0.114582 -0.076610
v 0.772041 0.118330 -0.078610
v 0.768698 0.119048 -0.076107
v 0.776087 0.117726 -0.082312
v 0.771757 0.119371 -0.081577
v 0.781045 0.115087 -0.083491
v 0.779722 0.114618 -0.087106
v 0.774468 0.116929 -0.085605
v 0.771293 0.118826 -0.084559
v 0.781973 0.108956 -0.080738
v 0.783011 0.111434 -0.080785
v 0.768171 0.121953 -0.080767
v 0.764063 0.115957 -0.074870
v 0.770122 0.111980 -0.076301
v 0.775627 0.108530 -0.078489
v 0.779864 0.106617 -0.081414
v 0.767513 0.109147 -0.077557
v 0.773540 0.106405 -0.079758
v 0.777275 0.105457 -0.082607
v 0.765794 0.107285 -0.080787
v 0.772149 0.105298 -0.082561
v 0.760785 0.113160 -0.075933
v 0.758780 0.111491 -0.079022
v 0.775446 0.105170 -0.083836
v 0.782048 0.107111 -0.085457
v 0.784655 0.109276 -0.084930
v 0.785630 0.112581 -0.084242
v 0.773130 0.115984 -0.087523
v 0.778328 0.112886 -0.088511
v 0.772013 0.114698 -0.089448
v 0.777223 0.111499 -0.089858
v 0.783694 0.112818 -0.087727
v 0.782837 0.110827 -0.088441
v 0.754377 0.114133 -0.077972
v 0.754043 0.113993 -0.082673
v 0.758372 0.111304 -0.083636
v 0.765538 0.107464 -0.085474
v 0.759818 0.113121 -0.087792
v 0.763474 0.115903 -0.089437
v 0.769740 0.112646 -0.090142
v 0.767013 0.109857 -0.089077
v 0.775099 0.109827 -0.090023
v 0.772916 0.107752 -0.089177
v 0.771794 0.105683 -0.086415
v 0.778357 0.107653 -0.088943
v 0.780967 0.108912 -0.089009
v 0.778934 0.105871 -0.086018
v 0.775856 0.105512 -0.086378
v 0.775941 0.106806 -0.088504
v 0.729176 0.128089 -0.097713
v 0.724229 0.131402 -0.096122
v 0.721508 0.130025 -0.100261
v 0.726544 0.126600 -0.102065
v 0.735414 0.138018 -0.098144
v 0.730055 0.142287 -0.095845
v 0.729249 0.138301 -0.093980
v 0.734393 0.134845 -0.096201
v 0.734893 0.139601 -0.102788
v 0.729061 0.144194 -0.101114
v 0.724265 0.145941 -0.093732
v 0.715629 0.150622 -0.091131
v 0.714600 0.145281 -0.089358
v 0.723571 0.141201 -0.091740
v 0.727156 0.134465 -0.094182
v 0.732264 0.131290 -0.096101
v 0.714259 0.135902 -0.106111
v 0.721088 0.132966 -0.108029
v 0.720475 0.130713 -0.104797
v 0.713776 0.133809 -0.102713
v 0.704120 0.138288 -0.095038
v 0.707521 0.138850 -0.090874
v 0.711416 0.141231 -0.089433
v 0.716714 0.140376 -0.107710
v 0.706147 0.145159 -0.104308
v 0.709987 0.150559 -0.102750
v 0.719944 0.145731 -0.105235
v 0.721365 0.136974 -0.092124
v 0.714979 0.132750 -0.098186
v 0.718100 0.133967 -0.094033
v 0.722716 0.148076 -0.099300
v 0.726288 0.141957 -0.106631
v 0.738761 0.129234 -0.112442
v 0.736406 0.125574 -0.112643
v 0.726869 0.129862 -0.110130
v 0.729440 0.133970 -0.110638
v 0.723201 0.137117 -0.109315
v 0.732576 0.137901 -0.107882
v 0.734738 0.121931 -0.104933
v 0.736662 0.122954 -0.100533
v 0.739512 0.126065 -0.098844
v 0.713968 0.153268 -0.096878
v 0.703251 0.140659 -0.102931
v 0.741689 0.129069 -0.098919
v 0.743134 0.131981 -0.100608
v 0.725738 0.127434 -0.106829
v 0.734444 0.122967 -0.109720
v 0.741190 0.132568 -0.109669
v 0.742908 0.134087 -0.104935
v 0.748784 0.130120 -0.106516
v 0.747170 0.129118 -0.111346
v 0.749258 0.128061 -0.102159
v 0.747200 0.125099 -0.100778
v 0.744573 0.122521 -0.100753
v 0.744815 0.125885 -0.113849
v 0.742657 0.122788 -0.113867
v 0.739924 0.120487 -0.111083
v 0.749174 0.123205 -0.115291
v 0.752373 0.125456 -0.112745
v 0.763070 0.117140 -0.106119
v 0.763982 0.118593 -0.107769
v 0.759750 0.120767 -0.106641
v 0.759105 0.119949 -0.104575
v 0.757093 0.123254 -0.106070
v 0.754751 0.124383 -0.103928
v 0.760081 0.122624 -0.109978
v 0.756425 0.124757 -0.108769
v 0.764229 0.120271 -0.111410
v 0.761880 0.119753 -0.114919
v 0.757742 0.121969 -0.113298
v 0.755378 0.124342 -0.111794
v 0.766445 0.115359 -0.108623
v 0.766820 0.117246 -0.109198
v 0.753302 0.126796 -0.107846
v 0.751728 0.122080 -0.102187
v 0.756805 0.118100 -0.103644
v 0.761199 0.115048 -0.105561
v 0.764120 0.113159 -0.108464
v 0.754060 0.115970 -0.104161
v 0.758709 0.113245 -0.106298
v 0.761267 0.111840 -0.108868
v 0.751445 0.114232 -0.105856
v 0.756603 0.111993 -0.107960
v 0.748720 0.119687 -0.102443
v 0.745689 0.117936 -0.104072
v 0.759203 0.111510 -0.109547
v 0.764674 0.113030 -0.113123
v 0.767266 0.115440 -0.113077
v 0.767743 0.118211 -0.112672
v 0.755854 0.121478 -0.115407
v 0.760075 0.118572 -0.116564
v 0.753623 0.119779 -0.116406
v 0.758343 0.116888 -0.117136
v 0.765148 0.118339 -0.115412
v 0.764226 0.116768 -0.116286
v 0.741715 0.120444 -0.102420
v 0.739754 0.119702 -0.106378
v 0.743898 0.117392 -0.107587
v 0.750031 0.113789 -0.109637
v 0.744006 0.118431 -0.112080
v 0.746587 0.120586 -0.114716
v 0.751550 0.117529 -0.115897
v 0.749834 0.115358 -0.113575
v 0.756480 0.114917 -0.116490
v 0.755137 0.113050 -0.114588
v 0.755299 0.111794 -0.111239
v 0.759865 0.113199 -0.115686
v 0.762141 0.114907 -0.116434
v 0.761610 0.111838 -0.112569
v 0.758879 0.111447 -0.112050
v 0.758076 0.112244 -0.114490
v 0.702722 0.139191 -0.099339
v 0.704333 0.134781 -0.121266
v 0.700874 0.137334 -0.118492
v 0.698140 0.136518 -0.121300
v 0.701470 0.133965 -0.124075
v 0.709782 0.143656 -0.123834
v 0.706044 0.146951 -0.120775
v 0.705853 0.143438 -0.117803
v 0.709666 0.140476 -0.120909
v 0.707419 0.144919 -0.128399
v 0.703475 0.148376 -0.125637
v 0.701113 0.149932 -0.117125
v 0.693374 0.154738 -0.110951
v 0.693798 0.149585 -0.108853
v 0.700986 0.146048 -0.114209
v 0.677323 0.148390 -0.117446
v 0.682885 0.145291 -0.120254
v 0.684056 0.142797 -0.116968
v 0.677427 0.145411 -0.113692
v 0.703792 0.139833 -0.117127
v 0.707418 0.137186 -0.120272
v 0.690731 0.141485 -0.125017
v 0.695347 0.139179 -0.128168
v 0.696237 0.137105 -0.124787
v 0.691823 0.139070 -0.121744
v 0.680088 0.143562 -0.109696
v 0.686365 0.141792 -0.113528
v 0.689068 0.142652 -0.110412
v 0.684023 0.142954 -0.106044
v 0.691824 0.144873 -0.109057
v 0.691489 0.145331 -0.126820
v 0.683384 0.149186 -0.121922
v 0.685407 0.154203 -0.121438
v 0.694402 0.149430 -0.126166
v 0.699232 0.142163 -0.113917
v 0.693817 0.138464 -0.118347
v 0.696559 0.139563 -0.115365
v 0.698454 0.151743 -0.121855
v 0.699540 0.146297 -0.129302
v 0.705301 0.136298 -0.136606
v 0.703935 0.133492 -0.134993
v 0.698933 0.136632 -0.131205
v 0.700223 0.140032 -0.133143
v 0.696396 0.142744 -0.130183
v 0.703504 0.143263 -0.132198
v 0.705971 0.130686 -0.127770
v 0.709092 0.131289 -0.125043
v 0.711987 0.133570 -0.124019
v 0.690269 0.157666 -0.116237
v 0.714247 0.136332 -0.124754
v 0.714614 0.139216 -0.127381
v 0.699596 0.134589 -0.127685
v 0.704271 0.131450 -0.131530
v 0.708447 0.139190 -0.135652
v 0.712170 0.140620 -0.131717
v 0.716412 0.137653 -0.134520
v 0.712812 0.136235 -0.138428
v 0.718456 0.136081 -0.130088
v 0.717752 0.133620 -0.127406
v 0.715108 0.131131 -0.126804
v 0.709292 0.133366 -0.139077
v 0.708004 0.131210 -0.137214
v 0.708012 0.129795 -0.133809
v 0.713366 0.130930 -0.141291
v 0.717297 0.133222 -0.140753
v 0.728169 0.126575 -0.135389
v 0.728215 0.128117 -0.136966
v 0.725594 0.129847 -0.135648
v 0.725355 0.129098 -0.133431
v 0.723275 0.132143 -0.134932
v 0.721994 0.132902 -0.132505
v 0.724542 0.131407 -0.138827
v 0.721763 0.133204 -0.137462
v 0.727628 0.129473 -0.140681
v 0.724804 0.128205 -0.143832
v 0.721993 0.130500 -0.142303
v 0.720299 0.132554 -0.140468
v 0.730295 0.124907 -0.138200
v 0.730292 0.126798 -0.138708
v 0.719614 0.135013 -0.136315
v 0.720786 0.131012 -0.129776
v 0.724358 0.127699 -0.131856
v 0.727731 0.124487 -0.134575
v 0.729090 0.122695 -0.138071
v 0.722053 0.126137 -0.131549
v 0.725359 0.123192 -0.134511
v 0.726687 0.121750 -0.137595
v 0.719096 0.125112 -0.132120
v 0.722832 0.122551 -0.135076
v 0.718206 0.129319 -0.128848
v 0.715045 0.128045 -0.129463
v 0.724740 0.121564 -0.137259
v 0.728102 0.122553 -0.141565
v 0.729672 0.124598 -0.142282
v 0.730073 0.127425 -0.142312
v 0.719817 0.129532 -0.143558
v 0.723179 0.126599 -0.144933
v 0.717257 0.127987 -0.143127
v 0.721719 0.124761 -0.144301
v 0.727385 0.126954 -0.144496
v 0.726684 0.125031 -0.144679
v 0.712225 0.129388 -0.127707
v 0.709587 0.128830 -0.130121
v 0.712285 0.127260 -0.131980
v 0.716482 0.124529 -0.134336
v 0.711044 0.127854 -0.135787
v 0.711349 0.129153 -0.139161
v 0.715759 0.126235 -0.141264
v 0.715235 0.124872 -0.138061
v 0.720450 0.123384 -0.142450
v 0.720051 0.122419 -0.139839
v 0.720906 0.122111 -0.136918
v 0.724096 0.122005 -0.142032
v 0.725402 0.123084 -0.143738
v 0.726080 0.121527 -0.140329
v 0.724036 0.121355 -0.138914
v 0.723012 0.121633 -0.140459
v 0.678509 0.151318 -0.119279
v 0.680336 0.154373 -0.011251
v 0.680288 0.151154 -0.015407
v 0.673729 0.142979 -0.017188
v 0.668301 0.140421 -0.014030
v 0.664474 0.141373 -0.008845
v 0.664618 0.144680 -0.004677
v 0.667481 0.148712 -0.002395
v 0.678419 0.147081 -0.017651
v 0.677903 0.156053 -0.006150
v 0.672530 0.153428 -0.002581
v 0.679631 0.148195 0.003627
v 0.684661 0.151112 -0.000596
v 0.674162 0.143668 0.004024
v 0.670430 0.139839 0.000869
v 0.669362 0.137336 -0.004286
v 0.686638 0.150145 -0.006644
v 0.685731 0.147256 -0.011359
v 0.682402 0.143126 -0.013893
v 0.692495 0.146248 -0.001489
v 0.692929 0.145488 0.005860
v 0.688674 0.131374 0.014760
v 0.690975 0.134750 0.016676
v 0.687790 0.136694 0.014385
v 0.684609 0.133872 0.012713
v 0.686362 0.138596 0.012601
v 0.681793 0.138257 0.010132
v 0.692476 0.140568 0.014470
v 0.690314 0.141590 0.012322
v 0.697013 0.142691 0.011635
v 0.694029 0.143680 0.010683
v 0.695531 0.138793 0.017266
v 0.694162 0.133423 0.018325
v 0.698022 0.136042 0.018386
v 0.693694 0.130546 0.016706
v 0.687005 0.143333 0.009400
v 0.676448 0.135374 0.005472
v 0.682065 0.131335 0.009123
v 0.687779 0.128615 0.011652
v 0.693721 0.128211 0.012948
v 0.681764 0.129292 0.003852
v 0.688603 0.127403 0.006956
v 0.693796 0.127809 0.008730
v 0.683915 0.129697 -0.001255
v 0.690351 0.128259 0.003281
v 0.674315 0.133400 -0.000559
v 0.676138 0.133765 -0.006498
v 0.693935 0.128293 0.005846
v 0.699188 0.130605 0.012476
v 0.699512 0.132520 0.016658
v 0.698399 0.142798 0.007597
v 0.699545 0.140839 0.014205
v 0.701376 0.139966 0.010355
v 0.697919 0.142023 0.002649
v 0.701276 0.138058 0.006424
v 0.700940 0.138436 0.016263
v 0.702322 0.136635 0.013580
v 0.671997 0.137118 -0.010007
v 0.677079 0.139185 -0.013393
v 0.681196 0.136293 -0.009956
v 0.688145 0.132572 -0.004481
v 0.687000 0.140199 -0.010135
v 0.691106 0.144169 -0.006983
v 0.696459 0.139733 -0.001428
v 0.693126 0.136267 -0.004410
v 0.699657 0.135782 0.003251
v 0.696907 0.133367 0.001383
v 0.693533 0.130448 0.001403
v 0.700020 0.132748 0.006642
v 0.701889 0.134307 0.009925
v 0.697799 0.129917 0.008629
v 0.696288 0.129910 0.005381
v 0.698125 0.131892 0.004601
v 0.671594 0.146695 -0.111898
v 0.674087 0.144915 -0.106612
v 0.667146 0.147871 -0.104859
v 0.658718 0.151042 -0.103230
v 0.650940 0.156618 -0.107256
v 0.661202 0.151048 -0.096943
v 0.669528 0.147821 -0.098860
v 0.678832 0.144162 -0.100734
v 0.656972 0.154383 -0.090135
v 0.040930 0.675786 0.071136
v 0.044385 0.674578 0.069068
v 0.045589 0.668638 0.066184
v 0.043121 0.668338 0.068033
v 0.040132 0.668483 0.069689
v 0.036285 0.668689 0.070688
v 0.030704 0.676012 0.072065
v 0.036248 0.676349 0.072387
v 0.021232 0.670317 0.068967
v 0.023038 0.671743 0.069094
v 0.021989 0.669386 0.069288
v 0.028021 0.669060 0.070535
v 0.024331 0.669409 0.069525
v 0.048080 0.672014 0.065094
v 0.048911 0.670884 0.063838
v 0.046721 0.673396 0.067028
v 0.032147 0.668960 0.070929
v 0.048675 0.669840 0.063554
v 0.047481 0.669081 0.064409
v 0.026079 0.674286 0.070552
v 0.040469 0.670737 0.069809
v 0.036507 0.670958 0.071031
v 0.031602 0.673775 0.071794
v 0.036565 0.673772 0.071712
v 0.028114 0.670832 0.070805
v 0.025680 0.670620 0.070043
v 0.043238 0.670222 0.068240
v 0.032161 0.671227 0.071304
v 0.040722 0.672941 0.070391
v 0.025314 0.671655 0.070047
v 0.027308 0.672726 0.070980
v 0.048629 0.670944 0.064350
v 0.048200 0.670308 0.064275
v 0.018083 0.434964 0.048035
v 0.018254 0.418187 0.057469
v 0.043988 0.672304 0.068524
v 0.047217 0.670111 0.065157
v 0.045633 0.670164 0.066549
v 0.045987 0.671653 0.066760
v 0.047505 0.671125 0.065308
v 0.281595 0.390318 -0.005728
v 0.275566 0.374943 -0.004545
v 0.297116 0.420700 -0.048277
v 0.291503 0.419700 -0.070211
v 0.063193 0.143351 0.121256
v 0.114793 0.187448 -0.087195
v 0.117245 0.205998 -0.093564
v 0.041904 0.206540 -0.117836
v 0.061780 0.202090 -0.115713
v 0.146316 0.189953 0.023925
v 0.145351 0.170518 0.027760
v 0.106521 0.184629 0.082577
v 0.104154 0.162933 0.085820
v 0.134677 0.147860 0.054498
v 0.083518 0.156040 -0.100647
v 0.081651 0.175455 -0.104640
v 0.098753 0.172650 -0.095002
v 0.101746 0.153825 -0.092166
v 0.021700 0.186833 -0.108424
v 0.022110 0.209502 -0.114343
v 0.154524 0.211076 -0.004446
v 0.153653 0.212349 -0.031418
v 0.135169 0.218478 -0.078933
v 0.120047 0.224542 -0.096470
v 0.084236 0.240492 -0.118757
v 0.103051 0.232408 -0.109162
v 0.092609 0.206955 0.095898
v 0.074863 0.228175 0.103641
v 0.148274 0.210120 0.021774
v 0.027218 0.208916 0.122854
v 0.043774 0.276593 -0.134300
v 0.067122 0.271790 -0.131402
v 0.146763 0.214628 -0.056653
v 0.034661 0.376614 0.084284
v 0.035091 0.360461 0.093424
v 0.052672 0.364112 0.092577
v 0.052869 0.379390 0.082470
v 0.069521 0.366325 0.090546
v 0.085510 0.367522 0.086965
v 0.100078 0.367811 0.082250
v 0.134586 0.363190 0.064858
v 0.124624 0.365685 0.071236
v 0.150241 0.354943 0.049723
v 0.143193 0.360047 0.057977
v 0.155448 0.344887 0.039841
v 0.158563 0.333014 0.026819
v 0.162108 0.321263 0.011582
v 0.163811 0.334032 0.005493
v 0.156529 0.320308 0.034310
v 0.152972 0.332362 0.046851
v 0.147783 0.341453 0.057506
v 0.020532 0.318884 0.106921
v 0.023723 0.294892 0.108783
v 0.017134 0.450487 0.039188
v 0.450338 0.268188 -0.096565
v 0.575809 0.236263 -0.041286
v 0.033412 0.475674 -0.119612
v 0.016767 0.471334 -0.118159
v 0.001635 0.458218 -0.119180
v 0.001287 0.469381 -0.116063
v 0.105944 0.505501 -0.088343
v 0.091579 0.492690 -0.107444
v 0.071696 0.480740 -0.118581
v 0.052436 0.471305 -0.123510
v 0.137019 0.228666 0.043734
v 0.036751 0.439457 -0.131298
v 0.054373 0.459979 -0.128422
v 0.075736 0.470060 -0.124636
v 0.097505 0.482587 -0.113621
v 0.118765 0.497516 -0.094042
v 0.135313 0.498192 -0.085897
v 0.158481 0.481113 -0.090775
v 0.169697 0.479433 -0.084999
v 0.172857 0.492762 -0.069427
v 0.186287 0.489011 -0.064873
v 0.182192 0.477311 -0.080776
v 0.262226 0.433977 -0.078538
v 0.272071 0.422589 -0.083053
v 0.275400 0.410408 -0.090266
v 0.273862 0.397704 -0.096438
v 0.267883 0.386019 -0.100497
v 0.258332 0.376856 -0.101774
v 0.245070 0.372624 -0.100757
v 0.208225 0.374405 -0.092263
v 0.197958 0.375473 -0.090050
v 0.174006 0.348100 -0.093566
v 0.167514 0.340524 -0.096653
v 0.138140 0.299437 -0.110310
v 0.147852 0.313671 -0.106500
v 0.127769 0.283576 -0.114007
v 0.102913 0.060652 -0.110287
v 0.097444 0.078165 -0.104182
v 0.117381 0.080170 -0.094388
v 0.122182 0.063293 -0.099494
v 0.024647 0.113084 -0.101197
v 0.047610 0.114009 -0.103406
v 0.163122 0.078188 -0.008572
v 0.159494 0.080820 -0.036978
v 0.149517 0.082065 -0.061107
v 0.134742 0.081692 -0.079971
v 0.159158 0.073091 0.019252
v 0.077590 0.034422 0.115741
v 0.097969 0.041539 0.101608
v 0.016450 0.022833 0.136238
v 0.036087 0.025195 0.132998
v 0.149632 0.065619 0.044118
v 0.056555 0.028964 0.126464
v 0.117406 0.049044 0.084925
v 0.135581 0.057221 0.065799
v 0.093066 0.095511 -0.100159
v 0.072921 0.094106 -0.104953
v 0.069063 0.114694 -0.102183
v 0.039305 0.343304 -0.145413
v 0.060334 0.345435 -0.146986
v 0.081337 0.349512 -0.146606
v 0.097541 0.374273 -0.145273
v 0.115452 0.382135 -0.139237
v 0.118038 0.363924 -0.137997
v 0.100372 0.355920 -0.143549
v 0.146851 0.398041 -0.123281
v 0.158957 0.404176 -0.117864
v 0.160008 0.389450 -0.116088
v 0.148406 0.382175 -0.121520
v 0.170137 0.395235 -0.111723
v 0.178094 0.398639 -0.106422
v 0.186408 0.400780 -0.101601
v 0.197439 0.401186 -0.101048
v 0.198995 0.424192 -0.103899
v 0.188005 0.425000 -0.105552
v 0.146343 0.414993 -0.122907
v 0.131345 0.408496 -0.130733
v 0.037186 0.378161 -0.141804
v 0.018733 0.375504 -0.136768
v 0.166622 0.314442 -0.007582
v 0.170480 0.309264 -0.028132
v 0.171085 0.307269 -0.047635
v 0.168998 0.307883 -0.064632
v 0.165758 0.311212 -0.079288
v 0.161029 0.316154 -0.092323
v 0.155125 0.323619 -0.103496
v 0.161280 0.332579 -0.100097
v 0.149081 0.333039 -0.112747
v 0.157115 0.341827 -0.108238
v 0.142991 0.344186 -0.120401
v 0.137616 0.357442 -0.126379
v 0.134093 0.373229 -0.129957
v 0.131892 0.390515 -0.131467
v 0.096364 0.393468 -0.144693
v 0.114770 0.401256 -0.138778
v 0.076232 0.405654 -0.145010
v 0.076911 0.423795 -0.141009
v 0.078108 0.367968 -0.148299
v 0.076787 0.386959 -0.147552
v 0.073940 0.515558 -0.088687
v 0.056937 0.507671 -0.100003
v 0.238925 0.388450 -0.102127
v 0.247933 0.384265 -0.102006
v 0.239292 0.379674 -0.101449
v 0.234996 0.383884 -0.101599
v 0.254456 0.391906 -0.101295
v 0.245513 0.404848 -0.100621
v 0.258556 0.402058 -0.098796
v 0.242860 0.395896 -0.102070
v 0.259897 0.412865 -0.094771
v 0.247118 0.414623 -0.097941
v 0.258151 0.422883 -0.090360
v 0.247058 0.423386 -0.094404
v 0.246196 0.429732 -0.091409
v 0.252548 0.431855 -0.086997
v 0.215009 0.443275 -0.095314
v 0.227284 0.438861 -0.093559
v 0.238571 0.433649 -0.092236
v 0.208702 0.399802 -0.101625
v 0.220620 0.399373 -0.102476
v 0.231822 0.397941 -0.102433
v 0.234068 0.407142 -0.101825
v 0.222279 0.408707 -0.102680
v 0.209932 0.409815 -0.102930
v 0.037204 0.361192 -0.144020
v 0.057044 0.364127 -0.147570
v 0.169458 0.408732 -0.113322
v 0.178151 0.411040 -0.108758
v 0.187042 0.411773 -0.104604
v 0.197869 0.411695 -0.103107
v 0.178466 0.424335 -0.109155
v 0.169233 0.422819 -0.113428
v 0.158507 0.419483 -0.117938
v 0.056994 0.382133 -0.146154
v 0.018732 0.359022 -0.139817
v 0.183013 0.452449 0.015944
v 0.187879 0.475953 0.002857
v 0.192421 0.491727 -0.018156
v 0.191020 0.495454 -0.042885
v 0.000824 0.503423 -0.103482
v 0.367033 0.283920 -0.059117
v 0.001928 0.302553 -0.135983
v 0.001156 0.323112 -0.139429
v 0.003801 0.234440 -0.116877
v 0.003216 0.256467 -0.125103
v 0.044802 0.138002 -0.103489
v 0.023113 0.139719 -0.100504
v 0.022399 0.163510 -0.103802
v 0.001160 0.090830 -0.104970
v 0.001469 0.113238 -0.096839
v 0.002961 0.165699 -0.097888
v 0.002819 0.189815 -0.102312
v 0.022248 0.278599 -0.133222
v 0.019696 0.341722 -0.142773
v 0.001111 0.358569 -0.137448
v 0.001617 0.374258 -0.134161
v 0.001679 0.390543 -0.132167
v 0.111149 0.338774 0.096205
v 0.111673 0.352965 0.087144
v 0.099236 0.353610 0.092555
v 0.099131 0.339422 0.101444
v 0.130681 0.336528 0.082143
v 0.132234 0.349710 0.073800
v 0.122649 0.351702 0.080773
v 0.121511 0.337910 0.089457
v 0.140545 0.346500 0.066219
v 0.138509 0.333766 0.073957
v 0.110940 0.323593 0.103316
v 0.121067 0.322990 0.096500
v 0.099172 0.324295 0.108350
v 0.136721 0.320510 0.080711
v 0.129636 0.322104 0.088854
v 0.012335 0.552941 0.066931
v 0.011954 0.558379 0.081988
v 0.006136 0.600981 0.095619
v 0.005751 0.605444 0.093513
v 0.004781 0.541081 0.046575
v 0.004441 0.532690 0.041542
v 0.003875 0.582836 0.092929
v 0.004232 0.568552 0.093123
v 0.003476 0.627635 0.096351
v 0.003467 0.624049 0.095073
v 0.003745 0.612875 0.096642
v 0.003836 0.608973 0.095382
v 0.004274 0.523256 0.036557
v 0.005114 0.547695 0.054522
v 0.003559 0.502789 0.028901
v 0.003321 0.492760 0.025710
v 0.014342 0.483794 0.023948
v 0.015088 0.473105 0.025831
v 0.019126 0.338867 0.100816
v 0.017827 0.385178 0.075025
v 0.017734 0.372551 0.085297
v 0.018009 0.401473 0.066279
v 0.016077 0.462481 0.031744
v 0.003954 0.513082 0.032395
v 0.003830 0.596092 0.095093
v 0.003964 0.590673 0.092380
v 0.003585 0.620076 0.095102
v 0.003669 0.616499 0.095841
v 0.002018 0.432963 0.048574
v 0.001695 0.416024 0.058179
v 0.018429 0.355721 0.093133
v 0.004063 0.315990 0.104278
v 0.004186 0.291928 0.106415
v 0.002340 0.448795 0.039436
v 0.004439 0.268852 0.106709
v 0.170295 -0.082895 -0.079444
v 0.155757 -0.101505 -0.098887
v 0.144561 -0.094015 -0.110907
v 0.156686 -0.080309 -0.097775
v 0.161650 -0.040957 -0.079971
v 0.161637 -0.018247 -0.074006
v 0.162901 0.005945 -0.070183
v 0.125278 -0.105569 -0.123378
v 0.094941 -0.095457 -0.139405
v 0.099752 -0.113009 -0.132744
v 0.149499 0.002066 -0.095092
v 0.149208 -0.023112 -0.098577
v 0.147903 -0.079111 -0.107875
v 0.148747 -0.066170 -0.105788
v 0.161939 -0.062506 -0.088482
v 0.119507 -0.091417 -0.129894
v 0.137314 -0.085250 -0.117990
v 0.060708 0.056440 -0.120381
v 0.064481 0.037453 -0.128859
v 0.036598 0.036641 -0.129912
v 0.139807 0.065773 -0.083373
v 0.127207 0.044591 -0.105384
v 0.001523 -0.105927 -0.129097
v 0.134424 -0.070633 -0.120537
v 0.091897 -0.075217 -0.143853
v 0.115987 -0.073552 -0.133601
v 0.091624 -0.003608 -0.139728
v 0.114067 -0.002595 -0.129676
v 0.113494 -0.027599 -0.133938
v 0.090869 -0.027343 -0.144426
v 0.133145 -0.001207 -0.115074
v 0.130887 0.022860 -0.110376
v 0.090421 0.018848 -0.132875
v 0.111957 0.020770 -0.123842
v 0.108005 0.042063 -0.117273
v 0.133038 -0.026709 -0.118365
v 0.090566 -0.052045 -0.146272
v 0.062388 -0.052096 -0.151344
v 0.032607 -0.051558 -0.148890
v 0.002668 -0.053311 -0.145028
v 0.002794 -0.029243 -0.145955
v 0.087257 0.039674 -0.124941
v 0.077600 0.076501 -0.109581
v 0.083186 0.058402 -0.116588
v 0.066121 0.136736 -0.101953
v 0.230517 -0.291905 0.069606
v 0.017507 -0.170161 -0.017847
v 0.024933 -0.178827 0.009516
v 0.171674 -0.042238 0.044810
v 0.185348 -0.058834 -0.033695
v 0.173995 -0.059855 -0.063595
v 0.040952 -0.181393 0.055232
v 0.054657 -0.170837 0.078159
v 0.152741 -0.052281 0.072772
v 0.118049 -0.109011 0.103740
v 0.032343 -0.183270 0.032489
v 0.148933 -0.046048 -0.102222
v 0.133047 -0.050780 -0.120109
v 0.114245 -0.052006 -0.135167
v 0.063154 -0.075406 -0.149485
v 0.031541 -0.073763 -0.146837
v 0.002391 -0.073978 -0.140651
v 0.023478 -0.115694 0.104067
v 0.010922 -0.107920 0.109729
v 0.018447 -0.105114 0.110827
v 0.001028 -0.093000 0.114899
v 0.001270 -0.110748 0.107689
v 0.012392 -0.123612 0.099788
v 0.001453 -0.126188 0.097009
v 0.001245 -0.141275 0.086213
v 0.074823 0.013252 0.113622
v 0.096510 0.020969 0.100519
v 0.014813 0.000916 0.131978
v 0.033232 0.002773 0.129060
v 0.153607 0.048313 0.044352
v 0.053147 0.006688 0.123220
v 0.118039 0.029777 0.085125
v 0.138021 0.039370 0.066094
v 0.002576 0.017088 -0.137591
v 0.002520 0.038441 -0.129311
v -0.002511 0.000301 0.131977
v 0.004527 0.557940 0.082489
v 0.004640 0.552226 0.067209
v 0.001848 0.744691 0.064262
v 0.001108 0.549788 -0.076869
v 0.003060 0.689857 0.084124
v 0.003808 0.605278 0.093443
v 0.003656 0.629929 0.099169
v 0.003087 0.482550 0.023083
v 0.002900 0.471297 0.024428
v 0.000068 -0.157526 -0.018686
v 0.002551 0.460705 0.031181
v 0.000826 -0.157090 -0.031577
v 0.003372 0.212603 -0.108199
v 0.402534 -0.700025 -0.055139
v 0.400088 -0.698999 -0.070312
v 0.416603 -0.723550 -0.065982
v 0.416628 -0.725217 -0.051191
v 0.414106 -0.685975 -0.098668
v 0.404991 -0.693322 -0.090779
v 0.426923 -0.678460 -0.100175
v 0.439190 -0.673187 -0.094401
v 0.449338 -0.701565 -0.091785
v 0.439058 -0.706296 -0.098877
v 0.447164 -0.670040 -0.085020
v 0.463589 -0.695467 -0.071879
v 0.453035 -0.668054 -0.073345
v 0.456524 -0.667986 -0.055181
v 0.465079 -0.694946 -0.054560
v 0.452620 -0.674579 -0.035069
v 0.461309 -0.700894 -0.034982
v 0.440798 -0.684274 -0.023541
v 0.409139 -0.699763 -0.039912
v 0.421007 -0.724984 -0.035145
v 0.427481 -0.713019 -0.097602
v 0.420459 -0.719115 -0.088101
v 0.417695 -0.721624 -0.076691
v 0.401390 -0.696984 -0.081382
v 0.429376 -0.749722 -0.061905
v 0.425240 -0.752035 -0.045918
v 0.440318 -0.739531 -0.097557
v 0.435674 -0.744183 -0.083919
v 0.459570 -0.728632 -0.090438
v 0.451185 -0.732464 -0.100322
v 0.477356 -0.719733 -0.071529
v 0.468841 -0.724018 -0.081401
v 0.456908 -0.698220 -0.082450
v 0.477405 -0.719289 -0.054615
v 0.472808 -0.723699 -0.031723
v 0.429994 -0.749720 -0.028066
v 0.432805 -0.747225 -0.072884
v 0.522288 -0.802330 0.125086
v 0.519041 -0.798880 0.124680
v 0.515088 -0.800959 0.125423
v 0.516436 -0.806186 0.126149
v 0.486691 -0.822513 0.136225
v 0.479915 -0.814096 0.138878
v 0.473276 -0.819399 0.136275
v 0.477995 -0.830460 0.133714
v 0.503017 -0.814041 0.134846
v 0.505551 -0.816320 0.131309
v 0.509962 -0.814019 0.130787
v 0.510065 -0.810244 0.134463
v 0.540062 -0.788572 0.094041
v 0.542277 -0.792524 0.091359
v 0.546023 -0.790251 0.089668
v 0.545371 -0.786300 0.091101
v 0.529052 -0.798261 0.112955
v 0.531381 -0.801937 0.109793
v 0.534822 -0.799383 0.108345
v 0.534963 -0.795724 0.110118
v 0.481251 -0.808153 0.115009
v 0.468192 -0.813510 0.112371
v 0.471047 -0.818124 0.126537
v 0.480781 -0.810194 0.129114
v 0.469895 -0.828895 0.122184
v 0.467679 -0.826011 0.106798
v 0.477645 -0.829677 0.105213
v 0.478354 -0.829750 0.119321
v 0.489066 -0.823669 0.108589
v 0.488752 -0.824441 0.121227
v 0.491891 -0.814376 0.113200
v 0.492634 -0.814273 0.127386
v 0.508748 -0.804149 0.114677
v 0.500995 -0.799916 0.115800
v 0.504568 -0.803174 0.128019
v 0.512732 -0.805845 0.126527
v 0.491467 -0.805633 0.117455
v 0.497272 -0.807189 0.129126
v 0.493037 -0.816352 0.116023
v 0.500200 -0.818141 0.112188
v 0.502938 -0.817402 0.124712
v 0.495794 -0.815899 0.128885
v 0.508182 -0.812941 0.111574
v 0.510918 -0.813191 0.123556
v 0.516730 -0.791282 0.108349
v 0.507766 -0.797423 0.110770
v 0.512449 -0.800251 0.119956
v 0.519023 -0.796348 0.118804
v 0.512015 -0.809149 0.119780
v 0.509380 -0.807809 0.110222
v 0.516261 -0.809053 0.107149
v 0.518243 -0.809143 0.117575
v 0.524271 -0.803706 0.105823
v 0.524986 -0.805657 0.116846
v 0.524251 -0.794855 0.107932
v 0.525910 -0.799034 0.118288
v 0.537351 -0.787197 0.093871
v 0.530971 -0.782724 0.094969
v 0.532362 -0.788418 0.104404
v 0.537825 -0.792104 0.103163
v 0.524067 -0.787218 0.098847
v 0.526679 -0.791023 0.106564
v 0.524547 -0.797151 0.107489
v 0.523864 -0.794089 0.100678
v 0.530118 -0.800264 0.096321
v 0.529995 -0.802537 0.104522
v 0.537462 -0.796117 0.092648
v 0.536927 -0.799005 0.102402
v 0.543507 -0.774917 0.078295
v 0.544015 -0.779119 0.086463
v 0.548297 -0.783357 0.084568
v 0.548272 -0.780815 0.074638
v 0.537152 -0.777927 0.083315
v 0.538338 -0.781073 0.089383
v 0.537098 -0.787468 0.089358
v 0.537524 -0.784843 0.084364
v 0.541451 -0.792244 0.080389
v 0.541142 -0.793783 0.086422
v 0.547204 -0.788381 0.076013
v 0.547647 -0.790233 0.084099
v 0.484401 -0.804796 0.100930
v 0.466748 -0.809245 0.098009
v 0.479992 -0.829217 0.128988
v 0.467286 -0.823091 0.092395
v 0.485801 -0.826197 0.129939
v 0.492942 -0.820817 0.096757
v 0.478323 -0.827539 0.090816
v 0.490629 -0.814317 0.107361
v 0.505766 -0.806097 0.134322
v 0.510567 -0.810826 0.095184
v 0.507613 -0.805841 0.104839
v 0.501341 -0.808522 0.134807
v 0.501345 -0.796183 0.099399
v 0.517533 -0.788026 0.090528
v 0.519936 -0.808723 0.123254
v 0.523481 -0.806779 0.122765
v 0.527022 -0.801538 0.088392
v 0.523759 -0.792760 0.098673
v 0.532317 -0.792120 0.110005
v 0.539788 -0.793419 0.077267
v 0.537555 -0.784086 0.084705
v 0.529114 -0.793398 0.111348
v 0.531641 -0.778145 0.079093
v 0.543045 -0.783019 0.090944
v 0.548153 -0.787446 0.065512
v 0.548929 -0.777984 0.062419
v 0.539835 -0.783886 0.092872
v 0.542100 -0.772022 0.067394
v 0.429852 -0.721829 -0.023474
v 0.417968 -0.697471 -0.028182
v 0.428683 -0.692927 -0.022266
v 0.440083 -0.717236 -0.018763
v 0.451046 -0.709321 -0.021989
v 0.439755 -0.744301 -0.015418
v 0.450904 -0.738063 -0.011550
v 0.462043 -0.731706 -0.017224
v 0.491677 -0.737322 -0.056053
v 0.488933 -0.737912 -0.074108
v 0.478716 -0.743332 -0.084004
v 0.470600 -0.747312 -0.094611
v 0.461732 -0.751908 -0.104359
v 0.440291 -0.768992 -0.022481
v 0.448114 -0.761325 -0.005439
v 0.459421 -0.752735 0.000622
v 0.473155 -0.745942 -0.007117
v 0.460746 -0.805538 0.081566
v 0.476066 -0.794876 0.083178
v 0.469072 -0.788325 0.063760
v 0.460905 -0.804308 0.060217
v 0.493894 -0.788977 0.079634
v 0.485815 -0.779311 0.060123
v 0.510271 -0.781736 0.071812
v 0.502573 -0.774251 0.052168
v 0.525614 -0.774644 0.061593
v 0.518224 -0.770333 0.042483
v 0.539419 -0.769683 0.052124
v 0.533356 -0.768722 0.032730
v 0.549716 -0.775073 0.046901
v 0.545408 -0.773778 0.027003
v 0.464066 -0.822978 0.075462
v 0.464964 -0.819695 0.054442
v 0.477977 -0.828027 0.072256
v 0.479718 -0.826651 0.051496
v 0.493049 -0.819820 0.071609
v 0.493598 -0.818939 0.049829
v 0.547336 -0.786954 0.029017
v 0.549519 -0.787793 0.049436
v 0.509702 -0.810349 0.067642
v 0.509222 -0.809107 0.045576
v 0.525746 -0.802470 0.061693
v 0.524772 -0.801665 0.039653
v 0.539261 -0.795442 0.055122
v 0.538055 -0.795128 0.033678
v 0.462260 -0.784115 0.039625
v 0.476125 -0.769491 0.039160
v 0.492622 -0.765919 0.030127
v 0.509073 -0.764664 0.019315
v 0.525608 -0.767061 0.009127
v 0.538982 -0.772539 0.003879
v 0.502299 -0.754722 -0.009017
v 0.519508 -0.767755 -0.017117
v 0.531354 -0.775506 -0.019711
v 0.525870 -0.777525 -0.043523
v 0.515962 -0.767674 -0.043119
v 0.508132 -0.771500 -0.084501
v 0.511649 -0.768866 -0.066331
v 0.522449 -0.778587 -0.067205
v 0.519651 -0.782084 -0.086445
v 0.503372 -0.753982 -0.037620
v 0.499992 -0.754540 -0.061185
v 0.494347 -0.756808 -0.078109
v 0.505192 -0.790788 -0.108967
v 0.495989 -0.777279 -0.108653
v 0.503634 -0.773966 -0.097403
v 0.514504 -0.785551 -0.099395
v 0.491540 -0.800433 -0.113591
v 0.482456 -0.786173 -0.115752
v 0.469658 -0.796452 -0.104462
v 0.477825 -0.810127 -0.104149
v 0.482746 -0.761966 -0.101307
v 0.488667 -0.759989 -0.090261
v 0.471971 -0.768206 -0.109111
v 0.460252 -0.777722 -0.100302
v 0.464040 -0.801116 -0.085294
v 0.455753 -0.781875 -0.083103
v 0.470700 -0.815010 -0.086181
v 0.461072 -0.802671 0.035149
v 0.467450 -0.814127 0.030370
v 0.483088 -0.754993 0.009903
v 0.466677 -0.761196 0.018210
v 0.454323 -0.777408 0.010796
v 0.457948 -0.801180 0.008094
v 0.468767 -0.811771 0.003887
v 0.457226 -0.803182 -0.017438
v 0.469111 -0.811486 -0.019926
v 0.479563 -0.819107 0.027246
v 0.479811 -0.813379 0.001340
v 0.479220 -0.813101 -0.022040
v 0.457592 -0.803877 -0.039096
v 0.468295 -0.813168 -0.040618
v 0.460148 -0.802604 -0.056590
v 0.468383 -0.814159 -0.057354
v 0.468933 -0.815107 -0.071138
v 0.462254 -0.802015 -0.070386
v 0.450833 -0.786219 -0.057667
v 0.452912 -0.784080 -0.070044
v 0.448929 -0.788353 -0.039942
v 0.448686 -0.786053 -0.017081
v 0.542573 -0.785591 0.005196
v 0.535715 -0.785784 -0.018756
v 0.528902 -0.787142 -0.042141
v 0.525660 -0.790261 -0.065375
v 0.521139 -0.794546 -0.083267
v 0.515883 -0.797962 -0.094596
v 0.507871 -0.801937 -0.102964
v 0.495815 -0.808456 -0.105206
v 0.485624 -0.815609 -0.099164
v 0.481008 -0.820149 -0.085079
v 0.479644 -0.821635 -0.071878
v 0.478520 -0.816688 -0.042668
v 0.478433 -0.820463 -0.058617
v 0.436513 -0.772687 -0.042255
v 0.438683 -0.770499 -0.059554
v 0.442032 -0.767641 -0.070921
v 0.450823 -0.760104 -0.097173
v 0.446234 -0.764000 -0.081818
v 0.493485 -0.815652 0.024482
v 0.508027 -0.806962 0.020124
v 0.522653 -0.799778 0.014436
v 0.534736 -0.793612 0.009177
v 0.530108 -0.793310 -0.015612
v 0.519215 -0.799185 -0.011514
v 0.505906 -0.806567 -0.006652
v 0.491660 -0.811483 -0.001710
v 0.524235 -0.795369 -0.038850
v 0.515065 -0.801422 -0.034876
v 0.502717 -0.808162 -0.030944
v 0.490488 -0.812590 -0.025507
v 0.489241 -0.816982 -0.046323
v 0.499640 -0.812143 -0.052141
v 0.510489 -0.805525 -0.055815
v 0.518978 -0.799168 -0.060691
v 0.514530 -0.802356 -0.077506
v 0.506331 -0.807953 -0.072034
v 0.496762 -0.814284 -0.067949
v 0.488494 -0.819020 -0.062720
v 0.510593 -0.804512 -0.087369
v 0.497990 -0.811245 -0.097371
v 0.505412 -0.807113 -0.094246
v 0.491270 -0.816304 -0.094118
v 0.488798 -0.818646 -0.084270
v 0.488268 -0.819404 -0.073874
v 0.494738 -0.814748 -0.084878
v 0.495468 -0.814714 -0.077364
v 0.503738 -0.809075 -0.081494
v 0.501034 -0.810173 -0.088094
v 0.494702 -0.814143 -0.090564
v 0.497949 -0.811818 -0.092101
v 0.485623 -0.743283 -0.028140
v 0.000047 0.515560 -0.096953
v 0.001711 0.446223 -0.122387
v 0.278679 -0.453431 0.014412
v 0.292950 -0.448395 0.019202
v 0.306391 -0.439411 0.020297
v 0.129740 -0.067504 0.092275
v 0.083054 0.143377 0.106538
v 0.089809 0.185322 0.099143
v 0.086240 0.164015 0.102686
v 0.143369 -0.090850 0.095785
v 0.137020 0.208069 0.044224
v 0.002057 -0.091339 -0.134226
v 0.001902 0.405733 -0.130223
v 0.113133 0.367297 0.076918
v 0.002869 -0.005330 -0.143338
v 0.081671 0.656008 -0.013607
v 0.079116 0.654275 -0.015109
v 0.078560 0.650750 -0.016011
v 0.077932 0.648991 -0.019739
v 0.077590 0.647123 -0.022881
v 0.077249 0.646240 -0.025080
v 0.080220 0.651172 -0.018475
v 0.078537 0.653873 -0.021456
v 0.079657 0.653953 -0.018312
v 0.080713 0.653057 -0.016984
v 0.001523 0.398197 0.066173
v 0.001791 0.382304 0.075007
v 0.002563 0.369594 0.085337
v 0.003015 0.353229 0.092735
v 0.003829 0.600939 0.095745
v -0.003808 0.086237 0.136958
v -0.003086 0.101566 0.135281
v 0.002323 0.141140 -0.095060
v -0.003201 0.041633 0.137930
v -0.002425 0.118689 0.135788
v 0.002855 0.280044 -0.131704
v 0.003444 0.335910 0.099263
v -0.002782 0.021694 0.135935
v 0.001036 0.341788 -0.140562
v -0.001032 0.141699 0.135058
v 0.000779 -0.072127 0.119803
v 0.002648 0.207818 0.123019
v -0.041782 0.715560 0.059888
v -0.052426 0.706263 0.051126
v -0.046604 0.697876 0.061588
v -0.035947 0.703289 0.069664
v -0.042994 0.690036 0.069273
v -0.032780 0.692761 0.075430
v -0.059162 0.694391 0.042339
v -0.053577 0.690076 0.053014
v -0.059219 0.653721 0.049086
v -0.057319 0.662899 0.048022
v -0.062975 0.659536 0.039855
v -0.063474 0.647388 0.040491
v -0.058512 0.627156 0.050659
v -0.060182 0.616964 0.040833
v -0.055160 0.609999 0.052184
v -0.052592 0.620423 0.059950
v -0.020197 0.638215 0.080770
v -0.023420 0.643937 0.078416
v -0.029355 0.638130 0.078340
v -0.025425 0.631595 0.080632
v -0.011281 0.649194 0.084879
v -0.006861 0.653346 0.090482
v -0.007437 0.658330 0.085028
v -0.012486 0.653764 0.080768
v -0.014736 0.632808 0.082211
v -0.020181 0.625944 0.081632
v -0.013786 0.640126 0.084659
v -0.015696 0.644098 0.081451
v -0.010151 0.635937 0.095972
v -0.007120 0.637142 0.100520
v -0.008220 0.642717 0.100022
v -0.011621 0.640584 0.093762
v -0.013553 0.633521 0.086851
v -0.009954 0.630659 0.089367
v -0.011275 0.633636 0.091976
v -0.013566 0.637158 0.089204
v -0.010591 0.644916 0.089181
v -0.007212 0.648356 0.095563
v -0.002982 0.650583 0.102058
v -0.003583 0.643352 0.106716
v -0.036061 0.617418 0.076565
v -0.030741 0.614059 0.079327
v -0.025811 0.619942 0.080997
v -0.030936 0.624569 0.079316
v -0.010913 0.627170 0.086439
v -0.013740 0.611464 0.090123
v -0.008149 0.613111 0.093616
v -0.008152 0.617115 0.092900
v -0.014294 0.615575 0.089272
v -0.041361 0.601768 0.069867
v -0.041490 0.592954 0.067386
v -0.034984 0.594222 0.073683
v -0.035227 0.601250 0.075103
v -0.032545 0.587857 0.073723
v -0.039039 0.584166 0.066504
v -0.028722 0.569561 0.071025
v -0.023511 0.577450 0.079985
v -0.028482 0.582382 0.075731
v -0.034561 0.576404 0.067842
v -0.011395 0.583973 0.087627
v -0.017353 0.573264 0.085777
v -0.009959 0.570259 0.090666
v -0.005570 0.583054 0.090598
v -0.012719 0.605181 0.086941
v -0.013008 0.608208 0.089131
v -0.017109 0.606805 0.085924
v -0.016647 0.604617 0.084340
v -0.020786 0.603962 0.081713
v -0.020608 0.604674 0.082414
v -0.022228 0.605326 0.082167
v -0.022592 0.603711 0.080963
v -0.018978 0.604284 0.082855
v -0.019822 0.603086 0.082184
v -0.017660 0.602426 0.083780
v -0.014300 0.602047 0.086892
v -0.001416 0.601172 0.094855
v -0.000488 0.605644 0.092964
v -0.003716 0.605563 0.091854
v -0.005049 0.601487 0.093551
v -0.020758 0.607283 0.083865
v -0.018097 0.609382 0.086423
v -0.019468 0.612576 0.086026
v -0.023028 0.609218 0.083403
v -0.026094 0.611518 0.081978
v -0.028393 0.606905 0.079878
v -0.024843 0.606164 0.081419
v -0.021526 0.601784 0.080926
v -0.025299 0.602975 0.079910
v -0.024390 0.599873 0.079202
v -0.022247 0.596961 0.080566
v -0.019375 0.600142 0.082648
v -0.016119 0.598834 0.085925
v -0.018860 0.594516 0.083588
v -0.013917 0.592707 0.087135
v -0.011544 0.597633 0.089935
v -0.021912 0.616060 0.084199
v -0.029407 0.602018 0.078014
v -0.033195 0.608027 0.077128
v -0.029244 0.597145 0.077109
v -0.027075 0.592544 0.077848
v -0.018144 0.585889 0.084048
v -0.023347 0.588732 0.080438
v -0.021119 0.563671 0.076498
v -0.012184 0.559810 0.080651
v -0.038939 0.683736 0.070936
v -0.030499 0.685236 0.074120
v -0.039035 0.675651 0.067958
v -0.035208 0.676923 0.070146
v -0.036067 0.679837 0.070243
v -0.040903 0.677656 0.067184
v -0.051723 0.665842 0.053383
v -0.053554 0.659261 0.054033
v -0.047693 0.664477 0.057354
v -0.047070 0.668467 0.057956
v -0.040119 0.657889 0.065821
v -0.037791 0.664986 0.066575
v -0.040932 0.665381 0.064017
v -0.044458 0.658776 0.062449
v -0.034070 0.664678 0.068731
v -0.035417 0.658155 0.068549
v -0.030461 0.659551 0.070347
v -0.029966 0.665148 0.070146
v -0.029210 0.680946 0.071953
v -0.029815 0.677580 0.071914
v -0.023370 0.677315 0.071472
v -0.021769 0.680637 0.072018
v -0.013311 0.670324 0.068206
v -0.010335 0.670200 0.069955
v -0.010765 0.674454 0.069944
v -0.013986 0.672687 0.068573
v -0.014556 0.668513 0.068990
v -0.012724 0.667069 0.070508
v -0.033643 0.737920 0.055409
v -0.047216 0.728073 0.045315
v -0.028565 0.722117 0.068536
v -0.058362 0.714757 0.036684
v -0.064288 0.699558 0.028899
v -0.056372 0.599878 0.045416
v -0.049327 0.594799 0.057684
v -0.048377 0.604730 0.062011
v -0.054461 0.588722 0.041278
v -0.047093 0.583832 0.055643
v -0.032658 0.565010 0.055989
v -0.041447 0.573560 0.054943
v -0.060181 0.596317 0.024730
v -0.056814 0.587704 0.018813
v -0.048861 0.577962 0.037011
v -0.061233 0.600353 0.003762
v -0.058749 0.596787 -0.004585
v -0.051843 0.578504 0.009491
v -0.035938 0.544038 0.018127
v -0.048483 0.549057 0.005114
v -0.050486 0.537040 0.001542
v -0.037951 0.532719 0.015128
v -0.061578 0.606506 0.031362
v -0.065035 0.669156 0.030612
v -0.067004 0.655364 0.028846
v -0.060501 0.670942 0.041793
v -0.067616 0.727231 0.000152
v -0.073391 0.709499 -0.001427
v -0.069181 0.705039 0.014207
v -0.063290 0.722450 0.019963
v -0.040074 0.762248 0.005609
v -0.056165 0.746869 0.003286
v -0.052194 0.739050 0.026788
v -0.037824 0.752516 0.033193
v -0.075995 0.710073 -0.017704
v -0.069876 0.727970 -0.021297
v -0.071894 0.722328 -0.042716
v -0.077231 0.707296 -0.034417
v -0.058683 0.747176 -0.025256
v -0.060071 0.740578 -0.051880
v -0.058866 0.599775 -0.017083
v -0.056988 0.582153 -0.011584
v -0.055473 0.567039 -0.009095
v -0.047689 0.562766 0.008377
v -0.042738 0.754312 -0.058340
v -0.041507 0.762474 -0.027054
v -0.065120 0.677628 -0.076628
v -0.071686 0.670199 -0.061983
v -0.074723 0.686005 -0.054570
v -0.068328 0.696352 -0.071096
v -0.054707 0.685169 -0.092086
v -0.057227 0.707205 -0.086596
v -0.052562 0.623955 -0.068199
v -0.043217 0.624838 -0.082000
v -0.038304 0.608838 -0.072396
v -0.046107 0.608708 -0.059941
v -0.049819 0.685065 0.062435
v -0.053284 0.678916 0.055697
v -0.048248 0.676609 0.061250
v -0.045010 0.680467 0.066285
v -0.062551 0.682393 0.035408
v -0.057997 0.680617 0.046408
v -0.071711 0.689396 0.009851
v -0.075421 0.694099 -0.003340
v -0.078894 0.693876 -0.029690
v -0.077921 0.695331 -0.016246
v -0.073918 0.664006 -0.050151
v -0.076380 0.674292 -0.045608
v -0.059524 0.607931 -0.032664
v -0.052558 0.608222 -0.047512
v -0.050088 0.590003 -0.042795
v -0.056436 0.587244 -0.028880
v -0.034701 0.593117 -0.064490
v -0.041699 0.592118 -0.054275
v -0.054726 0.556846 -0.027853
v -0.048714 0.559703 -0.042194
v -0.050387 0.547553 -0.045340
v -0.053985 0.544146 -0.030770
v -0.043071 0.548300 -0.058012
v -0.040760 0.561312 -0.054368
v -0.032425 0.561757 -0.063879
v -0.033750 0.547829 -0.066903
v -0.013706 0.526186 0.031248
v -0.024828 0.529204 0.024294
v -0.027447 0.519148 0.021295
v -0.015162 0.516699 0.027534
v -0.056431 0.533846 -0.034851
v -0.053674 0.538255 -0.050301
v -0.058631 0.623171 -0.055143
v -0.063364 0.625894 -0.043048
v -0.046716 0.538734 -0.063657
v -0.048394 0.573630 -0.041271
v -0.040539 0.575396 -0.052526
v -0.024407 0.593796 -0.072472
v -0.027821 0.609264 -0.082069
v -0.017807 0.648993 0.078591
v -0.020567 0.663323 0.071365
v -0.016371 0.664982 0.071019
v -0.017417 0.667853 0.069919
v -0.021168 0.667000 0.070611
v -0.010035 0.705384 0.080963
v -0.023280 0.706003 0.076754
v -0.020920 0.692555 0.080113
v -0.007968 0.688938 0.082120
v -0.047813 0.633541 0.067930
v -0.041823 0.623693 0.072961
v -0.035540 0.631553 0.076911
v -0.038531 0.640144 0.073704
v -0.044099 0.670086 0.060886
v -0.043364 0.671921 0.063071
v -0.045762 0.671955 0.060561
v -0.039218 0.610102 0.073283
v -0.045811 0.614211 0.067508
v -0.066574 0.640592 0.028731
v -0.054971 0.671710 0.050207
v -0.019945 0.772697 0.009126
v -0.018887 0.761366 0.039914
v -0.020467 0.773813 -0.026670
v -0.021318 0.764804 -0.060447
v -0.041796 0.716719 -0.098404
v -0.023771 0.724835 -0.107433
v -0.020416 0.697977 -0.114172
v -0.039788 0.691662 -0.104995
v -0.031447 0.625629 -0.093688
v -0.022308 0.562969 -0.070124
v -0.023433 0.547793 -0.072253
v -0.017243 0.743262 0.061386
v -0.013409 0.723821 0.073385
v -0.067647 0.684536 0.022208
v -0.058708 0.645269 0.052756
v -0.055114 0.638399 0.058748
v -0.050911 0.649459 0.062196
v -0.053612 0.653557 0.057324
v -0.062026 0.635986 0.043870
v -0.063843 0.626783 0.031729
v -0.065449 0.618125 0.017329
v -0.063844 0.606634 0.010257
v -0.069998 0.712666 -0.061671
v -0.076131 0.700048 -0.048049
v -0.043590 0.738616 -0.083331
v -0.060765 0.727184 -0.073765
v -0.077763 0.689839 -0.041818
v -0.023347 0.749758 -0.089420
v -0.007834 0.621521 0.091579
v -0.006222 0.625717 0.090846
v -0.015037 0.621113 0.086645
v -0.006591 0.596800 0.092697
v -0.009071 0.591341 0.089831
v -0.003164 0.590873 0.091184
v -0.001993 0.596475 0.094115
v -0.011952 0.554267 0.065296
v -0.022062 0.558479 0.060740
v -0.012778 0.535371 0.036585
v -0.023542 0.538718 0.028937
v -0.005940 0.634290 0.094654
v -0.006322 0.633777 0.092590
v -0.004499 0.633902 0.093025
v -0.004380 0.634715 0.095029
v -0.019624 0.605591 0.083733
v -0.003107 0.613630 0.095638
v -0.003428 0.609507 0.094302
v -0.000236 0.609252 0.095044
v -0.000120 0.613048 0.096328
v -0.038537 0.564964 0.034193
v -0.035553 0.555398 0.023466
v -0.055404 0.540695 -0.014351
v -0.055476 0.552982 -0.011064
v -0.055354 0.571021 -0.027006
v -0.033439 0.576672 -0.062971
v -0.023083 0.578273 -0.069938
v -0.011278 0.579744 -0.074547
v -0.012694 0.593805 -0.079237
v -0.023161 0.554587 0.045491
v -0.023086 0.547869 0.035248
v -0.012311 0.544217 0.042512
v -0.011816 0.550309 0.051652
v -0.000235 0.631644 0.096392
v -0.001166 0.630379 0.094295
v 0.000719 0.628210 0.095276
v 0.001223 0.630612 0.098022
v -0.007331 0.631540 0.090969
v -0.005122 0.628499 0.090928
v -0.004750 0.630512 0.090923
v -0.008017 0.632773 0.092607
v -0.007406 0.634255 0.095259
v -0.002651 0.635100 0.100056
v -0.002356 0.635875 0.105060
v -0.005693 0.635157 0.098283
v -0.002149 0.632931 0.094826
v -0.002576 0.631692 0.092976
v -0.004518 0.632400 0.091348
v -0.006106 0.632499 0.091359
v -0.002934 0.635064 0.097862
v -0.004748 0.634847 0.096527
v -0.002380 0.656507 0.096261
v -0.003500 0.533308 0.040385
v -0.002828 0.542161 0.045837
v -0.020118 0.604298 0.082187
v -0.020883 0.685009 0.075426
v -0.045319 0.647794 0.067640
v -0.025046 0.649739 0.075464
v -0.025272 0.655761 0.073024
v -0.031411 0.652533 0.072153
v -0.031547 0.645336 0.075053
v -0.012006 0.681737 0.075407
v -0.006788 0.676312 0.074337
v -0.003103 0.678105 0.080509
v -0.006730 0.669600 0.074527
v -0.009974 0.664525 0.073567
v -0.008316 0.662249 0.079272
v -0.003497 0.668990 0.082771
v -0.043841 0.675046 0.063763
v -0.041684 0.673723 0.065485
v -0.013426 0.657567 0.076640
v -0.014596 0.661053 0.073070
v -0.019830 0.658339 0.073083
v -0.019021 0.653633 0.075616
v -0.037913 0.649690 0.070622
v -0.049704 0.671882 0.056415
v -0.047024 0.660834 0.059296
v -0.063302 0.620706 -0.028453
v -0.067284 0.631271 -0.035472
v -0.065875 0.613017 -0.008458
v -0.064770 0.614825 -0.013110
v -0.060379 0.609509 -0.010706
v -0.063120 0.609210 -0.005458
v -0.076844 0.664588 -0.028970
v -0.076102 0.665047 -0.024860
v -0.076864 0.671695 -0.024361
v -0.077046 0.670642 -0.032216
v -0.076325 0.667717 -0.018065
v -0.075831 0.664044 -0.017732
v -0.075620 0.663560 -0.014278
v -0.075958 0.670949 -0.016045
v -0.074494 0.668371 -0.008286
v -0.075356 0.679868 -0.005316
v -0.077658 0.681830 -0.015807
v -0.069310 0.666337 0.015531
v -0.071650 0.674456 0.004466
v -0.071977 0.662984 -0.002056
v -0.069979 0.655019 0.002840
v -0.066391 0.620736 0.002742
v -0.065699 0.612626 -0.000660
v -0.060667 0.613049 -0.018944
v -0.051434 0.664031 -0.092740
v -0.061253 0.659108 -0.077565
v -0.067756 0.654495 -0.063534
v -0.070689 0.651794 -0.051053
v -0.039285 0.668572 -0.105787
v -0.021502 0.670059 -0.113126
v -0.069151 0.649602 0.016050
v -0.068761 0.643485 0.004239
v -0.057111 0.640868 -0.074817
v -0.047399 0.643794 -0.089294
v -0.063371 0.638905 -0.060839
v -0.067608 0.639078 -0.048644
v -0.034221 0.648059 -0.102186
v -0.018484 0.645003 -0.110149
v -0.016118 0.625012 -0.100292
v -0.070486 0.621925 -0.008062
v -0.071251 0.615991 -0.007043
v -0.068658 0.614653 -0.005215
v -0.068458 0.620752 -0.003793
v -0.067751 0.631895 0.003724
v -0.067556 0.634660 0.015708
v -0.002669 0.662449 0.090356
v -0.002675 0.569000 0.092705
v -0.000660 0.582947 0.092309
v -0.002575 0.621632 0.094239
v -0.003225 0.617364 0.095157
v 0.000006 0.616728 0.095868
v 0.000327 0.620626 0.094996
v -0.015092 0.678171 0.070818
v -0.014717 0.609364 -0.089200
v -0.010441 0.564389 -0.073445
v -0.011684 0.548686 -0.075377
v -0.036835 0.536954 -0.072948
v -0.025403 0.535556 -0.078460
v 0.000726 0.624612 0.094664
v -0.001969 0.625363 0.093569
v -0.002475 0.634584 0.096603
v -0.008042 0.609112 0.092423
v -0.002692 0.630299 0.092638
v -0.001973 0.628115 0.093138
v 0.002559 0.627792 0.096175
v 0.002299 0.624217 0.095038
v -0.025481 0.661344 0.071310
v -0.025568 0.665890 0.070672
v -0.000795 0.633487 0.098881
v 0.000362 0.632635 0.101578
v -0.040786 0.522203 0.011576
v -0.051783 0.525998 -0.002550
v 0.001990 0.609080 0.095303
v 0.001973 0.612796 0.096560
v -0.070278 0.647852 -0.005074
v -0.072193 0.654954 -0.007168
v -0.073420 0.649936 -0.012329
v -0.071374 0.643847 -0.010720
v -0.004201 0.524408 0.035356
v -0.056246 0.529613 -0.018823
v -0.013111 0.535839 -0.081438
v -0.043001 0.666681 0.061833
v -0.044058 0.668234 0.060576
v -0.017657 0.675553 0.069856
v -0.009879 0.601484 0.090854
v -0.008038 0.605354 0.089935
v -0.002718 0.548293 0.054433
v 0.002620 0.630175 0.099077
v -0.074430 0.657368 -0.021087
v -0.073987 0.653724 -0.020252
v -0.076596 0.652820 -0.018193
v -0.076841 0.656139 -0.017724
v -0.078339 0.659661 -0.012773
v -0.079502 0.663083 -0.014752
v -0.080679 0.659476 -0.016177
v -0.079159 0.656581 -0.015352
v -0.074831 0.660407 -0.010245
v -0.075949 0.655725 -0.012203
v -0.081684 0.664474 -0.016701
v -0.081480 0.661670 -0.017851
v -0.076086 0.664833 -0.020519
v -0.078907 0.665741 -0.018023
v -0.080210 0.667293 -0.022650
v -0.084115 0.665549 -0.020660
v -0.082388 0.666984 -0.028806
v -0.086901 0.664701 -0.025970
v -0.082919 0.662658 -0.033807
v -0.088123 0.661253 -0.031346
v -0.068694 0.629192 -0.003928
v -0.068231 0.629508 -0.010722
v -0.082709 0.656659 -0.036519
v -0.088328 0.655953 -0.034666
v -0.081688 0.649245 -0.038217
v -0.087438 0.648942 -0.036228
v -0.080613 0.641329 -0.037635
v -0.085506 0.641662 -0.035628
v -0.078942 0.633218 -0.035164
v -0.083595 0.634633 -0.033004
v -0.076790 0.624053 -0.030412
v -0.081384 0.627888 -0.028332
v -0.083939 0.659530 -0.030604
v -0.082933 0.662583 -0.026801
v -0.075798 0.660758 -0.030734
v -0.082060 0.663321 -0.021743
v -0.072845 0.647768 -0.027131
v -0.071985 0.645483 -0.026303
v -0.074565 0.646498 -0.023135
v -0.072529 0.648615 -0.024892
v -0.072055 0.641741 -0.014350
v -0.071732 0.636354 -0.014165
v -0.070611 0.636597 -0.010109
v -0.069785 0.632367 -0.014546
v -0.069000 0.636849 -0.015773
v -0.069141 0.633598 -0.016004
v -0.068358 0.640848 -0.016241
v -0.069542 0.632012 -0.017445
v -0.070519 0.630373 -0.016175
v -0.068521 0.632941 -0.018104
v -0.068188 0.633949 -0.017282
v -0.067290 0.635708 -0.018209
v -0.067467 0.638611 -0.020524
v -0.069746 0.638751 -0.004212
v -0.067267 0.627197 -0.025796
v -0.070973 0.635138 -0.030134
v -0.078301 0.622864 -0.022412
v -0.074716 0.617223 -0.022767
v -0.072741 0.613075 -0.009343
v -0.073859 0.613327 -0.015223
v -0.074822 0.655647 -0.032072
v -0.074232 0.649340 -0.033652
v -0.065132 0.620714 -0.018650
v -0.073056 0.642561 -0.032868
v -0.079599 0.631465 -0.027014
v -0.076924 0.627977 -0.022781
v -0.082226 0.636401 -0.030537
v -0.071586 0.627160 -0.013901
v -0.074503 0.626593 -0.018058
v -0.075967 0.621171 -0.016240
v -0.073596 0.620979 -0.011296
v -0.074970 0.631490 -0.022273
v -0.078169 0.634271 -0.025126
v -0.071689 0.633512 -0.023435
v -0.074721 0.636292 -0.025750
v -0.070327 0.632127 -0.020023
v -0.072288 0.630065 -0.019146
v -0.068014 0.635363 -0.023975
v -0.070965 0.639271 -0.026852
v -0.068098 0.633541 -0.020199
v -0.077684 0.639672 -0.026431
v -0.074743 0.642524 -0.027012
v -0.078180 0.645980 -0.025185
v -0.080362 0.643614 -0.026403
v -0.080840 0.637994 -0.027560
v -0.082974 0.642444 -0.029149
v -0.083068 0.642287 -0.032973
v -0.083573 0.647916 -0.030269
v -0.083761 0.648857 -0.033793
v -0.081655 0.647622 -0.027426
v -0.080208 0.648519 -0.025046
v -0.084336 0.655027 -0.033023
v -0.083440 0.653158 -0.029841
v -0.082946 0.657163 -0.028321
v -0.082259 0.651579 -0.027145
v -0.081636 0.654663 -0.025886
v -0.081041 0.650845 -0.025461
v -0.080390 0.652484 -0.024207
v -0.078999 0.660764 -0.019362
v -0.077832 0.658865 -0.017878
v -0.080464 0.660877 -0.022189
v -0.079017 0.658290 -0.021990
v -0.078055 0.659607 -0.020738
v -0.076661 0.658505 -0.020433
v -0.077992 0.655954 -0.021325
v -0.075924 0.653948 -0.022643
v -0.018825 0.495251 0.023611
v -0.006774 0.493751 0.025492
v -0.005812 0.503926 0.028016
v -0.017075 0.505995 0.024874
v -0.080391 0.656750 -0.023994
v -0.079389 0.654073 -0.022362
v -0.081700 0.659720 -0.025626
v -0.077039 0.650025 -0.024715
v -0.078006 0.651803 -0.023116
v -0.079324 0.650227 -0.023707
v -0.078296 0.648733 -0.024393
v -0.072099 0.645493 -0.015440
v -0.069880 0.643832 -0.018895
v -0.069845 0.641209 -0.022874
v -0.053347 0.483273 0.006172
v -0.049224 0.492271 0.003411
v -0.063292 0.499118 -0.009254
v -0.068917 0.491954 -0.006561
v -0.065436 0.461589 0.023203
v -0.087746 0.470663 0.008692
v -0.087399 0.448441 0.027698
v -0.067997 0.443319 0.033948
v -0.085999 0.429485 0.041942
v -0.068274 0.426178 0.045238
v -0.081198 0.380474 0.076251
v -0.064805 0.379772 0.079339
v -0.066066 0.394743 0.068140
v -0.082958 0.395776 0.065044
v -0.099812 0.305611 0.106251
v -0.093826 0.288122 0.104048
v -0.080709 0.292168 0.109362
v -0.088107 0.307912 0.110173
v -0.149854 0.400138 0.038137
v -0.152579 0.420001 0.030149
v -0.163382 0.409176 0.028206
v -0.158869 0.389132 0.034606
v -0.100628 0.507911 -0.037293
v -0.095857 0.492279 -0.014558
v -0.085924 0.496145 -0.020305
v -0.091986 0.510417 -0.040093
v -0.144145 0.316737 0.059855
v -0.139524 0.304975 0.068062
v -0.135056 0.314384 0.075755
v -0.138718 0.326004 0.068837
v -0.114491 0.228462 0.062333
v -0.116156 0.209364 0.062116
v -0.101097 0.208630 0.078848
v -0.100110 0.227748 0.078021
v -0.150034 0.250348 -0.004819
v -0.152215 0.248784 -0.032015
v -0.150492 0.233428 -0.032493
v -0.149408 0.233161 -0.005444
v -0.110115 0.378838 0.067824
v -0.096412 0.380141 0.072241
v -0.098534 0.395620 0.061464
v -0.112922 0.394623 0.057363
v -0.320380 0.367012 -0.010281
v -0.313256 0.352177 -0.009519
v -0.291885 0.364070 -0.007469
v -0.298606 0.379004 -0.008742
v -0.152655 0.141898 0.002643
v -0.151976 0.145891 -0.022925
v -0.155021 0.127460 -0.020670
v -0.154676 0.123361 0.005500
v -0.208149 0.458608 -0.001678
v -0.195037 0.468310 -0.000094
v -0.197279 0.485842 -0.019489
v -0.210876 0.476351 -0.019607
v -0.148720 0.361937 0.046343
v -0.141503 0.369527 0.052528
v -0.146013 0.383866 0.045429
v -0.153237 0.374025 0.040300
v -0.160374 0.277067 -0.035884
v -0.158672 0.279249 -0.012822
v -0.161713 0.294571 -0.019179
v -0.163596 0.292968 -0.039852
v -0.154927 0.264255 -0.008144
v -0.156337 0.262314 -0.033419
v -0.132725 0.374231 0.057622
v -0.122201 0.376820 0.062876
v -0.125731 0.393075 0.053232
v -0.136316 0.390538 0.049233
v -0.088191 0.272870 0.098197
v -0.072274 0.278040 0.105144
v -0.148483 0.118183 0.030728
v -0.137160 0.112551 0.053030
v -0.136089 0.132676 0.050166
v -0.147030 0.137289 0.027801
v -0.083185 0.245454 0.088432
v -0.084081 0.260306 0.091653
v -0.099060 0.258959 0.082257
v -0.098508 0.244684 0.077167
v -0.122121 0.107596 0.072657
v -0.105190 0.103128 0.091425
v -0.103751 0.125263 0.087989
v -0.120952 0.128622 0.069761
v -0.084587 0.411909 0.053670
v -0.067353 0.410114 0.056741
v -0.119663 0.304583 0.093260
v -0.116580 0.287694 0.090210
v -0.105921 0.286910 0.097688
v -0.110621 0.304725 0.100437
v -0.165390 0.359378 0.015491
v -0.164844 0.374414 0.027641
v -0.173920 0.393804 0.021958
v -0.173181 0.369742 0.010156
v -0.157375 0.109924 -0.018770
v -0.156785 0.105219 0.007535
v -0.123515 0.086608 0.074576
v -0.106357 0.081307 0.093459
v -0.198629 0.355861 -0.059257
v -0.189943 0.347177 -0.055525
v -0.188665 0.349724 -0.039959
v -0.197168 0.359540 -0.044731
v -0.049115 0.309954 0.112541
v -0.064424 0.318549 0.112328
v -0.070137 0.302250 0.112750
v -0.057601 0.289955 0.110632
v -0.114031 0.272198 0.082390
v -0.112838 0.259653 0.072620
v -0.102056 0.271255 0.090611
v -0.033146 0.300582 0.109742
v -0.043311 0.274669 0.105970
v -0.049762 0.407497 0.059676
v -0.048805 0.392994 0.070758
v -0.049853 0.423014 0.049460
v -0.031811 0.420290 0.053568
v -0.030289 0.436423 0.044527
v -0.048442 0.439176 0.039764
v -0.027341 0.452413 0.036901
v -0.045220 0.455637 0.031610
v -0.036153 0.477643 0.016430
v -0.033302 0.487596 0.014191
v -0.158253 0.362153 0.032406
v -0.153591 0.351568 0.037480
v -0.138661 0.092640 0.054858
v -0.108617 0.440198 -0.128559
v -0.107055 0.421554 -0.133761
v -0.124161 0.427375 -0.127614
v -0.125692 0.445207 -0.122656
v -0.110438 0.508686 -0.035631
v -0.108950 0.493834 -0.011674
v -0.175416 0.374508 -0.102820
v -0.165704 0.369350 -0.106297
v -0.167427 0.356714 -0.100970
v -0.175396 0.364110 -0.098137
v -0.196784 0.358427 -0.080824
v -0.205996 0.359466 -0.083491
v -0.206145 0.366694 -0.090367
v -0.195261 0.365949 -0.087150
v -0.148490 0.131100 -0.044272
v -0.144561 0.148901 -0.047162
v -0.129207 0.262280 -0.099830
v -0.140826 0.254735 -0.079251
v -0.147749 0.269811 -0.078355
v -0.138188 0.277980 -0.097167
v -0.015651 0.408097 -0.132573
v -0.015604 0.392650 -0.134840
v -0.034148 0.396499 -0.138628
v -0.034055 0.412065 -0.136033
v -0.070773 0.442566 -0.132655
v -0.071742 0.458339 -0.127371
v -0.050949 0.448992 -0.129892
v -0.051568 0.434288 -0.134521
v -0.090168 0.433479 -0.134035
v -0.089309 0.415049 -0.138941
v -0.161927 0.295006 -0.059045
v -0.158547 0.279565 -0.057437
v -0.168215 0.315506 -0.063263
v -0.168498 0.315204 -0.046944
v -0.171789 0.322483 -0.048881
v -0.171363 0.322525 -0.064078
v -0.084336 0.514613 -0.042274
v -0.082898 0.519696 -0.064740
v -0.092170 0.516654 -0.062242
v -0.048515 0.497172 -0.107826
v -0.048055 0.491141 -0.111862
v -0.061457 0.496608 -0.106660
v -0.059010 0.501771 -0.103220
v -0.038395 0.324480 -0.143180
v -0.017493 0.323313 -0.141575
v -0.017301 0.302439 -0.138634
v -0.039867 0.301942 -0.140152
v -0.173807 0.331628 -0.077194
v -0.180502 0.338148 -0.077407
v -0.178554 0.344800 -0.085958
v -0.171398 0.337561 -0.086966
v -0.166050 0.331254 -0.087742
v -0.161533 0.324144 -0.088713
v -0.165536 0.318688 -0.076788
v -0.169251 0.325872 -0.076976
v -0.145905 0.293142 -0.093723
v -0.153755 0.285324 -0.076787
v -0.158268 0.299753 -0.076300
v -0.152527 0.306618 -0.091727
v -0.014306 0.232423 -0.122785
v -0.034392 0.230568 -0.126002
v -0.035622 0.254363 -0.130909
v -0.014939 0.255698 -0.128843
v -0.204983 0.372498 -0.020912
v -0.205347 0.379221 -0.007100
v -0.215494 0.376367 -0.011706
v -0.215593 0.367920 -0.027149
v -0.217408 0.384920 -0.102531
v -0.227472 0.384703 -0.103617
v -0.229025 0.391351 -0.104650
v -0.218468 0.392385 -0.104180
v -0.228974 0.351992 -0.045269
v -0.228019 0.360491 -0.031219
v -0.243365 0.350863 -0.033776
v -0.243508 0.342494 -0.048752
v -0.119183 0.510970 -0.063357
v -0.120588 0.509708 -0.034971
v -0.110305 0.512695 -0.061978
v -0.217310 0.350979 -0.066869
v -0.228438 0.345737 -0.071247
v -0.228448 0.348710 -0.082435
v -0.216235 0.352996 -0.078408
v -0.326805 0.381205 -0.018643
v -0.304958 0.392881 -0.017504
v -0.260918 0.330311 -0.064737
v -0.263365 0.331650 -0.077616
v -0.243754 0.338589 -0.074949
v -0.243402 0.338595 -0.062549
v -0.121332 0.245831 -0.100223
v -0.135105 0.239407 -0.080325
v -0.120410 0.134789 -0.082364
v -0.136112 0.133378 -0.065235
v -0.131593 0.151517 -0.068409
v -0.116061 0.153533 -0.085645
v -0.150528 0.113378 -0.043019
v -0.123916 0.115610 -0.080388
v -0.139676 0.114832 -0.063869
v -0.065848 0.527159 -0.060996
v -0.057380 0.526503 -0.076207
v -0.063847 0.520829 -0.081113
v -0.074090 0.523629 -0.063852
v -0.171308 0.008405 -0.045114
v -0.170336 -0.015064 -0.048659
v -0.175905 -0.014770 -0.019350
v -0.175659 0.006453 -0.014578
v -0.033369 0.509701 -0.099898
v -0.050016 0.515220 -0.092428
v -0.044736 0.522218 -0.086545
v -0.030595 0.517536 -0.092849
v -0.174357 0.027372 -0.014045
v -0.171096 0.030588 -0.043411
v -0.068906 0.520846 -0.041895
v -0.076943 0.517609 -0.042885
v -0.073486 0.507172 -0.025275
v -0.065648 0.512515 -0.024883
v -0.057855 0.506575 -0.009196
v -0.174732 -0.018271 0.011326
v -0.171933 0.000930 0.013389
v -0.051432 0.531475 -0.070281
v -0.040263 0.528540 -0.080000
v -0.027772 0.526164 -0.085741
v -0.014242 0.525234 -0.089018
v -0.154919 0.095889 -0.042542
v -0.160099 0.092645 -0.017600
v -0.129892 -0.117400 -0.115459
v -0.102713 -0.127479 -0.123573
v -0.105533 -0.138292 -0.113851
v -0.139007 -0.128256 -0.105110
v -0.028332 -0.127203 -0.127728
v -0.028222 -0.140525 -0.113251
v -0.068284 -0.142619 -0.115971
v -0.069069 -0.130482 -0.128624
v -0.030820 -0.005719 -0.144092
v -0.060866 -0.005468 -0.144279
v -0.061242 0.016513 -0.137089
v -0.031957 0.016343 -0.137908
v -0.128212 0.097577 -0.081037
v -0.143962 0.097119 -0.064073
v -0.157728 0.087989 0.008909
v -0.209769 -0.119788 0.026988
v -0.210926 -0.114157 -0.013132
v -0.223223 -0.142479 -0.014785
v -0.223858 -0.149785 0.022977
v -0.187455 -0.152574 -0.075969
v -0.177284 -0.129386 -0.080380
v -0.146624 -0.144124 -0.097706
v -0.157520 -0.163758 -0.091468
v -0.088012 0.076589 0.110665
v -0.105775 0.060472 0.093148
v -0.087415 0.054906 0.109517
v -0.027730 0.065646 0.137874
v -0.050002 0.068976 0.132802
v -0.047158 0.046579 0.131344
v -0.025801 0.043654 0.136512
v -0.025643 -0.072275 0.114380
v -0.011765 -0.071127 0.118173
v -0.014136 -0.047965 0.121563
v -0.029997 -0.047527 0.116914
v -0.161568 -0.005765 0.039505
v -0.142222 -0.013910 0.062658
v -0.142598 0.002247 0.060420
v -0.160879 0.010827 0.038943
v -0.029317 -0.150431 -0.094875
v -0.068364 -0.154604 -0.100170
v -0.213125 -0.160551 0.059185
v -0.197102 -0.130455 0.063087
v -0.190047 -0.175743 0.086822
v -0.157637 -0.190242 0.095828
v -0.144169 -0.161659 0.099541
v -0.175132 -0.146084 0.089665
v -0.017910 -0.153390 0.056232
v -0.027717 -0.134324 0.084229
v -0.039159 -0.146042 0.077972
v -0.026506 -0.161771 0.052769
v -0.027763 -0.094253 -0.142575
v -0.028372 -0.111639 -0.136063
v -0.064165 -0.115220 -0.139097
v -0.061581 -0.096621 -0.144776
v -0.105453 0.115453 -0.092139
v -0.109636 0.096634 -0.093606
v -0.086132 0.114918 -0.099594
v -0.102380 0.135555 -0.094618
v -0.082825 0.136159 -0.101836
v -0.083812 0.263798 -0.126272
v -0.104026 0.253904 -0.115479
v -0.112856 0.270606 -0.116392
v -0.092956 0.282467 -0.128590
v -0.052310 0.401859 -0.141807
v -0.052056 0.418405 -0.138593
v -0.115079 -0.172898 -0.096780
v -0.067012 -0.175075 -0.086820
v -0.101071 -0.204303 -0.084384
v -0.138386 -0.196398 -0.090749
v -0.198825 -0.178300 -0.072616
v -0.220252 -0.171877 -0.049433
v -0.209826 -0.143255 -0.050148
v -0.234997 -0.171445 -0.016407
v -0.237059 -0.178394 0.020855
v -0.202353 -0.206576 0.083092
v -0.169636 -0.220467 0.090679
v -0.074829 -0.219128 0.051712
v -0.096881 -0.213826 0.072179
v -0.108406 -0.237336 0.064228
v -0.086928 -0.240868 0.041604
v -0.063409 -0.073093 0.098912
v -0.094431 -0.048803 0.090307
v -0.099740 -0.069083 0.092159
v -0.075472 -0.094550 0.096781
v -0.032620 0.088915 0.137333
v -0.050621 0.092863 0.132797
v -0.068772 0.072544 0.124142
v -0.068655 0.096121 0.123807
v -0.087267 0.099376 0.109490
v -0.044201 0.187528 0.121995
v -0.065618 0.187500 0.111597
v -0.065194 0.166102 0.115645
v -0.043947 0.165391 0.126370
v -0.044561 0.209585 0.117099
v -0.066301 0.209399 0.107745
v -0.042847 0.251501 0.103648
v -0.065604 0.264577 0.099708
v -0.064662 0.248046 0.097399
v -0.032183 0.404597 0.062978
v -0.031488 0.389827 0.072817
v -0.164790 -0.023443 0.039778
v -0.047424 -0.190089 -0.059709
v -0.045099 -0.203880 -0.031558
v -0.064568 -0.226846 -0.040077
v -0.074708 -0.215794 -0.066025
v -0.171119 0.019675 0.013827
v -0.149794 0.099548 0.032818
v -0.150551 0.081323 0.033616
v -0.141424 0.254868 0.026603
v -0.140911 0.233643 0.021384
v -0.077906 0.323569 0.110137
v -0.079109 0.311416 0.111859
v -0.199127 -0.116812 -0.051837
v -0.213363 -0.236320 0.077456
v -0.222108 -0.265100 0.071399
v -0.191286 -0.278635 0.076833
v -0.180856 -0.250198 0.084237
v -0.091650 -0.264045 0.005941
v -0.102419 -0.265065 0.031262
v -0.119197 -0.289424 0.021079
v -0.110967 -0.288498 -0.003986
v -0.129960 -0.313034 -0.011514
v -0.137045 -0.315368 0.013481
v -0.151599 -0.341198 0.004658
v -0.146410 -0.337101 -0.019304
v -0.226648 -0.191521 0.057064
v -0.257169 -0.237865 0.018126
v -0.246349 -0.251005 0.049674
v -0.237155 -0.221687 0.053494
v -0.248316 -0.208492 0.020072
v -0.172504 -0.187522 -0.085901
v -0.073429 -0.240726 0.016391
v -0.060109 -0.220435 0.027304
v -0.115053 -0.278798 -0.052210
v -0.129235 -0.269376 -0.072483
v -0.104527 -0.243563 -0.069758
v -0.090515 -0.253468 -0.046772
v -0.227032 -0.228302 -0.068184
v -0.245172 -0.224988 -0.045151
v -0.233388 -0.198262 -0.046631
v -0.213382 -0.203128 -0.069637
v -0.246388 -0.199919 -0.014968
v -0.255449 -0.228879 -0.015027
v -0.274040 -0.294220 0.015040
v -0.261422 -0.306704 0.042437
v -0.254397 -0.279342 0.045809
v -0.265569 -0.266483 0.016584
v -0.273597 -0.284343 -0.016089
v -0.264348 -0.256963 -0.015403
v -0.255861 -0.252132 -0.044772
v -0.266205 -0.278673 -0.043948
v -0.250194 -0.279431 -0.065033
v -0.238940 -0.253822 -0.066920
v -0.217745 -0.260594 -0.081875
v -0.230558 -0.284587 -0.079575
v -0.193619 -0.270148 -0.087979
v -0.170138 -0.281105 -0.084816
v -0.187785 -0.303057 -0.083373
v -0.208938 -0.293035 -0.085466
v -0.155193 -0.323982 -0.060787
v -0.168976 -0.314047 -0.075695
v -0.150161 -0.292603 -0.074435
v -0.136584 -0.302267 -0.056583
v -0.224285 -0.411783 -0.076461
v -0.238817 -0.401373 -0.080398
v -0.220033 -0.378073 -0.079826
v -0.204896 -0.388742 -0.074652
v -0.253393 -0.391815 -0.085321
v -0.269717 -0.382799 -0.085352
v -0.252007 -0.360427 -0.082765
v -0.237339 -0.368166 -0.082543
v -0.283469 -0.351753 -0.061223
v -0.268403 -0.354224 -0.076187
v -0.284956 -0.376614 -0.077970
v -0.298987 -0.374244 -0.062453
v -0.312976 -0.373562 -0.043209
v -0.299915 -0.350627 -0.042723
v -0.315523 -0.380417 -0.018942
v -0.306204 -0.356651 -0.018116
v -0.297261 -0.369661 0.008556
v -0.307695 -0.391786 0.007292
v -0.191914 -0.412965 -0.025726
v -0.209775 -0.436164 -0.031907
v -0.206618 -0.430634 -0.051696
v -0.188235 -0.408220 -0.045081
v -0.220583 -0.409657 0.016096
v -0.237263 -0.404553 0.039073
v -0.249049 -0.426100 0.028270
v -0.235171 -0.431406 0.005740
v -0.283122 -0.309830 -0.016894
v -0.281963 -0.320492 0.013518
v -0.260684 -0.304319 -0.062543
v -0.276149 -0.303842 -0.043086
v -0.172073 -0.345180 -0.065171
v -0.186530 -0.334818 -0.076588
v -0.165704 -0.365533 -0.004743
v -0.160827 -0.361126 -0.027342
v -0.253919 -0.371246 0.052108
v -0.245268 -0.346213 0.054929
v -0.268928 -0.333208 0.040079
v -0.276858 -0.358204 0.037940
v -0.295027 -0.333454 -0.017233
v -0.287282 -0.327526 -0.042713
v -0.270970 -0.328430 -0.061150
v -0.255321 -0.331136 -0.075730
v -0.237660 -0.337817 -0.081545
v -0.220089 -0.346254 -0.080803
v -0.202752 -0.355859 -0.077888
v -0.187909 -0.366630 -0.069935
v -0.173912 -0.384639 -0.036351
v -0.178751 -0.389623 -0.015444
v -0.272409 -0.415287 0.038290
v -0.263127 -0.394532 0.047903
v -0.285928 -0.380842 0.034272
v -0.295277 -0.401996 0.029413
v -0.282222 -0.433552 0.026196
v -0.263257 -0.443267 0.016968
v -0.272581 -0.413564 -0.088423
v -0.288399 -0.404769 -0.086884
v -0.303156 -0.398559 -0.079355
v -0.327340 -0.395289 -0.044157
v -0.326350 -0.403834 -0.018178
v -0.316966 -0.415255 0.006354
v -0.302060 -0.422396 0.022428
v -0.246692 -0.472401 -0.057081
v -0.227594 -0.450425 -0.053500
v -0.229836 -0.454781 -0.035887
v -0.248689 -0.475068 -0.039439
v -0.261387 -0.457189 -0.084056
v -0.274116 -0.446738 -0.093576
v -0.258081 -0.423698 -0.082448
v -0.244873 -0.433346 -0.075307
v -0.290717 -0.436580 -0.097354
v -0.307450 -0.427516 -0.093853
v -0.322881 -0.419727 -0.085430
v -0.343156 -0.418238 -0.045202
v -0.317949 -0.394686 -0.065196
v -0.336324 -0.415588 -0.069013
v -0.340369 -0.427233 -0.015175
v -0.338806 -0.468272 0.004295
v -0.323073 -0.443191 0.007072
v -0.356914 -0.451723 -0.015083
v -0.363709 -0.566117 -0.008646
v -0.385758 -0.551933 -0.008656
v -0.399556 -0.583936 -0.015026
v -0.380537 -0.596740 -0.014642
v -0.264319 -0.499590 -0.043697
v -0.261669 -0.498464 -0.064046
v -0.276112 -0.484434 -0.094535
v -0.291164 -0.472793 -0.103804
v -0.379107 -0.466929 -0.050131
v -0.361255 -0.441571 -0.045798
v -0.355259 -0.438905 -0.071913
v -0.373129 -0.464821 -0.076344
v -0.311062 -0.585432 -0.055801
v -0.309616 -0.584674 -0.075746
v -0.290396 -0.556279 -0.073985
v -0.292556 -0.557389 -0.052253
v -0.305486 -0.501675 -0.111232
v -0.290309 -0.513660 -0.101375
v -0.306508 -0.542635 -0.105598
v -0.322066 -0.531340 -0.115091
v -0.408964 -0.529435 -0.054939
v -0.395109 -0.496266 -0.053161
v -0.390296 -0.494381 -0.079163
v -0.405107 -0.528014 -0.079773
v -0.355022 -0.493336 0.001120
v -0.374046 -0.476942 -0.019392
v -0.389248 -0.505247 -0.023961
v -0.371690 -0.521127 -0.003661
v -0.330446 -0.508686 0.000217
v -0.347247 -0.535981 -0.003736
v -0.357434 -0.642113 -0.074064
v -0.332775 -0.612397 -0.075017
v -0.333776 -0.614371 -0.057259
v -0.360033 -0.644574 -0.058488
v -0.341344 -0.561388 -0.114029
v -0.325738 -0.572224 -0.105100
v -0.347975 -0.601522 -0.101016
v -0.361644 -0.592643 -0.108981
v -0.435345 -0.602850 -0.057438
v -0.422154 -0.565245 -0.056608
v -0.418530 -0.564760 -0.079036
v -0.431217 -0.602490 -0.078273
v -0.414995 -0.618487 -0.021114
v -0.416488 -0.571313 -0.030989
v -0.430850 -0.607668 -0.035422
v -0.429215 -0.653480 -0.024468
v -0.414796 -0.663160 -0.023398
v -0.397656 -0.629714 -0.020562
v -0.383016 -0.673049 -0.058991
v -0.379751 -0.671935 -0.073207
v -0.387575 -0.664607 -0.093889
v -0.397759 -0.656655 -0.101111
v -0.380773 -0.624567 -0.104284
v -0.369168 -0.632739 -0.097049
v -0.411624 -0.610839 -0.102587
v -0.395963 -0.616898 -0.106380
v -0.411757 -0.649413 -0.102898
v -0.425859 -0.644157 -0.098637
v -0.441776 -0.637627 -0.076752
v -0.423289 -0.605379 -0.093377
v -0.435281 -0.639927 -0.089959
v -0.446415 -0.637159 -0.057630
v -0.443279 -0.642881 -0.036563
v -0.021306 -0.169836 -0.036099
v -0.028698 -0.181567 -0.006441
v -0.034345 -0.188889 -0.019720
v -0.029863 -0.173771 -0.049121
v -0.137474 -0.289924 0.046765
v -0.122437 -0.262656 0.056164
v -0.165291 -0.342282 0.028563
v -0.152937 -0.316906 0.038384
v -0.178561 -0.366784 0.018087
v -0.191676 -0.390376 0.006559
v -0.204724 -0.414911 -0.004634
v -0.220646 -0.436668 -0.013291
v -0.239246 -0.455347 -0.017677
v -0.257625 -0.475586 -0.019874
v -0.288482 -0.524127 -0.026636
v -0.277833 -0.527800 -0.048610
v -0.274181 -0.497815 -0.023307
v -0.321967 -0.582680 -0.033207
v -0.303562 -0.552984 -0.029660
v -0.344733 -0.613013 -0.037502
v -0.368508 -0.643809 -0.041521
v -0.390759 -0.672502 -0.043245
v -0.103012 -0.153129 0.096302
v -0.078528 -0.170331 0.084605
v -0.071881 -0.152768 0.088380
v -0.093601 -0.132290 0.097429
v -0.010679 -0.163573 0.021222
v -0.013406 -0.161778 0.036509
v -0.021454 -0.166947 0.033819
v -0.017316 -0.167298 0.018007
v -0.290095 -0.345384 0.011777
v -0.242849 -0.308065 -0.076665
v -0.223470 -0.315479 -0.082250
v -0.204375 -0.324512 -0.081254
v -0.207193 -0.389162 0.029485
v -0.196286 -0.364671 0.038986
v -0.218023 -0.357923 0.053718
v -0.227192 -0.382123 0.047131
v -0.315326 -0.485793 0.003955
v -0.307839 -0.517964 -0.011120
v -0.292505 -0.493703 -0.006749
v -0.302874 -0.465004 0.008911
v -0.326473 -0.450081 -0.102118
v -0.342696 -0.442034 -0.091453
v -0.324498 -0.488193 -0.113936
v -0.343485 -0.476140 -0.110042
v -0.308858 -0.460887 -0.105257
v -0.175135 -0.314973 0.058341
v -0.201018 -0.306068 0.068600
v -0.209759 -0.332421 0.060242
v -0.185184 -0.340176 0.048641
v -0.126579 0.169236 -0.071607
v -0.111522 0.172408 -0.087835
v -0.135145 0.282724 0.065145
v -0.137545 0.269870 0.049171
v -0.125625 0.263079 0.061582
v -0.125190 0.275900 0.073998
v -0.145868 0.280319 0.039870
v -0.142649 0.292546 0.057007
v -0.147948 0.304987 0.048277
v -0.151388 0.293212 0.031997
v -0.167320 0.349502 -0.000546
v -0.174208 0.356773 -0.005567
v -0.044111 0.231107 0.111118
v -0.020688 0.230231 0.115703
v -0.019888 0.250489 0.108115
v -0.067712 0.050061 0.122506
v -0.069598 -0.039790 0.101753
v -0.041643 -0.073817 0.108731
v -0.047743 -0.045409 0.110458
v -0.009479 -0.139627 0.083291
v -0.055346 0.226514 -0.124525
v -0.057210 0.250121 -0.128628
v -0.033422 0.426953 -0.132845
v -0.015310 0.422551 -0.129975
v -0.031943 0.454022 -0.125289
v -0.031046 0.466116 -0.121490
v -0.014501 0.460745 -0.120389
v -0.014787 0.448807 -0.123970
v -0.015202 0.515400 -0.096174
v -0.016371 0.505383 -0.102859
v -0.013042 -0.164823 0.001721
v -0.022344 -0.171440 0.013384
v -0.015528 -0.166233 -0.008041
v -0.066001 -0.199754 0.060656
v -0.051577 -0.203631 0.037795
v -0.045638 -0.189818 0.045177
v -0.059173 -0.183243 0.067156
v -0.195578 -0.092217 0.031253
v -0.199977 -0.086180 -0.008733
v -0.109760 -0.153525 -0.104103
v -0.306984 0.318247 -0.079772
v -0.312163 0.325181 -0.090139
v -0.289944 0.332014 -0.090435
v -0.284594 0.325376 -0.079226
v -0.061383 0.326575 -0.143129
v -0.069098 0.300032 -0.137523
v -0.079140 0.502484 -0.023530
v -0.143897 0.509007 -0.030601
v -0.143582 0.496747 -0.005214
v -0.132325 0.497158 -0.008615
v -0.131618 0.509762 -0.033447
v -0.140561 0.464717 -0.108766
v -0.140952 0.480675 -0.096855
v -0.128019 0.480424 -0.103017
v -0.127056 0.462903 -0.114932
v -0.029026 -0.028393 -0.147632
v -0.059757 -0.028634 -0.149077
v -0.037144 0.160762 -0.109776
v -0.058205 0.158654 -0.110037
v -0.055001 0.180124 -0.114909
v -0.034610 0.183195 -0.114994
v -0.092650 0.314197 -0.135766
v -0.108345 0.298506 -0.125945
v -0.029524 0.324785 0.107622
v -0.028931 0.344005 0.100857
v -0.046305 0.347725 0.100864
v -0.046434 0.330485 0.108279
v -0.271907 0.366811 -0.103198
v -0.248875 0.364678 -0.101423
v -0.249498 0.353568 -0.096310
v -0.272013 0.349986 -0.098599
v -0.187370 -0.089121 -0.055119
v -0.167746 -0.110213 -0.087526
v -0.140552 0.201505 -0.057380
v -0.127753 0.205183 -0.080111
v -0.125542 0.187027 -0.076274
v -0.138556 0.183364 -0.054350
v -0.148443 0.250398 -0.056535
v -0.144963 0.235313 -0.057643
v -0.153635 0.264355 -0.056643
v -0.187326 0.351533 -0.077304
v -0.188865 0.347131 -0.068181
v -0.197540 0.354978 -0.071079
v -0.086332 -0.190570 0.079611
v -0.056259 -0.121978 0.093558
v -0.045071 -0.107965 0.097329
v -0.007969 -0.161951 0.007004
v -0.059427 0.519951 -0.022467
v -0.054131 0.515833 -0.006689
v -0.217984 0.353758 -0.054065
v -0.229141 0.346680 -0.058801
v -0.176220 0.328864 -0.050386
v -0.174012 0.332896 -0.034128
v -0.180818 0.339005 -0.036808
v -0.182786 0.335164 -0.052711
v -0.182473 0.334984 -0.066482
v -0.175930 0.328463 -0.065227
v -0.139857 0.407711 0.040495
v -0.128072 0.411256 0.043602
v -0.129222 0.430185 0.033330
v -0.141209 0.426899 0.031614
v -0.115273 0.412313 0.046764
v -0.100678 0.412417 0.050316
v -0.102444 0.430959 0.038380
v -0.116647 0.431167 0.035346
v -0.075785 0.484042 -0.000622
v -0.059331 0.475480 0.014201
v -0.040621 0.468754 0.023721
v -0.024286 0.464923 0.030235
v -0.016507 0.494625 -0.108715
v -0.015416 0.483119 -0.113228
v -0.032814 0.487178 -0.113194
v -0.037178 0.499400 -0.107037
v -0.046410 0.502149 0.004360
v -0.032146 0.498257 0.015856
v -0.019998 0.484597 0.023027
v -0.332679 0.390250 -0.032273
v -0.310894 0.402400 -0.032019
v -0.058683 0.531251 -0.055675
v -0.061149 0.526105 -0.038699
v -0.314620 0.407171 -0.049657
v -0.336357 0.394690 -0.049345
v -0.120314 0.474601 0.008448
v -0.120949 0.495833 -0.010427
v -0.132071 0.476242 0.009043
v -0.043929 0.512082 0.007303
v -0.030499 0.508550 0.018533
v -0.189215 -0.060150 -0.000976
v -0.182349 -0.066701 0.034706
v -0.145213 0.156143 0.024789
v -0.149895 0.159915 -0.000324
v -0.021536 0.186942 0.127590
v -0.021530 0.164613 0.131993
v -0.005074 0.514380 0.031215
v -0.047371 0.118224 0.131378
v -0.025251 0.113738 0.136252
v -0.022933 0.140734 0.134798
v -0.045224 0.142728 0.129483
v -0.018317 0.086770 0.138307
v -0.017130 0.074519 0.138695
v -0.021722 -0.092482 0.110475
v -0.010010 -0.091304 0.113802
v -0.245342 0.411285 -0.002139
v -0.230664 0.420677 0.000832
v -0.234135 0.439413 -0.006933
v -0.249883 0.428504 -0.010864
v -0.066967 0.120996 0.121548
v -0.085912 0.122928 0.106245
v -0.160203 0.349915 0.019835
v -0.161859 0.340981 0.003496
v -0.019115 0.271795 0.106660
v -0.062593 0.335236 0.107375
v -0.062856 0.350330 0.099519
v -0.078458 0.351787 0.096654
v -0.077894 0.337884 0.104820
v -0.006934 -0.162979 0.000294
v -0.233778 0.430074 -0.098013
v -0.221836 0.433613 -0.100061
v -0.221496 0.422633 -0.103508
v -0.233710 0.420416 -0.101590
v -0.041934 -0.200328 0.010348
v -0.051390 -0.214920 -0.000834
v -0.026347 -0.158250 -0.073690
v -0.011677 -0.158221 -0.057563
v -0.137482 -0.231460 0.082545
v -0.125178 -0.203187 0.089066
v -0.150068 -0.259993 0.075330
v -0.163086 -0.288171 0.067037
v -0.252250 -0.450542 -0.001323
v -0.275320 -0.469742 -0.000614
v -0.324673 -0.545402 -0.015148
v -0.342459 -0.574968 -0.019781
v -0.362387 -0.606195 -0.024421
v -0.382739 -0.638676 -0.029511
v -0.401716 -0.669764 -0.030659
v -0.337738 0.392758 -0.066485
v -0.314953 0.406289 -0.068465
v -0.314664 0.396920 -0.082655
v -0.337455 0.385180 -0.080516
v -0.260749 0.333770 -0.050959
v -0.261523 0.341042 -0.036168
v -0.280811 0.331145 -0.037758
v -0.280042 0.325571 -0.052539
v -0.300649 0.316541 -0.053920
v -0.302806 0.315491 -0.067565
v -0.281145 0.323505 -0.066418
v -0.317974 0.336274 -0.097610
v -0.323781 0.349346 -0.100784
v -0.299806 0.358005 -0.101742
v -0.295630 0.343397 -0.098335
v -0.334746 0.374558 -0.091677
v -0.312543 0.384897 -0.092786
v -0.307294 0.372042 -0.099728
v -0.330020 0.362205 -0.098886
v -0.307055 0.338761 -0.015298
v -0.302730 0.328173 -0.025858
v -0.282649 0.339553 -0.023999
v -0.286574 0.350525 -0.013337
v -0.238376 0.455089 -0.022181
v -0.254364 0.441976 -0.025702
v -0.182357 0.379021 0.003649
v -0.185171 0.394741 0.013471
v -0.196611 0.393898 0.008776
v -0.193020 0.382105 -0.002226
v -0.284061 0.404501 -0.015692
v -0.266126 0.416545 -0.013278
v -0.271254 0.428391 -0.028465
v -0.290180 0.414918 -0.030825
v -0.265952 0.361562 -0.010517
v -0.262906 0.350774 -0.021826
v -0.244192 0.361029 -0.019321
v -0.247147 0.371352 -0.006927
v -0.267465 0.338390 -0.089475
v -0.246105 0.343869 -0.086436
v -0.226239 0.401141 0.004114
v -0.239497 0.392876 0.000780
v -0.156367 0.340074 0.024447
v -0.166126 0.318129 -0.028322
v -0.169490 0.326372 -0.031431
v -0.125601 0.290542 0.082783
v -0.126880 0.305191 0.086013
v -0.155061 0.284715 0.010680
v -0.158143 0.299275 0.002923
v -0.133298 0.295979 0.075469
v -0.131841 0.305723 0.079869
v -0.084140 0.228494 0.091452
v -0.021260 0.474588 0.024507
v -0.260315 0.400766 -0.004707
v -0.253104 0.384856 -0.002349
v -0.231503 0.365100 -0.098276
v -0.217168 0.366594 -0.094616
v -0.216144 0.358863 -0.087791
v -0.230459 0.356268 -0.092043
v -0.126143 0.337623 -0.124932
v -0.110833 0.326731 -0.131116
v -0.122800 0.312694 -0.121341
v -0.135455 0.325407 -0.115873
v -0.239012 0.443925 -0.086840
v -0.245021 0.448508 -0.077362
v -0.230432 0.458365 -0.077125
v -0.226164 0.451022 -0.087687
v -0.235192 0.463622 -0.062562
v -0.251370 0.451210 -0.063491
v -0.255443 0.449447 -0.045219
v -0.238916 0.463243 -0.043028
v -0.170895 -0.037816 -0.055648
v -0.178507 -0.035603 -0.026119
v -0.138730 0.073630 0.055383
v -0.123226 0.066626 0.074797
v -0.094716 -0.024955 0.090533
v -0.046505 -0.157910 0.075061
v -0.033569 -0.170804 0.051151
v -0.066507 -0.235576 -0.011295
v -0.179393 -0.038386 0.004157
v -0.087706 -0.260170 -0.020358
v -0.109821 -0.284761 -0.028233
v -0.151355 -0.258085 -0.085233
v -0.177439 -0.246757 -0.089113
v -0.159289 -0.222110 -0.089714
v -0.129114 -0.232195 -0.085050
v -0.203760 -0.236399 -0.083009
v -0.188549 -0.211851 -0.084063
v -0.237560 -0.319713 0.058849
v -0.341224 -0.518633 -0.117970
v -0.377815 -0.540285 -0.111899
v -0.360562 -0.506449 -0.113768
v -0.359626 -0.550606 -0.116509
v -0.377477 -0.498000 -0.100070
v -0.360669 -0.467975 -0.097215
v -0.402909 -0.536925 -0.026869
v -0.378339 -0.583191 -0.111492
v -0.395206 -0.575441 -0.107146
v -0.393947 -0.531876 -0.099329
v -0.409049 -0.568357 -0.096312
v -0.036883 -0.189326 0.020487
v -0.180727 -0.102887 0.065685
v -0.166728 -0.078723 0.068500
v -0.107754 -0.090143 0.095759
v -0.084540 -0.113193 0.096999
v -0.102199 0.145692 0.084753
v -0.119419 0.148042 0.066979
v -0.116518 0.188914 0.062695
v -0.131539 0.191425 0.043629
v -0.132813 0.171751 0.045183
v -0.117765 0.168176 0.064597
v -0.148169 0.196149 -0.004830
v -0.147610 0.198559 -0.031841
v -0.146699 0.180418 -0.029406
v -0.147945 0.177904 -0.002963
v -0.148254 0.162967 -0.026286
v -0.139517 0.166033 -0.050578
v -0.074583 0.199280 -0.114870
v -0.093223 0.195263 -0.105983
v -0.094341 0.215999 -0.110755
v -0.075532 0.221507 -0.119228
v -0.032598 -0.098022 0.104370
v -0.027485 -0.173767 0.031383
v -0.113700 -0.176550 0.093986
v -0.130797 -0.135304 0.100577
v -0.159668 -0.118457 0.090850
v -0.217315 0.359480 -0.040959
v -0.157033 0.362063 -0.109990
v -0.159778 0.349319 -0.104131
v -0.268113 0.437683 -0.065979
v -0.272536 0.435608 -0.047691
v -0.232034 0.379178 -0.002759
v -0.220705 0.448811 -0.003564
v -0.217068 0.428076 0.004738
v -0.204282 0.436078 0.008815
v -0.119492 -0.029547 0.077960
v -0.146732 -0.033753 0.064449
v -0.124026 -0.049737 0.081986
v -0.009134 -0.160103 -0.040502
v -0.064665 -0.137206 0.091322
v -0.129743 -0.308826 -0.034767
v -0.147448 -0.331922 -0.041173
v -0.162887 -0.354247 -0.048087
v -0.178058 -0.376445 -0.055242
v -0.193561 -0.399354 -0.062429
v -0.212702 -0.421102 -0.067552
v -0.234028 -0.442364 -0.067302
v -0.252212 -0.465885 -0.072018
v -0.275223 -0.527163 -0.069735
v -0.279897 -0.521788 -0.087592
v -0.265781 -0.492767 -0.081159
v -0.295791 -0.551233 -0.091750
v -0.314780 -0.579673 -0.092057
v -0.338524 -0.607919 -0.089453
v -0.360925 -0.637819 -0.086833
v -0.381191 -0.668769 -0.084484
v -0.007093 -0.160060 -0.013283
v -0.008293 -0.160199 -0.025769
v -0.107191 0.471672 0.007577
v -0.170282 0.340657 -0.017392
v -0.176875 0.346868 -0.021295
v -0.219776 0.385544 0.001096
v -0.291108 0.393848 -0.095355
v -0.292288 0.407035 -0.086604
v -0.227871 0.369908 -0.015890
v -0.183058 0.367078 -0.009364
v -0.191810 0.374733 -0.014777
v -0.513111 0.297021 -0.051291
v -0.513521 0.300935 -0.065286
v -0.529990 0.287633 -0.064094
v -0.528636 0.283201 -0.051157
v -0.508730 0.288531 -0.040430
v -0.523974 0.274927 -0.041862
v -0.476148 0.235083 -0.056675
v -0.479974 0.243424 -0.044951
v -0.498001 0.233770 -0.049785
v -0.494588 0.226397 -0.061739
v -0.532597 0.252005 -0.038996
v -0.525717 0.241994 -0.040067
v -0.509679 0.253440 -0.036435
v -0.517355 0.264604 -0.036701
v -0.476340 0.235921 -0.087577
v -0.479626 0.244853 -0.098643
v -0.460468 0.251094 -0.095468
v -0.457580 0.242557 -0.083172
v -0.403721 0.279991 -0.034055
v -0.401474 0.269388 -0.044994
v -0.386994 0.278700 -0.038934
v -0.390224 0.290209 -0.029245
v -0.480530 0.325004 -0.051372
v -0.478643 0.326723 -0.066728
v -0.496426 0.314059 -0.066029
v -0.497068 0.311007 -0.051113
v -0.459969 0.292042 -0.027774
v -0.450741 0.278468 -0.030079
v -0.432730 0.292812 -0.028534
v -0.441943 0.306907 -0.027172
v -0.463206 0.339093 -0.052894
v -0.460192 0.338001 -0.067874
v -0.493813 0.265572 -0.032755
v -0.485763 0.253890 -0.037037
v -0.468556 0.265693 -0.032903
v -0.477391 0.278419 -0.029769
v -0.514200 0.223283 -0.092218
v -0.518016 0.232288 -0.100798
v -0.498929 0.238710 -0.100376
v -0.495311 0.229642 -0.090548
v -0.520053 0.232986 -0.045512
v -0.515812 0.224805 -0.054213
v -0.502947 0.243165 -0.041464
v -0.542601 0.272363 -0.088028
v -0.545610 0.275491 -0.075995
v -0.528479 0.288064 -0.078047
v -0.524233 0.283577 -0.090549
v -0.439421 0.255674 -0.045732
v -0.443685 0.265921 -0.035892
v -0.461835 0.253945 -0.040014
v -0.457800 0.244853 -0.051176
v -0.477263 0.317645 -0.037876
v -0.493199 0.302653 -0.039170
v -0.505227 0.294030 -0.092360
v -0.510886 0.300357 -0.079565
v -0.492295 0.311680 -0.080550
v -0.486358 0.304100 -0.093363
v -0.459550 0.299056 -0.101613
v -0.451675 0.283827 -0.102161
v -0.471646 0.277817 -0.104090
v -0.479173 0.291966 -0.101790
v -0.421069 0.267692 -0.040186
v -0.418847 0.258958 -0.052813
v -0.438724 0.249860 -0.077288
v -0.441353 0.257315 -0.090901
v -0.422432 0.263520 -0.085204
v -0.419748 0.257057 -0.070039
v -0.420055 0.344961 -0.031868
v -0.425749 0.354820 -0.042946
v -0.441175 0.345567 -0.040248
v -0.433752 0.334878 -0.030187
v -0.444330 0.350755 -0.055382
v -0.427700 0.359087 -0.058618
v -0.398786 0.361091 -0.075695
v -0.393063 0.351169 -0.083740
v -0.403566 0.346675 -0.081796
v -0.410276 0.357548 -0.074610
v -0.420757 0.308649 -0.100760
v -0.412421 0.293511 -0.096766
v -0.431887 0.289096 -0.099725
v -0.439903 0.304615 -0.101500
v -0.390841 0.283493 -0.085121
v -0.388655 0.273461 -0.072222
v -0.404193 0.268626 -0.078703
v -0.407255 0.279663 -0.090064
v -0.340182 0.301541 -0.070653
v -0.337796 0.299521 -0.057766
v -0.351682 0.291660 -0.059308
v -0.354112 0.295143 -0.072348
v -0.351959 0.301118 -0.031156
v -0.338395 0.308653 -0.029798
v -0.342845 0.318504 -0.019663
v -0.356422 0.311439 -0.021437
v -0.374334 0.369242 -0.034645
v -0.377857 0.375353 -0.050858
v -0.390621 0.370765 -0.049525
v -0.386795 0.363442 -0.034563
v -0.404698 0.311498 -0.099589
v -0.394176 0.297635 -0.093991
v -0.363254 0.294162 -0.032655
v -0.367833 0.304990 -0.023327
v -0.378700 0.298244 -0.026051
v -0.374855 0.286956 -0.035156
v -0.380895 0.332003 -0.022070
v -0.389827 0.345349 -0.026049
v -0.399707 0.339307 -0.026946
v -0.391427 0.325324 -0.024561
v -0.397468 0.358192 -0.033685
v -0.401340 0.366479 -0.047675
v -0.413338 0.361852 -0.045446
v -0.408114 0.352424 -0.032875
v -0.394538 0.314865 -0.098659
v -0.400087 0.326155 -0.095237
v -0.390540 0.327446 -0.095103
v -0.385290 0.316388 -0.097645
v -0.377633 0.286444 -0.079429
v -0.375617 0.278710 -0.066322
v -0.402934 0.317001 -0.026688
v -0.395956 0.303067 -0.025256
v -0.384908 0.311275 -0.022128
v -0.414401 0.364266 -0.061306
v -0.344047 0.306263 -0.081284
v -0.348102 0.313181 -0.090625
v -0.333101 0.318319 -0.089967
v -0.328680 0.311230 -0.080575
v -0.325038 0.307475 -0.069370
v -0.322480 0.306989 -0.056160
v -0.322964 0.317029 -0.027952
v -0.327325 0.327386 -0.017619
v -0.333624 0.340499 -0.012182
v -0.340425 0.354917 -0.012562
v -0.357242 0.345548 -0.015687
v -0.349810 0.331329 -0.014644
v -0.354335 0.378651 -0.032948
v -0.358076 0.383395 -0.049915
v -0.377610 0.374109 -0.065575
v -0.359573 0.381362 -0.065991
v -0.362125 0.286263 -0.046524
v -0.350503 0.293849 -0.044554
v -0.498537 0.283755 -0.101495
v -0.491253 0.270745 -0.104903
v -0.510696 0.262906 -0.104443
v -0.518033 0.274773 -0.099894
v -0.523433 0.243364 -0.104106
v -0.504105 0.250509 -0.104669
v -0.502116 0.277696 -0.034015
v -0.486188 0.291092 -0.031781
v -0.538978 0.261843 -0.042878
v -0.411174 0.330907 -0.027919
v -0.424674 0.320983 -0.027750
v -0.386960 0.340682 -0.090416
v -0.382366 0.354833 -0.085494
v -0.377032 0.344148 -0.092826
v -0.412218 0.326120 -0.095044
v -0.429159 0.324391 -0.094503
v -0.435067 0.336520 -0.081038
v -0.415208 0.339574 -0.082510
v -0.376062 0.317910 -0.096857
v -0.381489 0.329506 -0.095895
v -0.371471 0.332332 -0.097073
v -0.365800 0.320351 -0.096751
v -0.366362 0.358306 -0.022297
v -0.379051 0.351029 -0.024532
v -0.355130 0.364798 -0.089931
v -0.370152 0.359026 -0.087296
v -0.374796 0.367622 -0.077485
v -0.359021 0.373671 -0.079317
v -0.387242 0.364059 -0.076478
v -0.349899 0.353921 -0.097091
v -0.364982 0.348541 -0.094976
v -0.347890 0.368539 -0.019392
v -0.353292 0.324148 -0.096770
v -0.359363 0.336518 -0.098127
v -0.344095 0.341574 -0.099417
v -0.338019 0.328925 -0.096958
v -0.484802 0.257387 -0.104063
v -0.465174 0.263823 -0.101896
v -0.386846 0.271408 -0.054791
v -0.401766 0.264091 -0.061795
v -0.373802 0.278934 -0.049678
v -0.474890 0.231863 -0.072299
v -0.493693 0.224786 -0.076740
v -0.437575 0.248999 -0.060197
v -0.456248 0.239946 -0.066638
v -0.467044 0.312456 -0.093607
v -0.368433 0.297889 -0.085205
v -0.366154 0.290150 -0.074974
v -0.379556 0.296217 -0.089100
v -0.321043 0.310439 -0.041390
v -0.336984 0.302003 -0.043294
v -0.389074 0.305747 -0.097181
v -0.300252 0.320319 -0.039157
v -0.423710 0.353424 -0.072824
v -0.401834 0.367506 -0.063148
v -0.390623 0.370419 -0.064458
v -0.546048 0.274484 -0.062621
v -0.469455 0.305460 -0.029774
v -0.415735 0.306874 -0.027863
v -0.408869 0.292751 -0.028936
v -0.371320 0.306750 -0.093249
v -0.360762 0.309159 -0.091718
v -0.357216 0.301397 -0.082772
v -0.370067 0.338264 -0.018979
v -0.362996 0.324180 -0.017061
v -0.512409 0.218254 -0.079706
v -0.373889 0.317670 -0.019489
v -0.440494 0.346737 -0.069553
v -0.015203 0.435967 -0.127050
v -0.149894 0.270249 0.017700
v -0.112525 0.246433 0.064059
v -0.126449 0.249401 0.047988
v -0.162300 0.323930 -0.009262
v -0.165608 0.333466 -0.013523
v -0.186099 0.356684 -0.024078
v -0.193647 0.366468 -0.029613
v -0.154351 0.306367 0.023077
v -0.075965 0.666241 -0.037220
v -0.074331 0.659220 -0.040197
v -0.078148 0.679741 -0.037085
v -0.015714 0.100420 0.136764
v -0.073813 0.652000 -0.025170
v -0.071411 0.643936 -0.027898
v -0.076255 0.647677 -0.025819
v -0.073376 0.653095 -0.023402
v -0.073482 0.654263 -0.022951
v -0.078659 0.681982 -0.026568
v -0.072007 0.650845 -0.040826
v -0.069802 0.641813 -0.039284
v -0.076325 0.668246 -0.020535
v -0.048759 0.091796 -0.107067
v -0.024861 0.090979 -0.106966
v -0.026970 0.073211 -0.113989
v -0.052500 0.073749 -0.112691
v -0.029087 0.055064 -0.122226
v -0.144931 0.025215 -0.094345
v -0.160171 0.028772 -0.070566
v -0.156644 0.048203 -0.068400
v -0.141269 0.046048 -0.090537
v -0.162488 0.064395 -0.042723
v -0.151471 0.065395 -0.066613
v -0.167308 0.048677 -0.042362
v -0.171159 0.045136 -0.014231
v -0.166776 0.061112 -0.015425
v -0.168020 0.037699 0.012853
v -0.163947 0.054935 0.011380
v -0.159247 0.028158 0.036932
v -0.143906 0.018952 0.058760
v -0.120113 -0.010155 0.077307
v -0.098300 -0.002114 0.092344
v -0.122333 0.008317 0.077320
v -0.053160 -0.018296 0.113780
v -0.074524 -0.012290 0.104194
v -0.016880 -0.023104 0.125583
v -0.034100 -0.021509 0.120909
v -0.104402 0.450750 0.024631
v -0.083610 0.512615 -0.083211
v -0.092327 0.509490 -0.083240
v -0.101217 0.514330 -0.061182
v -0.110542 0.458401 -0.121494
v -0.111935 0.477058 -0.110227
v -0.092495 0.468818 -0.120315
v -0.091210 0.451427 -0.127937
v -0.073398 0.504188 -0.097526
v -0.068722 0.506449 -0.096803
v -0.079297 0.500435 -0.099629
v -0.047894 0.482880 -0.116006
v -0.064628 0.490968 -0.110921
v -0.142341 0.507618 -0.057794
v -0.141125 0.496495 -0.080659
v -0.152239 0.495214 -0.075882
v -0.155484 0.506023 -0.053809
v -0.140059 0.448437 -0.116884
v -0.139388 0.431683 -0.121786
v -0.151169 0.434600 -0.117469
v -0.151305 0.450232 -0.112308
v -0.195225 0.492661 -0.043034
v -0.190261 0.487866 -0.064519
v -0.204730 0.482082 -0.062809
v -0.209240 0.484344 -0.042046
v -0.151169 0.465544 -0.103688
v -0.082651 0.333685 -0.141765
v -0.101590 0.342556 -0.137666
v -0.117670 0.350791 -0.132089
v -0.154311 0.375526 -0.114549
v -0.144806 0.368439 -0.118931
v -0.148275 0.354189 -0.114301
v -0.163838 0.382209 -0.111134
v -0.173126 0.385125 -0.106870
v -0.200373 0.413393 0.012537
v -0.188377 0.417486 0.017847
v -0.191499 0.444160 0.011999
v -0.193467 0.384979 -0.098705
v -0.182643 0.383561 -0.099472
v -0.183436 0.375659 -0.095833
v -0.194085 0.378731 -0.095730
v -0.129930 0.508872 -0.061264
v -0.201461 0.472502 -0.078617
v -0.187318 0.476465 -0.080040
v -0.185540 0.464383 -0.091470
v -0.199153 0.461856 -0.089679
v -0.197366 0.450211 -0.098139
v -0.184732 0.451609 -0.100745
v -0.183627 0.438834 -0.106660
v -0.195897 0.438139 -0.103844
v -0.193830 0.392626 -0.101646
v -0.181974 0.391897 -0.102987
v -0.224286 0.466234 -0.020167
v -0.169661 0.502185 -0.022790
v -0.167725 0.487200 0.000333
v -0.155441 0.493361 -0.001846
v -0.156499 0.506719 -0.026428
v -0.207541 0.358508 -0.049581
v -0.205897 0.365063 -0.035273
v -0.207459 0.354106 -0.062824
v -0.185896 0.359014 -0.085704
v -0.206875 0.354673 -0.074386
v -0.208228 0.390240 0.004692
v -0.213193 0.408004 0.007567
v -0.165498 0.462250 0.013785
v -0.153794 0.469549 0.012971
v -0.223808 0.474670 -0.042114
v -0.219891 0.473792 -0.062361
v -0.206130 0.384466 -0.100383
v -0.206269 0.378421 -0.097974
v -0.217450 0.378913 -0.100928
v -0.176706 0.353982 -0.092632
v -0.184292 0.368331 -0.091834
v -0.168008 0.503404 -0.049798
v -0.215660 0.466243 -0.078180
v -0.212791 0.456436 -0.089337
v -0.173151 0.451928 -0.104336
v -0.173124 0.465497 -0.095042
v -0.162088 0.465934 -0.099335
v -0.162293 0.451364 -0.108358
v -0.208845 0.436458 -0.102308
v -0.208474 0.424481 -0.105104
v -0.162214 0.436639 -0.113471
v -0.172672 0.438065 -0.109842
v -0.206559 0.392033 -0.102982
v -0.143019 0.474733 0.010948
v -0.142451 0.450237 0.021632
v -0.130661 0.452578 0.021645
v -0.164639 0.435291 0.022554
v -0.153126 0.443979 0.022220
v -0.176784 0.424601 0.021588
v -0.118619 0.451490 0.022504
v -0.381173 0.305715 -0.095183
v -0.217911 0.373436 -0.098788
v -0.230393 0.373005 -0.101219
v -0.228450 0.379358 -0.102751
v -0.284183 0.380726 -0.101135
v 0.000319 0.590622 0.092079
v 0.000876 0.596205 0.094887
v 0.001888 0.616581 0.096009
v 0.001964 0.620276 0.095172
v -0.396112 0.337256 -0.088484
v -0.403746 0.334462 -0.088673
v -0.447972 0.319534 -0.093878
v -0.473507 0.321986 -0.080908
v -0.454287 0.330376 -0.081014
v -0.460122 0.332943 -0.038243
v -0.452037 0.321093 -0.029029
v -0.425521 0.279184 -0.032475
v -0.426053 0.275056 -0.094710
v -0.574925 0.245125 -0.047675
v -0.578315 0.250101 -0.058306
v -0.594859 0.238070 -0.055530
v -0.590351 0.232168 -0.046160
v -0.605758 0.220146 -0.044069
v -0.599445 0.211839 -0.041240
v -0.584601 0.223824 -0.041720
v -0.593097 0.204348 -0.044043
v -0.578353 0.215637 -0.042936
v -0.587831 0.198360 -0.050518
v -0.585192 0.193828 -0.058616
v -0.569700 0.202994 -0.055753
v -0.572991 0.208552 -0.048058
v -0.550719 0.207445 -0.061514
v -0.567902 0.198924 -0.064982
v -0.567042 0.196788 -0.075333
v -0.549024 0.203898 -0.072502
v -0.588662 0.196775 -0.094415
v -0.593091 0.203887 -0.098352
v -0.575296 0.211262 -0.099423
v -0.570586 0.203306 -0.094700
v -0.568119 0.237144 -0.098278
v -0.561799 0.227955 -0.101182
v -0.581145 0.220163 -0.099732
v -0.587085 0.228916 -0.096808
v -0.604800 0.221948 -0.096231
v -0.609816 0.227751 -0.088043
v -0.592170 0.235785 -0.090186
v -0.543825 0.269882 -0.050899
v -0.559350 0.257391 -0.049713
v -0.554148 0.249166 -0.042645
v -0.557515 0.219403 -0.045407
v -0.541713 0.230582 -0.042769
v -0.547798 0.239665 -0.040351
v -0.563105 0.227572 -0.041584
v -0.512908 0.218691 -0.065960
v -0.533282 0.216026 -0.058101
v -0.531080 0.211404 -0.069421
v -0.553500 0.212716 -0.052331
v -0.536904 0.222744 -0.049068
v -0.549165 0.204815 -0.084198
v -0.567790 0.198372 -0.085922
v -0.579527 0.251757 -0.070484
v -0.578108 0.250093 -0.082353
v -0.595516 0.239247 -0.079572
v -0.596387 0.240169 -0.067761
v -0.530927 0.211652 -0.082028
v -0.560492 0.261116 -0.085248
v -0.562682 0.263515 -0.073380
v -0.574065 0.245126 -0.092229
v -0.555623 0.254776 -0.094669
v -0.612512 0.229674 -0.064932
v -0.610868 0.226665 -0.052817
v -0.562419 0.262371 -0.060622
v -0.551642 0.210036 -0.094280
v -0.556244 0.218526 -0.100235
v -0.537136 0.225539 -0.100588
v -0.532953 0.216758 -0.093230
v -0.530005 0.254445 -0.102778
v -0.542846 0.235761 -0.102785
v -0.549187 0.245777 -0.100478
v -0.598751 0.212866 -0.098799
v -0.536756 0.264580 -0.097314
v -0.661039 0.151583 -0.055211
v -0.651180 0.153239 -0.053594
v -0.654763 0.148984 -0.043569
v -0.664553 0.148177 -0.045779
v -0.632820 0.150824 -0.036029
v -0.627279 0.158533 -0.028312
v -0.636308 0.154472 -0.019511
v -0.640827 0.147651 -0.026255
v -0.668425 0.147886 -0.037179
v -0.658611 0.147449 -0.035132
v -0.669521 0.152156 -0.031122
v -0.680514 0.154466 -0.034381
v -0.677507 0.148396 -0.038306
v -0.689426 0.153811 -0.035996
v -0.680798 0.166603 -0.036505
v -0.692414 0.162413 -0.039981
v -0.681493 0.178871 -0.061167
v -0.679483 0.180524 -0.071837
v -0.691762 0.172524 -0.072374
v -0.693214 0.170516 -0.061113
v -0.681851 0.172419 -0.091234
v -0.687969 0.172300 -0.081969
v -0.675949 0.180866 -0.080549
v -0.671203 0.180732 -0.089019
v -0.656854 0.156862 -0.069953
v -0.647060 0.159839 -0.070240
v -0.648646 0.157830 -0.063495
v -0.658230 0.155446 -0.063973
v -0.667700 0.155874 -0.020289
v -0.668508 0.164800 -0.027617
v -0.672016 0.159042 -0.029381
v -0.667622 0.152044 -0.021992
v -0.621511 0.164603 -0.082766
v -0.612117 0.172425 -0.081150
v -0.612761 0.172735 -0.072260
v -0.621388 0.165792 -0.074969
v -0.615005 0.167930 -0.044456
v -0.612066 0.173546 -0.052083
v -0.611856 0.184864 -0.042049
v -0.617209 0.180012 -0.036508
v -0.619920 0.163111 -0.036858
v -0.622245 0.175274 -0.030621
v -0.629645 0.169569 -0.023876
v -0.638554 0.163209 -0.015904
v -0.612558 0.175495 -0.091677
v -0.618939 0.169290 -0.095002
v -0.729997 0.123466 -0.042124
v -0.729667 0.121603 -0.047674
v -0.724852 0.124619 -0.046982
v -0.725179 0.126481 -0.041360
v -0.627718 0.186449 -0.102905
v -0.634007 0.194056 -0.100137
v -0.627323 0.196979 -0.100091
v -0.621016 0.188795 -0.101079
v -0.636003 0.182748 -0.105527
v -0.642628 0.190322 -0.100532
v -0.738357 0.133582 -0.041138
v -0.735160 0.130310 -0.038466
v -0.730640 0.134103 -0.038484
v -0.733666 0.137511 -0.041495
v -0.673519 0.146251 -0.046195
v -0.670076 0.148705 -0.055103
v -0.690841 0.139034 -0.049578
v -0.680192 0.144027 -0.054388
v -0.682056 0.143681 -0.044749
v -0.690479 0.141166 -0.043121
v -0.674302 0.148350 -0.074335
v -0.665044 0.153322 -0.074137
v -0.668517 0.151660 -0.066775
v -0.677988 0.146375 -0.067157
v -0.660736 0.151308 -0.086168
v -0.669902 0.147391 -0.086845
v -0.667595 0.146112 -0.093438
v -0.659535 0.149525 -0.092253
v -0.689569 0.140482 -0.082198
v -0.699288 0.138563 -0.083047
v -0.697840 0.139386 -0.088497
v -0.688121 0.140621 -0.087784
v -0.621014 0.200474 -0.100176
v -0.614472 0.192452 -0.099990
v -0.670145 0.169419 -0.108231
v -0.662602 0.164731 -0.113560
v -0.669860 0.158989 -0.117306
v -0.677599 0.164016 -0.111791
v -0.640256 0.199701 -0.093423
v -0.633594 0.203755 -0.093956
v -0.740408 0.135033 -0.046393
v -0.735758 0.139097 -0.046803
v -0.636529 0.178770 -0.026182
v -0.645053 0.170666 -0.017649
v -0.629358 0.185304 -0.032851
v -0.624196 0.190252 -0.036939
v -0.618681 0.195515 -0.038984
v -0.685160 0.142008 -0.059508
v -0.665477 0.152289 -0.062540
v -0.655143 0.157096 -0.074467
v -0.647632 0.151808 -0.103539
v -0.640774 0.155482 -0.103213
v -0.643639 0.153516 -0.093584
v -0.650100 0.151183 -0.096242
v -0.656553 0.157291 -0.114672
v -0.655172 0.151089 -0.110582
v -0.662696 0.147142 -0.112454
v -0.664054 0.152140 -0.117455
v -0.667047 0.159278 -0.016404
v -0.663194 0.168141 -0.023662
v -0.622046 0.177455 -0.101964
v -0.615649 0.181338 -0.098546
v -0.609803 0.186077 -0.095947
v -0.633798 0.162304 -0.073255
v -0.621225 0.165969 -0.069903
v -0.621431 0.164174 -0.063498
v -0.634923 0.161487 -0.068567
v -0.638997 0.152841 -0.051442
v -0.626489 0.155306 -0.046530
v -0.643893 0.148382 -0.040960
v -0.612304 0.172975 -0.063972
v -0.605851 0.179378 -0.070741
v -0.605879 0.180069 -0.061484
v -0.606074 0.179536 -0.080453
v -0.607244 0.181780 -0.089522
v -0.597427 0.184815 -0.069659
v -0.597648 0.186363 -0.060507
v -0.597902 0.185102 -0.079683
v -0.599535 0.187284 -0.088367
v -0.618195 0.215835 -0.095312
v -0.611784 0.206663 -0.099376
v -0.626921 0.209044 -0.094793
v -0.604755 0.194259 -0.043746
v -0.607374 0.182130 -0.051730
v -0.600025 0.189331 -0.051873
v -0.611375 0.202345 -0.040295
v -0.646600 0.146213 -0.019403
v -0.651773 0.143752 -0.013741
v -0.657384 0.143149 -0.018947
v -0.653616 0.145641 -0.024695
v -0.697628 0.151575 -0.037646
v -0.693447 0.145509 -0.038295
v -0.685472 0.147460 -0.038131
v -0.628968 0.159981 -0.088518
v -0.626370 0.164042 -0.099220
v -0.693540 0.138311 -0.055169
v -0.727597 0.141688 -0.041715
v -0.724569 0.137917 -0.038486
v -0.713313 0.143961 -0.038499
v -0.717124 0.148236 -0.041885
v -0.704157 0.137780 -0.058803
v -0.700588 0.136568 -0.053527
v -0.708024 0.133022 -0.053034
v -0.712010 0.135299 -0.057625
v -0.693229 0.139189 -0.094876
v -0.685362 0.140296 -0.094495
v -0.702875 0.159166 -0.061591
v -0.703044 0.161897 -0.050138
v -0.693678 0.168897 -0.049376
v -0.671918 0.148281 -0.080933
v -0.680654 0.143919 -0.081614
v -0.679033 0.143575 -0.087398
v -0.688617 0.141062 -0.062092
v -0.695073 0.138859 -0.060057
v -0.692823 0.140038 -0.066112
v -0.685210 0.142782 -0.067141
v -0.653961 0.171886 -0.110583
v -0.646398 0.161694 -0.111983
v -0.732096 0.126751 -0.038910
v -0.727527 0.130117 -0.038370
v -0.606036 0.197779 -0.098512
v -0.602091 0.191194 -0.094619
v -0.662609 0.152929 -0.080038
v -0.681839 0.175419 -0.049156
v -0.653038 0.156406 -0.079281
v -0.692158 0.156504 -0.101604
v -0.688501 0.150989 -0.106009
v -0.695050 0.147373 -0.103900
v -0.698838 0.152893 -0.102376
v -0.723015 0.131408 -0.056961
v -0.719729 0.128306 -0.052508
v -0.726629 0.125461 -0.052831
v -0.729659 0.128669 -0.056779
v -0.698245 0.137173 -0.048243
v -0.698003 0.139192 -0.042666
v -0.706584 0.135428 -0.042169
v -0.706183 0.133170 -0.047534
v -0.700996 0.143266 -0.039026
v -0.709501 0.139412 -0.038726
v -0.727186 0.136651 -0.058055
v -0.729742 0.141758 -0.054034
v -0.719224 0.147612 -0.055158
v -0.716923 0.141001 -0.058640
v -0.660840 0.188774 -0.087223
v -0.656698 0.187344 -0.095257
v -0.666526 0.179181 -0.097778
v -0.676182 0.171123 -0.100507
v -0.684099 0.162112 -0.102632
v -0.691601 0.165106 -0.093263
v -0.661452 0.177123 -0.104682
v -0.707420 0.146523 -0.064095
v -0.709754 0.151214 -0.057818
v -0.709125 0.152134 -0.065546
v -0.650444 0.154545 -0.086378
v -0.721303 0.133643 -0.038228
v -0.637945 0.203950 -0.049706
v -0.641108 0.207865 -0.061422
v -0.649316 0.201851 -0.062124
v -0.644552 0.197917 -0.048580
v -0.718064 0.127841 -0.046868
v -0.718667 0.129489 -0.041349
v -0.684582 0.140688 -0.101266
v -0.691773 0.140096 -0.100413
v -0.692678 0.141916 -0.104451
v -0.686966 0.142874 -0.106636
v -0.652179 0.184814 -0.102052
v -0.675431 0.154439 -0.120368
v -0.682385 0.160463 -0.115218
v -0.647750 0.194642 -0.093831
v -0.651792 0.196579 -0.085515
v -0.644610 0.202812 -0.084206
v -0.699151 0.161410 -0.082809
v -0.664643 0.188981 -0.079316
v -0.654870 0.196790 -0.077574
v -0.646832 0.203467 -0.074925
v -0.640277 0.208959 -0.073788
v -0.638210 0.208031 -0.083951
v -0.729778 0.143418 -0.047389
v -0.735759 0.137685 -0.053232
v -0.630994 0.214016 -0.084341
v -0.622372 0.221046 -0.085749
v -0.624148 0.221991 -0.074760
v -0.633154 0.214874 -0.073696
v -0.657346 0.195989 -0.068825
v -0.658542 0.194404 -0.059609
v -0.667657 0.188429 -0.070954
v -0.669855 0.186628 -0.060992
v -0.702303 0.164202 -0.072566
v -0.745647 0.125501 -0.055612
v -0.738557 0.129982 -0.056309
v -0.735229 0.125716 -0.056898
v -0.742886 0.121822 -0.056668
v -0.733225 0.133355 -0.057093
v -0.740642 0.133878 -0.052556
v -0.669725 0.182568 -0.048638
v -0.701367 0.138838 -0.065457
v -0.654934 0.188842 -0.045273
v -0.670594 0.175187 -0.036024
v -0.659950 0.178635 -0.032492
v -0.637378 0.193052 -0.038103
v -0.644064 0.185765 -0.032881
v -0.625811 0.203609 -0.042504
v -0.631563 0.198327 -0.040997
v -0.617931 0.210569 -0.043119
v -0.651821 0.176528 -0.024125
v -0.736290 0.118750 -0.043176
v -0.736261 0.117430 -0.048968
v -0.631419 0.209541 -0.050553
v -0.623124 0.216769 -0.051228
v -0.649517 0.146157 -0.031859
v -0.641147 0.157744 -0.083665
v -0.643605 0.159410 -0.078390
v -0.634068 0.159313 -0.101986
v -0.636969 0.156143 -0.091279
v -0.625044 0.220904 -0.062793
v -0.584366 0.190872 -0.067807
v -0.584501 0.190479 -0.077754
v -0.612040 0.229710 -0.076914
v -0.738509 0.121635 -0.039586
v -0.705115 0.142336 -0.084951
v -0.704232 0.143683 -0.087383
v -0.643004 0.151318 -0.013329
v -0.650025 0.147850 -0.008761
v -0.657932 0.157300 -0.006774
v -0.652722 0.152639 -0.006186
v -0.645487 0.158072 -0.009914
v -0.651502 0.164002 -0.011202
v -0.632904 0.161815 -0.076981
v -0.631856 0.160602 -0.081870
v -0.644926 0.178027 -0.108063
v -0.637863 0.168177 -0.109455
v -0.704929 0.148526 -0.038592
v -0.701191 0.157836 -0.041751
v -0.708401 0.153297 -0.042487
v -0.719170 0.150253 -0.048229
v -0.706587 0.141995 -0.063611
v -0.709421 0.142923 -0.059859
v -0.623097 0.160208 -0.055856
v -0.636490 0.158184 -0.061236
v -0.660956 0.147889 -0.028377
v -0.663867 0.147324 -0.022874
v -0.682296 0.143915 -0.074464
v -0.709191 0.154759 -0.080565
v -0.710490 0.157560 -0.072567
v -0.690395 0.140661 -0.074310
v -0.744910 0.128059 -0.041316
v -0.741665 0.124744 -0.038840
v -0.710553 0.155796 -0.049575
v -0.676441 0.142826 -0.094297
v -0.703225 0.153976 -0.087305
v -0.707927 0.148790 -0.083961
v -0.669783 0.149207 -0.118711
v -0.633946 0.213587 -0.061869
v -0.731576 0.122314 -0.053728
v -0.738483 0.118308 -0.054600
v -0.746926 0.128601 -0.052182
v -0.746709 0.129831 -0.046518
v -0.629700 0.173224 -0.106143
v -0.645500 0.160135 -0.074361
v -0.585986 0.192573 -0.087265
v -0.657846 0.168407 -0.016413
v -0.663651 0.160189 -0.010752
v -0.698445 0.138359 -0.074458
v -0.686086 0.157182 -0.108954
v -0.698488 0.160022 -0.095159
v -0.704109 0.156512 -0.096858
v -0.707116 0.153139 -0.090381
v -0.707550 0.147464 -0.088731
v -0.752251 0.124778 -0.052161
v -0.752218 0.125799 -0.046590
v -0.750760 0.123945 -0.041398
v -0.747136 0.120873 -0.039216
v -0.743507 0.118249 -0.040281
v -0.751004 0.122008 -0.055383
v -0.748020 0.118689 -0.056350
v -0.743531 0.115554 -0.054435
v -0.755312 0.118678 -0.055518
v -0.757615 0.120728 -0.052189
v -0.760491 0.115151 -0.041030
v -0.756829 0.119732 -0.041684
v -0.759835 0.118574 -0.043882
v -0.762616 0.116190 -0.043521
v -0.766077 0.113345 -0.043960
v -0.763928 0.111578 -0.041982
v -0.759824 0.119764 -0.046911
v -0.763365 0.117329 -0.047346
v -0.762744 0.116856 -0.051314
v -0.766365 0.114368 -0.051806
v -0.767155 0.114724 -0.047888
v -0.760004 0.119161 -0.050237
v -0.756994 0.122175 -0.046682
v -0.767156 0.109336 -0.044246
v -0.768463 0.111494 -0.044836
v -0.770032 0.111921 -0.048166
v -0.769425 0.108968 -0.048581
v -0.752121 0.117384 -0.039632
v -0.757223 0.113117 -0.040572
v -0.761440 0.109464 -0.042279
v -0.764940 0.107140 -0.044933
v -0.754738 0.110669 -0.042158
v -0.759486 0.107633 -0.044256
v -0.762563 0.105965 -0.046656
v -0.753362 0.108605 -0.045588
v -0.758450 0.106380 -0.047052
v -0.746095 0.112886 -0.044289
v -0.748317 0.115050 -0.040768
v -0.761095 0.105716 -0.048079
v -0.767017 0.106871 -0.049350
v -0.761310 0.116393 -0.054049
v -0.765178 0.113115 -0.054275
v -0.759662 0.114743 -0.055868
v -0.763610 0.111254 -0.055623
v -0.768500 0.110518 -0.053033
v -0.769222 0.112480 -0.051632
v -0.740988 0.115819 -0.043915
v -0.741212 0.114838 -0.049606
v -0.746075 0.111823 -0.049805
v -0.752985 0.107672 -0.050656
v -0.748183 0.113020 -0.054407
v -0.752390 0.115721 -0.056338
v -0.757374 0.112442 -0.056256
v -0.754596 0.109649 -0.054866
v -0.761485 0.109246 -0.055590
v -0.759609 0.107323 -0.054144
v -0.758696 0.106091 -0.050768
v -0.764025 0.107011 -0.053704
v -0.766567 0.108428 -0.053714
v -0.764364 0.105928 -0.050117
v -0.762080 0.106436 -0.053024
v -0.761834 0.105822 -0.050530
v -0.737195 0.122074 -0.074573
v -0.736184 0.121167 -0.079996
v -0.730051 0.125365 -0.078419
v -0.731126 0.126159 -0.073129
v -0.743908 0.132959 -0.071351
v -0.741277 0.128025 -0.069324
v -0.735917 0.132432 -0.068164
v -0.738470 0.137280 -0.070516
v -0.744474 0.135633 -0.077320
v -0.739083 0.139974 -0.076745
v -0.731685 0.141735 -0.069206
v -0.729045 0.136700 -0.067004
v -0.716048 0.142443 -0.065892
v -0.718881 0.147751 -0.067147
v -0.708921 0.135535 -0.081474
v -0.712211 0.138758 -0.084646
v -0.739011 0.124232 -0.070878
v -0.733256 0.128467 -0.069562
v -0.724959 0.133208 -0.085603
v -0.722770 0.129938 -0.082255
v -0.730573 0.126374 -0.083355
v -0.732541 0.129315 -0.086760
v -0.709917 0.135872 -0.069296
v -0.708228 0.134831 -0.075384
v -0.713110 0.138621 -0.066685
v -0.728096 0.137961 -0.086559
v -0.731016 0.142556 -0.083197
v -0.719099 0.149687 -0.081222
v -0.716296 0.144291 -0.084920
v -0.726036 0.132620 -0.068306
v -0.722055 0.128976 -0.077052
v -0.723422 0.129840 -0.071686
v -0.732299 0.144475 -0.075749
v -0.737638 0.137866 -0.084078
v -0.749415 0.124981 -0.088095
v -0.741251 0.129797 -0.087658
v -0.738716 0.125576 -0.088108
v -0.747401 0.120858 -0.089089
v -0.735184 0.133480 -0.087136
v -0.743359 0.133896 -0.084249
v -0.745872 0.116265 -0.076622
v -0.745159 0.115669 -0.082114
v -0.747364 0.118323 -0.072836
v -0.720477 0.151895 -0.073704
v -0.751634 0.126939 -0.072762
v -0.749250 0.121933 -0.071337
v -0.736705 0.122251 -0.085034
v -0.745326 0.117119 -0.086902
v -0.751207 0.128638 -0.084713
v -0.752031 0.130003 -0.078269
v -0.757466 0.123970 -0.085440
v -0.758474 0.125056 -0.079534
v -0.758191 0.122354 -0.074208
v -0.755229 0.117965 -0.072872
v -0.752881 0.115051 -0.074400
v -0.755736 0.121059 -0.088606
v -0.753461 0.117749 -0.089536
v -0.750882 0.114436 -0.087674
v -0.761712 0.117278 -0.089641
v -0.764279 0.119489 -0.086836
v -0.773674 0.110168 -0.078189
v -0.769344 0.113638 -0.076429
v -0.770881 0.114998 -0.079157
v -0.775284 0.112468 -0.079897
v -0.765013 0.118141 -0.076068
v -0.768022 0.117391 -0.079020
v -0.767815 0.118464 -0.082106
v -0.771643 0.116510 -0.083072
v -0.770438 0.115912 -0.086890
v -0.774833 0.113619 -0.088070
v -0.776425 0.114257 -0.084011
v -0.767396 0.118051 -0.085493
v -0.778551 0.110579 -0.081219
v -0.777496 0.108208 -0.081312
v -0.764338 0.121102 -0.081069
v -0.760808 0.114936 -0.074111
v -0.766469 0.111059 -0.075730
v -0.771398 0.107676 -0.078547
v -0.775222 0.105823 -0.082274
v -0.764018 0.108363 -0.077563
v -0.769420 0.105569 -0.080310
v -0.772970 0.104587 -0.083503
v -0.762252 0.106474 -0.081157
v -0.768172 0.104365 -0.083197
v -0.755399 0.110719 -0.079179
v -0.757581 0.112381 -0.075573
v -0.771260 0.104201 -0.084625
v -0.779898 0.108504 -0.085751
v -0.777435 0.106186 -0.086477
v -0.780771 0.111670 -0.084743
v -0.768804 0.114906 -0.088848
v -0.773364 0.112064 -0.089899
v -0.767321 0.113709 -0.090815
v -0.772327 0.110645 -0.091511
v -0.777868 0.110068 -0.089592
v -0.778536 0.111959 -0.088347
v -0.751099 0.113362 -0.077997
v -0.750285 0.113034 -0.083066
v -0.754476 0.110177 -0.084237
v -0.761478 0.106107 -0.086184
v -0.755264 0.111873 -0.088579
v -0.758776 0.114720 -0.090424
v -0.764964 0.111330 -0.091356
v -0.762449 0.108320 -0.090074
v -0.770260 0.108563 -0.091551
v -0.768138 0.106136 -0.090396
v -0.767444 0.104412 -0.087147
v -0.773672 0.106366 -0.090327
v -0.776247 0.108037 -0.090477
v -0.774357 0.104842 -0.086990
v -0.771369 0.105263 -0.089700
v -0.771441 0.104345 -0.087246
v -0.726298 0.127093 -0.100094
v -0.723352 0.125324 -0.104472
v -0.718540 0.128863 -0.102605
v -0.721535 0.130265 -0.098220
v -0.732475 0.137112 -0.100532
v -0.731609 0.133987 -0.098534
v -0.726714 0.137403 -0.096159
v -0.727353 0.141397 -0.098017
v -0.731848 0.138993 -0.105329
v -0.726090 0.143408 -0.103327
v -0.721906 0.145090 -0.095724
v -0.721299 0.140299 -0.093755
v -0.712231 0.144453 -0.090968
v -0.713268 0.149906 -0.092795
v -0.729504 0.130358 -0.098422
v -0.724613 0.133485 -0.096265
v -0.711106 0.134492 -0.108084
v -0.710666 0.132158 -0.104976
v -0.717169 0.129421 -0.107087
v -0.717673 0.131751 -0.109972
v -0.704725 0.137617 -0.092714
v -0.701149 0.136671 -0.097016
v -0.708901 0.140260 -0.091054
v -0.713738 0.139336 -0.109533
v -0.717118 0.145032 -0.107552
v -0.707130 0.149522 -0.104674
v -0.703196 0.143830 -0.105847
v -0.719028 0.135945 -0.094025
v -0.712116 0.131261 -0.100343
v -0.715501 0.132720 -0.095946
v -0.720081 0.147314 -0.101452
v -0.723102 0.141321 -0.109123
v -0.734749 0.128093 -0.115274
v -0.725673 0.133044 -0.112986
v -0.723015 0.128518 -0.112341
v -0.732293 0.124145 -0.115195
v -0.719890 0.136231 -0.111374
v -0.729143 0.137309 -0.110639
v -0.733751 0.121924 -0.103201
v -0.731239 0.120445 -0.107625
v -0.736680 0.124937 -0.101556
v -0.711350 0.152529 -0.098862
v -0.700048 0.138973 -0.104960
v -0.740178 0.130978 -0.103384
v -0.738996 0.128154 -0.101541
v -0.721954 0.125863 -0.109292
v -0.730466 0.121257 -0.112426
v -0.737631 0.131769 -0.112875
v -0.739800 0.133232 -0.107749
v -0.743397 0.128107 -0.114772
v -0.745434 0.129164 -0.109650
v -0.746078 0.127074 -0.105257
v -0.744269 0.124131 -0.103528
v -0.741505 0.121368 -0.103737
v -0.740797 0.124583 -0.117046
v -0.738423 0.121366 -0.116635
v -0.735867 0.118839 -0.113890
v -0.745051 0.121891 -0.118606
v -0.748431 0.124494 -0.116299
v -0.760050 0.116428 -0.109580
v -0.756049 0.119119 -0.107911
v -0.756459 0.120026 -0.110137
v -0.760556 0.118001 -0.111322
v -0.751592 0.123429 -0.107242
v -0.753727 0.122469 -0.109589
v -0.752801 0.123822 -0.112366
v -0.756483 0.121777 -0.113643
v -0.753839 0.121072 -0.117060
v -0.757683 0.118907 -0.118419
v -0.760399 0.119486 -0.114952
v -0.751628 0.123451 -0.115491
v -0.763136 0.116603 -0.112742
v -0.763013 0.114698 -0.112150
v -0.749875 0.125962 -0.111274
v -0.748810 0.120859 -0.104946
v -0.753696 0.117081 -0.106539
v -0.758181 0.114082 -0.108906
v -0.760770 0.112415 -0.112001
v -0.750746 0.114861 -0.107143
v -0.755328 0.112090 -0.109531
v -0.757739 0.110836 -0.112296
v -0.747885 0.113213 -0.109147
v -0.752914 0.110910 -0.111331
v -0.742494 0.116725 -0.107199
v -0.745568 0.118450 -0.105273
v -0.755490 0.110391 -0.112901
v -0.763184 0.114691 -0.116409
v -0.760811 0.112175 -0.116581
v -0.763431 0.117360 -0.115998
v -0.751789 0.120426 -0.118877
v -0.755824 0.117672 -0.119985
v -0.749447 0.118498 -0.119754
v -0.754075 0.115734 -0.120611
v -0.759850 0.115872 -0.119676
v -0.760734 0.117465 -0.118707
v -0.738504 0.119197 -0.105551
v -0.736111 0.118243 -0.109343
v -0.740229 0.115950 -0.110716
v -0.746041 0.112422 -0.112860
v -0.739901 0.116672 -0.114994
v -0.742452 0.118984 -0.117717
v -0.747342 0.116078 -0.119130
v -0.745614 0.113632 -0.116865
v -0.752199 0.113632 -0.119945
v -0.750864 0.111500 -0.118112
v -0.751359 0.110407 -0.114596
v -0.755821 0.111961 -0.119217
v -0.757962 0.113776 -0.119948
v -0.757784 0.110777 -0.116111
v -0.753963 0.110914 -0.118048
v -0.754979 0.110237 -0.115463
v -0.699546 0.137408 -0.101588
v -0.700835 0.134470 -0.125584
v -0.697748 0.133438 -0.128038
v -0.694579 0.135820 -0.125177
v -0.697453 0.136849 -0.122797
v -0.706721 0.143453 -0.127847
v -0.706422 0.140228 -0.125194
v -0.702946 0.142955 -0.121877
v -0.703321 0.146667 -0.124519
v -0.703971 0.144585 -0.132310
v -0.700446 0.147947 -0.129236
v -0.698948 0.149411 -0.120445
v -0.698670 0.145248 -0.117807
v -0.691510 0.148793 -0.112025
v -0.691512 0.153897 -0.113996
v -0.674278 0.146725 -0.119854
v -0.674376 0.143859 -0.116139
v -0.680364 0.141125 -0.119896
v -0.679168 0.143604 -0.123247
v -0.704067 0.136934 -0.124678
v -0.700602 0.139333 -0.121520
v -0.686878 0.139815 -0.128372
v -0.688167 0.137638 -0.125133
v -0.692352 0.136069 -0.128306
v -0.691292 0.137879 -0.131466
v -0.676793 0.142230 -0.112267
v -0.680848 0.141950 -0.108717
v -0.685944 0.141637 -0.113369
v -0.682903 0.140470 -0.116492
v -0.688989 0.144143 -0.112256
v -0.687811 0.143691 -0.130191
v -0.691411 0.148173 -0.129314
v -0.682902 0.152743 -0.124087
v -0.680113 0.147642 -0.124835
v -0.696410 0.141344 -0.117965
v -0.690504 0.137363 -0.121844
v -0.693580 0.138681 -0.119123
v -0.696013 0.151115 -0.125346
v -0.696065 0.145343 -0.132676
v -0.700789 0.135191 -0.140206
v -0.695873 0.138899 -0.136441
v -0.694303 0.135522 -0.134774
v -0.699115 0.132317 -0.138725
v -0.692461 0.141353 -0.133371
v -0.699568 0.142402 -0.135681
v -0.705615 0.131023 -0.129149
v -0.702176 0.130104 -0.131643
v -0.708591 0.133412 -0.128468
v -0.688531 0.156649 -0.119300
v -0.711356 0.139202 -0.131603
v -0.710906 0.136216 -0.129131
v -0.695400 0.133729 -0.131326
v -0.699853 0.130571 -0.135321
v -0.704396 0.138417 -0.139375
v -0.708617 0.140401 -0.135801
v -0.708556 0.135433 -0.142439
v -0.712673 0.137457 -0.138821
v -0.715100 0.136093 -0.134365
v -0.714347 0.133455 -0.131701
v -0.711712 0.131086 -0.130965
v -0.704917 0.132270 -0.143069
v -0.703304 0.129926 -0.141195
v -0.703592 0.128719 -0.137744
v -0.708898 0.130006 -0.144914
v -0.712992 0.132730 -0.144662
v -0.724738 0.126457 -0.139943
v -0.722080 0.129051 -0.137964
v -0.721955 0.129877 -0.140126
v -0.724685 0.127969 -0.141503
v -0.718573 0.132921 -0.136982
v -0.719694 0.132233 -0.139391
v -0.717958 0.133140 -0.141792
v -0.720679 0.131334 -0.143169
v -0.718083 0.130407 -0.146066
v -0.720725 0.128048 -0.147701
v -0.723680 0.129381 -0.144856
v -0.716270 0.132394 -0.144486
v -0.726696 0.126840 -0.143083
v -0.726745 0.124923 -0.142626
v -0.715816 0.134857 -0.140683
v -0.717382 0.130934 -0.134183
v -0.721048 0.127592 -0.136473
v -0.724121 0.124538 -0.139200
v -0.725361 0.122726 -0.142424
v -0.718588 0.126181 -0.136001
v -0.721949 0.123225 -0.139031
v -0.723133 0.121700 -0.142047
v -0.715531 0.124906 -0.136547
v -0.719334 0.122393 -0.139542
v -0.711503 0.127623 -0.133911
v -0.714815 0.129213 -0.133334
v -0.721292 0.121470 -0.141668
v -0.725730 0.124535 -0.146454
v -0.724214 0.122395 -0.145701
v -0.725956 0.127386 -0.146397
v -0.715567 0.129167 -0.147167
v -0.719049 0.126285 -0.148719
v -0.712855 0.127325 -0.146730
v -0.717380 0.124331 -0.148090
v -0.722561 0.124827 -0.148662
v -0.723171 0.126818 -0.148405
v -0.708630 0.129185 -0.131702
v -0.705528 0.128356 -0.134155
v -0.708369 0.126638 -0.136182
v -0.712565 0.124038 -0.138615
v -0.706697 0.126763 -0.139705
v -0.706770 0.127914 -0.143030
v -0.711393 0.125269 -0.145118
v -0.711090 0.123953 -0.142042
v -0.716294 0.122749 -0.146417
v -0.716082 0.121762 -0.143946
v -0.717209 0.121762 -0.141224
v -0.720190 0.121616 -0.146077
v -0.721389 0.122795 -0.147726
v -0.722381 0.121350 -0.144466
v -0.719208 0.121145 -0.144582
v -0.720433 0.121057 -0.143181
v -0.675849 0.149674 -0.121691
v -0.673466 0.152299 -0.009746
v -0.674101 0.149242 -0.013884
v -0.662455 0.138351 -0.012778
v -0.667918 0.140813 -0.015799
v -0.658493 0.139285 -0.007659
v -0.660364 0.146551 -0.000778
v -0.658279 0.142489 -0.003278
v -0.672506 0.145143 -0.016195
v -0.670502 0.153545 -0.004710
v -0.665004 0.151033 -0.001134
v -0.677154 0.148645 0.001217
v -0.671808 0.145791 0.005096
v -0.666587 0.140906 0.005401
v -0.663703 0.137104 0.001692
v -0.663107 0.134702 -0.003467
v -0.679752 0.148005 -0.004534
v -0.679510 0.145302 -0.009539
v -0.676191 0.141084 -0.012122
v -0.685812 0.143802 0.000398
v -0.685436 0.142928 0.007835
v -0.681144 0.128502 0.016559
v -0.677273 0.130994 0.014167
v -0.680236 0.133718 0.015961
v -0.682945 0.131917 0.018618
v -0.674126 0.135244 0.011515
v -0.678813 0.135725 0.014080
v -0.682558 0.138749 0.013653
v -0.684579 0.137736 0.016176
v -0.686230 0.140754 0.012272
v -0.689109 0.140068 0.013705
v -0.687207 0.135976 0.019213
v -0.686186 0.130584 0.020436
v -0.689804 0.133185 0.020510
v -0.685960 0.127606 0.018838
v -0.679412 0.140501 0.010589
v -0.669316 0.132506 0.006661
v -0.674995 0.128513 0.010651
v -0.680641 0.125626 0.013473
v -0.686373 0.125162 0.015078
v -0.674912 0.126417 0.005414
v -0.681677 0.124390 0.008811
v -0.686610 0.124822 0.010756
v -0.677639 0.126799 0.000349
v -0.683732 0.125193 0.005073
v -0.670150 0.130915 -0.005256
v -0.667976 0.130551 0.000717
v -0.686843 0.125235 0.007735
v -0.691648 0.129599 0.018974
v -0.691646 0.127520 0.014540
v -0.690865 0.140148 0.009600
v -0.691569 0.138164 0.016227
v -0.693814 0.137254 0.012417
v -0.691028 0.139468 0.004578
v -0.694078 0.135254 0.008356
v -0.694600 0.133880 0.015783
v -0.692870 0.135819 0.018543
v -0.665809 0.134661 -0.008718
v -0.670931 0.136959 -0.011685
v -0.675510 0.133819 -0.008392
v -0.681920 0.129746 -0.002852
v -0.681000 0.137968 -0.008604
v -0.684979 0.141936 -0.005371
v -0.690094 0.137002 0.000092
v -0.686783 0.133451 -0.002835
v -0.692783 0.132812 0.005057
v -0.690131 0.130254 0.003012
v -0.686839 0.127400 0.003140
v -0.692794 0.129660 0.008525
v -0.694461 0.131403 0.011942
v -0.690544 0.126884 0.010523
v -0.691008 0.128763 0.006409
v -0.689127 0.126845 0.007192
v -0.668730 0.144728 -0.114142
v -0.670986 0.142833 -0.108685
v -0.664089 0.145212 -0.106755
v -0.655759 0.148265 -0.105033
v -0.648766 0.154026 -0.109137
v -0.657760 0.148268 -0.098495
v -0.666162 0.145188 -0.100511
v -0.675611 0.142145 -0.102632
v -0.653199 0.151598 -0.091507
v -0.037833 0.674179 0.067134
v -0.034711 0.675223 0.068969
v -0.036768 0.667980 0.066462
v -0.039426 0.668134 0.064779
v -0.029376 0.668053 0.069297
v -0.033449 0.667700 0.068414
v -0.030053 0.675863 0.070369
v -0.024559 0.675512 0.070256
v -0.016547 0.671488 0.067579
v -0.014992 0.669931 0.067685
v -0.015749 0.668949 0.068170
v -0.018026 0.668920 0.068328
v -0.021735 0.668560 0.069288
v -0.042518 0.670492 0.062197
v -0.041584 0.671862 0.063318
v -0.040126 0.672898 0.065162
v -0.025621 0.668256 0.069706
v -0.041307 0.668687 0.063094
v -0.042362 0.669428 0.062110
v -0.019856 0.673885 0.068938
v -0.029866 0.670500 0.069535
v -0.033924 0.670124 0.068395
v -0.030254 0.673121 0.069975
v -0.025493 0.673087 0.070177
v -0.019579 0.670371 0.068759
v -0.022221 0.670355 0.069479
v -0.036948 0.669918 0.066612
v -0.025885 0.670496 0.069898
v -0.034449 0.672646 0.068610
v -0.021485 0.672295 0.069485
v -0.019113 0.671429 0.068610
v -0.041873 0.670393 0.062820
v -0.041810 0.669955 0.062809
v -0.013631 0.434038 0.047258
v -0.014680 0.417363 0.056658
v -0.037480 0.672047 0.066748
v -0.040879 0.669868 0.063685
v -0.039284 0.669893 0.064988
v -0.039598 0.671440 0.065018
v -0.041066 0.670854 0.063664
v -0.270932 0.374985 -0.005412
v -0.277474 0.390059 -0.007017
v -0.292472 0.421061 -0.049731
v -0.288166 0.421377 -0.072027
v -0.065812 0.144324 0.118966
v -0.110038 0.191033 -0.093437
v -0.112073 0.210209 -0.098204
v -0.033932 0.207009 -0.120709
v -0.054540 0.203097 -0.119949
v -0.143057 0.174920 0.022535
v -0.142565 0.194038 0.020922
v -0.101581 0.166152 0.082095
v -0.101099 0.187560 0.079841
v -0.134580 0.151961 0.047392
v -0.078997 0.156963 -0.106212
v -0.098393 0.155244 -0.098467
v -0.094080 0.175255 -0.101043
v -0.075657 0.177733 -0.109972
v -0.014578 0.209751 -0.115778
v -0.015143 0.186670 -0.109691
v -0.149215 0.215096 -0.005495
v -0.149557 0.216748 -0.032944
v -0.131165 0.222958 -0.081611
v -0.115850 0.228605 -0.100359
v -0.097821 0.235871 -0.113521
v -0.078267 0.243347 -0.122514
v -0.085065 0.208837 0.094466
v -0.065708 0.229786 0.102729
v -0.142414 0.213621 0.020936
v -0.021407 0.209107 0.122126
v -0.061291 0.273993 -0.133597
v -0.037282 0.277866 -0.136153
v -0.142965 0.219178 -0.058606
v -0.030250 0.375530 0.082923
v -0.047835 0.378278 0.081324
v -0.047069 0.363347 0.091654
v -0.029472 0.359907 0.092207
v -0.063593 0.365152 0.089978
v -0.079641 0.365821 0.087024
v -0.094344 0.365636 0.083025
v -0.128875 0.360158 0.066803
v -0.118838 0.362648 0.072706
v -0.144843 0.350729 0.052985
v -0.137472 0.356488 0.060278
v -0.150343 0.340882 0.043554
v -0.153508 0.329568 0.030783
v -0.158262 0.330570 0.008331
v -0.156146 0.318285 0.015649
v -0.151200 0.317707 0.038939
v -0.147326 0.329474 0.051176
v -0.141631 0.338722 0.060616
v -0.015176 0.295048 0.106949
v -0.012623 0.319097 0.104784
v -0.011997 0.449842 0.038636
v -0.445586 0.269696 -0.098702
v -0.569245 0.236645 -0.041883
v -0.014455 0.471752 -0.116619
v -0.031180 0.476742 -0.117441
v -0.085910 0.493655 -0.103389
v -0.101084 0.504960 -0.085703
v -0.067016 0.483008 -0.115041
v -0.048710 0.473195 -0.120292
v -0.128325 0.230913 0.043880
v -0.033044 0.440806 -0.129142
v -0.050139 0.462023 -0.125161
v -0.069764 0.472510 -0.121061
v -0.091020 0.484166 -0.110308
v -0.112430 0.497250 -0.092051
v -0.128731 0.497436 -0.085602
v -0.151287 0.480515 -0.091813
v -0.162027 0.479866 -0.087189
v -0.173720 0.478717 -0.083164
v -0.176826 0.491641 -0.067763
v -0.164144 0.493681 -0.071638
v -0.258602 0.437599 -0.079290
v -0.269290 0.425208 -0.084006
v -0.273531 0.412705 -0.091393
v -0.272816 0.400149 -0.097961
v -0.266951 0.388711 -0.102566
v -0.257237 0.379268 -0.104414
v -0.243921 0.374521 -0.103150
v -0.206816 0.374124 -0.095507
v -0.195636 0.374263 -0.092800
v -0.169457 0.346193 -0.094473
v -0.162937 0.338949 -0.096735
v -0.144467 0.314757 -0.104805
v -0.135016 0.301889 -0.108897
v -0.124231 0.286886 -0.113357
v -0.098697 0.060204 -0.111304
v -0.118113 0.062351 -0.101362
v -0.113643 0.079139 -0.096217
v -0.093848 0.077097 -0.105330
v -0.044678 0.113640 -0.103777
v -0.022452 0.113111 -0.101643
v -0.157331 0.079421 -0.042151
v -0.161963 0.076531 -0.016445
v -0.132063 0.080725 -0.082639
v -0.146319 0.080591 -0.064462
v -0.159769 0.071432 0.010002
v -0.104197 0.040014 0.093271
v -0.084567 0.033507 0.108818
v -0.043722 0.025038 0.129466
v -0.023307 0.023143 0.134229
v -0.152247 0.064021 0.034334
v -0.064071 0.028417 0.121000
v -0.139972 0.055401 0.055905
v -0.123238 0.047306 0.075341
v -0.066016 0.114321 -0.103208
v -0.069953 0.093737 -0.105774
v -0.089805 0.095392 -0.101765
v -0.035916 0.344571 -0.144744
v -0.055855 0.347494 -0.145842
v -0.075953 0.352205 -0.145173
v -0.090924 0.376929 -0.143404
v -0.094418 0.358856 -0.141856
v -0.111484 0.366656 -0.136410
v -0.108457 0.384353 -0.138083
v -0.139511 0.398401 -0.124083
v -0.140894 0.383037 -0.122189
v -0.152079 0.389461 -0.117890
v -0.151143 0.403797 -0.119878
v -0.162556 0.394696 -0.114736
v -0.172071 0.398230 -0.110636
v -0.182199 0.401054 -0.105901
v -0.194516 0.401689 -0.104842
v -0.194627 0.426317 -0.106850
v -0.182437 0.425803 -0.109104
v -0.138873 0.414873 -0.124030
v -0.123748 0.409060 -0.130495
v -0.033944 0.379906 -0.140905
v -0.015626 0.376381 -0.137014
v -0.159798 0.311738 -0.003379
v -0.163475 0.306922 -0.024258
v -0.165501 0.304922 -0.043733
v -0.164382 0.305949 -0.060725
v -0.161950 0.309869 -0.076547
v -0.157149 0.315760 -0.090127
v -0.156943 0.331636 -0.099304
v -0.151097 0.323776 -0.101785
v -0.152395 0.341925 -0.107765
v -0.144885 0.333911 -0.111331
v -0.138627 0.345799 -0.119120
v -0.132061 0.359305 -0.125247
v -0.127292 0.374878 -0.129049
v -0.124501 0.391630 -0.130808
v -0.107154 0.402929 -0.137220
v -0.089662 0.396233 -0.142357
v -0.070783 0.408300 -0.142199
v -0.070964 0.425926 -0.137983
v -0.071128 0.389817 -0.145280
v -0.071953 0.370871 -0.146578
v -0.071334 0.514587 -0.086152
v -0.054879 0.507833 -0.098461
v -0.238329 0.390238 -0.104832
v -0.234680 0.384982 -0.104339
v -0.238662 0.381039 -0.104021
v -0.247087 0.386381 -0.104545
v -0.253841 0.394526 -0.103695
v -0.244937 0.407869 -0.102686
v -0.242563 0.398250 -0.104387
v -0.257820 0.404742 -0.100629
v -0.258333 0.415838 -0.096170
v -0.245521 0.418058 -0.099487
v -0.255708 0.426466 -0.091364
v -0.244570 0.427381 -0.095686
v -0.249292 0.435961 -0.087816
v -0.242875 0.434065 -0.092400
v -0.210502 0.446654 -0.096895
v -0.222972 0.442947 -0.095152
v -0.234640 0.437997 -0.093480
v -0.207343 0.401226 -0.105148
v -0.219928 0.401445 -0.105522
v -0.231459 0.400524 -0.105275
v -0.232932 0.410251 -0.104337
v -0.220962 0.411602 -0.105303
v -0.208200 0.412175 -0.106143
v -0.034094 0.362650 -0.143286
v -0.052895 0.366481 -0.146130
v -0.162125 0.408097 -0.116447
v -0.171721 0.410915 -0.112840
v -0.181973 0.412153 -0.108622
v -0.194715 0.413076 -0.106733
v -0.172306 0.424260 -0.112702
v -0.162098 0.422256 -0.116310
v -0.150943 0.419106 -0.119842
v -0.052421 0.384353 -0.144285
v -0.015919 0.359797 -0.140370
v -0.178337 0.453251 0.013568
v -0.181109 0.478137 0.000903
v -0.183483 0.494749 -0.020262
v -0.181535 0.499127 -0.045624
v -0.363449 0.284641 -0.062068
v -0.017021 0.163458 -0.104758
v -0.019526 0.139492 -0.101544
v -0.041093 0.138119 -0.105142
v -0.015938 0.279286 -0.134427
v -0.016792 0.342697 -0.143108
v -0.103816 0.337002 0.096771
v -0.091714 0.338013 0.101266
v -0.092770 0.351740 0.092811
v -0.105231 0.350823 0.087992
v -0.123706 0.334434 0.084243
v -0.114600 0.335942 0.090985
v -0.116348 0.349383 0.082248
v -0.125972 0.347322 0.075820
v -0.131682 0.331555 0.076801
v -0.134372 0.344298 0.068735
v -0.113124 0.321174 0.097864
v -0.102664 0.322221 0.103725
v -0.090763 0.323461 0.107568
v -0.129087 0.318392 0.083398
v -0.121916 0.320139 0.090828
v -0.002674 0.552501 0.067436
v -0.003129 0.558188 0.082442
v 0.001542 0.600964 0.095515
v 0.001871 0.605293 0.093456
v -0.008729 0.473096 0.025996
v -0.007705 0.483615 0.024187
v -0.012298 0.338607 0.099531
v -0.012878 0.371529 0.083890
v -0.014406 0.384979 0.074026
v -0.014887 0.400719 0.065378
v -0.010646 0.462631 0.031443
v -0.012435 0.355533 0.092504
v -0.168786 -0.082568 -0.081495
v -0.153512 -0.102213 -0.100713
v -0.154185 -0.080835 -0.098525
v -0.142209 -0.094756 -0.111521
v -0.160057 -0.018827 -0.075495
v -0.159905 -0.042482 -0.081601
v -0.160911 0.005034 -0.072540
v -0.122932 -0.105767 -0.124040
v -0.097275 -0.112817 -0.133105
v -0.092131 -0.095683 -0.140091
v -0.146574 0.000549 -0.096452
v -0.146666 -0.023774 -0.099307
v -0.145228 -0.079676 -0.107556
v -0.158822 -0.063201 -0.089000
v -0.146226 -0.066858 -0.105802
v -0.116650 -0.092045 -0.130125
v -0.134736 -0.085713 -0.117830
v -0.056258 0.055732 -0.120719
v -0.032155 0.036391 -0.129679
v -0.059988 0.036378 -0.128394
v -0.136178 0.064523 -0.086176
v -0.123557 0.043612 -0.106492
v -0.132114 -0.070977 -0.120564
v -0.113055 -0.074278 -0.133939
v -0.088304 -0.075769 -0.144256
v -0.087320 -0.004784 -0.139650
v -0.086918 -0.028355 -0.144210
v -0.110308 -0.029051 -0.133917
v -0.110230 -0.004350 -0.129766
v -0.127845 0.021569 -0.112138
v -0.129840 -0.002846 -0.115536
v -0.086169 0.017648 -0.132865
v -0.108220 0.019392 -0.124595
v -0.103818 0.041125 -0.117824
v -0.130212 -0.027710 -0.118600
v -0.057706 -0.052603 -0.150840
v -0.086627 -0.052567 -0.146057
v -0.027303 -0.051749 -0.148601
v -0.082973 0.038632 -0.124758
v -0.078442 0.057906 -0.117029
v -0.073987 0.075647 -0.110204
v -0.062410 0.136876 -0.105011
v -0.230068 -0.292735 0.064598
v -0.025598 -0.176200 0.005758
v -0.017741 -0.168265 -0.020738
v -0.171998 -0.043793 0.039398
v -0.183867 -0.058313 -0.037437
v -0.172078 -0.060304 -0.066447
v -0.053372 -0.169688 0.071767
v -0.040062 -0.179553 0.049522
v -0.154792 -0.054672 0.067416
v -0.118361 -0.111504 0.099281
v -0.032528 -0.180862 0.027903
v -0.146716 -0.046991 -0.102837
v -0.131101 -0.051093 -0.120351
v -0.111167 -0.053024 -0.135006
v -0.058844 -0.075765 -0.149417
v -0.027107 -0.074357 -0.146570
v -0.022386 -0.115890 0.099576
v -0.017746 -0.105326 0.107111
v -0.008742 -0.107897 0.107467
v -0.009898 -0.123437 0.097184
v -0.101945 0.019107 0.093190
v -0.080275 0.011711 0.106883
v -0.038511 0.002490 0.125513
v -0.019483 0.000916 0.130034
v -0.155784 0.046466 0.035647
v -0.058764 0.006083 0.117864
v -0.142484 0.037067 0.057354
v -0.123385 0.027626 0.076415
v -0.402865 -0.698475 -0.056185
v -0.416916 -0.723011 -0.051843
v -0.417274 -0.721675 -0.067196
v -0.400041 -0.697833 -0.071004
v -0.412036 -0.686207 -0.098880
v -0.402960 -0.693414 -0.091345
v -0.424702 -0.678951 -0.100523
v -0.436054 -0.706122 -0.099609
v -0.446974 -0.701445 -0.092665
v -0.436020 -0.673567 -0.095640
v -0.444651 -0.670128 -0.086231
v -0.461528 -0.695627 -0.072375
v -0.463789 -0.694698 -0.054328
v -0.454869 -0.667647 -0.055875
v -0.451310 -0.668178 -0.074118
v -0.452617 -0.673851 -0.035771
v -0.461081 -0.699671 -0.034401
v -0.440490 -0.683800 -0.024814
v -0.408787 -0.698680 -0.040034
v -0.420507 -0.723030 -0.034682
v -0.423934 -0.712836 -0.098472
v -0.417089 -0.718874 -0.088182
v -0.398077 -0.697321 -0.081279
v -0.417283 -0.720566 -0.077422
v -0.429014 -0.746715 -0.062086
v -0.424963 -0.749207 -0.046169
v -0.436337 -0.738371 -0.098566
v -0.433112 -0.742077 -0.084756
v -0.457808 -0.727940 -0.090137
v -0.448171 -0.731618 -0.100830
v -0.475373 -0.720087 -0.071283
v -0.454694 -0.698183 -0.083407
v -0.467310 -0.723750 -0.081410
v -0.476920 -0.718343 -0.053129
v -0.472721 -0.722586 -0.030333
v -0.428739 -0.747543 -0.027789
v -0.432367 -0.744700 -0.073339
v -0.521593 -0.802899 0.127062
v -0.515012 -0.806491 0.128879
v -0.513544 -0.801052 0.127586
v -0.517776 -0.799065 0.126700
v -0.485230 -0.819852 0.136550
v -0.476281 -0.828342 0.134815
v -0.471393 -0.816889 0.137025
v -0.478265 -0.811465 0.138621
v -0.502421 -0.812834 0.136443
v -0.509637 -0.809305 0.135671
v -0.509419 -0.813592 0.132608
v -0.504797 -0.815719 0.133112
v -0.539603 -0.791310 0.097339
v -0.544734 -0.788863 0.094669
v -0.545245 -0.793320 0.093072
v -0.542016 -0.795116 0.094733
v -0.528771 -0.799604 0.115948
v -0.534176 -0.797555 0.113180
v -0.534462 -0.801297 0.111216
v -0.531715 -0.803676 0.112727
v -0.480555 -0.805653 0.116358
v -0.479802 -0.807146 0.130278
v -0.468912 -0.815153 0.127877
v -0.466404 -0.811225 0.114072
v -0.468209 -0.826614 0.123824
v -0.477681 -0.828076 0.121008
v -0.476810 -0.828978 0.106932
v -0.466097 -0.824760 0.108737
v -0.489194 -0.822816 0.123000
v -0.489317 -0.822983 0.110026
v -0.492324 -0.812329 0.114087
v -0.492858 -0.811370 0.128821
v -0.509261 -0.803178 0.116281
v -0.512825 -0.804541 0.128082
v -0.504943 -0.801467 0.129280
v -0.501446 -0.798325 0.117489
v -0.497465 -0.805559 0.130549
v -0.491006 -0.803916 0.118808
v -0.492753 -0.814925 0.116834
v -0.494837 -0.814501 0.130561
v -0.501846 -0.817083 0.126489
v -0.499814 -0.817770 0.113371
v -0.507909 -0.813028 0.113330
v -0.510510 -0.813199 0.125492
v -0.516705 -0.791506 0.110169
v -0.518259 -0.796647 0.120921
v -0.511578 -0.800238 0.121849
v -0.507624 -0.796735 0.112361
v -0.510973 -0.809262 0.122086
v -0.517455 -0.810002 0.120143
v -0.515309 -0.809888 0.109623
v -0.508767 -0.807833 0.112352
v -0.523813 -0.804958 0.108423
v -0.524386 -0.806888 0.119307
v -0.524100 -0.795738 0.110511
v -0.525499 -0.799534 0.120485
v -0.537755 -0.789809 0.096835
v -0.537806 -0.794257 0.106388
v -0.532354 -0.790459 0.107758
v -0.531647 -0.784773 0.097670
v -0.526587 -0.792334 0.109622
v -0.524447 -0.788587 0.101753
v -0.524597 -0.798748 0.110271
v -0.530160 -0.804371 0.107514
v -0.530155 -0.802321 0.099373
v -0.524657 -0.795848 0.103693
v -0.536551 -0.801525 0.105601
v -0.537406 -0.798655 0.095697
v -0.543578 -0.778902 0.080469
v -0.548601 -0.784378 0.077343
v -0.547630 -0.786902 0.087496
v -0.543274 -0.782844 0.088864
v -0.537927 -0.784010 0.091910
v -0.537617 -0.781088 0.085686
v -0.536747 -0.790462 0.092062
v -0.540659 -0.796566 0.089490
v -0.541207 -0.795378 0.083371
v -0.537696 -0.788089 0.087143
v -0.546734 -0.793578 0.087463
v -0.546880 -0.791784 0.078921
v -0.464541 -0.808057 0.100046
v -0.483664 -0.803217 0.102947
v -0.479212 -0.827189 0.130421
v -0.465269 -0.823156 0.094287
v -0.485625 -0.824280 0.131153
v -0.492894 -0.821245 0.098022
v -0.477186 -0.828130 0.092504
v -0.491114 -0.813246 0.108004
v -0.505754 -0.804808 0.135258
v -0.507569 -0.805665 0.106809
v -0.510495 -0.812113 0.097379
v -0.501681 -0.807137 0.135894
v -0.500869 -0.795233 0.101451
v -0.517900 -0.788578 0.092738
v -0.518723 -0.809455 0.126055
v -0.522392 -0.807899 0.125380
v -0.527238 -0.804022 0.091015
v -0.524185 -0.794213 0.101573
v -0.532140 -0.793640 0.113104
v -0.538330 -0.786971 0.087437
v -0.540162 -0.796958 0.079939
v -0.528395 -0.794778 0.114119
v -0.532303 -0.780657 0.081344
v -0.542285 -0.786051 0.093698
v -0.549227 -0.782119 0.064782
v -0.548321 -0.791318 0.068058
v -0.539433 -0.786597 0.095553
v -0.543025 -0.775737 0.069576
v -0.417077 -0.696645 -0.027874
v -0.428563 -0.720166 -0.022272
v -0.428215 -0.692285 -0.022626
v -0.450753 -0.708842 -0.022229
v -0.439494 -0.716103 -0.018532
v -0.438456 -0.742651 -0.013677
v -0.461930 -0.730882 -0.016789
v -0.450399 -0.737145 -0.010760
v -0.486838 -0.737772 -0.073953
v -0.490337 -0.736407 -0.054663
v -0.476194 -0.742478 -0.083403
v -0.457817 -0.750444 -0.104618
v -0.467927 -0.746086 -0.094209
v -0.446791 -0.760585 -0.003372
v -0.438889 -0.767110 -0.021741
v -0.459491 -0.753190 0.001533
v -0.473521 -0.745361 -0.005757
v -0.458809 -0.806164 0.083496
v -0.459060 -0.805483 0.062082
v -0.467970 -0.789280 0.065734
v -0.475169 -0.795306 0.085081
v -0.485882 -0.780778 0.061736
v -0.493850 -0.789428 0.081184
v -0.502972 -0.775331 0.053907
v -0.510521 -0.782423 0.073584
v -0.518508 -0.771706 0.044235
v -0.526065 -0.776677 0.063479
v -0.533296 -0.771817 0.034394
v -0.539606 -0.773458 0.053982
v -0.544798 -0.777195 0.028697
v -0.549601 -0.779004 0.048767
v -0.462027 -0.824032 0.077294
v -0.462926 -0.821531 0.056604
v -0.476815 -0.829870 0.074099
v -0.478296 -0.829206 0.053200
v -0.492662 -0.822218 0.073361
v -0.493136 -0.821988 0.051411
v -0.547034 -0.790890 0.030367
v -0.549591 -0.792094 0.051270
v -0.509759 -0.813553 0.069669
v -0.508975 -0.812651 0.047361
v -0.526031 -0.806398 0.063856
v -0.524600 -0.805518 0.041383
v -0.539611 -0.799785 0.057187
v -0.537872 -0.799180 0.035184
v -0.460954 -0.785092 0.041958
v -0.476292 -0.771059 0.041038
v -0.493261 -0.766410 0.031984
v -0.509188 -0.765676 0.021090
v -0.524762 -0.769660 0.010824
v -0.537673 -0.774957 0.005735
v -0.501551 -0.755022 -0.007004
v -0.517432 -0.769022 -0.015288
v -0.529583 -0.776615 -0.018072
v -0.512722 -0.768362 -0.041599
v -0.523073 -0.778124 -0.042117
v -0.504642 -0.771134 -0.083973
v -0.516274 -0.781577 -0.085998
v -0.518841 -0.778718 -0.066079
v -0.508061 -0.768985 -0.065508
v -0.497712 -0.754441 -0.035986
v -0.496896 -0.753979 -0.060714
v -0.492135 -0.755751 -0.078465
v -0.502816 -0.789395 -0.109712
v -0.511908 -0.784688 -0.099609
v -0.500700 -0.773276 -0.097215
v -0.493135 -0.776154 -0.108830
v -0.479299 -0.784356 -0.116383
v -0.488678 -0.798361 -0.113859
v -0.466035 -0.794255 -0.106087
v -0.474613 -0.808360 -0.105850
v -0.479531 -0.761008 -0.101110
v -0.486098 -0.758719 -0.090305
v -0.468534 -0.766506 -0.109737
v -0.456501 -0.775307 -0.101330
v -0.454299 -0.778438 -0.084284
v -0.462826 -0.798168 -0.086987
v -0.468641 -0.812969 -0.088019
v -0.459512 -0.804026 0.036780
v -0.465346 -0.815672 0.032357
v -0.483841 -0.754995 0.011666
v -0.466795 -0.762461 0.019959
v -0.453199 -0.777987 0.012807
v -0.456969 -0.801889 0.009428
v -0.467760 -0.812639 0.005148
v -0.468542 -0.811257 -0.019412
v -0.456607 -0.802811 -0.016757
v -0.478366 -0.821509 0.028652
v -0.478991 -0.814880 0.002313
v -0.478572 -0.813478 -0.021734
v -0.467590 -0.812157 -0.040878
v -0.456924 -0.802462 -0.039080
v -0.467496 -0.812114 -0.058138
v -0.459064 -0.799982 -0.056876
v -0.460845 -0.798695 -0.071190
v -0.467548 -0.812791 -0.072444
v -0.449202 -0.782479 -0.057118
v -0.451284 -0.780017 -0.070019
v -0.447260 -0.785755 -0.039073
v -0.447376 -0.785139 -0.015972
v -0.541448 -0.788617 0.006630
v -0.533953 -0.787825 -0.017279
v -0.526481 -0.788006 -0.041017
v -0.522354 -0.790213 -0.064683
v -0.517865 -0.794002 -0.083082
v -0.512769 -0.796999 -0.094602
v -0.492918 -0.806825 -0.106026
v -0.504909 -0.800490 -0.103322
v -0.482902 -0.813902 -0.100524
v -0.478965 -0.818267 -0.086293
v -0.478270 -0.819745 -0.073137
v -0.477865 -0.816150 -0.042958
v -0.477221 -0.818963 -0.059427
v -0.434766 -0.769863 -0.042257
v -0.437474 -0.767402 -0.060072
v -0.441552 -0.764566 -0.071757
v -0.447343 -0.758330 -0.098463
v -0.444471 -0.761330 -0.083218
v -0.492532 -0.818353 0.025855
v -0.507431 -0.809912 0.021593
v -0.521832 -0.802970 0.015848
v -0.533827 -0.796888 0.010500
v -0.528687 -0.795646 -0.014317
v -0.518261 -0.801539 -0.010406
v -0.505035 -0.808579 -0.005666
v -0.490874 -0.813357 -0.000830
v -0.522255 -0.796533 -0.037937
v -0.513575 -0.802680 -0.034159
v -0.501767 -0.809234 -0.030440
v -0.489716 -0.813421 -0.025185
v -0.488255 -0.816607 -0.046680
v -0.498076 -0.812024 -0.052232
v -0.508297 -0.805732 -0.055744
v -0.516376 -0.799225 -0.060294
v -0.511747 -0.801710 -0.077445
v -0.503850 -0.807473 -0.072191
v -0.494887 -0.813500 -0.068148
v -0.487047 -0.817750 -0.063369
v -0.507578 -0.803533 -0.087532
v -0.495307 -0.809765 -0.098076
v -0.502290 -0.805866 -0.094450
v -0.488541 -0.814655 -0.095088
v -0.486495 -0.817004 -0.085140
v -0.486443 -0.817905 -0.074693
v -0.493323 -0.813595 -0.077812
v -0.492337 -0.813358 -0.085406
v -0.501144 -0.808181 -0.081517
v -0.498263 -0.808985 -0.088358
v -0.492080 -0.812658 -0.091233
v -0.495102 -0.810443 -0.092571
v -0.484885 -0.741947 -0.025933
v -0.291687 -0.447832 0.014880
v -0.277129 -0.452712 0.010059
v -0.305744 -0.438327 0.015786
v -0.132795 -0.071599 0.087204
v -0.085067 0.145316 0.102928
v -0.084909 0.187420 0.096547
v -0.084547 0.166082 0.099645
v -0.145188 -0.094525 0.090748
v -0.130537 0.211272 0.043462
v -0.107386 0.364571 0.078170
v -0.076980 0.653338 -0.015099
v -0.075073 0.650083 -0.016026
v -0.073887 0.646978 -0.017891
v -0.073133 0.644723 -0.020892
v -0.072381 0.642826 -0.024039
v -0.070682 0.642562 -0.027170
v -0.075661 0.648109 -0.020652
v -0.073051 0.650744 -0.023571
v -0.073648 0.652153 -0.021739
v -0.076159 0.650387 -0.019013
f 2 3 1
f 1 3 4
f 3 2 5
f 5 2 6
f 3 7 4
f 4 7 8
f 10 11 9
f 9 11 12
f 14 15 13
f 13 15 16
f 18 19 17
f 17 19 20
f 22 23 21
f 21 23 24
f 26 18 25
f 25 18 17
f 27 28 17
f 17 28 25
f 30 31 29
f 29 31 32
f 34 35 33
f 33 35 36
f 21 24 37
f 37 24 38
f 40 31 39
f 39 31 38
f 34 33 28
f 28 33 25
f 41 42 44
f 44 42 43
f 36 45 33
f 33 45 25
f 46 47 49
f 49 47 48
f 51 52 50
f 50 52 53
f 55 53 54
f 54 53 52
f 57 58 56
f 56 58 59
f 61 62 60
f 60 62 63
f 65 66 64
f 64 66 67
f 69 70 68
f 68 70 71
f 65 73 72
f 72 73 74
f 64 75 65
f 65 75 73
f 77 78 76
f 76 78 79
f 80 81 83
f 83 81 82
f 81 85 84
f 84 85 86
f 88 89 87
f 87 89 69
f 88 87 90
f 90 87 91
f 93 94 92
f 92 94 95
f 96 84 43
f 43 84 44
f 51 98 97
f 97 98 86
f 97 99 51
f 51 99 52
f 54 52 100
f 100 52 99
f 58 101 59
f 59 101 102
f 62 103 63
f 63 103 104
f 105 106 6
f 6 106 5
f 108 109 107
f 107 109 110
f 112 113 111
f 111 113 114
f 116 117 115
f 115 117 118
f 120 121 119
f 119 121 122
f 124 125 123
f 123 125 126
f 128 129 127
f 127 129 130
f 130 131 127
f 127 131 132
f 134 1 133
f 133 1 135
f 1 4 135
f 135 4 136
f 4 8 136
f 136 8 137
f 138 139 15
f 15 139 140
f 140 139 141
f 141 139 142
f 144 57 143
f 143 57 56
f 145 146 141
f 141 146 147
f 146 149 148
f 148 149 150
f 152 153 151
f 151 153 154
f 141 147 140
f 140 147 155
f 157 11 156
f 156 11 158
f 160 161 159
f 159 161 162
f 164 165 163
f 163 165 166
f 165 160 166
f 166 160 159
f 168 169 167
f 167 169 170
f 169 171 170
f 170 171 172
f 149 173 150
f 150 173 174
f 175 176 149
f 149 176 173
f 178 172 177
f 177 172 171
f 180 181 179
f 179 181 182
f 184 180 183
f 183 180 179
f 186 187 185
f 185 187 188
f 190 191 189
f 189 191 192
f 7 193 8
f 8 193 194
f 196 162 195
f 195 162 161
f 197 168 198
f 198 168 167
f 181 199 182
f 182 199 200
f 202 203 201
f 201 203 204
f 187 186 205
f 205 186 206
f 208 209 207
f 207 209 210
f 212 213 211
f 211 213 214
f 215 216 218
f 218 216 217
f 220 209 219
f 219 209 208
f 204 186 221
f 221 186 185
f 201 204 222
f 222 204 221
f 223 211 220
f 220 211 209
f 224 225 214
f 214 225 210
f 203 206 204
f 204 206 186
f 227 187 226
f 226 187 205
f 27 228 21
f 21 228 22
f 230 231 229
f 229 231 232
f 234 235 233
f 233 235 236
f 238 239 237
f 237 239 240
f 119 122 118
f 118 122 115
f 112 242 241
f 241 242 243
f 98 51 244
f 244 51 50
f 245 138 14
f 14 138 15
f 11 10 158
f 158 10 246
f 89 85 69
f 69 85 70
f 11 157 12
f 12 157 247
f 249 164 248
f 248 164 163
f 177 250 178
f 178 250 251
f 253 254 252
f 252 254 255
f 187 227 188
f 188 227 256
f 212 257 213
f 213 257 258
f 260 134 259
f 259 134 133
f 165 164 135
f 135 164 133
f 160 165 136
f 136 165 135
f 136 137 160
f 160 137 161
f 137 261 161
f 161 261 195
f 263 264 262
f 262 264 265
f 13 16 266
f 266 16 267
f 268 267 155
f 155 267 16
f 147 269 155
f 155 269 268
f 162 196 167
f 167 196 198
f 167 170 162
f 162 170 159
f 170 172 159
f 159 172 166
f 172 178 166
f 166 178 163
f 178 251 163
f 163 251 248
f 168 270 169
f 169 270 271
f 272 273 171
f 171 273 177
f 271 272 169
f 169 272 171
f 168 197 270
f 270 197 274
f 250 177 275
f 275 177 273
f 277 45 276
f 276 45 278
f 280 281 279
f 279 281 282
f 284 104 283
f 283 104 103
f 285 215 286
f 286 215 218
f 288 289 287
f 287 289 290
f 291 80 66
f 66 80 83
f 293 294 292
f 292 294 295
f 73 91 74
f 74 91 87
f 91 73 92
f 92 73 75
f 279 77 280
f 280 77 76
f 80 291 70
f 70 291 71
f 277 47 96
f 96 47 82
f 297 175 296
f 296 175 149
f 299 154 298
f 298 154 153
f 225 300 210
f 210 300 207
f 224 301 206
f 206 301 205
f 210 209 214
f 214 209 211
f 226 205 302
f 302 205 301
f 304 305 303
f 303 305 306
f 308 309 307
f 307 309 310
f 72 291 65
f 65 291 66
f 66 83 67
f 67 83 46
f 312 313 311
f 311 313 314
f 316 317 315
f 315 317 36
f 29 318 35
f 35 318 319
f 321 32 320
f 320 32 322
f 311 314 323
f 323 314 324
f 315 325 316
f 316 325 326
f 318 287 319
f 319 287 290
f 328 321 327
f 327 321 320
f 329 330 39
f 39 330 331
f 332 333 40
f 40 333 322
f 309 334 285
f 285 334 335
f 236 2 134
f 134 2 1
f 260 336 233
f 233 336 337
f 237 14 265
f 265 14 13
f 84 86 44
f 44 86 98
f 189 192 7
f 7 192 193
f 44 98 41
f 41 98 244
f 237 240 14
f 14 240 245
f 7 3 189
f 189 3 5
f 338 71 72
f 72 71 291
f 262 265 266
f 266 265 13
f 124 123 339
f 339 123 105
f 123 109 105
f 105 109 106
f 189 5 190
f 190 5 106
f 111 114 12
f 12 114 9
f 264 340 265
f 265 340 237
f 342 343 341
f 341 343 344
f 6 235 105
f 105 235 339
f 234 346 345
f 345 346 347
f 349 350 348
f 348 350 351
f 107 352 108
f 108 352 353
f 355 356 354
f 354 356 357
f 237 340 238
f 238 340 358
f 12 247 111
f 111 247 359
f 264 263 116
f 116 263 360
f 361 362 222
f 222 362 201
f 364 365 363
f 363 365 366
f 368 369 367
f 367 369 370
f 372 373 371
f 371 373 374
f 375 376 372
f 372 376 377
f 378 379 381
f 381 379 380
f 382 383 269
f 269 383 268
f 150 174 365
f 365 174 384
f 380 377 381
f 381 377 376
f 271 270 180
f 180 270 181
f 273 272 252
f 252 272 184
f 272 271 184
f 184 271 180
f 181 270 274
f 252 255 273
f 273 255 275
f 254 385 255
f 255 385 386
f 387 388 179
f 179 388 183
f 389 387 182
f 182 387 179
f 182 200 389
f 389 200 390
f 388 391 183
f 183 391 253
f 391 392 253
f 253 392 254
f 394 379 393
f 393 379 378
f 185 188 395
f 395 188 396
f 221 185 397
f 397 185 395
f 222 221 398
f 398 221 397
f 188 256 396
f 396 256 399
f 400 401 256
f 256 401 399
f 402 403 405
f 405 403 404
f 148 150 364
f 364 150 365
f 393 406 394
f 394 406 407
f 158 246 393
f 393 246 406
f 342 19 238
f 238 19 239
f 23 22 350
f 350 22 354
f 244 50 245
f 245 50 138
f 55 142 53
f 53 142 139
f 145 144 296
f 296 144 143
f 355 228 341
f 341 228 20
f 41 240 42
f 42 240 239
f 283 308 284
f 284 308 307
f 349 409 408
f 408 409 410
f 244 245 41
f 41 245 240
f 268 383 406
f 406 383 407
f 346 411 349
f 349 411 409
f 251 412 248
f 248 412 413
f 275 414 250
f 250 414 415
f 25 45 26
f 26 45 277
f 43 26 96
f 96 26 277
f 416 417 61
f 61 417 62
f 329 24 408
f 408 24 23
f 31 40 32
f 32 40 322
f 39 38 329
f 329 38 24
f 37 38 30
f 30 38 31
f 418 419 421
f 421 419 420
f 78 295 79
f 79 295 294
f 124 339 422
f 422 339 345
f 232 131 357
f 357 131 351
f 2 236 6
f 6 236 235
f 252 184 253
f 253 184 183
f 227 423 256
f 256 423 400
f 423 227 305
f 305 227 226
f 424 258 425
f 425 258 257
f 426 427 212
f 212 427 257
f 259 133 249
f 249 133 164
f 419 418 428
f 428 418 429
f 327 430 328
f 328 430 288
f 49 431 46
f 46 431 67
f 306 302 424
f 424 302 258
f 313 432 314
f 314 432 433
f 32 321 29
f 29 321 318
f 324 314 433
f 287 318 328
f 328 318 321
f 134 260 236
f 236 260 233
f 345 339 234
f 234 339 235
f 357 351 354
f 354 351 350
f 408 23 349
f 349 23 350
f 317 278 36
f 36 278 45
f 432 313 429
f 429 313 428
f 435 428 434
f 434 428 313
f 42 239 18
f 18 239 19
f 43 42 26
f 26 42 18
f 121 120 436
f 436 120 437
f 302 301 258
f 258 301 213
f 110 109 126
f 126 109 123
f 238 358 342
f 342 358 343
f 341 20 342
f 342 20 19
f 322 438 320
f 320 438 439
f 320 439 327
f 327 439 430
f 333 440 322
f 322 440 438
f 289 288 323
f 323 288 430
f 115 340 116
f 116 340 264
f 146 145 149
f 149 145 296
f 15 140 16
f 16 140 155
f 441 442 152
f 152 442 153
f 225 224 203
f 203 224 206
f 175 297 154
f 154 297 151
f 293 443 294
f 294 443 444
f 248 413 249
f 249 413 445
f 446 447 400
f 400 447 401
f 388 387 396
f 396 387 395
f 387 389 395
f 395 389 397
f 391 388 399
f 399 388 396
f 401 392 399
f 399 392 391
f 255 386 275
f 275 386 414
f 449 450 448
f 448 450 451
f 335 452 285
f 285 452 215
f 453 298 442
f 442 298 153
f 211 223 212
f 212 223 426
f 425 257 454
f 454 257 427
f 266 10 262
f 262 10 9
f 360 113 456
f 456 113 455
f 8 194 137
f 137 194 261
f 10 266 246
f 246 266 267
f 203 202 225
f 225 202 300
f 262 9 263
f 263 9 114
f 108 353 190
f 190 353 191
f 389 390 397
f 397 390 398
f 457 422 128
f 128 422 129
f 156 158 378
f 378 158 393
f 347 346 348
f 348 346 349
f 447 458 401
f 401 458 392
f 364 382 148
f 148 382 269
f 55 54 57
f 57 54 58
f 75 64 459
f 459 64 460
f 100 90 101
f 101 90 95
f 101 58 100
f 100 58 54
f 142 55 144
f 144 55 57
f 147 146 269
f 269 146 148
f 459 93 75
f 75 93 92
f 144 145 142
f 142 145 141
f 228 27 20
f 20 27 17
f 154 299 175
f 175 299 176
f 214 213 224
f 224 213 301
f 424 461 306
f 306 461 303
f 285 286 309
f 309 286 310
f 462 334 308
f 308 334 309
f 302 306 226
f 226 306 305
f 37 28 21
f 21 28 27
f 29 35 30
f 30 35 34
f 30 34 37
f 37 34 28
f 344 436 356
f 356 436 229
f 325 290 326
f 326 290 289
f 311 439 312
f 312 439 438
f 35 319 36
f 36 319 315
f 439 311 430
f 430 311 323
f 315 319 325
f 325 319 290
f 440 463 438
f 438 463 312
f 341 344 355
f 355 344 356
f 360 456 116
f 116 456 117
f 354 22 355
f 355 22 228
f 326 289 324
f 324 289 323
f 74 87 68
f 68 87 69
f 50 53 138
f 138 53 139
f 268 406 267
f 267 406 246
f 190 106 108
f 108 106 109
f 241 455 112
f 112 455 113
f 358 122 343
f 343 122 121
f 129 347 130
f 130 347 348
f 348 351 130
f 130 351 131
f 229 232 356
f 356 232 357
f 340 115 358
f 358 115 122
f 111 359 112
f 112 359 242
f 125 124 457
f 457 124 422
f 231 132 232
f 232 132 131
f 343 121 344
f 344 121 436
f 263 114 360
f 360 114 113
f 347 129 345
f 345 129 422
f 230 229 437
f 437 229 436
f 464 446 423
f 423 446 400
f 465 466 468
f 468 466 467
f 470 471 469
f 469 471 472
f 469 472 373
f 373 472 374
f 474 469 473
f 473 469 373
f 471 475 472
f 472 475 476
f 472 477 374
f 374 477 478
f 477 472 476
f 479 480 476
f 476 480 477
f 473 373 377
f 377 373 372
f 481 482 479
f 479 482 480
f 483 484 481
f 481 484 482
f 403 402 485
f 485 402 486
f 487 488 483
f 483 488 484
f 487 489 488
f 488 489 490
f 489 491 490
f 490 491 492
f 491 493 492
f 492 493 494
f 493 495 494
f 494 495 496
f 497 498 481
f 481 498 483
f 484 499 482
f 482 499 367
f 370 480 367
f 367 480 482
f 480 370 477
f 477 370 478
f 500 497 479
f 479 497 481
f 451 473 380
f 380 473 377
f 448 451 379
f 379 451 380
f 501 502 504
f 504 502 503
f 449 505 507
f 507 505 506
f 486 508 505
f 505 508 506
f 508 509 506
f 506 509 510
f 511 507 510
f 510 507 506
f 509 508 512
f 512 508 513
f 515 509 514
f 514 509 512
f 509 515 510
f 510 515 516
f 510 516 511
f 511 516 517
f 486 505 485
f 485 505 518
f 505 449 518
f 518 449 448
f 383 382 403
f 403 382 404
f 363 404 364
f 364 404 382
f 403 485 383
f 383 485 407
f 519 520 361
f 361 520 362
f 522 496 521
f 521 496 495
f 450 474 451
f 451 474 473
f 363 366 523
f 523 366 524
f 525 499 488
f 488 499 484
f 488 490 525
f 525 490 526
f 496 522 520
f 520 522 527
f 494 496 519
f 519 496 520
f 492 494 528
f 528 494 519
f 529 530 495
f 495 530 521
f 490 492 526
f 526 492 528
f 529 495 531
f 531 495 493
f 533 534 532
f 532 534 535
f 523 524 533
f 533 524 534
f 486 402 532
f 532 402 533
f 529 536 530
f 530 536 537
f 536 538 537
f 537 538 539
f 540 541 539
f 539 541 537
f 530 537 535
f 535 537 541
f 542 539 543
f 543 539 538
f 539 542 540
f 540 542 544
f 541 540 513
f 513 540 512
f 540 544 512
f 512 544 514
f 546 547 545
f 545 547 548
f 549 550 531
f 531 550 551
f 550 549 552
f 552 549 553
f 546 550 554
f 554 550 552
f 547 546 555
f 555 546 554
f 498 556 558
f 558 556 557
f 559 557 560
f 560 557 556
f 561 562 560
f 560 562 559
f 557 559 552
f 552 559 554
f 559 562 554
f 554 562 555
f 558 557 553
f 553 557 552
f 475 471 563
f 563 471 564
f 565 563 567
f 567 563 566
f 471 470 564
f 564 470 466
f 564 466 568
f 568 466 465
f 568 465 569
f 569 465 570
f 572 573 571
f 571 573 574
f 569 575 567
f 567 575 576
f 577 565 576
f 576 565 567
f 578 579 581
f 581 579 580
f 575 561 576
f 576 561 560
f 556 577 560
f 560 577 576
f 577 556 497
f 497 556 498
f 565 577 500
f 500 577 497
f 563 565 475
f 475 565 500
f 553 489 558
f 558 489 487
f 531 493 549
f 549 493 491
f 489 553 491
f 491 553 549
f 394 407 518
f 518 407 485
f 518 448 394
f 394 448 379
f 545 548 538
f 538 548 543
f 551 545 536
f 536 545 538
f 536 529 551
f 551 529 531
f 507 582 449
f 449 582 450
f 511 583 507
f 507 583 582
f 511 517 583
f 583 517 584
f 585 586 588
f 588 586 587
f 590 591 589
f 589 591 592
f 591 590 593
f 593 590 594
f 596 597 595
f 595 597 598
f 599 600 602
f 602 600 601
f 604 605 603
f 603 605 606
f 608 609 607
f 607 609 610
f 612 613 611
f 611 613 614
f 615 616 618
f 618 616 617
f 620 621 619
f 619 621 622
f 624 625 623
f 623 625 626
f 628 629 627
f 627 629 630
f 632 633 631
f 631 633 634
f 635 636 638
f 638 636 637
f 639 640 642
f 642 640 641
f 644 645 643
f 643 645 646
f 619 622 647
f 647 622 648
f 650 651 649
f 649 651 652
f 601 653 602
f 602 653 654
f 656 657 655
f 655 657 658
f 660 661 659
f 659 661 662
f 664 665 663
f 663 665 666
f 593 594 667
f 667 594 668
f 669 670 672
f 672 670 671
f 673 674 676
f 676 674 675
f 633 632 677
f 677 632 678
f 663 666 679
f 679 666 680
f 681 682 684
f 684 682 683
f 686 687 685
f 685 687 688
f 690 661 689
f 689 661 691
f 693 686 692
f 692 686 685
f 695 597 694
f 694 597 668
f 594 696 668
f 668 696 694
f 697 698 696
f 696 698 699
f 700 701 697
f 697 701 698
f 702 585 703
f 703 585 588
f 671 690 672
f 672 690 689
f 640 639 704
f 704 639 705
f 679 706 663
f 663 706 658
f 708 709 707
f 707 709 710
f 711 712 610
f 610 712 607
f 713 714 716
f 716 714 715
f 717 718 720
f 720 718 719
f 722 634 721
f 721 634 633
f 724 725 723
f 723 725 726
f 728 729 727
f 727 729 730
f 732 733 731
f 731 733 734
f 707 710 735
f 735 710 736
f 643 737 644
f 644 737 738
f 740 741 739
f 739 741 742
f 608 744 743
f 743 744 745
f 747 748 746
f 746 748 749
f 751 752 750
f 750 752 753
f 754 755 757
f 757 755 756
f 758 759 761
f 761 759 760
f 763 764 762
f 762 764 765
f 767 768 766
f 766 768 769
f 771 772 770
f 770 772 773
f 775 776 774
f 774 776 777
f 779 780 778
f 778 780 781
f 783 712 782
f 782 712 784
f 785 786 788
f 788 786 787
f 790 628 789
f 789 628 627
f 792 793 791
f 791 793 794
f 795 796 726
f 726 796 723
f 798 799 797
f 797 799 800
f 721 633 801
f 801 633 677
f 797 800 802
f 802 800 803
f 805 806 804
f 804 806 807
f 809 810 808
f 808 810 811
f 813 814 812
f 812 814 815
f 809 808 817
f 817 808 816
f 818 819 804
f 804 819 805
f 820 821 818
f 818 821 819
f 821 820 587
f 587 820 822
f 809 823 810
f 810 823 824
f 814 807 815
f 815 807 806
f 826 426 825
f 825 426 223
f 426 826 427
f 427 826 827
f 828 829 454
f 454 829 830
f 831 832 677
f 677 832 801
f 834 835 833
f 833 835 836
f 838 839 837
f 837 839 840
f 841 842 844
f 844 842 843
f 845 846 803
f 803 846 802
f 847 831 678
f 678 831 677
f 848 849 851
f 851 849 850
f 853 854 852
f 852 854 855
f 857 858 856
f 856 858 680
f 860 861 859
f 859 861 862
f 864 865 863
f 863 865 866
f 868 869 867
f 867 869 870
f 839 871 840
f 840 871 872
f 849 848 874
f 874 848 873
f 876 877 875
f 875 877 878
f 880 881 879
f 879 881 882
f 883 884 886
f 886 884 885
f 846 887 802
f 802 887 888
f 890 891 889
f 889 891 888
f 893 894 892
f 892 894 895
f 896 897 728
f 728 897 729
f 899 900 898
f 898 900 901
f 902 852 904
f 904 852 903
f 849 905 850
f 850 905 906
f 875 878 907
f 907 878 908
f 910 911 909
f 909 911 912
f 914 915 913
f 913 915 916
f 917 918 862
f 862 918 859
f 919 920 856
f 856 920 921
f 923 924 922
f 922 924 925
f 926 927 925
f 925 927 922
f 929 930 928
f 928 930 693
f 932 695 931
f 931 695 694
f 823 867 824
f 824 867 933
f 935 936 934
f 934 936 937
f 938 868 823
f 823 868 867
f 940 847 939
f 939 847 678
f 632 655 678
f 678 655 939
f 941 942 619
f 619 942 620
f 687 943 688
f 688 943 944
f 851 850 945
f 945 850 903
f 850 906 903
f 903 906 904
f 946 947 949
f 949 947 948
f 951 952 950
f 950 952 953
f 955 956 954
f 954 956 957
f 907 958 875
f 875 958 874
f 960 961 959
f 959 961 962
f 963 853 902
f 902 853 852
f 909 964 910
f 910 964 965
f 967 968 966
f 966 968 969
f 971 972 970
f 970 972 973
f 974 960 975
f 975 960 959
f 977 978 976
f 976 978 979
f 981 977 980
f 980 977 976
f 980 982 981
f 981 982 983
f 985 983 984
f 984 983 982
f 984 986 985
f 985 986 987
f 989 990 988
f 988 990 991
f 993 994 992
f 992 994 995
f 997 998 996
f 996 998 999
f 1001 1002 1000
f 1000 1002 1003
f 1005 1006 1004
f 1004 1006 1007
f 1004 1008 1005
f 1005 1008 1009
f 1008 1010 1009
f 1009 1010 1011
f 1013 1011 1012
f 1012 1011 1010
f 1014 1015 1017
f 1017 1015 1016
f 1019 1020 1018
f 1018 1020 1021
f 1022 1023 976
f 976 1023 980
f 1024 1025 982
f 982 1025 984
f 992 995 1026
f 1026 995 1027
f 956 955 1028
f 1028 955 1029
f 1030 1031 1033
f 1033 1031 1032
f 1010 1008 1034
f 1034 1008 1035
f 1008 1004 1035
f 1035 1004 1036
f 1037 1038 1002
f 1002 1038 1007
f 1002 1001 1037
f 1037 1001 1039
f 1040 1041 997
f 997 1041 998
f 1015 1014 1043
f 1043 1014 1042
f 1044 1045 1047
f 1047 1045 1046
f 1044 1020 1048
f 1048 1020 1049
f 1050 1051 1003
f 1003 1051 1000
f 1052 1050 1006
f 1006 1050 1003
f 1053 1054 1011
f 1011 1054 1009
f 1013 1045 1055
f 1055 1045 1056
f 1058 1059 1057
f 1057 1059 1060
f 1062 1063 1061
f 1061 1063 1064
f 1065 1066 1050
f 1050 1066 1051
f 1067 1065 1052
f 1052 1065 1050
f 1068 1069 1054
f 1054 1069 1070
f 1071 1068 1053
f 1053 1068 1054
f 1073 1071 1072
f 1072 1071 1074
f 1074 1071 1055
f 1055 1071 1053
f 1076 1077 1075
f 1075 1077 1078
f 1079 1080 1057
f 1057 1080 1058
f 1081 1082 1064
f 1064 1082 1061
f 1084 1085 1083
f 1083 1085 1086
f 1088 1089 1087
f 1087 1089 1090
f 1092 1093 1091
f 1091 1093 1094
f 1096 1097 1095
f 1095 1097 1098
f 1099 1100 1102
f 1102 1100 1101
f 1103 1104 1099
f 1099 1104 1100
f 1106 1107 1105
f 1105 1107 1108
f 1110 1111 1109
f 1109 1111 1112
f 1114 1115 1113
f 1113 1115 1116
f 1118 1119 1117
f 1117 1119 1077
f 1117 1120 1122
f 1122 1120 1121
f 1105 1123 1106
f 1106 1123 1124
f 1125 1126 1128
f 1128 1126 1127
f 1130 1131 1129
f 1129 1131 1132
f 1134 1135 1133
f 1133 1135 1114
f 1113 1136 1114
f 1114 1136 1133
f 1118 1137 1113
f 1113 1137 1136
f 1118 1117 1137
f 1137 1117 1122
f 1139 1140 1138
f 1138 1140 1141
f 1143 953 1142
f 1142 953 952
f 1145 957 1144
f 1144 957 956
f 1028 1146 956
f 956 1146 1144
f 1014 1147 1042
f 1042 1147 1148
f 1014 1017 1147
f 1147 1017 1149
f 1059 1058 1150
f 1150 1058 1151
f 1153 1080 1152
f 1152 1080 1154
f 1156 1088 1155
f 1155 1088 1087
f 1157 1158 1106
f 1106 1158 1107
f 1106 1124 1157
f 1157 1124 1159
f 1161 1162 1160
f 1160 1162 1163
f 1165 1166 1164
f 1164 1166 1167
f 1168 1031 1012
f 1012 1031 1046
f 1024 1023 1035
f 1035 1023 1034
f 1036 1038 1025
f 1025 1038 1169
f 1170 1171 1039
f 1039 1171 1037
f 1028 1029 1042
f 1042 1029 1043
f 1172 1173 1175
f 1175 1173 1174
f 1055 1053 1013
f 1013 1053 1011
f 1005 1009 1070
f 1070 1009 1054
f 996 999 1062
f 1062 999 1063
f 1016 1060 1017
f 1017 1060 1059
f 1017 1059 1149
f 1149 1059 1150
f 1177 1178 1176
f 1176 1178 1103
f 1176 1072 1179
f 1179 1072 1074
f 1073 1102 1086
f 1086 1102 1083
f 1180 1181 1067
f 1067 1181 1065
f 1182 1183 1184
f 1184 1183 1181
f 1186 1187 1185
f 1185 1187 1188
f 1189 1190 798
f 798 1190 799
f 1192 1193 1191
f 1191 1193 1194
f 1195 1196 1194
f 1194 1196 1191
f 1196 1195 1198
f 1198 1195 1197
f 1200 674 1199
f 1199 674 673
f 928 1201 1203
f 1203 1201 1202
f 861 1204 862
f 862 1204 921
f 1205 1206 913
f 913 1206 1207
f 882 1208 879
f 879 1208 1209
f 1210 1211 1167
f 1167 1211 1164
f 1212 769 1213
f 1213 769 768
f 727 1214 728
f 728 1214 1215
f 1217 1218 1216
f 1216 1218 1219
f 1220 813 1221
f 1221 813 812
f 827 828 427
f 427 828 454
f 1223 1224 1222
f 1222 1224 1165
f 1226 1227 1225
f 1225 1227 1228
f 851 1229 848
f 848 1229 1230
f 834 854 835
f 835 854 1231
f 1233 1234 1232
f 1232 1234 1235
f 1237 751 1236
f 1236 751 750
f 743 819 1238
f 1238 819 821
f 1240 1241 1239
f 1239 1241 1242
f 1244 1245 1243
f 1243 1245 1246
f 844 1247 841
f 841 1247 1248
f 1250 1251 1249
f 1249 1251 1252
f 1254 893 1253
f 1253 893 1237
f 1255 1256 1258
f 1258 1256 1257
f 1260 1261 1259
f 1259 1261 1262
f 945 903 855
f 855 903 852
f 855 1263 945
f 945 1263 1264
f 832 845 801
f 801 845 803
f 800 721 803
f 803 721 801
f 721 800 722
f 722 800 799
f 1266 1267 1265
f 1265 1267 1268
f 1270 795 1269
f 1269 795 726
f 725 1271 726
f 726 1271 1269
f 737 765 738
f 738 765 764
f 759 740 760
f 760 740 739
f 717 1272 1274
f 1274 1272 1273
f 1163 1226 1275
f 1275 1226 1225
f 1277 882 1276
f 1276 882 881
f 1041 1040 1027
f 1027 1040 1026
f 900 935 901
f 901 935 934
f 1164 1278 1165
f 1165 1278 1222
f 1211 1279 1164
f 1164 1279 1278
f 442 1280 453
f 453 1280 1281
f 788 1282 785
f 785 1282 1283
f 1285 1286 1284
f 1284 1286 1287
f 1284 1288 1285
f 1285 1288 1289
f 757 1289 754
f 754 1289 1288
f 605 604 675
f 675 604 676
f 1290 1291 1293
f 1293 1291 1292
f 1295 1296 1294
f 1294 1296 1297
f 696 699 694
f 694 699 931
f 1298 1299 592
f 592 1299 589
f 1299 1300 589
f 589 1300 700
f 1300 1301 700
f 700 1301 701
f 743 745 819
f 819 745 805
f 1303 1304 1302
f 1302 1304 1305
f 1306 1307 1305
f 1305 1307 1302
f 609 1298 610
f 610 1298 592
f 587 822 588
f 588 822 1308
f 703 588 1309
f 1309 588 1308
f 1310 703 571
f 571 703 1309
f 1311 1312 789
f 789 1312 790
f 825 223 1313
f 1313 223 220
f 219 1314 220
f 220 1314 1313
f 1315 1316 1311
f 1311 1316 1312
f 1317 1318 1319
f 1319 1318 1241
f 441 1320 442
f 442 1320 1280
f 1321 217 572
f 572 217 216
f 1323 1230 1322
f 1322 1230 1229
f 1324 1325 631
f 631 1325 656
f 1034 1168 1010
f 1010 1168 1012
f 1327 1328 1326
f 1326 1328 1329
f 1331 1202 1330
f 1330 1202 1201
f 571 1309 572
f 572 1309 1321
f 573 572 1332
f 1332 572 216
f 1334 1335 1333
f 1333 1335 1336
f 1337 1338 918
f 918 1338 859
f 1339 863 1340
f 1340 863 866
f 1341 1342 1344
f 1344 1342 1343
f 1345 1346 919
f 919 1346 920
f 1347 1348 673
f 673 1348 1199
f 693 1349 928
f 928 1349 1201
f 1351 1257 1350
f 1350 1257 1256
f 1350 1352 1351
f 1351 1352 1353
f 653 930 654
f 654 930 662
f 1279 1354 1278
f 1278 1354 1355
f 1357 1358 1356
f 1356 1358 1359
f 937 1360 1140
f 1140 1360 1361
f 1225 1228 909
f 909 1228 964
f 901 934 1362
f 1362 934 1139
f 1364 1365 1363
f 1363 1365 1362
f 1367 912 1366
f 1366 912 911
f 1143 1142 1368
f 1368 1142 1369
f 1144 1186 1145
f 1145 1186 1185
f 1146 1175 1144
f 1144 1175 1186
f 1175 1146 1172
f 1172 1146 1148
f 1147 1018 1148
f 1148 1018 1172
f 1018 1147 1019
f 1019 1147 1149
f 1149 1150 1019
f 1019 1150 1370
f 1150 1151 1370
f 1370 1151 1371
f 1151 1153 1371
f 1371 1153 1177
f 1152 1156 1178
f 1178 1156 1372
f 1155 1158 1373
f 1373 1158 1374
f 1157 1159 1376
f 1376 1159 1375
f 1378 1379 1377
f 1377 1379 1380
f 1382 1383 1381
f 1381 1383 1384
f 1382 1386 1385
f 1385 1386 1387
f 1386 1233 1387
f 1387 1233 1232
f 1389 1390 1388
f 1388 1390 1391
f 1393 1394 1392
f 1392 1394 1395
f 1397 1398 1396
f 1396 1398 1399
f 629 1397 630
f 630 1397 1396
f 1342 1400 1343
f 1343 1400 1401
f 1403 1404 1402
f 1402 1404 1405
f 1407 1408 1406
f 1406 1408 1409
f 1411 1412 1410
f 1410 1412 1413
f 793 1414 794
f 794 1414 1415
f 1417 1341 1416
f 1416 1341 1344
f 704 705 1347
f 1347 705 1418
f 741 1419 742
f 742 1419 1420
f 1422 669 1421
f 1421 669 672
f 645 1423 646
f 646 1423 1424
f 1196 1198 614
f 614 1198 611
f 613 1425 614
f 614 1425 1426
f 1427 616 659
f 659 616 660
f 614 1426 1196
f 1196 1426 1191
f 696 594 697
f 697 594 590
f 697 590 700
f 700 590 589
f 703 1310 702
f 702 1310 1428
f 1421 672 1192
f 1192 672 689
f 1271 648 1269
f 1269 648 622
f 621 1270 622
f 622 1270 1269
f 1429 1430 1417
f 1417 1430 1341
f 1431 1432 1434
f 1434 1432 1433
f 1436 1437 1435
f 1435 1437 1438
f 1440 1441 1439
f 1439 1441 1442
f 1443 1444 1446
f 1446 1444 1445
f 823 809 938
f 938 809 817
f 810 1447 811
f 811 1447 1448
f 1449 1450 679
f 679 1450 706
f 913 916 1205
f 1205 916 1451
f 1275 1225 912
f 912 1225 909
f 1452 1453 880
f 880 1453 881
f 1444 1401 1445
f 1445 1401 1400
f 936 1454 937
f 937 1454 1360
f 824 1455 810
f 810 1455 1447
f 631 656 632
f 632 656 655
f 966 1456 967
f 967 1456 1457
f 1459 1460 1458
f 1458 1460 1461
f 1460 1462 1461
f 1461 1462 1463
f 972 974 973
f 973 974 975
f 990 995 991
f 991 995 994
f 1464 1187 1033
f 1033 1187 1174
f 1018 1021 1172
f 1172 1021 1173
f 1000 999 1001
f 1001 999 998
f 976 979 1022
f 1022 979 1032
f 1023 1024 980
f 980 1024 982
f 989 986 1171
f 1171 986 1169
f 1171 1170 989
f 989 1170 990
f 1170 1027 990
f 990 1027 995
f 1041 1039 998
f 998 1039 1001
f 1051 1063 1000
f 1000 1063 999
f 1066 1064 1051
f 1051 1064 1063
f 1183 1081 1066
f 1066 1081 1064
f 1178 1372 1103
f 1103 1372 1104
f 1092 1091 1465
f 1465 1091 1182
f 1467 1465 1466
f 1466 1465 1468
f 1469 1470 1184
f 1184 1470 1468
f 1095 1098 1471
f 1471 1098 1101
f 1076 1374 1120
f 1120 1374 1376
f 1110 1472 1127
f 1127 1472 1132
f 1472 1473 1132
f 1132 1473 1129
f 1474 1475 1466
f 1466 1475 1473
f 1119 1118 1116
f 1116 1118 1113
f 1375 1121 1376
f 1376 1121 1120
f 1127 1132 1128
f 1128 1132 1131
f 1227 1476 1228
f 1228 1476 1361
f 1365 1477 1362
f 1362 1477 872
f 1478 1479 1323
f 1323 1479 1230
f 1480 1481 914
f 914 1481 915
f 913 1277 914
f 914 1277 1276
f 1168 1034 1022
f 1022 1034 1023
f 1035 1036 1024
f 1024 1036 1025
f 1039 1041 1170
f 1170 1041 1027
f 1042 1148 1028
f 1028 1148 1146
f 968 1459 969
f 969 1459 1458
f 1482 1483 664
f 664 1483 665
f 1485 1486 1484
f 1484 1486 1487
f 1489 1490 1488
f 1488 1490 1491
f 1492 1493 722
f 722 1493 634
f 1495 1496 1494
f 1494 1496 1497
f 1498 1207 1339
f 1339 1207 863
f 1224 1499 1165
f 1165 1499 1166
f 1160 1163 1500
f 1500 1163 1275
f 1500 877 1160
f 1160 877 1501
f 876 873 1502
f 1502 873 1479
f 945 1264 851
f 851 1264 1229
f 835 1231 839
f 839 1231 871
f 1503 1283 778
f 778 1283 1282
f 716 715 1505
f 1505 715 1504
f 1446 1445 1507
f 1507 1445 1506
f 779 792 1381
f 1381 792 791
f 1430 1409 1341
f 1341 1409 1342
f 1411 1429 1508
f 1508 1429 1417
f 635 1510 1509
f 1509 1510 1511
f 1377 1380 1315
f 1315 1380 1316
f 1445 1400 1506
f 1506 1400 1408
f 918 917 1336
f 1336 917 1333
f 1513 1514 1512
f 1512 1514 870
f 1515 1516 1363
f 1363 1516 1364
f 1453 1517 881
f 881 1517 1276
f 992 1518 993
f 993 1518 1519
f 1520 1029 1518
f 1518 1029 955
f 1520 1026 1521
f 1521 1026 1040
f 1522 1015 1521
f 1521 1015 1043
f 996 1523 997
f 997 1523 1522
f 1060 1016 1524
f 1524 1016 1523
f 1061 1525 1062
f 1062 1525 1524
f 1079 1527 1526
f 1526 1527 1528
f 1093 1529 1094
f 1094 1529 1528
f 1111 1530 1112
f 1112 1530 1531
f 1532 1533 1105
f 1105 1533 1123
f 934 937 1139
f 1139 937 1140
f 1138 1363 1139
f 1139 1363 1362
f 1534 1222 1355
f 1355 1222 1278
f 1535 1223 1534
f 1534 1223 1222
f 821 587 1238
f 1238 587 586
f 1319 711 1317
f 1317 711 1536
f 1538 1200 1537
f 1537 1200 1199
f 1508 1417 1539
f 1539 1417 1416
f 1540 1541 840
f 840 1541 837
f 1231 898 871
f 871 898 901
f 1500 1275 1367
f 1367 1275 912
f 1543 1379 1542
f 1542 1379 1395
f 1539 772 1508
f 1508 772 1544
f 1546 1403 1545
f 1545 1403 1402
f 1548 1549 1547
f 1547 1549 1550
f 1552 1548 1551
f 1551 1548 1547
f 1554 1555 1553
f 1553 1555 1556
f 1558 1559 1557
f 1557 1559 1560
f 1562 1563 1561
f 1561 1563 1564
f 1566 1567 1565
f 1565 1567 1568
f 1570 1571 1569
f 1569 1571 1572
f 1574 1575 1573
f 1573 1575 1576
f 1577 1578 1572
f 1572 1578 1569
f 1580 1581 1579
f 1579 1581 1582
f 1584 1585 1583
f 1583 1585 1586
f 1588 1555 1587
f 1587 1555 1589
f 1591 1592 1590
f 1590 1592 1593
f 1595 1596 1594
f 1594 1596 1597
f 1596 1581 1597
f 1597 1581 1576
f 1599 1570 1598
f 1598 1570 1569
f 1601 1602 1600
f 1600 1602 1603
f 1605 1606 1604
f 1604 1606 1607
f 1608 1609 1568
f 1568 1609 1565
f 1611 1612 1610
f 1610 1612 1613
f 1615 1616 1614
f 1614 1616 1617
f 1619 1617 1618
f 1618 1617 1616
f 1621 1622 1620
f 1620 1622 1623
f 1625 1626 1624
f 1624 1626 1627
f 1629 1630 1628
f 1628 1630 1631
f 1633 1634 1632
f 1632 1634 1635
f 1636 1637 1639
f 1639 1637 1638
f 1641 1642 1640
f 1640 1642 1643
f 1624 1627 1644
f 1644 1627 1645
f 1647 1648 1646
f 1646 1648 1649
f 1651 1652 1650
f 1650 1652 1653
f 1655 1656 1654
f 1654 1656 1657
f 1659 1660 1658
f 1658 1660 1661
f 1662 1663 1631
f 1631 1663 1628
f 1651 1665 1664
f 1664 1665 1666
f 1667 1656 1619
f 1619 1656 1617
f 1669 1670 1668
f 1668 1670 1671
f 1632 1635 1672
f 1672 1635 1673
f 1674 1675 1638
f 1638 1675 1639
f 1677 1678 1676
f 1676 1678 1679
f 1680 1640 1681
f 1681 1640 1643
f 1682 1683 1643
f 1643 1683 1681
f 1670 1669 1235
f 1235 1669 1232
f 1396 1399 1674
f 1674 1399 1675
f 627 630 1679
f 1679 630 1676
f 1681 1315 1680
f 1680 1315 1311
f 1683 1377 1681
f 1681 1377 1315
f 1672 1673 1387
f 1387 1673 1385
f 1636 1684 1646
f 1646 1684 1685
f 1687 1688 1686
f 1686 1688 1689
f 1585 1690 1586
f 1586 1690 1691
f 1599 1692 1551
f 1551 1692 1693
f 1552 1558 1694
f 1694 1558 1557
f 1696 1615 1695
f 1695 1615 1614
f 1698 1699 1697
f 1697 1699 1623
f 1700 1701 1703
f 1703 1701 1702
f 1705 1706 1704
f 1704 1706 1707
f 1708 1709 1640
f 1640 1709 1641
f 1710 1711 1713
f 1713 1711 1712
f 1652 1655 1653
f 1653 1655 1654
f 1714 1699 1712
f 1712 1699 1713
f 1715 1710 1716
f 1716 1710 1713
f 1717 1708 1680
f 1680 1708 1640
f 1393 1392 1715
f 1715 1392 1710
f 1719 1720 1718
f 1718 1720 1721
f 1680 1311 1717
f 1717 1311 789
f 1378 1711 1392
f 1392 1711 1710
f 1388 1391 1719
f 1719 1391 1720
f 1723 1606 1722
f 1722 1606 1689
f 1725 1568 1724
f 1724 1568 1567
f 1726 1647 1685
f 1685 1647 1646
f 1728 1554 1727
f 1727 1554 1553
f 1591 1687 1600
f 1600 1687 1686
f 1730 1595 1729
f 1729 1595 1594
f 1601 1605 1731
f 1731 1605 1604
f 1733 1663 1732
f 1732 1663 1734
f 1736 1639 1735
f 1735 1639 1675
f 1658 1644 1737
f 1737 1644 1645
f 1726 1662 1724
f 1724 1662 1631
f 1399 1738 1675
f 1675 1738 1735
f 1621 1667 1739
f 1739 1667 1619
f 1714 1740 1620
f 1620 1740 1741
f 1592 1549 1593
f 1593 1549 1742
f 1602 1571 1603
f 1603 1571 1550
f 1688 1690 1689
f 1689 1690 1722
f 1588 1559 1582
f 1582 1559 1579
f 1673 1735 1385
f 1385 1735 1738
f 1387 1232 1672
f 1672 1232 1669
f 1580 1692 1573
f 1573 1692 1743
f 1377 1683 1378
f 1378 1683 1711
f 1664 1666 1744
f 1744 1666 1745
f 1744 1696 1664
f 1664 1696 1695
f 1746 1747 1732
f 1732 1747 1748
f 1749 1750 1677
f 1677 1750 1678
f 1709 1708 1750
f 1750 1708 1678
f 1668 1632 1669
f 1669 1632 1672
f 1633 1746 1734
f 1734 1746 1732
f 1679 1678 1717
f 1717 1678 1708
f 789 627 1717
f 1717 627 1679
f 1563 1723 1564
f 1564 1723 1722
f 1728 1584 1751
f 1751 1584 1583
f 1674 1676 1396
f 1396 1676 630
f 1666 1566 1745
f 1745 1566 1565
f 1627 1629 1645
f 1645 1629 1628
f 1637 1749 1638
f 1638 1749 1677
f 1648 1665 1649
f 1649 1665 1752
f 1740 1642 1741
f 1741 1642 1657
f 1676 1674 1677
f 1677 1674 1638
f 1683 1682 1711
f 1711 1682 1712
f 1618 1753 1619
f 1619 1753 1739
f 1701 1739 1702
f 1702 1739 1753
f 1754 1214 1756
f 1756 1214 1755
f 647 1757 619
f 619 1757 941
f 1759 1193 1758
f 1758 1193 691
f 1419 1760 1420
f 1420 1760 1761
f 682 1762 683
f 683 1762 1763
f 1412 780 1413
f 1413 780 1384
f 1383 1398 1384
f 1384 1398 1413
f 1197 1424 1764
f 1764 1424 1423
f 1537 1287 1538
f 1538 1287 1286
f 1634 1684 1635
f 1635 1684 1736
f 1724 1631 1725
f 1725 1631 1630
f 1562 1730 1610
f 1610 1730 1729
f 1735 1673 1736
f 1736 1673 1635
f 1757 1195 941
f 941 1195 1194
f 1766 200 1765
f 1765 200 199
f 475 500 476
f 476 500 479
f 498 558 483
f 483 558 487
f 545 551 546
f 546 551 550
f 453 1281 219
f 219 1281 1314
f 298 453 208
f 208 453 219
f 368 1765 1767
f 1767 1765 199
f 523 405 363
f 363 405 404
f 523 533 405
f 405 533 402
f 298 208 299
f 299 208 207
f 299 207 176
f 176 207 300
f 176 300 173
f 173 300 202
f 173 202 174
f 174 202 201
f 1337 918 1768
f 1768 918 1336
f 1769 1770 1338
f 1338 1770 859
f 581 570 578
f 578 570 1771
f 555 562 580
f 580 562 561
f 504 1772 501
f 501 1772 548
f 517 542 584
f 584 542 543
f 515 514 516
f 516 514 544
f 542 517 544
f 544 517 516
f 561 575 580
f 580 575 581
f 575 569 581
f 581 569 570
f 501 548 1773
f 1773 548 547
f 1774 1775 570
f 570 1775 1771
f 369 368 1776
f 1776 368 1767
f 372 369 375
f 375 369 1776
f 822 1280 1308
f 1308 1280 1320
f 820 1281 822
f 822 1281 1280
f 818 1314 820
f 820 1314 1281
f 1314 818 1313
f 1313 818 804
f 807 814 825
f 825 814 826
f 814 813 826
f 826 813 827
f 813 1220 827
f 827 1220 828
f 580 579 555
f 555 579 547
f 1477 1540 872
f 872 1540 840
f 367 499 368
f 368 499 1765
f 1766 1765 525
f 525 1765 499
f 1777 1766 526
f 526 1766 525
f 520 527 362
f 362 527 384
f 361 1778 519
f 519 1778 528
f 371 1779 372
f 372 1779 369
f 369 1779 370
f 370 1779 478
f 1779 371 478
f 478 371 374
f 1778 1777 528
f 528 1777 526
f 1781 1782 1780
f 1780 1782 1783
f 431 460 67
f 67 460 64
f 68 338 74
f 74 338 72
f 1785 1782 1784
f 1784 1782 1786
f 1787 1788 1790
f 1790 1788 1789
f 1792 1789 1791
f 1791 1789 1793
f 1791 1794 1792
f 1792 1794 1795
f 1794 1796 1795
f 1795 1796 1797
f 1797 1798 938
f 938 1798 868
f 1798 1799 868
f 868 1799 869
f 1801 1802 1800
f 1800 1802 1451
f 1803 1804 1205
f 1205 1804 1206
f 1805 1806 864
f 864 1806 865
f 1806 1807 865
f 865 1807 1808
f 68 71 338
f 287 328 288
f 1320 1321 1308
f 1308 1321 1309
f 1320 441 1321
f 1321 441 217
f 441 152 217
f 217 152 218
f 151 286 152
f 152 286 218
f 297 310 151
f 151 310 286
f 296 307 297
f 297 307 310
f 296 143 307
f 307 143 284
f 143 56 284
f 284 56 104
f 56 59 104
f 104 59 63
f 59 102 63
f 63 102 60
f 102 94 60
f 60 94 282
f 93 459 279
f 279 459 77
f 459 460 77
f 77 460 78
f 460 431 78
f 78 431 295
f 431 49 295
f 295 49 292
f 48 421 49
f 49 421 292
f 276 278 418
f 418 278 429
f 317 432 278
f 278 432 429
f 432 317 433
f 433 317 316
f 326 324 316
f 316 324 433
f 1536 592 1809
f 1809 592 591
f 1810 744 1812
f 1812 744 1811
f 1814 1815 1813
f 1813 1815 1816
f 1817 748 1818
f 1818 748 747
f 1812 1819 1810
f 1810 1819 1817
f 1820 1821 748
f 748 1821 749
f 1823 1824 1822
f 1822 1824 1825
f 1827 1828 1826
f 1826 1828 1829
f 1831 1832 1830
f 1830 1832 1833
f 1834 1827 1243
f 1243 1827 1826
f 1313 804 825
f 825 804 807
f 1835 1253 1236
f 1236 1253 1237
f 1836 1837 1438
f 1438 1837 1435
f 1838 1505 1840
f 1840 1505 1839
f 1841 1842 716
f 716 1842 713
f 1843 1844 1510
f 1510 1844 1845
f 1847 1848 1846
f 1846 1848 1849
f 1850 1240 1822
f 1822 1240 1239
f 636 1831 637
f 637 1831 1830
f 1852 1853 1851
f 1851 1853 1854
f 1855 1856 1858
f 1858 1856 1857
f 1846 1849 1859
f 1859 1849 1860
f 1343 1401 1509
f 1509 1401 1861
f 1509 1861 635
f 635 1861 636
f 1863 1864 1862
f 1862 1864 1865
f 1283 1503 1867
f 1867 1503 1866
f 1868 1867 681
f 681 1867 682
f 1286 1285 683
f 683 1285 684
f 757 756 1274
f 1274 756 1869
f 1274 1869 717
f 717 1869 718
f 1434 1433 719
f 719 1433 720
f 1200 1538 1545
f 1545 1538 1763
f 1285 1289 684
f 684 1289 1273
f 684 1273 681
f 681 1273 1272
f 785 1283 1868
f 1868 1283 1867
f 786 785 1870
f 1870 785 1868
f 1289 757 1273
f 1273 757 1274
f 1539 1416 1871
f 1871 1416 1872
f 773 1871 1403
f 1403 1871 1404
f 675 674 1405
f 1405 674 1402
f 1864 1873 1865
f 1865 1873 1874
f 638 1843 635
f 635 1843 1510
f 1344 1343 1511
f 1511 1343 1509
f 772 1539 773
f 773 1539 1871
f 674 1200 1402
f 1402 1200 1545
f 1538 1286 1763
f 1763 1286 683
f 1444 1443 1875
f 1875 1443 1876
f 1875 1876 1831
f 1831 1876 1832
f 1416 1344 1872
f 1872 1344 1511
f 1877 1878 774
f 774 1878 1879
f 1878 1847 1879
f 1879 1847 1846
f 1880 714 1881
f 1881 714 1848
f 1401 1444 1861
f 1861 1444 1875
f 1861 1875 636
f 636 1875 1831
f 1823 1863 1882
f 1882 1863 1862
f 1441 1440 1884
f 1884 1440 1883
f 1883 1852 1884
f 1884 1852 1851
f 1886 1887 1885
f 1885 1887 1888
f 1358 1889 1359
f 1359 1889 1890
f 1891 1886 1892
f 1892 1886 1885
f 774 1879 775
f 775 1879 1893
f 1859 1893 1846
f 1846 1893 1879
f 713 1842 1849
f 1849 1842 1860
f 1318 1895 1894
f 1894 1895 1896
f 1873 1897 1874
f 1874 1897 1898
f 1898 605 1899
f 1899 605 675
f 1405 1844 675
f 675 1844 1899
f 1404 1845 1405
f 1405 1845 1844
f 593 1296 591
f 591 1296 1809
f 1295 1292 1900
f 1900 1292 1895
f 606 1897 1291
f 1291 1897 1896
f 1510 1845 1511
f 1511 1845 1872
f 1871 1872 1404
f 1404 1872 1845
f 1866 770 1762
f 1762 770 1546
f 1762 682 1866
f 1866 682 1867
f 1870 1868 1272
f 1272 1868 681
f 1272 717 1870
f 1870 717 720
f 1870 720 786
f 786 720 1433
f 786 1433 787
f 787 1433 1432
f 1261 1414 1432
f 1432 1414 787
f 1389 1234 1260
f 1260 1234 1415
f 1719 1670 1388
f 1388 1670 1235
f 1718 1671 1719
f 1719 1671 1670
f 1705 1747 1718
f 1718 1747 1671
f 1659 1901 1704
f 1704 1901 1748
f 1877 1903 1902
f 1902 1903 1904
f 1259 1905 1390
f 1390 1905 1394
f 1715 1720 1393
f 1393 1720 1391
f 1716 1721 1715
f 1715 1721 1720
f 1698 1706 1716
f 1716 1706 1721
f 277 276 47
f 47 276 48
f 84 96 81
f 81 96 82
f 80 70 81
f 81 70 85
f 99 97 88
f 88 97 89
f 90 100 88
f 88 100 99
f 101 95 102
f 102 95 94
f 1906 1907 280
f 280 1907 281
f 97 86 89
f 89 86 85
f 60 282 61
f 61 282 281
f 83 82 46
f 46 82 47
f 293 292 420
f 420 292 421
f 419 1908 420
f 420 1908 1909
f 92 95 91
f 91 95 90
f 279 282 93
f 93 282 94
f 276 418 48
f 48 418 421
f 1910 1660 1697
f 1697 1660 1707
f 1703 1624 1700
f 1700 1624 1644
f 1622 1910 1623
f 1623 1910 1697
f 1701 1700 1911
f 1911 1700 1661
f 1700 1644 1661
f 1661 1644 1658
f 1901 1737 1733
f 1733 1737 1645
f 1625 1912 1604
f 1604 1912 1731
f 1912 1913 1731
f 1731 1913 1914
f 1913 1577 1914
f 1914 1577 1572
f 1915 1578 1616
f 1616 1578 1618
f 1915 1916 1598
f 1598 1916 1743
f 1916 1574 1743
f 1743 1574 1573
f 1575 1917 1576
f 1576 1917 1597
f 1917 1609 1597
f 1597 1609 1594
f 1608 1611 1729
f 1729 1611 1610
f 1918 1612 1629
f 1629 1612 1630
f 1626 1918 1627
f 1627 1918 1629
f 1920 1921 1919
f 1919 1921 1922
f 1920 1924 1923
f 1923 1924 1925
f 1926 1927 1924
f 1924 1927 1925
f 1929 1930 1928
f 1928 1930 1931
f 1932 1933 1935
f 1935 1933 1934
f 1937 1938 1936
f 1936 1938 1939
f 1941 1942 1940
f 1940 1942 1943
f 1941 1945 1944
f 1944 1945 1946
f 1947 1948 1694
f 1694 1948 1949
f 1950 1951 1953
f 1953 1951 1952
f 1955 1956 1954
f 1954 1956 1589
f 1958 1956 1957
f 1957 1956 1932
f 1960 1934 1959
f 1959 1934 1933
f 1962 1963 1961
f 1961 1963 1964
f 1965 1955 1751
f 1751 1955 1954
f 1935 1930 1932
f 1932 1930 1957
f 1951 1950 1926
f 1926 1950 1929
f 1966 1967 1593
f 1593 1967 1590
f 1969 1967 1968
f 1968 1967 1964
f 1962 1921 1970
f 1970 1921 1971
f 1963 1945 1964
f 1964 1945 1968
f 1972 1948 1922
f 1922 1948 1919
f 1966 1972 1961
f 1961 1972 1922
f 1958 1953 1587
f 1587 1953 1560
f 1974 1975 1973
f 1973 1975 1976
f 1978 1979 1977
f 1977 1979 1691
f 1979 1975 1691
f 1691 1975 1586
f 1938 1942 1939
f 1939 1942 1980
f 1952 1947 1557
f 1557 1947 1694
f 1969 1978 1981
f 1981 1978 1977
f 1983 1984 1982
f 1982 1984 1985
f 1986 1987 1989
f 1989 1987 1988
f 1990 1991 1983
f 1983 1991 1984
f 1990 1993 1992
f 1992 1993 1994
f 1995 1996 1994
f 1994 1996 1997
f 1999 2000 1998
f 1998 2000 2001
f 2003 2004 2002
f 2002 2004 2005
f 2007 2008 2006
f 2006 2008 2009
f 2011 2012 2010
f 2010 2012 2013
f 2014 2015 2017
f 2017 2015 2016
f 2018 2019 2021
f 2021 2019 2020
f 2022 1989 2024
f 2024 1989 2023
f 1989 1988 2023
f 2023 1988 2025
f 2026 2027 2017
f 2017 2027 2014
f 2029 2030 2028
f 2028 2030 2031
f 2033 2034 2032
f 2032 2034 2035
f 2032 2035 2036
f 2036 2035 2037
f 2039 2040 2038
f 2038 2040 2041
f 1982 2042 1983
f 1983 2042 2043
f 2045 2046 2044
f 2044 2046 2047
f 2049 2050 2048
f 2048 2050 2051
f 2053 2054 2052
f 2052 2054 2055
f 2057 2058 2056
f 2056 2058 2059
f 2060 2061 2033
f 2033 2061 2034
f 2063 2064 2062
f 2062 2064 2065
f 2066 2035 2067
f 2067 2035 2034
f 2069 2039 2068
f 2068 2039 2038
f 2025 2070 2023
f 2023 2070 2071
f 2072 2024 2071
f 2071 2024 2023
f 2074 2020 2073
f 2073 2020 2019
f 2050 2049 2047
f 2047 2049 2075
f 1983 2043 1990
f 1990 2043 1993
f 2006 2050 2007
f 2007 2050 2076
f 2050 2006 2051
f 2051 2006 2077
f 2079 2080 2078
f 2078 2080 2081
f 2082 2083 2085
f 2085 2083 2084
f 2010 2013 2086
f 2086 2013 2087
f 2089 2033 2088
f 2088 2033 2032
f 2090 2060 2089
f 2089 2060 2033
f 2092 2093 2091
f 2091 2093 2094
f 2096 1986 2095
f 2095 1986 2097
f 2097 1986 2022
f 2022 1986 1989
f 2015 2094 2016
f 2016 2094 2098
f 2016 2098 2100
f 2100 2098 2099
f 2017 2016 2101
f 2101 2016 2100
f 2017 2101 2026
f 2026 2101 2102
f 2100 2099 2104
f 2104 2099 2103
f 2104 2105 2100
f 2100 2105 2101
f 2105 2106 2101
f 2101 2106 2102
f 2108 2061 2107
f 2107 2061 2109
f 2111 2112 2110
f 2110 2112 2020
f 2020 2074 2110
f 2110 2074 2113
f 2115 2116 2114
f 2114 2116 2117
f 2118 2119 1995
f 1995 2119 2120
f 2121 2122 2027
f 2027 2122 2014
f 2047 2075 2044
f 2044 2075 2123
f 2124 2125 2127
f 2127 2125 2126
f 2129 2130 2128
f 2128 2130 2131
f 2132 2133 2057
f 2057 2133 2058
f 2134 1999 2136
f 2136 1999 2135
f 2055 2138 2137
f 2137 2138 2139
f 2141 2142 2140
f 2140 2142 2143
f 2083 2082 2064
f 2064 2082 2065
f 2082 2144 2065
f 2065 2144 2145
f 2040 2146 2041
f 2041 2146 2147
f 2060 2090 2148
f 2148 2090 2149
f 2048 2051 2137
f 2137 2051 2150
f 2151 1997 2135
f 2135 1997 1996
f 2152 2150 2077
f 2077 2150 2051
f 2046 2045 2118
f 2118 2045 2119
f 2154 2155 2153
f 2153 2155 2156
f 2158 2159 2157
f 2157 2159 2160
f 2162 2163 2161
f 2161 2163 2164
f 2164 2163 2165
f 2165 2163 2166
f 2168 2169 2167
f 2167 2169 2170
f 2003 2172 2171
f 2171 2172 2173
f 2174 2175 2002
f 2002 2175 2176
f 2145 2177 2065
f 2065 2177 2062
f 2178 2179 2180
f 2180 2179 2134
f 2181 2052 2152
f 2152 2052 2150
f 2040 2127 2146
f 2146 2127 2182
f 2130 2162 2131
f 2131 2162 2161
f 2052 2055 2150
f 2150 2055 2137
f 2184 2185 2183
f 2183 2185 2186
f 2159 2030 2160
f 2160 2030 2187
f 2146 2182 2029
f 2029 2182 2188
f 2189 2190 2192
f 2192 2190 2191
f 2172 2003 2176
f 2176 2003 2002
f 1998 2151 1999
f 1999 2151 2135
f 2177 2172 2062
f 2062 2172 2176
f 2172 2177 2173
f 2173 2177 2193
f 2063 2194 2064
f 2064 2194 2195
f 2066 2197 2196
f 2196 2197 2198
f 2002 2005 2174
f 2174 2005 2199
f 2004 2003 2200
f 2200 2003 2171
f 2198 2201 2171
f 2171 2201 2200
f 2197 2202 2198
f 2198 2202 2201
f 2202 2197 2203
f 2203 2197 2204
f 2196 2198 2173
f 2173 2198 2171
f 2205 2069 2170
f 2170 2069 2206
f 2197 2066 2204
f 2204 2066 2067
f 2107 2207 2108
f 2108 2207 2208
f 2210 2208 2209
f 2209 2208 2207
f 2185 2211 2212
f 2213 2214 2211
f 2211 2214 2212
f 1998 2001 2213
f 2213 2001 2214
f 2134 2215 1999
f 1999 2215 2000
f 2216 2217 2219
f 2219 2217 2218
f 2206 2220 2170
f 2170 2220 2167
f 2069 2068 2206
f 2206 2068 2221
f 2151 1998 2222
f 2222 1998 2213
f 2124 2039 2205
f 2205 2039 2069
f 2142 2223 2143
f 2143 2223 2128
f 2203 2186 2202
f 2202 2186 2185
f 2185 2184 2211
f 2211 2184 2224
f 2224 2225 2222
f 2222 2225 2226
f 2071 2227 2072
f 2072 2227 2228
f 2229 2074 2230
f 2230 2074 2073
f 2074 2229 2113
f 2113 2229 2231
f 2232 2225 2227
f 2227 2225 2224
f 2233 2234 2031
f 2031 2234 2028
f 2236 2231 2235
f 2235 2231 2229
f 2230 2183 2229
f 2229 2183 2235
f 2237 1987 2096
f 2096 1987 1986
f 2152 2238 2181
f 2181 2238 2239
f 2080 2240 2081
f 2081 2240 2241
f 2236 2242 1971
f 1971 2242 1970
f 1925 2113 1923
f 1923 2113 2231
f 2110 1927 2111
f 2111 1927 1928
f 2103 2111 1931
f 1931 2111 1928
f 1931 2243 2103
f 2103 2243 2104
f 2105 2104 2244
f 2244 2104 2243
f 1939 1980 2148
f 2148 1980 2109
f 1980 1944 2109
f 2109 1944 2107
f 1946 2245 2207
f 2207 2245 2209
f 2245 1970 2209
f 2209 1970 2242
f 2231 2236 1923
f 1923 2236 1971
f 2113 1925 2110
f 2110 1925 1927
f 2234 2246 2028
f 2028 2246 2147
f 2247 2248 2058
f 2058 2248 2059
f 2114 2117 2249
f 2249 2117 2250
f 2252 2253 2251
f 2251 2253 2254
f 2094 2015 2091
f 2091 2015 2255
f 2256 2255 2014
f 2014 2255 2015
f 2257 2145 2258
f 2258 2145 2144
f 2131 2161 2123
f 2123 2161 2044
f 2045 2044 2164
f 2164 2044 2161
f 2045 2164 2119
f 2119 2164 2165
f 2259 2120 2165
f 2165 2120 2119
f 2260 2261 2259
f 2259 2261 2120
f 2205 2262 2124
f 2124 2262 2125
f 2180 2263 2178
f 2178 2263 2264
f 2265 2266 2092
f 2092 2266 2093
f 1992 2267 2268
f 2184 2228 2224
f 2224 2228 2227
f 2048 2269 2049
f 2049 2269 2141
f 2129 2168 2157
f 2157 2168 2167
f 2049 2141 2075
f 2075 2141 2140
f 2199 2215 2270
f 2270 2215 2271
f 2142 2141 2272
f 2272 2141 2269
f 2089 2026 2090
f 2090 2026 2102
f 2146 2029 2147
f 2147 2029 2028
f 2111 2103 2112
f 2112 2103 2099
f 2061 2060 2109
f 2109 2060 2148
f 2273 2274 2041
f 2041 2274 2038
f 2260 2275 2261
f 2261 2275 2136
f 2057 2138 2132
f 2132 2138 2276
f 2272 2269 2056
f 2056 2269 2139
f 2277 2278 2270
f 2270 2278 2199
f 2029 2188 2030
f 2030 2188 2187
f 2040 2039 2127
f 2127 2039 2124
f 2064 2195 2083
f 2083 2195 2279
f 2056 2139 2057
f 2057 2139 2138
f 2278 2277 2247
f 2247 2277 2248
f 2062 2176 2063
f 2063 2176 2175
f 2280 2210 2242
f 2242 2210 2209
f 2282 2233 2281
f 2281 2233 2031
f 2216 2219 2283
f 2283 2219 2221
f 2158 2220 2218
f 2218 2220 2219
f 2217 2282 2218
f 2218 2282 2281
f 2220 2158 2167
f 2167 2158 2157
f 2223 2264 2128
f 2128 2264 2263
f 2261 1996 2120
f 2120 1996 1995
f 2213 2211 2222
f 2222 2211 2224
f 2283 2221 2284
f 2284 2221 2068
f 2135 1996 2136
f 2136 1996 2261
f 2144 2081 2258
f 2258 2081 2241
f 2235 2280 2236
f 2236 2280 2242
f 2246 2273 2147
f 2147 2273 2041
f 2036 2285 2032
f 2032 2285 2088
f 2077 2286 2152
f 2152 2286 2238
f 1937 1960 1973
f 1973 1960 1959
f 2070 2232 2071
f 2071 2232 2227
f 2244 2287 2105
f 2105 2287 2106
f 1936 1939 2149
f 2149 1939 2148
f 1944 1946 2107
f 2107 1946 2207
f 2285 2121 2088
f 2088 2121 2027
f 2253 2249 2254
f 2254 2249 2250
f 2006 2009 2077
f 2077 2009 2286
f 2289 2086 2288
f 2288 2086 2087
f 2223 2142 2290
f 2290 2142 2272
f 2128 2131 2143
f 2143 2131 2123
f 2156 2291 2153
f 2153 2291 2175
f 2292 2293 2278
f 2278 2293 2294
f 2075 2140 2123
f 2123 2140 2143
f 2262 2169 2275
f 2275 2169 2180
f 2275 2180 2136
f 2136 2180 2134
f 2274 2284 2038
f 2038 2284 2068
f 2127 2126 2182
f 2182 2126 2166
f 2094 2093 2098
f 2098 2093 2021
f 2098 2021 2099
f 2099 2021 2112
f 2018 2021 2266
f 2266 2021 2093
f 2251 2289 2252
f 2252 2289 2288
f 1997 2151 2226
f 2226 2151 2222
f 2206 2221 2220
f 2220 2221 2219
f 2269 2048 2139
f 2139 2048 2137
f 2159 2158 2281
f 2281 2158 2218
f 2156 2155 2190
f 2190 2155 2191
f 1974 1965 1583
f 1583 1965 1751
f 2088 2027 2089
f 2089 2027 2026
f 2030 2159 2031
f 2031 2159 2281
f 2106 2149 2102
f 2102 2149 2090
f 2287 1936 2106
f 2106 1936 2149
f 2293 2154 2294
f 2294 2154 2153
f 2021 2020 2112
f 2247 2295 2278
f 2278 2295 2292
f 2284 2296 2283
f 2283 2296 2297
f 2298 2296 2274
f 2274 2296 2284
f 2273 2299 2274
f 2274 2299 2298
f 2246 2300 2273
f 2273 2300 2299
f 2283 2297 2216
f 2216 2297 2301
f 2216 2301 2217
f 2217 2301 2302
f 2302 2303 2217
f 2217 2303 2282
f 2304 2301 2305
f 2305 2301 2297
f 2307 2308 2306
f 2306 2308 2309
f 2306 2310 2307
f 2307 2310 2311
f 2307 2312 2308
f 2308 2312 2313
f 2314 2315 2312
f 2312 2315 2316
f 2316 2317 2312
f 2312 2317 2313
f 2317 2305 2313
f 2313 2305 2318
f 2314 2312 2311
f 2311 2312 2307
f 2319 2320 2322
f 2322 2320 2321
f 2322 2311 2319
f 2319 2311 2310
f 2313 2318 2308
f 2308 2318 2309
f 2296 2298 2318
f 2318 2298 2309
f 2309 2298 2323
f 2323 2298 2299
f 2306 2309 2324
f 2324 2309 2323
f 2310 2306 2325
f 2325 2306 2324
f 2296 2318 2297
f 2297 2318 2305
f 2319 2310 2326
f 2326 2310 2325
f 2328 2325 2327
f 2327 2325 2324
f 2325 2328 2326
f 2326 2328 2329
f 2331 2328 2330
f 2330 2328 2327
f 2332 2333 2327
f 2327 2333 2330
f 2328 2331 2329
f 2329 2331 2334
f 2324 2323 2327
f 2327 2323 2332
f 2300 2332 2299
f 2299 2332 2323
f 2326 2335 2319
f 2319 2335 2320
f 2305 2317 2336
f 2336 2317 2316
f 2336 2316 2337
f 2337 2316 2315
f 2338 2304 2336
f 2336 2304 2305
f 2337 2339 2336
f 2336 2339 2338
f 2337 2315 2341
f 2341 2315 2340
f 2342 2300 2234
f 2234 2300 2246
f 2303 2343 2282
f 2282 2343 2233
f 2234 2233 2342
f 2342 2233 2343
f 2342 2343 2333
f 2333 2343 2344
f 2333 2344 2330
f 2330 2344 2345
f 2346 2344 2303
f 2303 2344 2343
f 2332 2300 2333
f 2333 2300 2342
f 2347 2346 2302
f 2302 2346 2303
f 2301 2304 2302
f 2302 2304 2347
f 2304 2338 2347
f 2347 2338 2348
f 2348 2349 2347
f 2347 2349 2346
f 2350 2351 2348
f 2348 2351 2349
f 2349 2345 2346
f 2346 2345 2344
f 2345 2349 2352
f 2352 2349 2351
f 2338 2339 2348
f 2348 2339 2350
f 2350 2339 2353
f 2353 2339 2354
f 2356 2357 2355
f 2355 2357 2353
f 2351 2350 2357
f 2357 2350 2353
f 2353 2354 2355
f 2355 2354 2335
f 2320 2335 2341
f 2341 2335 2354
f 2339 2337 2354
f 2354 2337 2341
f 2352 2331 2345
f 2345 2331 2330
f 2356 2334 2352
f 2352 2334 2331
f 2356 2352 2357
f 2357 2352 2351
f 2355 2329 2356
f 2356 2329 2334
f 2335 2326 2355
f 2355 2326 2329
f 2321 2314 2322
f 2322 2314 2311
f 2321 2320 2340
f 2340 2320 2341
f 2315 2314 2340
f 2340 2314 2321
f 2125 2260 2126
f 2126 2260 2259
f 2157 2160 2129
f 2129 2160 2130
f 2188 2163 2187
f 2187 2163 2162
f 2182 2166 2188
f 2188 2166 2163
f 2180 2169 2263
f 2263 2169 2168
f 2160 2187 2130
f 2130 2187 2162
f 2275 2260 2262
f 2262 2260 2125
f 2128 2263 2129
f 2129 2263 2168
f 2262 2205 2169
f 2169 2205 2170
f 2165 2166 2259
f 2259 2166 2126
f 2359 2360 2358
f 2358 2360 2361
f 2363 2364 2362
f 2362 2364 2365
f 2367 2363 2366
f 2366 2363 2362
f 2368 2369 2371
f 2371 2369 2370
f 2372 2373 2248
f 2248 2373 2059
f 2364 2374 2365
f 2365 2374 2375
f 2377 2378 2376
f 2376 2378 2379
f 2290 2380 2223
f 2223 2380 2381
f 2223 2381 2264
f 2264 2381 2382
f 2384 2385 2383
f 2383 2385 2386
f 2364 2371 2374
f 2374 2371 2387
f 2059 2373 2290
f 2290 2373 2380
f 2378 2360 2379
f 2379 2360 2388
f 2374 2387 2359
f 2359 2387 2389
f 2390 2367 2386
f 2386 2367 2391
f 2393 2394 2392
f 2392 2394 2395
f 2386 2391 2383
f 2383 2391 2396
f 2367 2366 2391
f 2391 2366 2397
f 2363 2367 2368
f 2368 2367 2390
f 2398 2399 2361
f 2361 2399 2358
f 2399 2400 2358
f 2358 2400 2375
f 2390 2401 2368
f 2368 2401 2369
f 2372 2384 2376
f 2376 2384 2383
f 2374 2359 2375
f 2375 2359 2358
f 2402 2403 2365
f 2365 2403 2362
f 2359 2389 2360
f 2360 2389 2388
f 2364 2363 2371
f 2371 2363 2368
f 2405 2398 2404
f 2404 2398 2361
f 2392 2395 2406
f 2406 2395 2397
f 2377 2396 2394
f 2394 2396 2395
f 2394 2393 2404
f 2404 2393 2405
f 2396 2377 2383
f 2383 2377 2376
f 2406 2397 2407
f 2407 2397 2366
f 2400 2402 2375
f 2375 2402 2365
f 2385 2270 2401
f 2401 2270 2271
f 2403 2407 2362
f 2362 2407 2366
f 2371 2370 2387
f 2387 2370 2382
f 2391 2397 2396
f 2396 2397 2395
f 2378 2377 2404
f 2404 2377 2394
f 2360 2378 2361
f 2361 2378 2404
f 2407 2408 2406
f 2406 2408 2409
f 2410 2408 2403
f 2403 2408 2407
f 2411 2410 2402
f 2402 2410 2403
f 2412 2411 2400
f 2400 2411 2402
f 2406 2409 2392
f 2392 2409 2413
f 2392 2413 2393
f 2393 2413 2414
f 2415 2405 2414
f 2414 2405 2393
f 2416 2413 2417
f 2417 2413 2409
f 2419 2420 2418
f 2418 2420 2421
f 2420 2422 2421
f 2421 2422 2423
f 2420 2424 2422
f 2422 2424 2425
f 2426 2427 2424
f 2424 2427 2428
f 2428 2429 2424
f 2424 2429 2425
f 2426 2424 2419
f 2419 2424 2420
f 2419 2418 2431
f 2431 2418 2430
f 2425 2432 2422
f 2422 2432 2423
f 2408 2410 2432
f 2432 2410 2423
f 2423 2410 2433
f 2433 2410 2411
f 2421 2423 2434
f 2434 2423 2433
f 2435 2418 2434
f 2434 2418 2421
f 2429 2417 2425
f 2425 2417 2432
f 2408 2432 2409
f 2409 2432 2417
f 2418 2435 2430
f 2430 2435 2436
f 2438 2435 2437
f 2437 2435 2434
f 2435 2438 2436
f 2436 2438 2439
f 2441 2438 2440
f 2440 2438 2437
f 2442 2443 2437
f 2437 2443 2440
f 2439 2438 2444
f 2444 2438 2441
f 2433 2442 2434
f 2434 2442 2437
f 2412 2442 2411
f 2411 2442 2433
f 2436 2445 2430
f 2430 2445 2446
f 2430 2446 2431
f 2431 2446 2447
f 2417 2429 2448
f 2448 2429 2428
f 2427 2449 2428
f 2428 2449 2448
f 2450 2416 2448
f 2448 2416 2417
f 2451 2450 2449
f 2449 2450 2448
f 2427 2452 2449
f 2449 2452 2453
f 2447 2446 2452
f 2452 2446 2453
f 2454 2412 2399
f 2399 2412 2400
f 2415 2455 2405
f 2405 2455 2398
f 2399 2398 2454
f 2454 2398 2455
f 2454 2455 2443
f 2443 2455 2456
f 2443 2456 2440
f 2440 2456 2457
f 2458 2456 2415
f 2415 2456 2455
f 2443 2442 2454
f 2454 2442 2412
f 2459 2458 2414
f 2414 2458 2415
f 2413 2416 2414
f 2414 2416 2459
f 2459 2416 2460
f 2460 2416 2450
f 2460 2461 2459
f 2459 2461 2458
f 2462 2463 2460
f 2460 2463 2461
f 2461 2457 2458
f 2458 2457 2456
f 2457 2461 2464
f 2464 2461 2463
f 2451 2462 2450
f 2450 2462 2460
f 2462 2451 2465
f 2465 2451 2466
f 2468 2469 2467
f 2467 2469 2465
f 2463 2462 2469
f 2469 2462 2465
f 2465 2466 2467
f 2467 2466 2445
f 2446 2445 2453
f 2453 2445 2466
f 2451 2449 2466
f 2466 2449 2453
f 2464 2441 2457
f 2457 2441 2440
f 2468 2444 2464
f 2464 2444 2441
f 2468 2464 2469
f 2469 2464 2463
f 2467 2439 2468
f 2468 2439 2444
f 2445 2436 2467
f 2467 2436 2439
f 2447 2426 2431
f 2431 2426 2419
f 2427 2426 2452
f 2452 2426 2447
f 2369 2179 2370
f 2370 2179 2178
f 2376 2379 2372
f 2372 2379 2373
f 2389 2381 2388
f 2388 2381 2380
f 2387 2382 2389
f 2389 2382 2381
f 2270 2385 2277
f 2277 2385 2384
f 2379 2388 2373
f 2373 2388 2380
f 2401 2271 2369
f 2369 2271 2179
f 2248 2277 2372
f 2372 2277 2384
f 2401 2390 2385
f 2385 2390 2386
f 2264 2382 2178
f 2178 2382 2370
f 2215 2134 2271
f 2271 2134 2179
f 2005 2000 2199
f 2199 2000 2215
f 2004 2001 2005
f 2005 2001 2000
f 2200 2214 2004
f 2004 2214 2001
f 2470 2471 2473
f 2473 2471 2472
f 2475 2476 2474
f 2474 2476 2477
f 2479 2475 2478
f 2478 2475 2474
f 2481 2482 2480
f 2480 2482 2483
f 2476 2484 2477
f 2477 2484 2485
f 2487 2488 2486
f 2486 2488 2489
f 2133 2490 2058
f 2058 2490 2491
f 2058 2491 2247
f 2247 2491 2492
f 2494 2495 2493
f 2493 2495 2496
f 2476 2483 2484
f 2484 2483 2497
f 2472 2498 2488
f 2488 2498 2489
f 2484 2497 2471
f 2471 2497 2499
f 2500 2479 2496
f 2496 2479 2501
f 2502 2503 2505
f 2505 2503 2504
f 2496 2501 2493
f 2493 2501 2506
f 2479 2478 2501
f 2501 2478 2507
f 2475 2479 2480
f 2480 2479 2500
f 2508 2509 2473
f 2473 2509 2470
f 2509 2510 2470
f 2470 2510 2485
f 2511 2481 2500
f 2500 2481 2480
f 2512 2494 2486
f 2486 2494 2493
f 2485 2484 2470
f 2470 2484 2471
f 2513 2514 2477
f 2477 2514 2474
f 2471 2499 2472
f 2472 2499 2498
f 2476 2475 2483
f 2483 2475 2480
f 2516 2508 2515
f 2515 2508 2473
f 2502 2505 2517
f 2517 2505 2507
f 2504 2487 2505
f 2505 2487 2506
f 2503 2516 2504
f 2504 2516 2515
f 2506 2487 2493
f 2493 2487 2486
f 2517 2507 2518
f 2518 2507 2478
f 2510 2513 2485
f 2485 2513 2477
f 2511 2495 2293
f 2293 2495 2154
f 2514 2518 2474
f 2474 2518 2478
f 2483 2482 2497
f 2497 2482 2492
f 2501 2507 2506
f 2506 2507 2505
f 2488 2487 2515
f 2515 2487 2504
f 2472 2488 2473
f 2473 2488 2515
f 2518 2519 2517
f 2517 2519 2520
f 2521 2519 2514
f 2514 2519 2518
f 2522 2521 2513
f 2513 2521 2514
f 2523 2522 2510
f 2510 2522 2513
f 2517 2520 2502
f 2502 2520 2524
f 2502 2524 2503
f 2503 2524 2525
f 2525 2526 2503
f 2503 2526 2516
f 2527 2524 2528
f 2528 2524 2520
f 2530 2531 2529
f 2529 2531 2532
f 2531 2533 2532
f 2532 2533 2534
f 2531 2535 2533
f 2533 2535 2536
f 2537 2538 2535
f 2535 2538 2539
f 2539 2540 2535
f 2535 2540 2536
f 2537 2535 2530
f 2530 2535 2531
f 2529 2541 2530
f 2530 2541 2542
f 2543 2534 2536
f 2536 2534 2533
f 2519 2521 2543
f 2543 2521 2534
f 2534 2521 2544
f 2544 2521 2522
f 2532 2534 2545
f 2545 2534 2544
f 2529 2532 2546
f 2546 2532 2545
f 2536 2540 2543
f 2543 2540 2528
f 2519 2543 2520
f 2520 2543 2528
f 2541 2529 2547
f 2547 2529 2546
f 2548 2549 2545
f 2545 2549 2546
f 2549 2550 2546
f 2546 2550 2547
f 2551 2552 2548
f 2548 2552 2549
f 2548 2553 2551
f 2551 2553 2554
f 2550 2549 2555
f 2555 2549 2552
f 2545 2544 2548
f 2548 2544 2553
f 2523 2553 2522
f 2522 2553 2544
f 2547 2556 2541
f 2541 2556 2557
f 2541 2557 2542
f 2542 2557 2558
f 2528 2540 2559
f 2559 2540 2539
f 2538 2560 2539
f 2539 2560 2559
f 2561 2527 2559
f 2559 2527 2528
f 2560 2562 2559
f 2559 2562 2561
f 2560 2538 2564
f 2564 2538 2563
f 2558 2557 2563
f 2563 2557 2564
f 2565 2523 2509
f 2509 2523 2510
f 2526 2566 2516
f 2516 2566 2508
f 2509 2508 2565
f 2565 2508 2566
f 2565 2566 2554
f 2554 2566 2567
f 2554 2567 2551
f 2551 2567 2568
f 2569 2567 2526
f 2526 2567 2566
f 2553 2523 2554
f 2554 2523 2565
f 2570 2569 2525
f 2525 2569 2526
f 2524 2527 2525
f 2525 2527 2570
f 2527 2561 2570
f 2570 2561 2571
f 2571 2572 2570
f 2570 2572 2569
f 2573 2574 2571
f 2571 2574 2572
f 2572 2568 2569
f 2569 2568 2567
f 2568 2572 2575
f 2575 2572 2574
f 2562 2573 2561
f 2561 2573 2571
f 2573 2562 2576
f 2576 2562 2577
f 2579 2580 2578
f 2578 2580 2576
f 2574 2573 2580
f 2580 2573 2576
f 2576 2577 2578
f 2578 2577 2556
f 2557 2556 2564
f 2564 2556 2577
f 2562 2560 2577
f 2577 2560 2564
f 2575 2552 2568
f 2568 2552 2551
f 2579 2555 2575
f 2575 2555 2552
f 2579 2575 2580
f 2580 2575 2574
f 2550 2555 2578
f 2578 2555 2579
f 2556 2547 2578
f 2578 2547 2550
f 2558 2537 2542
f 2542 2537 2530
f 2538 2537 2563
f 2563 2537 2558
f 2292 2295 2481
f 2481 2295 2482
f 2486 2489 2512
f 2512 2489 2581
f 2499 2491 2498
f 2498 2491 2490
f 2497 2492 2499
f 2499 2492 2491
f 2155 2154 2494
f 2494 2154 2495
f 2581 2489 2490
f 2490 2489 2498
f 2293 2292 2511
f 2511 2292 2481
f 2191 2155 2512
f 2512 2155 2494
f 2500 2496 2511
f 2511 2496 2495
f 2247 2492 2295
f 2295 2492 2482
f 2583 2584 2582
f 2582 2584 2585
f 2587 2588 2586
f 2586 2588 2589
f 2591 2587 2590
f 2590 2587 2586
f 2593 2594 2592
f 2592 2594 2595
f 2596 2597 2599
f 2599 2597 2598
f 2588 2600 2589
f 2589 2600 2601
f 2602 2603 2605
f 2605 2603 2604
f 2606 2607 2609
f 2609 2607 2608
f 2609 2608 2190
f 2190 2608 2610
f 2611 2612 2614
f 2614 2612 2613
f 2600 2588 2615
f 2615 2588 2595
f 2599 2598 2606
f 2606 2598 2607
f 2584 2616 2604
f 2604 2616 2605
f 2600 2615 2583
f 2583 2615 2617
f 2591 2619 2618
f 2618 2619 2614
f 2621 2622 2620
f 2620 2622 2623
f 2619 2624 2614
f 2614 2624 2611
f 2591 2590 2619
f 2619 2590 2625
f 2587 2591 2592
f 2592 2591 2618
f 2626 2627 2585
f 2585 2627 2582
f 2627 2628 2582
f 2582 2628 2601
f 2629 2593 2618
f 2618 2593 2592
f 2602 2597 2611
f 2611 2597 2612
f 2600 2583 2601
f 2601 2583 2582
f 2630 2631 2589
f 2589 2631 2586
f 2583 2617 2584
f 2584 2617 2616
f 2588 2587 2595
f 2595 2587 2592
f 2633 2626 2632
f 2632 2626 2585
f 2620 2623 2634
f 2634 2623 2625
f 2622 2603 2623
f 2623 2603 2624
f 2621 2633 2622
f 2622 2633 2632
f 2611 2624 2602
f 2602 2624 2603
f 2634 2625 2635
f 2635 2625 2590
f 2628 2630 2601
f 2601 2630 2589
f 2613 2195 2629
f 2629 2195 2194
f 2631 2635 2586
f 2586 2635 2590
f 2595 2594 2615
f 2615 2594 2610
f 2619 2625 2624
f 2624 2625 2623
f 2632 2604 2622
f 2622 2604 2603
f 2585 2584 2632
f 2632 2584 2604
f 2635 2636 2634
f 2634 2636 2637
f 2638 2636 2631
f 2631 2636 2635
f 2639 2638 2630
f 2630 2638 2631
f 2640 2639 2628
f 2628 2639 2630
f 2634 2637 2620
f 2620 2637 2641
f 2620 2641 2621
f 2621 2641 2642
f 2642 2643 2621
f 2621 2643 2633
f 2641 2637 2644
f 2644 2637 2645
f 2646 2647 2649
f 2649 2647 2648
f 2648 2650 2649
f 2649 2650 2651
f 2648 2652 2650
f 2650 2652 2653
f 2652 2654 2656
f 2656 2654 2655
f 2656 2657 2652
f 2652 2657 2653
f 2654 2652 2647
f 2647 2652 2648
f 2647 2646 2659
f 2659 2646 2658
f 2660 2651 2653
f 2653 2651 2650
f 2636 2638 2660
f 2660 2638 2651
f 2651 2638 2661
f 2661 2638 2639
f 2651 2661 2649
f 2649 2661 2662
f 2663 2646 2662
f 2662 2646 2649
f 2653 2657 2660
f 2660 2657 2645
f 2636 2660 2637
f 2637 2660 2645
f 2646 2663 2658
f 2658 2663 2664
f 2665 2666 2662
f 2662 2666 2663
f 2666 2667 2663
f 2663 2667 2664
f 2668 2669 2665
f 2665 2669 2666
f 2665 2670 2668
f 2668 2670 2671
f 2667 2666 2672
f 2672 2666 2669
f 2662 2661 2665
f 2665 2661 2670
f 2640 2670 2639
f 2639 2670 2661
f 2673 2674 2664
f 2664 2674 2658
f 2658 2674 2659
f 2659 2674 2675
f 2645 2657 2676
f 2676 2657 2656
f 2677 2676 2655
f 2655 2676 2656
f 2676 2678 2645
f 2645 2678 2644
f 2677 2679 2676
f 2676 2679 2678
f 2655 2680 2677
f 2677 2680 2681
f 2675 2674 2680
f 2680 2674 2681
f 2682 2640 2627
f 2627 2640 2628
f 2643 2683 2633
f 2633 2683 2626
f 2682 2627 2683
f 2683 2627 2626
f 2683 2684 2682
f 2682 2684 2671
f 2684 2685 2671
f 2671 2685 2668
f 2686 2684 2643
f 2643 2684 2683
f 2670 2640 2671
f 2671 2640 2682
f 2687 2686 2642
f 2642 2686 2643
f 2642 2641 2687
f 2687 2641 2644
f 2687 2644 2688
f 2688 2644 2678
f 2688 2689 2687
f 2687 2689 2686
f 2690 2691 2688
f 2688 2691 2689
f 2689 2685 2686
f 2686 2685 2684
f 2685 2689 2692
f 2692 2689 2691
f 2679 2690 2678
f 2678 2690 2688
f 2690 2679 2693
f 2693 2679 2694
f 2696 2697 2695
f 2695 2697 2693
f 2691 2690 2697
f 2697 2690 2693
f 2693 2694 2695
f 2695 2694 2673
f 2674 2673 2681
f 2681 2673 2694
f 2679 2677 2694
f 2694 2677 2681
f 2685 2692 2668
f 2668 2692 2669
f 2696 2672 2692
f 2692 2672 2669
f 2696 2692 2697
f 2697 2692 2691
f 2695 2667 2696
f 2696 2667 2672
f 2673 2664 2695
f 2695 2664 2667
f 2675 2654 2659
f 2659 2654 2647
f 2655 2654 2680
f 2680 2654 2675
f 2291 2156 2593
f 2593 2156 2594
f 2597 2602 2598
f 2598 2602 2605
f 2616 2617 2607
f 2607 2617 2608
f 2615 2610 2617
f 2617 2610 2608
f 2597 2596 2612
f 2612 2596 2698
f 2598 2605 2607
f 2607 2605 2616
f 2194 2291 2629
f 2629 2291 2593
f 2629 2618 2613
f 2613 2618 2614
f 2190 2610 2156
f 2156 2610 2594
f 2700 2010 2699
f 2699 2010 2086
f 2267 2701 2116
f 2116 2701 2702
f 2116 2702 2117
f 2117 2702 2703
f 2704 2705 2250
f 2250 2705 2254
f 2011 2706 2267
f 2267 2706 2701
f 2699 2086 2707
f 2707 2086 2289
f 2010 2700 2011
f 2011 2700 2706
f 2708 2707 2251
f 2251 2707 2289
f 2703 2704 2117
f 2117 2704 2250
f 2705 2708 2254
f 2254 2708 2251
f 2709 2710 2708
f 2708 2710 2707
f 2711 2709 2705
f 2705 2709 2708
f 2712 2711 2704
f 2704 2711 2705
f 2713 2712 2703
f 2703 2712 2704
f 2707 2710 2699
f 2699 2710 2714
f 2699 2714 2700
f 2700 2714 2715
f 2716 2706 2715
f 2715 2706 2700
f 2714 2710 2717
f 2717 2710 2718
f 2720 2721 2719
f 2719 2721 2722
f 2721 2723 2722
f 2722 2723 2724
f 2721 2725 2723
f 2723 2725 2726
f 2727 2728 2725
f 2725 2728 2726
f 2729 2725 2720
f 2720 2725 2721
f 2731 2729 2730
f 2730 2729 2720
f 2719 2732 2720
f 2720 2732 2730
f 2726 2733 2723
f 2723 2733 2724
f 2709 2711 2733
f 2733 2711 2724
f 2724 2711 2734
f 2734 2711 2712
f 2722 2724 2735
f 2735 2724 2734
f 2719 2722 2736
f 2736 2722 2735
f 2726 2728 2733
f 2733 2728 2718
f 2709 2733 2710
f 2710 2733 2718
f 2732 2719 2737
f 2737 2719 2736
f 2738 2739 2735
f 2735 2739 2736
f 2739 2740 2736
f 2736 2740 2737
f 2741 2742 2738
f 2738 2742 2739
f 2738 2743 2741
f 2741 2743 2744
f 2740 2739 2745
f 2745 2739 2742
f 2735 2734 2738
f 2738 2734 2743
f 2713 2743 2712
f 2712 2743 2734
f 2737 2746 2732
f 2732 2746 2747
f 2732 2747 2730
f 2730 2747 2731
f 2718 2728 2748
f 2748 2728 2727
f 2749 2750 2727
f 2727 2750 2748
f 2748 2751 2718
f 2718 2751 2717
f 2750 2752 2748
f 2748 2752 2751
f 2750 2749 2754
f 2754 2749 2753
f 2731 2747 2753
f 2753 2747 2754
f 2727 2725 2749
f 2749 2725 2729
f 2749 2729 2753
f 2753 2729 2731
f 2702 2755 2703
f 2703 2755 2713
f 2706 2716 2701
f 2701 2716 2756
f 2755 2702 2756
f 2756 2702 2701
f 2756 2757 2755
f 2755 2757 2744
f 2757 2758 2744
f 2744 2758 2741
f 2759 2757 2716
f 2716 2757 2756
f 2743 2713 2744
f 2744 2713 2755
f 2760 2759 2715
f 2715 2759 2716
f 2715 2714 2760
f 2760 2714 2717
f 2760 2717 2761
f 2761 2717 2751
f 2761 2762 2760
f 2760 2762 2759
f 2763 2764 2761
f 2761 2764 2762
f 2762 2758 2759
f 2759 2758 2757
f 2758 2762 2765
f 2765 2762 2764
f 2752 2763 2751
f 2751 2763 2761
f 2763 2752 2766
f 2766 2752 2767
f 2768 2769 2766
f 2766 2769 2770
f 2764 2763 2770
f 2770 2763 2766
f 2766 2767 2768
f 2768 2767 2746
f 2747 2746 2754
f 2754 2746 2767
f 2752 2750 2767
f 2767 2750 2754
f 2758 2765 2741
f 2741 2765 2742
f 2769 2745 2765
f 2765 2745 2742
f 2769 2765 2770
f 2770 2765 2764
f 2768 2740 2769
f 2769 2740 2745
f 2746 2737 2768
f 2768 2737 2740
f 2201 2212 2200
f 2200 2212 2214
f 2201 2202 2212
f 2212 2202 2185
f 2512 2581 2191
f 2191 2581 2192
f 2059 2290 2056
f 2056 2290 2272
f 2174 2199 2294
f 2294 2199 2278
f 2063 2175 2194
f 2194 2175 2291
f 2192 2581 2133
f 2133 2581 2490
f 2133 2132 2192
f 2192 2132 2189
f 2054 2276 2055
f 2055 2276 2138
f 2083 2279 2084
f 2084 2279 2771
f 2771 2279 2599
f 2599 2279 2596
f 2606 2772 2599
f 2599 2772 2771
f 2772 2773 2771
f 2771 2773 2084
f 2773 2774 2084
f 2084 2774 2085
f 2085 2775 2082
f 2082 2775 2144
f 2774 2078 2085
f 2085 2078 2775
f 2078 2774 2079
f 2079 2774 2776
f 2774 2773 2776
f 2776 2773 2777
f 2773 2772 2777
f 2777 2772 2778
f 2190 2189 2609
f 2609 2189 2778
f 2053 2052 2779
f 2779 2052 2181
f 2144 2775 2081
f 2081 2775 2078
f 2294 2153 2174
f 2174 2153 2175
f 2132 2276 2189
f 2189 2276 2778
f 2606 2609 2772
f 2772 2609 2778
f 2195 2613 2698
f 2698 2613 2612
f 2596 2279 2698
f 2698 2279 2195
f 2054 2777 2276
f 2276 2777 2778
f 2777 2054 2776
f 2776 2054 2053
f 2053 2779 2776
f 2776 2779 2079
f 2779 2181 2079
f 2079 2181 2080
f 2181 2239 2080
f 2080 2239 2240
f 2122 2256 2014
f 2042 1982 2076
f 2076 1982 2007
f 1982 1985 2007
f 2007 1985 2008
f 2095 2097 2265
f 2265 2097 2266
f 2076 2050 2042
f 2042 2050 2047
f 2046 2043 2047
f 2047 2043 2042
f 2118 1993 2046
f 2046 1993 2043
f 1995 1994 2118
f 2118 1994 1993
f 2267 1992 2011
f 2011 1992 2012
f 1997 2012 1994
f 1994 2012 1992
f 2226 2013 1997
f 1997 2013 2012
f 2225 2087 2226
f 2226 2087 2013
f 2225 2232 2087
f 2087 2232 2288
f 2232 2070 2288
f 2288 2070 2252
f 2070 2025 2252
f 2252 2025 2253
f 1988 2249 2025
f 2025 2249 2253
f 2116 2115 2267
f 2267 2115 2268
f 2096 1984 2237
f 2237 1984 1991
f 2095 1985 2096
f 2096 1985 1984
f 2265 2008 2095
f 2095 2008 1985
f 2092 2009 2265
f 2265 2009 2008
f 2091 2286 2092
f 2092 2286 2009
f 2255 2238 2091
f 2091 2238 2286
f 2256 2239 2255
f 2255 2239 2238
f 2122 2240 2256
f 2256 2240 2239
f 2121 2241 2122
f 2122 2241 2240
f 2022 2018 2097
f 2097 2018 2266
f 2022 2024 2018
f 2018 2024 2019
f 2024 2072 2019
f 2019 2072 2073
f 2072 2228 2073
f 2073 2228 2230
f 2228 2184 2230
f 2230 2184 2183
f 2121 2285 2241
f 2241 2285 2258
f 2285 2036 2258
f 2258 2036 2257
f 2177 2145 2193
f 2193 2145 2257
f 2173 2193 2196
f 2196 2193 2037
f 2036 2037 2257
f 2257 2037 2193
f 2196 2037 2066
f 2066 2037 2035
f 2061 2108 2034
f 2034 2108 2067
f 2108 2208 2067
f 2067 2208 2204
f 2208 2210 2204
f 2204 2210 2203
f 2210 2280 2203
f 2203 2280 2186
f 2183 2186 2235
f 2235 2186 2280
f 1987 2114 1988
f 1988 2114 2249
f 2237 2115 1987
f 1987 2115 2114
f 1991 2268 2237
f 2237 2268 2115
f 1991 1990 2268
f 2268 1990 1992
f 107 110 2781
f 2781 110 2780
f 117 2782 118
f 118 2782 2783
f 119 2784 120
f 120 2784 2785
f 125 2786 126
f 126 2786 2787
f 127 2788 128
f 128 2788 2789
f 127 132 2788
f 2788 132 2790
f 231 230 2792
f 2792 230 2791
f 118 2783 119
f 119 2783 2784
f 241 243 2794
f 2794 243 2793
f 2781 2795 107
f 107 2795 352
f 120 2785 437
f 437 2785 2796
f 126 2787 110
f 110 2787 2780
f 455 2797 456
f 456 2797 2798
f 128 2789 457
f 457 2789 2799
f 456 2798 117
f 117 2798 2782
f 2794 2797 241
f 241 2797 455
f 457 2799 125
f 125 2799 2786
f 132 231 2790
f 2790 231 2792
f 230 437 2791
f 2791 437 2796
f 2792 2789 2790
f 2790 2789 2788
f 2785 2784 2801
f 2801 2784 2800
f 2786 2802 2787
f 2787 2802 2803
f 2792 2791 2805
f 2805 2791 2804
f 2784 2783 2800
f 2800 2783 2806
f 2785 2801 2796
f 2796 2801 2807
f 2787 2803 2780
f 2780 2803 2808
f 2789 2809 2799
f 2799 2809 2810
f 2799 2810 2786
f 2786 2810 2802
f 2791 2796 2804
f 2804 2796 2807
f 2789 2792 2809
f 2809 2792 2805
f 2812 2797 2811
f 2811 2797 2794
f 2809 2805 2810
f 2810 2805 2804
f 2810 2804 2802
f 2802 2804 2807
f 2802 2807 2803
f 2803 2807 2801
f 2808 2803 2800
f 2800 2803 2801
f 2814 699 2813
f 2813 699 698
f 2808 2815 2780
f 2780 2815 2781
f 2817 2782 2816
f 2816 2782 2798
f 2815 2818 2781
f 2781 2818 2795
f 2797 2812 2798
f 2798 2812 2816
f 2783 2782 2806
f 2806 2782 2817
f 2800 2806 2808
f 2808 2806 2815
f 2794 2793 2811
f 2811 2793 2819
f 174 201 384
f 384 201 362
f 200 1766 390
f 390 1766 1777
f 1777 1778 390
f 390 1778 398
f 1778 361 398
f 398 361 222
f 2820 2821 628
f 628 2821 629
f 1406 2820 790
f 790 2820 628
f 794 1415 1233
f 1233 1415 1234
f 1406 790 1407
f 1407 790 1312
f 1407 1312 2822
f 2822 1312 1316
f 2823 1380 1543
f 1543 1380 1379
f 1385 1738 1382
f 1382 1738 1383
f 1381 791 1382
f 1382 791 1386
f 791 794 1386
f 1386 794 1233
f 1259 1390 1260
f 1260 1390 1389
f 1905 1542 1394
f 1394 1542 1395
f 1410 1413 1397
f 1397 1413 1398
f 2821 1410 629
f 629 1410 1397
f 2823 2822 1380
f 1380 2822 1316
f 1392 1395 1378
f 1378 1395 1379
f 1738 1399 1383
f 1383 1399 1398
f 1388 1235 1389
f 1389 1235 1234
f 1393 1391 1394
f 1394 1391 1390
f 1381 1384 779
f 779 1384 780
f 1282 788 792
f 792 788 793
f 1431 1262 1432
f 1432 1262 1261
f 1400 1342 1408
f 1408 1342 1409
f 1508 1544 1411
f 1411 1544 1412
f 788 787 793
f 793 787 1414
f 2821 2820 1429
f 1429 2820 1430
f 2822 2823 1506
f 1506 2823 1507
f 778 1282 779
f 779 1282 792
f 2820 1406 1430
f 1430 1406 1409
f 1410 2821 1411
f 1411 2821 1429
f 1407 2822 1408
f 1408 2822 1506
f 1544 781 1412
f 1412 781 780
f 1260 1415 1261
f 1261 1415 1414
f 1334 2824 923
f 923 2824 924
f 2826 1268 2825
f 2825 1268 1267
f 769 1212 2827
f 2827 1212 2828
f 1492 1190 1266
f 1266 1190 1267
f 1488 2829 1489
f 1489 2829 2830
f 922 1329 923
f 923 1329 1328
f 1484 2831 1485
f 1485 2831 2832
f 1482 2833 1485
f 1485 2833 1486
f 1324 1493 1489
f 1489 1493 1490
f 1265 1491 1266
f 1266 1491 1490
f 2835 2836 2834
f 2834 2836 2837
f 1250 2838 2827
f 2827 2838 2839
f 1488 1491 2840
f 2840 1491 2841
f 1268 2826 2842
f 2842 2826 2843
f 2844 2845 1495
f 1495 2845 1496
f 1427 2847 2846
f 2846 2847 926
f 2829 1488 2848
f 2848 1488 2840
f 1329 922 2849
f 2849 922 927
f 2850 2851 768
f 768 2851 1213
f 1265 1268 2852
f 2852 1268 2842
f 1491 1265 2841
f 2841 1265 2852
f 2854 2855 2853
f 2853 2855 2856
f 2855 2857 2856
f 2856 2857 598
f 2857 2858 598
f 598 2858 595
f 2858 2859 595
f 595 2859 626
f 649 652 2860
f 2860 652 2861
f 639 642 2862
f 2862 642 2863
f 2864 705 2862
f 2862 705 639
f 2865 1418 2864
f 2864 1418 705
f 2866 2867 2865
f 2865 2867 1418
f 1760 1348 1761
f 1761 1348 2867
f 1764 2868 1197
f 1197 2868 1198
f 2869 611 2868
f 2868 611 1198
f 2870 612 2869
f 2869 612 611
f 1352 1350 944
f 944 1350 688
f 1350 1256 688
f 688 1256 685
f 1256 1255 685
f 685 1255 692
f 1255 2871 692
f 692 2871 2872
f 701 2873 698
f 698 2873 2813
f 2872 1349 692
f 692 1349 693
f 1696 1744 1574
f 1574 1744 1575
f 1753 1618 1577
f 1577 1618 1578
f 1729 1594 1608
f 1608 1594 1609
f 1725 1630 1611
f 1611 1630 1612
f 1604 1607 1625
f 1625 1607 1626
f 1624 1703 1625
f 1625 1703 1912
f 1703 1702 1912
f 1912 1702 1913
f 1702 1753 1913
f 1913 1753 1577
f 1598 1569 1915
f 1915 1569 1578
f 1616 1615 1915
f 1915 1615 1916
f 1615 1696 1916
f 1916 1696 1574
f 1744 1745 1575
f 1575 1745 1917
f 1745 1565 1917
f 1917 1565 1609
f 1568 1725 1608
f 1608 1725 1611
f 2874 1613 1918
f 1918 1613 1612
f 1607 2874 1626
f 1626 2874 1918
f 1610 1613 1562
f 1562 1613 1563
f 1547 1550 1570
f 1570 1550 1571
f 1573 1576 1580
f 1580 1576 1581
f 1553 1556 1595
f 1595 1556 1596
f 1556 1582 1596
f 1596 1582 1581
f 1551 1547 1599
f 1599 1547 1570
f 1731 1914 1601
f 1601 1914 1602
f 1686 1689 1605
f 1605 1689 1606
f 1598 1743 1599
f 1599 1743 1692
f 2874 1607 1723
f 1723 1607 1606
f 1727 1553 1730
f 1730 1553 1595
f 1600 1686 1601
f 1601 1686 1605
f 1914 1572 1602
f 1602 1572 1571
f 1579 1693 1580
f 1580 1693 1692
f 1613 2874 1563
f 1563 2874 1723
f 1561 1727 1562
f 1562 1727 1730
f 1949 1742 1548
f 1548 1742 1549
f 1694 1949 1552
f 1552 1949 1548
f 1954 1589 1554
f 1554 1589 1555
f 1693 1579 1558
f 1558 1579 1559
f 1561 1564 1584
f 1584 1564 1585
f 1582 1556 1588
f 1588 1556 1555
f 1600 1603 1591
f 1591 1603 1592
f 1981 1977 1687
f 1687 1977 1688
f 1564 1722 1585
f 1585 1722 1690
f 1551 1693 1552
f 1552 1693 1558
f 1751 1954 1728
f 1728 1954 1554
f 1590 1981 1591
f 1591 1981 1687
f 1603 1550 1592
f 1592 1550 1549
f 1977 1691 1688
f 1688 1691 1690
f 1587 1560 1588
f 1588 1560 1559
f 1727 1561 1728
f 1728 1561 1584
f 2875 1919 1947
f 1947 1919 1948
f 1557 1560 1952
f 1952 1560 1953
f 1933 1932 1955
f 1955 1932 1956
f 1587 1589 1958
f 1958 1589 1956
f 1959 1933 1965
f 1965 1933 1955
f 1961 1964 1966
f 1966 1964 1967
f 1981 1590 1969
f 1969 1590 1967
f 1742 1949 1972
f 1972 1949 1948
f 1593 1742 1966
f 1966 1742 1972
f 1957 1950 1958
f 1958 1950 1953
f 1583 1586 1974
f 1974 1586 1975
f 1940 1943 1978
f 1978 1943 1979
f 1943 1976 1979
f 1979 1976 1975
f 1951 2875 1952
f 1952 2875 1947
f 1968 1940 1969
f 1969 1940 1978
f 1973 1959 1974
f 1974 1959 1965
f 1923 1971 1920
f 1920 1971 1921
f 1919 2875 1920
f 1920 2875 1924
f 2875 1951 1924
f 1924 1951 1926
f 1950 1957 1929
f 1929 1957 1930
f 2244 2243 1934
f 1934 2243 1935
f 1973 1976 1937
f 1937 1976 1938
f 1944 1980 1941
f 1941 1980 1942
f 1940 1968 1941
f 1941 1968 1945
f 2287 2244 1960
f 1960 2244 1934
f 1970 2245 1962
f 1962 2245 1963
f 2243 1931 1935
f 1935 1931 1930
f 1927 1926 1928
f 1928 1926 1929
f 1961 1922 1962
f 1962 1922 1921
f 2245 1946 1963
f 1963 1946 1945
f 1976 1943 1938
f 1938 1943 1942
f 1936 2287 1937
f 1937 2287 1960
f 743 1238 608
f 608 1238 609
f 607 1811 608
f 608 1811 744
f 1304 2876 1305
f 1305 2876 2877
f 586 585 1298
f 1298 585 1299
f 585 702 1299
f 1299 702 1300
f 702 1428 1300
f 1300 1428 1301
f 1238 586 609
f 609 586 1298
f 2878 2879 1218
f 1218 2879 2877
f 2880 2881 1812
f 1812 2881 1819
f 2883 1821 2882
f 2882 1821 1820
f 2840 2841 620
f 620 2841 621
f 2842 2843 795
f 795 2843 796
f 892 895 2844
f 2844 895 2845
f 2848 2840 942
f 942 2840 620
f 2849 927 1202
f 1202 927 1203
f 2852 2842 1270
f 1270 2842 795
f 2841 2852 621
f 621 2852 1270
f 941 1759 942
f 942 1759 2884
f 659 929 1427
f 1427 929 2847
f 1237 2851 751
f 751 2851 2850
f 1216 2885 1217
f 1217 2885 1754
f 2887 734 2886
f 2886 734 733
f 2889 1816 2888
f 2888 1816 1815
f 2890 1245 2889
f 2889 1245 1816
f 1824 2891 1825
f 1825 2891 1246
f 2892 2893 2895
f 2895 2893 2894
f 1854 1833 1851
f 1851 1833 1832
f 1851 1832 1884
f 1884 1832 1876
f 1884 1876 1441
f 1441 1876 1443
f 1441 1443 1442
f 1442 1443 1446
f 1442 1446 2896
f 2896 1446 1507
f 2897 2823 2898
f 2898 2823 1543
f 1542 2899 1543
f 1543 2899 2898
f 1542 1905 2899
f 2899 1905 2900
f 1905 1259 2900
f 2900 1259 2901
f 1262 1431 2902
f 2902 1431 1904
f 1431 1434 1904
f 1904 1434 1902
f 1902 1434 2903
f 2903 1434 719
f 2903 719 2904
f 2904 719 718
f 1869 1881 718
f 718 1881 2904
f 1881 1869 1880
f 1880 1869 756
f 1880 756 2905
f 2905 756 755
f 2905 755 2906
f 2906 755 758
f 762 2907 763
f 763 2907 2908
f 724 723 2909
f 2909 723 894
f 796 895 723
f 723 895 894
f 2843 2845 796
f 796 2845 895
f 2826 1496 2843
f 2843 1496 2845
f 2825 1497 2826
f 2826 1497 1496
f 1189 2836 2825
f 2825 2836 1497
f 797 891 798
f 798 891 2837
f 802 888 797
f 797 888 891
f 2910 2911 2913
f 2913 2911 2912
f 1780 1783 2915
f 2915 1783 2914
f 2916 2917 831
f 831 2917 832
f 2918 2919 845
f 845 2919 846
f 2920 2916 847
f 847 2916 831
f 2921 2922 857
f 857 2922 858
f 2923 2924 860
f 860 2924 861
f 2919 2912 846
f 846 2912 887
f 2925 2920 940
f 940 2920 847
f 2924 2926 861
f 861 2926 1204
f 2917 2918 832
f 832 2918 845
f 2927 2928 1449
f 1449 2928 1450
f 2929 2930 889
f 889 2930 2931
f 2896 1507 2897
f 2897 1507 2823
f 2902 2901 1262
f 1262 2901 1259
f 2932 2933 750
f 750 2933 1236
f 2933 2934 1236
f 1236 2934 1835
f 2936 2937 2935
f 2935 2937 2938
f 2940 2941 2939
f 2939 2941 2942
f 2943 2944 1841
f 1841 2944 1842
f 2945 1860 2944
f 2944 1860 1842
f 2945 2946 1860
f 1860 2946 1859
f 1889 2947 1890
f 1890 2947 1856
f 1856 2947 1857
f 1857 2947 2948
f 2950 709 2949
f 2949 709 1829
f 2952 730 2951
f 2951 730 729
f 2866 2953 2867
f 2867 2953 1761
f 2953 2954 1761
f 1761 2954 1420
f 2954 2955 1420
f 1420 2955 742
f 2955 2956 742
f 742 2956 739
f 2956 2957 739
f 739 2957 760
f 2957 2958 760
f 760 2958 761
f 2958 2959 761
f 761 2959 2960
f 2959 2961 2960
f 2960 2961 2962
f 2963 2964 1839
f 1839 2964 1840
f 2964 2965 1840
f 1840 2965 2942
f 2966 2950 2939
f 2939 2950 2949
f 2935 2967 2936
f 2936 2967 2968
f 2969 2970 736
f 736 2970 735
f 734 2887 1815
f 1815 2887 2888
f 2887 2882 2888
f 2888 2882 2881
f 1819 1820 1817
f 1817 1820 748
f 1195 1757 1197
f 1197 1757 1424
f 1757 647 1424
f 1424 647 646
f 647 648 646
f 646 648 643
f 648 1271 643
f 643 1271 737
f 1271 725 737
f 737 725 765
f 725 724 765
f 765 724 762
f 762 724 2907
f 2907 724 2909
f 1254 1437 2909
f 2909 1437 2907
f 1438 1253 1836
f 1836 1253 1835
f 1836 1835 2938
f 2938 1835 2934
f 2971 2972 2935
f 2935 2972 2967
f 897 896 2969
f 2969 896 2970
f 1815 1814 734
f 734 1814 731
f 728 1215 896
f 896 1215 732
f 2885 1216 733
f 733 1216 2886
f 1216 1219 2886
f 2886 1219 2883
f 2876 1304 1821
f 1821 1304 749
f 1304 1303 749
f 749 1303 746
f 1818 2973 1817
f 1817 2973 1810
f 747 2974 1818
f 1818 2974 2973
f 747 746 2974
f 2974 746 1303
f 2976 2977 2975
f 2975 2977 2978
f 2976 2979 2901
f 2901 2979 2900
f 2980 2981 2982
f 2982 2981 2979
f 2981 2980 2983
f 2983 2980 2984
f 2985 2897 2983
f 2983 2897 2898
f 2987 2988 2986
f 2986 2988 2985
f 2896 2988 1442
f 1442 2988 1439
f 1903 2977 1904
f 1904 2977 2902
f 1856 1855 1890
f 1890 1855 2989
f 2989 2990 1890
f 1890 2990 1359
f 2990 2991 1359
f 1359 2991 1356
f 2946 2992 1859
f 1859 2992 1893
f 2992 2993 1893
f 1893 2993 775
f 2993 2994 775
f 775 2994 776
f 2986 1356 2987
f 2987 1356 2991
f 2975 2978 776
f 776 2978 777
f 2982 2994 2980
f 2980 2994 2995
f 1357 2984 2995
f 2995 2984 2980
f 2995 2996 1357
f 1357 2996 1358
f 2996 2997 1358
f 1358 2997 1889
f 2998 2999 2932
f 2932 2999 2933
f 2999 2971 2933
f 2933 2971 2934
f 1837 1836 2937
f 2937 1836 2938
f 2943 1841 2941
f 2941 1841 1838
f 3001 2944 3000
f 3000 2944 2943
f 3001 3002 2944
f 2944 3002 2945
f 3002 3003 2945
f 2945 3003 2946
f 2997 3003 1889
f 1889 3003 2947
f 2947 3003 2948
f 2948 3003 3002
f 3001 3004 3002
f 3002 3004 2948
f 3000 3005 3001
f 3001 3005 3004
f 2940 3006 3000
f 3000 3006 3005
f 2999 3007 2971
f 2971 3007 2972
f 2998 2951 2999
f 2999 2951 3007
f 3008 2952 2998
f 2998 2952 2951
f 2966 2965 2936
f 2936 2965 2937
f 2935 2938 2971
f 2971 2938 2934
f 3003 2997 2946
f 2946 2997 2992
f 2997 2996 2992
f 2992 2996 2993
f 2996 2995 2993
f 2993 2995 2994
f 1356 2986 1357
f 1357 2986 2984
f 2982 2975 2994
f 2994 2975 776
f 1844 1843 1899
f 1899 1843 3009
f 1843 638 3009
f 3009 638 3010
f 638 637 3010
f 3010 637 3011
f 637 1830 3011
f 3011 1830 3012
f 1830 1833 3012
f 3012 1833 2894
f 1833 1854 2894
f 2894 1854 2895
f 1854 1853 2895
f 2895 1853 1888
f 1858 1857 1885
f 1885 1857 1892
f 1899 3009 1898
f 1898 3009 1874
f 3009 3010 1874
f 1874 3010 1865
f 3010 3011 1865
f 1865 3011 1862
f 3011 3012 1862
f 1862 3012 1882
f 3012 2894 1882
f 1882 2894 2893
f 1850 2890 782
f 782 2890 2889
f 783 2880 1811
f 1811 2880 1812
f 744 1810 745
f 745 1810 2973
f 745 2973 805
f 805 2973 806
f 2973 2974 806
f 806 2974 815
f 1303 812 2974
f 2974 812 815
f 1303 1302 812
f 812 1302 1221
f 1307 3013 1302
f 1302 3013 1221
f 1734 3014 1633
f 1633 3014 1634
f 1646 1649 1636
f 1636 1649 1637
f 1654 1657 1641
f 1641 1657 1642
f 1639 1736 1636
f 1636 1736 1684
f 1716 1713 1698
f 1698 1713 1699
f 1718 1721 1705
f 1705 1721 1706
f 1653 1654 1709
f 1709 1654 1641
f 1620 1623 1714
f 1714 1623 1699
f 1712 1682 1714
f 1714 1682 1740
f 1668 1671 1746
f 1746 1671 1747
f 1752 1650 1749
f 1749 1650 1750
f 1750 1650 1709
f 1709 1650 1653
f 1632 1668 1633
f 1633 1668 1746
f 1649 1752 1637
f 1637 1752 1749
f 1682 1643 1740
f 1740 1643 1642
f 3014 1685 1634
f 1634 1685 1684
f 1704 1748 1705
f 1705 1748 1747
f 1697 1707 1698
f 1698 1707 1706
f 1739 1701 1621
f 1621 1701 1622
f 1567 1566 1647
f 1647 1566 1648
f 1664 1695 1651
f 1651 1695 1652
f 1614 1617 1655
f 1655 1617 1656
f 1704 1707 1659
f 1659 1707 1660
f 3014 1734 1662
f 1662 1734 1663
f 1650 1752 1651
f 1651 1752 1665
f 1741 1657 1667
f 1667 1657 1656
f 1695 1614 1652
f 1652 1614 1655
f 1724 1567 1726
f 1726 1567 1647
f 1645 1628 1733
f 1733 1628 1663
f 1685 3014 1726
f 1726 3014 1662
f 1620 1741 1621
f 1621 1741 1667
f 1566 1666 1648
f 1648 1666 1665
f 1658 1737 1659
f 1659 1737 1901
f 1911 1661 1910
f 1910 1661 1660
f 1701 1911 1622
f 1622 1911 1910
f 1732 1748 1733
f 1733 1748 1901
f 1857 2948 1892
f 1892 2948 3004
f 1892 3004 1891
f 1891 3004 3005
f 1828 3006 1829
f 1829 3006 2949
f 2967 736 2968
f 2968 736 710
f 2972 2969 2967
f 2967 2969 736
f 2969 2972 897
f 897 2972 3007
f 897 3007 729
f 729 3007 2951
f 3016 753 3015
f 3015 753 752
f 3018 767 3017
f 3017 767 766
f 3019 3020 1249
f 1249 3020 3021
f 2915 2914 3019
f 3019 2914 3020
f 3023 2914 3022
f 3022 2914 1783
f 2827 2839 769
f 769 2839 766
f 3025 2838 3024
f 3024 2838 3021
f 768 767 2850
f 2850 767 3026
f 2850 3026 751
f 751 3026 752
f 750 753 2932
f 2932 753 3027
f 3008 2998 3027
f 3027 2998 2932
f 3028 3029 3008
f 3008 3029 2952
f 3029 3030 2952
f 2952 3030 730
f 3032 3033 3031
f 3031 3033 3034
f 3036 3037 3035
f 3035 3037 3038
f 2870 3039 612
f 612 3039 3040
f 3041 3042 3031
f 3031 3042 3038
f 3034 1352 3043
f 3043 1352 944
f 612 3040 613
f 613 3040 3044
f 613 3044 1425
f 1425 3044 1422
f 3045 3042 669
f 669 3042 670
f 3041 3043 599
f 599 3043 600
f 772 771 1544
f 1544 771 781
f 1503 771 1866
f 1866 771 770
f 771 1503 781
f 781 1503 778
f 61 281 416
f 416 281 1907
f 283 103 3046
f 3046 103 3047
f 76 79 3048
f 3048 79 3049
f 280 76 1906
f 1906 76 3048
f 3051 335 3050
f 3050 335 334
f 3053 417 3052
f 3052 417 416
f 3055 435 3054
f 3054 435 434
f 428 435 419
f 419 435 1908
f 420 1909 293
f 293 1909 443
f 79 294 3049
f 3049 294 444
f 3057 444 3056
f 3056 444 443
f 3051 3058 335
f 335 3058 452
f 216 215 1332
f 1332 215 452
f 308 283 462
f 462 283 3046
f 3050 334 3059
f 3059 334 462
f 103 62 3047
f 3047 62 417
f 313 312 434
f 434 312 463
f 3061 574 3060
f 3060 574 573
f 1310 3062 1428
f 1428 3062 3063
f 1258 3064 1255
f 1255 3064 2871
f 932 3065 2853
f 2853 3065 3066
f 699 2814 931
f 931 2814 3067
f 3068 1301 3063
f 3063 1301 1428
f 571 574 1310
f 1310 574 3062
f 3060 573 3069
f 3069 573 1332
f 3070 3071 1906
f 1906 3071 1907
f 3072 3073 1908
f 1908 3073 1909
f 3075 2814 3074
f 3074 2814 2813
f 2854 3076 1258
f 1258 3076 3064
f 2871 3077 2872
f 2872 3077 3078
f 3074 2813 3079
f 3079 2813 2873
f 2872 3078 1349
f 1349 3078 3080
f 2873 701 3068
f 3068 701 1301
f 1330 1201 3080
f 3080 1201 1349
f 1264 1263 3081
f 3081 1263 3082
f 3083 3084 3082
f 3082 3084 3081
f 811 1448 3086
f 3086 1448 3085
f 808 811 3087
f 3087 811 3086
f 3088 3083 833
f 833 3083 3082
f 884 3089 885
f 885 3089 3090
f 3087 1790 808
f 808 1790 816
f 1790 3087 1787
f 1787 3087 3091
f 3092 3091 3086
f 3086 3091 3087
f 3093 3094 3084
f 3084 3094 3095
f 3089 3096 3090
f 3090 3096 3088
f 3097 3093 3083
f 3083 3093 3084
f 3099 3100 3098
f 3098 3100 1786
f 3101 1788 2913
f 2913 1788 3102
f 838 837 885
f 885 837 886
f 886 837 3103
f 3103 837 1541
f 3094 3093 3104
f 3104 3093 3097
f 3105 3106 3089
f 3089 3106 3096
f 3108 3109 3107
f 3107 3109 3110
f 3111 3112 3091
f 3091 3112 1787
f 3114 3108 3113
f 3113 3108 3107
f 3114 3115 3112
f 3112 3115 3102
f 3091 3092 3111
f 3111 3092 3116
f 839 838 835
f 835 838 836
f 885 3090 838
f 838 3090 836
f 3110 3117 1247
f 1247 3117 3118
f 1247 3118 1248
f 1248 3118 3119
f 3120 3121 3119
f 3119 3121 1248
f 1247 844 3110
f 3110 844 3107
f 844 843 3107
f 3107 843 3113
f 843 3099 3113
f 3113 3099 3122
f 1781 3123 3098
f 3098 3123 3124
f 2915 2931 1780
f 1780 2931 2930
f 3019 3125 2915
f 2915 3125 2931
f 890 3125 2834
f 2834 3125 1252
f 3125 3019 1252
f 1252 3019 1249
f 907 908 946
f 946 908 947
f 1185 1188 1369
f 1369 1188 948
f 954 957 951
f 951 957 952
f 910 965 953
f 953 965 950
f 905 958 960
f 960 958 961
f 3126 978 949
f 949 978 962
f 936 935 967
f 967 935 968
f 994 993 969
f 969 993 966
f 902 904 971
f 971 904 972
f 983 985 973
f 973 985 970
f 906 905 974
f 974 905 960
f 977 981 959
f 959 981 975
f 911 910 1143
f 1143 910 953
f 952 957 1142
f 1142 957 1145
f 911 1143 1366
f 1366 1143 1368
f 1185 1369 1145
f 1145 1369 1142
f 993 1519 966
f 966 1519 1456
f 965 1454 950
f 950 1454 1457
f 900 899 1459
f 1459 899 1460
f 988 991 1461
f 1461 991 1458
f 899 963 1460
f 1460 963 1462
f 985 987 970
f 970 987 1463
f 904 906 972
f 972 906 974
f 981 983 975
f 975 983 973
f 935 900 968
f 968 900 1459
f 991 994 1458
f 1458 994 969
f 1154 1526 1088
f 1088 1526 1089
f 1109 1112 1092
f 1092 1112 1093
f 1083 1098 1084
f 1084 1098 1097
f 1078 1471 1100
f 1100 1471 1101
f 1075 1078 1104
f 1104 1078 1100
f 1152 1154 1156
f 1156 1154 1088
f 1156 1155 1372
f 1372 1155 1373
f 1372 1373 1104
f 1104 1373 1075
f 1467 1109 1465
f 1465 1109 1092
f 1465 1182 1468
f 1468 1182 1184
f 1474 1470 1096
f 1096 1470 1097
f 1102 1101 1083
f 1083 1101 1098
f 1112 1531 1093
f 1093 1531 1529
f 1102 1073 1099
f 1099 1073 1072
f 1526 1154 1079
f 1079 1154 1080
f 1081 1091 1082
f 1082 1091 1094
f 1069 1068 1085
f 1085 1068 1086
f 1153 1151 1080
f 1080 1151 1058
f 1371 1177 1179
f 1179 1177 1176
f 1099 1072 1103
f 1103 1072 1176
f 1068 1071 1086
f 1086 1071 1073
f 1085 1084 1180
f 1180 1084 1469
f 1066 1065 1183
f 1183 1065 1181
f 1153 1152 1177
f 1177 1152 1178
f 1091 1081 1182
f 1182 1081 1183
f 1057 1525 1079
f 1079 1525 1527
f 1120 1117 1076
f 1076 1117 1077
f 1087 1090 1107
f 1107 1090 1108
f 1127 1126 1110
f 1110 1126 1111
f 1095 1116 1096
f 1096 1116 1115
f 1471 1078 1119
f 1119 1078 1077
f 1087 1107 1155
f 1155 1107 1158
f 1376 1374 1157
f 1157 1374 1158
f 1076 1075 1374
f 1374 1075 1373
f 1109 1467 1110
f 1110 1467 1472
f 1467 1466 1472
f 1472 1466 1473
f 1135 1475 1114
f 1114 1475 1115
f 1471 1119 1095
f 1095 1119 1116
f 1126 1532 1111
f 1111 1532 1530
f 914 1276 1480
f 1480 1276 1517
f 3127 3128 1223
f 1223 3128 1224
f 824 933 1455
f 1455 933 3129
f 3131 1448 3130
f 3130 1448 1447
f 3132 3133 1452
f 1452 3133 1453
f 3130 1447 1322
f 1322 1447 1455
f 933 1514 3129
f 3129 1514 3134
f 1161 3135 1480
f 1480 3135 1481
f 3128 3136 1224
f 1224 3136 1499
f 3133 1162 1453
f 1453 1162 1517
f 1515 3127 1535
f 1535 3127 1223
f 3095 3085 3131
f 3131 3085 1448
f 3137 3092 3085
f 3085 3092 3086
f 3138 3116 3137
f 3137 3116 3092
f 3110 3109 3117
f 3117 3109 3139
f 3105 3140 3117
f 3117 3140 3118
f 3140 3141 3118
f 3118 3141 3119
f 3142 3120 3141
f 3141 3120 3119
f 1498 3143 1277
f 1277 3143 882
f 3144 3145 1340
f 1340 3145 1339
f 1340 3146 3144
f 3144 3146 3147
f 3145 3144 3143
f 3143 3144 3148
f 871 901 872
f 872 901 1362
f 3149 3148 3147
f 3147 3148 3144
f 1208 3150 1209
f 3098 1786 1781
f 1781 1786 1782
f 2930 2929 3123
f 3123 2929 2911
f 1794 1791 2916
f 2916 1791 2917
f 1793 3101 2918
f 2918 3101 2919
f 1796 1794 2920
f 2920 1794 2916
f 3151 3152 2921
f 2921 3152 2922
f 3153 3154 2923
f 2923 3154 2924
f 2919 3101 2912
f 2912 3101 2913
f 3155 1796 2925
f 2925 1796 2920
f 3154 3156 2924
f 2924 3156 2926
f 1791 1793 2917
f 2917 1793 2918
f 3157 3158 2927
f 2927 3158 2928
f 1780 2930 1781
f 1781 2930 3123
f 2825 1267 1189
f 1189 1267 1190
f 2827 2828 1250
f 1250 2828 1251
f 1489 2830 1324
f 1324 2830 1325
f 923 1328 1334
f 1334 1328 1335
f 1485 2832 1482
f 1482 2832 1483
f 1266 1490 1492
f 1492 1490 1493
f 1333 1346 1334
f 1334 1346 2824
f 722 799 1492
f 1492 799 1190
f 664 657 1482
f 1482 657 2833
f 631 634 1324
f 1324 634 1493
f 2828 1494 1251
f 1251 1494 2835
f 1249 3021 1250
f 1250 3021 2838
f 798 2837 1189
f 1189 2837 2836
f 3100 842 3160
f 3160 842 3159
f 1788 3101 1789
f 1789 3101 1793
f 1792 816 1789
f 1789 816 1790
f 817 816 1795
f 1795 816 1792
f 938 817 1797
f 1797 817 1795
f 1796 3155 1797
f 1797 3155 1798
f 3155 3158 1798
f 1798 3158 1799
f 3157 3152 1801
f 1801 3152 1802
f 3151 3156 1803
f 1803 3156 1804
f 3154 3153 1805
f 1805 3153 1806
f 3153 3161 1806
f 1806 3161 1807
f 3099 843 3100
f 3100 843 842
f 1788 1787 3102
f 3102 1787 3112
f 2910 3115 3124
f 3124 3115 3122
f 3099 3098 3122
f 3122 3098 3124
f 416 1907 3052
f 3052 1907 3071
f 3046 3047 3163
f 3163 3047 3162
f 249 445 259
f 259 445 3164
f 425 3165 424
f 424 3165 461
f 408 410 329
f 329 410 330
f 39 331 40
f 40 331 332
f 305 304 423
f 423 304 464
f 385 254 458
f 458 254 392
f 250 415 251
f 251 415 412
f 233 337 234
f 234 337 3166
f 435 3055 1908
f 1908 3055 3072
f 443 1909 3056
f 3056 1909 3073
f 3167 3049 3057
f 3057 3049 444
f 452 3058 1332
f 1332 3058 3069
f 234 3166 346
f 346 3166 411
f 3046 3163 462
f 462 3163 3059
f 259 3164 260
f 260 3164 336
f 3047 417 3162
f 3162 417 3053
f 463 3168 434
f 434 3168 3054
f 454 830 425
f 425 830 3165
f 3062 3169 3063
f 3063 3169 3170
f 1355 1354 1534
f 1534 1354 3171
f 3063 3170 3068
f 3068 3170 3172
f 574 3061 3062
f 3062 3061 3169
f 1534 3171 1535
f 1535 3171 3173
f 3079 2873 3172
f 3172 2873 3068
f 2838 3025 2839
f 2839 3025 3174
f 3176 3177 3175
f 3175 3177 3178
f 3180 1125 3179
f 3179 1125 1128
f 3182 3183 3181
f 3181 3183 3184
f 1134 3185 1130
f 1130 3185 3182
f 3186 3187 3189
f 3189 3187 3188
f 3191 3189 3190
f 3190 3189 3188
f 1137 1122 3190
f 3190 1122 3192
f 3175 3178 3193
f 3193 3178 3194
f 3181 3184 3179
f 3179 3184 3195
f 3197 3198 3196
f 3196 3198 3180
f 3200 3178 3199
f 3199 3178 3177
f 3202 3196 3201
f 3201 3196 3195
f 3204 3184 3203
f 3203 3184 3183
f 3206 3207 3205
f 3205 3207 3186
f 3205 3186 3208
f 3208 3186 3189
f 3209 3208 3191
f 3191 3208 3189
f 3210 3194 3200
f 3200 3194 3178
f 3201 3195 3204
f 3204 3195 3184
f 3197 3211 3177
f 3177 3211 3199
f 3213 3214 3212
f 3212 3214 3215
f 3217 3218 3216
f 3216 3218 3219
f 3221 3222 3220
f 3220 3222 3223
f 3225 3226 3224
f 3224 3226 3227
f 3229 3230 3228
f 3228 3230 3231
f 3233 3234 3232
f 3232 3234 3235
f 3237 3238 3236
f 3236 3238 3239
f 3238 3240 3239
f 3239 3240 3241
f 3232 3235 3242
f 3242 3235 3243
f 3245 3246 3244
f 3244 3246 3247
f 3248 3249 3245
f 3245 3249 3246
f 3251 3252 3250
f 3250 3252 3253
f 3255 3252 3254
f 3254 3252 3251
f 3256 3257 3259
f 3259 3257 3258
f 3261 3262 3260
f 3260 3262 3263
f 3265 3263 3264
f 3264 3263 3262
f 3256 3259 3266
f 3266 3259 3267
f 3269 3270 3268
f 3268 3270 3271
f 3269 3272 3270
f 3270 3272 3273
f 3274 3275 3277
f 3277 3275 3276
f 3278 3279 3276
f 3276 3279 3277
f 3281 3282 3280
f 3280 3282 3283
f 3280 3284 3281
f 3281 3284 3285
f 3287 3288 3286
f 3286 3288 3289
f 3290 3291 3288
f 3288 3291 3289
f 3234 3218 3235
f 3235 3218 3217
f 3232 3292 3233
f 3233 3292 3293
f 3239 3294 3236
f 3236 3294 3219
f 3233 3293 3237
f 3237 3293 3295
f 3296 3294 3241
f 3241 3294 3239
f 3240 3238 3297
f 3297 3238 3298
f 3217 3216 3235
f 3235 3216 3243
f 3297 3299 3240
f 3240 3299 3242
f 3246 3300 3247
f 3247 3300 3223
f 3301 3302 3254
f 3254 3302 3244
f 3249 3303 3246
f 3246 3303 3300
f 3245 3304 3248
f 3248 3304 3292
f 3252 3221 3253
f 3253 3221 3220
f 3250 3248 3299
f 3299 3248 3292
f 3222 3221 3255
f 3255 3221 3252
f 3297 3301 3251
f 3251 3301 3254
f 3258 3214 3259
f 3259 3214 3213
f 3257 3256 3304
f 3304 3256 3305
f 3263 3306 3260
f 3260 3306 3215
f 3261 3257 3302
f 3302 3257 3304
f 3307 3306 3265
f 3265 3306 3263
f 3262 3301 3264
f 3264 3301 3308
f 3259 3213 3267
f 3267 3213 3212
f 3308 3309 3264
f 3264 3309 3266
f 3270 3310 3271
f 3271 3310 3231
f 3311 3312 3278
f 3278 3312 3268
f 3270 3273 3310
f 3310 3273 3313
f 3272 3269 3305
f 3305 3269 3314
f 3277 3229 3274
f 3274 3229 3228
f 3275 3272 3309
f 3309 3272 3305
f 3279 3230 3277
f 3277 3230 3229
f 3276 3308 3278
f 3278 3308 3311
f 3281 3315 3282
f 3282 3315 3227
f 3290 3316 3283
f 3283 3316 3317
f 3281 3285 3315
f 3315 3285 3318
f 3284 3280 3314
f 3314 3280 3319
f 3289 3225 3286
f 3286 3225 3224
f 3287 3284 3312
f 3284 3314 3312
f 3291 3226 3289
f 3289 3226 3225
f 3288 3311 3290
f 3290 3311 3316
f 3212 3215 3307
f 3307 3215 3306
f 3294 3296 3219
f 3219 3296 3216
f 3303 3220 3300
f 3300 3220 3223
f 3224 3227 3318
f 3318 3227 3315
f 3228 3231 3313
f 3313 3231 3310
f 3234 3233 3236
f 3236 3233 3237
f 3243 3241 3242
f 3242 3241 3240
f 3247 3255 3244
f 3244 3255 3254
f 3253 3249 3250
f 3250 3249 3248
f 3260 3258 3261
f 3261 3258 3257
f 3266 3267 3264
f 3264 3267 3265
f 3268 3271 3278
f 3278 3271 3279
f 3274 3273 3275
f 3275 3273 3272
f 3283 3282 3290
f 3290 3282 3291
f 3286 3285 3287
f 3287 3285 3284
f 3218 3234 3219
f 3219 3234 3236
f 3295 3298 3237
f 3237 3298 3238
f 3216 3296 3243
f 3243 3296 3241
f 3242 3299 3232
f 3232 3299 3292
f 3223 3222 3247
f 3247 3222 3255
f 3244 3302 3245
f 3245 3302 3304
f 3303 3249 3220
f 3220 3249 3253
f 3297 3251 3299
f 3299 3251 3250
f 3215 3214 3260
f 3260 3214 3258
f 3301 3262 3302
f 3302 3262 3261
f 3212 3307 3267
f 3267 3307 3265
f 3266 3309 3256
f 3256 3309 3305
f 3271 3231 3279
f 3279 3231 3230
f 3268 3312 3269
f 3269 3312 3314
f 3228 3313 3274
f 3274 3313 3273
f 3308 3276 3309
f 3309 3276 3275
f 3282 3227 3291
f 3291 3227 3226
f 3317 3319 3283
f 3283 3319 3280
f 3224 3318 3286
f 3286 3318 3285
f 3312 3311 3287
f 3311 3288 3287
f 3320 3321 3194
f 3194 3321 3193
f 1375 3321 1121
f 1121 3321 3322
f 3323 3324 3322
f 3322 3324 3192
f 3175 1124 3176
f 3176 1124 1123
f 3179 3195 3180
f 3180 3195 3196
f 3181 1131 3182
f 3182 1131 1130
f 3207 3185 3186
f 3186 3185 3187
f 1136 3188 1133
f 1133 3188 3187
f 3190 3188 1137
f 1137 3188 1136
f 3193 1159 3175
f 3175 1159 1124
f 3179 1128 3181
f 3181 1128 1131
f 1533 3198 1123
f 1123 3198 3176
f 3321 1375 3193
f 3193 1375 1159
f 3321 3320 3322
f 3322 3320 3323
f 1122 1121 3192
f 3192 1121 3322
f 3194 3210 3320
f 3320 3210 3325
f 3324 3323 3327
f 3327 3323 3326
f 3320 3325 3323
f 3323 3325 3326
f 3208 3328 3205
f 3205 3328 3329
f 3330 3206 3329
f 3329 3206 3205
f 3203 3331 3204
f 3204 3331 3332
f 3210 3333 3325
f 3325 3333 3334
f 3325 3334 3326
f 3326 3334 3335
f 3327 3326 3336
f 3336 3326 3335
f 3327 3209 3324
f 3324 3209 3191
f 3190 3192 3191
f 3191 3192 3324
f 3338 3339 3337
f 3337 3339 3340
f 3338 3341 3339
f 3339 3341 3342
f 3341 3343 3342
f 3342 3343 3344
f 3343 3345 3344
f 3344 3345 3346
f 3345 3347 3346
f 3346 3347 3348
f 3347 3349 3348
f 3348 3349 3350
f 3337 3340 3351
f 3351 3340 3352
f 3351 3352 3353
f 3353 3352 3354
f 3353 3354 3355
f 3355 3354 3356
f 3350 3349 3357
f 3357 3349 3358
f 3355 3356 3359
f 3359 3356 3360
f 3359 3360 3361
f 3361 3360 3362
f 3361 3362 3363
f 3363 3362 3364
f 3363 3364 3358
f 3358 3364 3357
f 3339 3342 3365
f 3365 3342 3366
f 3342 3344 3366
f 3366 3344 3367
f 3344 3346 3367
f 3367 3346 3368
f 3346 3348 3368
f 3368 3348 3369
f 3348 3350 3369
f 3369 3350 3370
f 3368 3369 3371
f 3371 3369 3372
f 3369 3370 3372
f 3372 3370 3373
f 3373 3374 3372
f 3372 3374 3375
f 3377 3378 3376
f 3376 3378 3379
f 3377 3375 3378
f 3378 3375 3374
f 3375 3380 3372
f 3372 3380 3371
f 3377 3381 3375
f 3375 3381 3380
f 3376 3382 3377
f 3377 3382 3381
f 3384 3385 3383
f 3383 3385 3386
f 3384 3383 3388
f 3388 3383 3387
f 3388 3387 3389
f 3389 3387 3390
f 3392 3385 3391
f 3391 3385 3384
f 3388 3393 3384
f 3384 3393 3391
f 3389 3394 3388
f 3388 3394 3393
f 3389 3395 3394
f 3394 3395 3396
f 3395 3389 3397
f 3397 3389 3390
f 3339 3365 3340
f 3340 3365 3398
f 3340 3398 3352
f 3352 3398 3399
f 3371 3400 3368
f 3368 3400 3367
f 3400 3401 3367
f 3367 3401 3366
f 3366 3401 3365
f 3365 3401 3402
f 3398 3365 3403
f 3403 3365 3402
f 3398 3403 3399
f 3399 3403 3404
f 3403 3405 3404
f 3404 3405 3406
f 3352 3399 3354
f 3354 3399 3407
f 3399 3404 3407
f 3407 3404 3408
f 3404 3406 3408
f 3408 3406 3409
f 3405 3410 3406
f 3406 3410 3411
f 3410 3412 3411
f 3411 3412 3413
f 3397 3414 3395
f 3395 3414 3415
f 3417 3415 3416
f 3416 3415 3412
f 3410 3418 3412
f 3412 3418 3416
f 3410 3405 3418
f 3418 3405 3419
f 3405 3403 3419
f 3419 3403 3402
f 3370 3350 3420
f 3420 3350 3357
f 3373 3370 3421
f 3421 3370 3420
f 3374 3373 3422
f 3422 3373 3421
f 3378 3374 3423
f 3423 3374 3422
f 3378 3423 3379
f 3379 3423 3424
f 3424 3425 3379
f 3379 3425 3386
f 3383 3426 3387
f 3387 3426 3427
f 3387 3427 3390
f 3390 3427 3428
f 3390 3428 3397
f 3397 3428 3429
f 3429 3430 3397
f 3397 3430 3414
f 3411 3413 3431
f 3431 3413 3432
f 3406 3411 3409
f 3409 3411 3431
f 3401 3400 3335
f 3335 3400 3336
f 3401 3335 3402
f 3402 3335 3334
f 3402 3334 3419
f 3419 3334 3333
f 3419 3333 3418
f 3418 3333 3433
f 3418 3433 3416
f 3416 3433 3434
f 3435 3417 3434
f 3434 3417 3416
f 3394 3396 3436
f 3436 3396 3437
f 3393 3394 3332
f 3332 3394 3436
f 3393 3332 3391
f 3391 3332 3331
f 3330 3392 3331
f 3331 3392 3391
f 3382 3329 3381
f 3381 3329 3328
f 3354 3407 3356
f 3356 3407 3438
f 3356 3438 3360
f 3360 3438 3439
f 3360 3439 3362
f 3362 3439 3440
f 3362 3440 3364
f 3364 3440 3441
f 3364 3441 3357
f 3357 3441 3420
f 3421 3420 3442
f 3442 3420 3441
f 3442 3441 3443
f 3443 3441 3440
f 3443 3440 3444
f 3444 3440 3439
f 3444 3439 3445
f 3445 3439 3438
f 3445 3438 3408
f 3408 3438 3407
f 3422 3421 3446
f 3446 3421 3442
f 3446 3442 3447
f 3447 3442 3443
f 3447 3443 3448
f 3448 3443 3444
f 3448 3444 3449
f 3449 3444 3445
f 3449 3445 3409
f 3409 3445 3408
f 3409 3431 3449
f 3449 3431 3450
f 3449 3450 3448
f 3448 3450 3451
f 3451 3452 3448
f 3448 3452 3447
f 3447 3452 3446
f 3446 3452 3453
f 3446 3453 3422
f 3422 3453 3423
f 3424 3423 3454
f 3454 3423 3453
f 3452 3455 3453
f 3453 3455 3454
f 3452 3451 3455
f 3455 3451 3456
f 3450 3457 3451
f 3451 3457 3456
f 3431 3432 3450
f 3450 3432 3457
f 3454 3458 3424
f 3424 3458 3425
f 3427 3426 3459
f 3459 3426 3460
f 3428 3427 3461
f 3461 3427 3459
f 3428 3461 3429
f 3429 3461 3462
f 3462 3463 3429
f 3429 3463 3430
f 3464 3465 3462
f 3462 3465 3463
f 3455 3466 3454
f 3454 3466 3458
f 3465 3464 3466
f 3466 3464 3467
f 3461 3459 3468
f 3468 3459 3469
f 3468 3469 3464
f 3464 3469 3467
f 3464 3462 3468
f 3468 3462 3461
f 3459 3460 3469
f 3469 3460 3467
f 3295 3351 3298
f 3298 3351 3353
f 3353 3355 3298
f 3298 3355 3297
f 3297 3355 3301
f 3301 3355 3359
f 3301 3359 3308
f 3308 3359 3361
f 3308 3361 3311
f 3311 3361 3363
f 3311 3363 3316
f 3316 3363 3358
f 3316 3358 3317
f 3317 3358 3349
f 3349 3347 3317
f 3317 3347 3319
f 3347 3345 3319
f 3319 3345 3314
f 3345 3343 3314
f 3314 3343 3305
f 3343 3341 3305
f 3305 3341 3304
f 3304 3341 3292
f 3292 3341 3338
f 3292 3338 3293
f 3293 3338 3337
f 3293 3337 3295
f 3295 3337 3351
f 3437 3202 3436
f 3436 3202 3201
f 3436 3201 3332
f 3332 3201 3204
f 3433 3200 3434
f 3434 3200 3199
f 3211 3435 3199
f 3199 3435 3434
f 3333 3210 3433
f 3433 3210 3200
f 3380 3470 3371
f 3400 3371 3336
f 3336 3371 3470
f 3381 3328 3380
f 3380 3328 3470
f 3470 3328 3209
f 3209 3328 3208
f 3336 3470 3327
f 3327 3470 3209
f 1545 1763 1546
f 1546 1763 1762
f 1403 1546 773
f 773 1546 770
f 1221 3013 1220
f 1220 3013 3471
f 1305 2877 1306
f 1306 2877 2879
f 1220 3471 828
f 828 3471 829
f 1217 1754 3472
f 3472 1754 1756
f 1049 3473 1048
f 1048 3473 3474
f 1371 1179 3473
f 3473 1179 3474
f 1074 3475 1179
f 1179 3475 3474
f 3474 3475 1048
f 1048 3475 1056
f 919 666 1345
f 1345 666 665
f 856 680 919
f 919 680 666
f 679 680 1449
f 1449 680 858
f 1367 878 1500
f 1500 878 877
f 1366 908 1367
f 1367 908 878
f 1512 916 1513
f 1513 916 915
f 947 1368 948
f 948 1368 1369
f 1047 1021 1044
f 1044 1021 1020
f 1370 1049 1019
f 1019 1049 1020
f 1173 1030 1174
f 1174 1030 1033
f 3126 1188 1464
f 1464 1188 1187
f 1800 1451 1512
f 1512 1451 916
f 1175 1174 1186
f 1186 1174 1187
f 1030 1173 1047
f 1047 1173 1021
f 1513 915 3476
f 3476 915 1481
f 1345 665 3477
f 3477 665 1483
f 1502 1501 876
f 876 1501 877
f 1205 1451 1803
f 1803 1451 1802
f 3479 2832 3478
f 3478 2832 2831
f 1449 858 2927
f 2927 858 2922
f 908 1366 947
f 947 1366 1368
f 949 948 3126
f 3126 948 1188
f 3480 3135 1502
f 1502 3135 1501
f 2927 2922 3157
f 3157 2922 3152
f 3477 1483 3479
f 3479 1483 2832
f 1803 1802 3151
f 3151 1802 3152
f 663 658 664
f 664 658 657
f 655 658 939
f 939 658 706
f 1512 870 1800
f 1800 870 869
f 875 874 876
f 876 874 873
f 849 874 905
f 905 874 958
f 949 962 946
f 946 962 961
f 978 3126 979
f 979 3126 1464
f 1031 1168 1032
f 1032 1168 1022
f 1045 1013 1046
f 1046 1013 1012
f 1045 1044 1056
f 1056 1044 1048
f 1047 1046 1030
f 1030 1046 1031
f 939 706 940
f 940 706 1450
f 979 1464 1032
f 1032 1464 1033
f 3480 1478 3476
f 3476 1478 3134
f 2829 1487 2830
f 2830 1487 1486
f 848 1230 873
f 873 1230 1479
f 867 870 933
f 933 870 1514
f 1800 869 1801
f 1801 869 1799
f 2830 1486 1325
f 1325 1486 2833
f 940 1450 2925
f 2925 1450 2928
f 946 961 907
f 907 961 958
f 959 962 977
f 977 962 978
f 3476 3134 1513
f 1513 3134 1514
f 2925 2928 3155
f 3155 2928 3158
f 1325 2833 656
f 656 2833 657
f 1801 1799 3157
f 3157 1799 3158
f 1074 1055 3475
f 3475 1055 1056
f 1371 3473 1370
f 1370 3473 1049
f 2884 615 3481
f 3481 615 618
f 3478 2831 2846
f 2846 2831 617
f 2831 1484 617
f 617 1484 618
f 1484 1487 618
f 618 1487 3481
f 2848 3481 2829
f 2829 3481 1487
f 1480 1517 1161
f 1161 1517 1162
f 3129 1323 1455
f 1455 1323 1322
f 3129 3134 1323
f 1323 3134 1478
f 1535 3173 1515
f 1515 3173 1516
f 3085 3095 3137
f 3137 3095 3094
f 3137 3094 3138
f 3138 3094 3104
f 3117 3139 3105
f 3105 3139 3106
f 1138 1141 3127
f 3127 1141 3128
f 3081 3131 1264
f 1264 3131 3130
f 1227 1226 3132
f 3132 1226 3133
f 1264 3130 1229
f 1229 3130 1322
f 1160 1501 1161
f 1161 1501 3135
f 1141 1476 3128
f 3128 1476 3136
f 1226 1163 3133
f 3133 1163 1162
f 1363 1138 1515
f 1515 1138 3127
f 3084 3095 3081
f 3081 3095 3131
f 3089 884 3105
f 3105 884 3140
f 884 883 3140
f 3140 883 3141
f 883 3482 3141
f 3141 3482 3142
f 3476 1481 3480
f 3480 1481 3135
f 1502 1479 3480
f 3480 1479 1478
f 3168 463 440
f 714 1880 715
f 715 1880 2905
f 896 732 2970
f 2970 732 731
f 1263 834 3082
f 3082 834 833
f 898 1231 853
f 853 1231 854
f 3125 890 2931
f 2931 890 889
f 1237 893 2851
f 2851 893 892
f 898 853 899
f 899 853 963
f 988 987 989
f 989 987 986
f 1002 1007 1003
f 1003 1007 1006
f 1038 1036 1007
f 1007 1036 1004
f 1070 1052 1005
f 1005 1052 1006
f 1069 1067 1070
f 1070 1067 1052
f 1130 1129 1134
f 1134 1129 1135
f 879 1167 880
f 880 1167 1166
f 1171 1169 1037
f 1037 1169 1038
f 1085 1180 1069
f 1069 1180 1067
f 1209 1210 879
f 879 1210 1167
f 2885 1215 1754
f 1754 1215 1214
f 1263 855 834
f 834 855 854
f 708 1244 1826
f 1826 1244 1243
f 2909 894 1254
f 1254 894 893
f 1228 1361 964
f 964 1361 1360
f 2908 2907 1436
f 1436 2907 1437
f 2990 1440 2991
f 2991 1440 1439
f 964 1360 965
f 965 1360 1454
f 950 1457 951
f 951 1457 1456
f 970 1463 971
f 971 1463 1462
f 1025 1169 984
f 984 1169 986
f 1084 1097 1469
f 1469 1097 1470
f 1096 1115 1474
f 1474 1115 1475
f 1140 1361 1141
f 1141 1361 1476
f 1212 1495 2828
f 2828 1495 1494
f 880 1166 1452
f 1452 1166 1499
f 715 2905 1504
f 1504 2905 2906
f 954 1519 955
f 955 1519 1518
f 1026 1520 992
f 992 1520 1518
f 1029 1520 1043
f 1043 1520 1521
f 997 1522 1040
f 1040 1522 1521
f 1015 1522 1016
f 1016 1522 1523
f 1523 996 1524
f 1524 996 1062
f 1057 1060 1525
f 1525 1060 1524
f 1094 1528 1082
f 1082 1528 1527
f 1526 1528 1089
f 1089 1528 1529
f 1090 1531 1108
f 1108 1531 1530
f 1125 1533 1126
f 1126 1533 1532
f 3483 1755 727
f 727 1755 1214
f 735 1814 707
f 707 1814 1813
f 2891 1834 1246
f 1246 1834 1243
f 2904 1881 1847
f 1847 1881 1848
f 1852 1855 1853
f 1853 1855 1858
f 1902 2903 1877
f 1877 2903 1878
f 2903 2904 1878
f 1878 2904 1847
f 714 713 1848
f 1848 713 1849
f 1440 2990 1883
f 1883 2990 2989
f 1883 2989 1852
f 1852 2989 1855
f 2895 1888 2892
f 2892 1888 1887
f 774 777 1877
f 1877 777 1903
f 1251 2835 1252
f 1252 2835 2834
f 1213 2844 1212
f 1212 2844 1495
f 2851 892 1213
f 1213 892 2844
f 3123 2911 3124
f 3124 2911 2910
f 887 2929 888
f 888 2929 889
f 1435 2963 1436
f 1436 2963 2961
f 1253 1438 1254
f 1254 1438 1437
f 2970 731 735
f 735 731 1814
f 733 732 2885
f 2885 732 1215
f 2901 2902 2976
f 2976 2902 2977
f 2975 2982 2976
f 2976 2982 2979
f 2899 2900 2981
f 2981 2900 2979
f 2899 2981 2898
f 2898 2981 2983
f 2986 2985 2984
f 2984 2985 2983
f 2897 2985 2896
f 2896 2985 2988
f 2991 1439 2987
f 2987 1439 2988
f 777 2978 1903
f 1903 2978 2977
f 1885 1888 1858
f 1858 1888 1853
f 3090 3088 836
f 836 3088 833
f 3083 3088 3097
f 3097 3088 3096
f 3097 3096 3104
f 3104 3096 3106
f 3111 3116 3108
f 3108 3116 3109
f 3112 3111 3114
f 3114 3111 3108
f 3113 3122 3114
f 3114 3122 3115
f 891 890 2837
f 2837 890 2834
f 951 1456 954
f 954 1456 1519
f 967 1457 936
f 936 1457 1454
f 971 1462 902
f 902 1462 963
f 1461 1463 988
f 988 1463 987
f 1466 1468 1474
f 1474 1468 1470
f 1089 1529 1090
f 1090 1529 1531
f 1184 1181 1469
f 1469 1181 1180
f 1082 1527 1061
f 1061 1527 1525
f 1129 1473 1135
f 1135 1473 1475
f 1108 1530 1105
f 1105 1530 1532
f 1452 1499 3132
f 3132 1499 3136
f 3109 3116 3139
f 3139 3116 3138
f 2912 2911 887
f 887 2911 2929
f 2836 2835 1497
f 1497 2835 1494
f 2913 3102 2910
f 2910 3102 3115
f 1133 3187 1134
f 1134 3187 3185
f 3177 3176 3197
f 3197 3176 3198
f 3203 3183 3206
f 3206 3183 3207
f 3196 3202 3197
f 3197 3202 3211
f 3183 3182 3207
f 3207 3182 3185
f 1125 3180 1533
f 1533 3180 3198
f 3331 3203 3330
f 3330 3203 3206
f 3376 3379 3385
f 3385 3379 3386
f 3382 3376 3392
f 3392 3376 3385
f 3412 3415 3413
f 3413 3415 3414
f 3417 3396 3415
f 3415 3396 3395
f 3383 3386 3426
f 3426 3386 3425
f 3413 3414 3432
f 3432 3414 3430
f 3437 3396 3435
f 3435 3396 3417
f 3329 3382 3330
f 3330 3382 3392
f 3426 3425 3460
f 3460 3425 3458
f 3432 3430 3457
f 3457 3430 3463
f 3457 3463 3456
f 3456 3463 3465
f 3460 3458 3467
f 3467 3458 3466
f 3466 3455 3465
f 3465 3455 3456
f 3202 3437 3211
f 3211 3437 3435
f 3104 3106 3138
f 3138 3106 3139
f 3132 3136 1227
f 1227 3136 1476
f 943 687 600
f 600 687 601
f 596 625 667
f 667 625 1297
f 687 686 601
f 601 686 653
f 1319 784 711
f 711 784 712
f 1811 607 783
f 783 607 712
f 862 921 917
f 917 921 920
f 3478 925 3479
f 3479 925 924
f 2846 926 3478
f 3478 926 925
f 659 662 929
f 929 662 930
f 856 921 857
f 857 921 1204
f 1206 864 1207
f 1207 864 863
f 2876 1219 2877
f 2877 1219 1218
f 667 1297 593
f 593 1297 1296
f 917 920 1333
f 1333 920 1346
f 686 693 653
f 653 693 930
f 1277 913 1498
f 1498 913 1207
f 592 1536 610
f 610 1536 711
f 864 1206 1805
f 1805 1206 1804
f 1317 1536 1900
f 1900 1536 1809
f 1900 1809 1295
f 1295 1809 1296
f 3479 924 3477
f 3477 924 2824
f 927 926 1203
f 1203 926 2847
f 3484 2859 3032
f 3032 2859 3033
f 3472 2878 1217
f 1217 2878 1218
f 2889 2888 2880
f 2880 2888 2881
f 2886 2883 2887
f 2887 2883 2882
f 929 928 2847
f 2847 928 1203
f 857 1204 2921
f 2921 1204 2926
f 1820 1819 2882
f 2882 1819 2881
f 1821 2883 2876
f 2876 2883 1219
f 782 2889 783
f 783 2889 2880
f 1352 3034 1353
f 1353 3034 3033
f 3031 3034 3041
f 3041 3034 3043
f 944 943 3043
f 3043 943 600
f 1339 3145 1498
f 1498 3145 3143
f 1208 882 3148
f 3148 882 3143
f 2921 2926 3151
f 3151 2926 3156
f 3477 2824 1345
f 1345 2824 1346
f 1805 1804 3154
f 3154 1804 3156
f 886 3103 883
f 883 3103 3482
f 841 1248 3485
f 3485 1248 3121
f 2811 2819 2812
f 2812 2819 2816
f 2818 2815 2817
f 2817 2815 2806
f 2817 2816 2818
f 2818 2816 2819
f 2793 2795 2819
f 2819 2795 2818
f 243 352 2793
f 2793 352 2795
f 242 353 243
f 243 353 352
f 359 191 242
f 242 191 353
f 247 192 359
f 359 192 191
f 157 193 247
f 247 193 192
f 156 194 157
f 157 194 193
f 378 261 156
f 156 261 194
f 378 381 261
f 261 381 195
f 195 381 196
f 196 381 376
f 196 376 198
f 198 376 375
f 375 1776 198
f 198 1776 197
f 1776 1767 197
f 197 1767 274
f 181 274 199
f 199 274 1767
f 568 566 564
f 564 566 563
f 568 569 566
f 566 569 567
f 501 1773 1771
f 1771 1773 578
f 547 579 1773
f 1773 579 578
f 3486 470 474
f 474 470 469
f 450 582 3487
f 3487 582 3488
f 582 583 3488
f 3488 583 3489
f 583 584 3489
f 3489 584 3490
f 3490 584 3491
f 3491 584 543
f 470 3486 466
f 466 3486 467
f 3489 3490 503
f 503 3490 504
f 503 3492 3489
f 3489 3492 3488
f 3492 503 3493
f 3493 503 502
f 3495 3492 3494
f 3494 3492 3493
f 3487 3488 3495
f 3495 3488 3492
f 468 1774 465
f 465 1774 570
f 3494 3493 1775
f 1775 3493 1771
f 3490 3491 504
f 504 3491 1772
f 3491 543 1772
f 1772 543 548
f 450 3487 474
f 474 3487 3486
f 3495 467 3487
f 3487 467 3486
f 3494 468 3495
f 3495 468 467
f 468 3494 1774
f 1774 3494 1775
f 501 1771 502
f 502 1771 3493
f 527 366 384
f 384 366 365
f 522 524 527
f 527 524 366
f 521 534 522
f 522 534 524
f 530 535 521
f 521 535 534
f 508 486 513
f 513 486 532
f 513 532 541
f 541 532 535
f 667 668 596
f 596 668 597
f 1294 1297 624
f 624 1297 625
f 603 641 604
f 604 641 640
f 1290 1293 650
f 650 1293 651
f 1758 691 660
f 660 691 661
f 602 671 599
f 599 671 670
f 654 662 690
f 690 662 661
f 2856 598 695
f 695 598 597
f 602 654 671
f 671 654 690
f 604 640 676
f 676 640 704
f 1826 1829 708
f 708 1829 709
f 1288 1284 740
f 740 1284 741
f 755 754 758
f 758 754 759
f 2853 2856 932
f 932 2856 695
f 689 691 1192
f 1192 691 1193
f 784 1319 1240
f 1240 1319 1241
f 1813 1816 1244
f 1244 1816 1245
f 754 1288 759
f 759 1288 740
f 1894 1242 1318
f 1318 1242 1241
f 2867 1348 1418
f 1418 1348 1347
f 676 704 673
f 673 704 1347
f 1284 1287 741
f 741 1287 1419
f 1421 1426 1422
f 1422 1426 1425
f 1758 660 615
f 615 660 616
f 1192 1191 1421
f 1421 1191 1426
f 2962 1839 1504
f 1504 1839 1505
f 941 1194 1759
f 1759 1194 1193
f 1287 1537 1419
f 1419 1537 1760
f 1882 2893 1823
f 1823 2893 1824
f 1886 1891 1827
f 1827 1891 1828
f 1887 1886 1834
f 1834 1886 1827
f 1841 716 1838
f 1838 716 1505
f 782 784 1850
f 1850 784 1240
f 1239 1242 1863
f 1863 1242 1864
f 1242 1894 1864
f 1864 1894 1873
f 1822 1239 1823
f 1823 1239 1863
f 1318 1317 1895
f 1895 1317 1900
f 1894 1896 1873
f 1873 1896 1897
f 1291 1896 1292
f 1292 1896 1895
f 605 1898 606
f 606 1898 1897
f 1258 1257 2854
f 2854 1257 2855
f 1257 1351 2855
f 2855 1351 2857
f 1351 1353 2857
f 2857 1353 2858
f 1353 3033 2858
f 2858 3033 2859
f 2860 2861 3036
f 3036 2861 3037
f 2862 2863 2870
f 2870 2863 3039
f 2870 2869 2862
f 2862 2869 2864
f 2868 2865 2869
f 2869 2865 2864
f 1764 2866 2868
f 2868 2866 2865
f 1537 1199 1760
f 1760 1199 1348
f 615 2884 1758
f 1758 2884 1759
f 1825 1246 2890
f 2890 1246 1245
f 2893 2892 1824
f 1824 2892 2891
f 761 2960 758
f 758 2960 2906
f 3000 2943 2940
f 2940 2943 2941
f 2968 710 2950
f 2950 710 709
f 1764 1423 2866
f 2866 1423 2953
f 1423 645 2953
f 2953 645 2954
f 645 644 2954
f 2954 644 2955
f 644 738 2955
f 2955 738 2956
f 738 764 2956
f 2956 764 2957
f 764 763 2957
f 2957 763 2958
f 763 2908 2958
f 2958 2908 2959
f 2908 1436 2959
f 2959 1436 2961
f 1837 2964 1435
f 1435 2964 2963
f 1837 2937 2964
f 2964 2937 2965
f 2936 2968 2966
f 2966 2968 2950
f 1840 2942 1838
f 1838 2942 2941
f 2939 2949 2940
f 2940 2949 3006
f 2939 2942 2966
f 2966 2942 2965
f 1822 1825 1850
f 1850 1825 2890
f 1891 3005 1828
f 1828 3005 3006
f 3035 3038 3045
f 3045 3038 3042
f 3045 3044 3035
f 3035 3044 3040
f 669 1422 3045
f 3045 1422 3044
f 599 670 3041
f 3041 670 3042
f 931 3067 932
f 932 3067 3065
f 2853 3066 2854
f 2854 3066 3076
f 3067 3496 3065
f 3065 3496 3497
f 3066 3498 3076
f 3076 3498 3499
f 707 1813 708
f 708 1813 1244
f 2960 2962 2906
f 2906 2962 1504
f 2892 1887 2891
f 2891 1887 1834
f 1839 2962 2963
f 2963 2962 2961
f 595 626 596
f 596 626 625
f 623 626 3484
f 3484 626 2859
f 1291 1290 606
f 606 1290 603
f 1290 650 603
f 603 650 641
f 641 650 642
f 642 650 649
f 2860 2863 649
f 649 2863 642
f 3036 3039 2860
f 2860 3039 2863
f 3035 3040 3036
f 3036 3040 3039
f 1294 1293 1295
f 1295 1293 1292
f 624 651 1294
f 1294 651 1293
f 623 652 624
f 624 652 651
f 3484 2861 623
f 623 2861 652
f 3032 3037 3484
f 3484 3037 2861
f 3031 3038 3032
f 3032 3038 3037
f 3481 2848 2884
f 2884 2848 942
f 2846 617 1427
f 1427 617 616
f 3049 3167 3048
f 3048 3167 3500
f 1906 3048 3070
f 3070 3048 3500
f 1337 1768 3501
f 3501 1768 3502
f 3020 3503 3021
f 3021 3503 3024
f 2914 3023 3020
f 3020 3023 3503
f 859 1770 860
f 860 1770 3504
f 1336 3505 1768
f 1768 3505 3502
f 3065 3497 3066
f 3066 3497 3498
f 2814 3075 3067
f 3067 3075 3496
f 2839 3174 766
f 766 3174 3017
f 1337 3501 1338
f 1338 3501 1769
f 767 3018 3026
f 3026 3018 3506
f 3076 3499 3064
f 3064 3499 3507
f 727 730 3483
f 3483 730 3030
f 3064 3507 2871
f 2871 3507 3077
f 3100 3160 1786
f 1786 3160 1784
f 3026 3506 752
f 752 3506 3015
f 860 3504 2923
f 2923 3504 3508
f 753 3016 3027
f 3027 3016 3509
f 3027 3509 3008
f 3008 3509 3028
f 1782 1785 1783
f 1783 1785 3022
f 2923 3508 3153
f 3153 3508 3161
f 3148 3149 1208
f 1208 3149 3150
f 1335 1328 3510
f 3510 1328 1327
f 1336 1335 3505
f 3505 1335 3510
f 866 3511 1340
f 1340 3511 3146
f 865 1808 866
f 866 1808 3511
f 842 841 3159
f 3159 841 3485
f 2849 3512 1329
f 1329 3512 1326
f 1202 1331 2849
f 2849 1331 3512
f 3514 3515 3513
f 3513 3515 3516
f 3518 3516 3517
f 3517 3516 3515
f 3519 3520 3514
f 3514 3520 3515
f 3522 3523 3521
f 3521 3523 3524
f 3526 3527 3525
f 3525 3527 3528
f 3530 3531 3529
f 3529 3531 3532
f 3534 3535 3533
f 3533 3535 3536
f 3529 3532 3537
f 3537 3532 3538
f 3537 3539 3529
f 3529 3539 3540
f 3542 3543 3541
f 3541 3543 3544
f 3546 3547 3545
f 3545 3547 3548
f 3550 3534 3549
f 3549 3534 3533
f 3550 3543 3551
f 3551 3543 3552
f 3537 3545 3539
f 3539 3545 3548
f 3553 3554 3556
f 3556 3554 3555
f 3537 3557 3545
f 3545 3557 3546
f 3558 3559 3561
f 3561 3559 3560
f 3563 3564 3562
f 3562 3564 3565
f 3564 3563 3566
f 3566 3563 3567
f 3569 3570 3568
f 3568 3570 3571
f 3573 3574 3572
f 3572 3574 3575
f 3577 3578 3576
f 3576 3578 3579
f 3581 3582 3580
f 3580 3582 3583
f 3585 3586 3584
f 3584 3586 3579
f 3586 3587 3579
f 3579 3587 3576
f 3589 3590 3588
f 3588 3590 3591
f 3592 3593 3595
f 3595 3593 3594
f 3597 3598 3596
f 3596 3598 3595
f 3583 3600 3599
f 3599 3600 3601
f 3603 3599 3602
f 3602 3599 3601
f 3605 3606 3604
f 3604 3606 3607
f 3608 3555 3596
f 3596 3555 3554
f 3597 3610 3609
f 3609 3610 3565
f 3564 3611 3565
f 3565 3611 3609
f 3611 3564 3612
f 3612 3564 3566
f 3613 3614 3569
f 3569 3614 3570
f 3615 3616 3573
f 3573 3616 3574
f 3517 3617 3518
f 3518 3617 3618
f 3620 3621 3619
f 3619 3621 3622
f 3624 3625 3623
f 3623 3625 3626
f 3628 3629 3627
f 3627 3629 3630
f 3632 3633 3631
f 3631 3633 3634
f 3636 3637 3635
f 3635 3637 3638
f 3640 3641 3639
f 3639 3641 3642
f 3643 3644 3639
f 3639 3644 3640
f 3646 3513 3645
f 3645 3513 3647
f 3648 3514 3646
f 3646 3514 3513
f 3649 3519 3648
f 3648 3519 3514
f 3650 3651 3527
f 3527 3651 3652
f 3654 3651 3653
f 3653 3651 3650
f 3568 3571 3655
f 3655 3571 3656
f 3657 3658 3653
f 3653 3658 3659
f 3661 3662 3660
f 3660 3662 3658
f 3664 3665 3663
f 3663 3665 3666
f 3667 3657 3650
f 3650 3657 3653
f 3669 3523 3668
f 3668 3523 3670
f 3672 3673 3671
f 3671 3673 3674
f 3676 3677 3675
f 3675 3677 3678
f 3671 3674 3676
f 3676 3674 3677
f 3680 3681 3679
f 3679 3681 3682
f 3683 3684 3680
f 3680 3684 3681
f 3685 3686 3661
f 3661 3686 3662
f 3686 3687 3662
f 3662 3687 3688
f 3684 3683 3689
f 3689 3683 3690
f 3692 3693 3691
f 3691 3693 3694
f 3691 3694 3695
f 3695 3694 3696
f 3698 3699 3697
f 3697 3699 3700
f 3702 3703 3701
f 3701 3703 3704
f 3705 3706 3519
f 3519 3706 3520
f 3673 3672 3707
f 3707 3672 3708
f 3709 3710 3682
f 3682 3710 3679
f 3711 3712 3692
f 3692 3712 3693
f 3714 3715 3713
f 3713 3715 3716
f 3718 3700 3717
f 3717 3700 3699
f 3720 3721 3719
f 3719 3721 3722
f 3724 3725 3723
f 3723 3725 3726
f 3727 3728 3730
f 3730 3728 3729
f 3722 3721 3731
f 3731 3721 3732
f 3697 3700 3733
f 3733 3700 3714
f 3733 3714 3734
f 3734 3714 3713
f 3721 3723 3732
f 3732 3723 3735
f 3720 3736 3724
f 3724 3736 3737
f 3700 3718 3714
f 3714 3718 3715
f 3717 3699 3738
f 3738 3699 3739
f 3536 3740 3533
f 3533 3740 3540
f 3742 3743 3741
f 3741 3743 3744
f 3746 3747 3745
f 3745 3747 3748
f 3750 3751 3749
f 3749 3751 3752
f 3627 3632 3628
f 3628 3632 3631
f 3754 3755 3753
f 3753 3755 3626
f 3562 3565 3756
f 3756 3565 3610
f 3527 3652 3528
f 3528 3652 3757
f 3758 3524 3669
f 3669 3524 3523
f 3582 3598 3583
f 3583 3598 3600
f 3759 3670 3522
f 3522 3670 3523
f 3675 3678 3760
f 3760 3678 3761
f 3762 3763 3690
f 3690 3763 3689
f 3765 3766 3764
f 3764 3766 3767
f 3768 3739 3698
f 3698 3739 3699
f 3726 3725 3770
f 3770 3725 3769
f 3645 3647 3771
f 3771 3647 3772
f 3645 3678 3646
f 3646 3678 3677
f 3646 3677 3648
f 3648 3677 3674
f 3673 3649 3674
f 3674 3649 3648
f 3707 3773 3673
f 3673 3773 3649
f 3775 3776 3774
f 3774 3776 3777
f 3779 3526 3778
f 3778 3526 3525
f 3526 3779 3667
f 3667 3779 3780
f 3780 3781 3667
f 3667 3781 3657
f 3672 3679 3708
f 3708 3679 3710
f 3671 3680 3672
f 3672 3680 3679
f 3676 3683 3671
f 3671 3683 3680
f 3675 3690 3676
f 3676 3690 3683
f 3760 3762 3675
f 3675 3762 3690
f 3682 3681 3783
f 3783 3681 3782
f 3689 3784 3684
f 3684 3784 3785
f 3684 3785 3681
f 3681 3785 3782
f 3786 3709 3783
f 3783 3709 3682
f 3784 3689 3787
f 3787 3689 3763
f 3789 3557 3788
f 3788 3557 3790
f 3792 3793 3791
f 3791 3793 3794
f 3616 3615 3795
f 3795 3615 3796
f 3797 3798 3727
f 3727 3798 3728
f 3800 3801 3799
f 3799 3801 3802
f 3803 3578 3592
f 3592 3578 3593
f 3805 3806 3804
f 3804 3806 3807
f 3599 3603 3585
f 3585 3603 3586
f 3587 3586 3604
f 3604 3586 3603
f 3588 3591 3794
f 3794 3591 3791
f 3581 3803 3582
f 3582 3803 3592
f 3594 3561 3608
f 3608 3561 3790
f 3662 3688 3808
f 3808 3688 3809
f 3665 3664 3810
f 3810 3664 3811
f 3719 3812 3720
f 3720 3812 3736
f 3717 3813 3718
f 3718 3813 3737
f 3723 3721 3724
f 3724 3721 3720
f 3813 3717 3814
f 3814 3717 3738
f 3815 3816 303
f 303 3816 304
f 3818 3819 3817
f 3817 3819 3820
f 3578 3803 3579
f 3579 3803 3584
f 3558 3593 3577
f 3577 3593 3578
f 3822 3823 3821
f 3821 3823 3824
f 3546 3826 3825
f 3825 3826 3827
f 3828 3829 3547
f 3547 3829 3541
f 3831 3542 3830
f 3830 3542 3832
f 3834 3822 3833
f 3833 3822 3821
f 3835 3836 3827
f 3827 3836 3825
f 3800 3799 3828
f 3828 3799 3829
f 3830 3832 3837
f 3837 3832 3838
f 331 330 3551
f 3551 330 3839
f 3831 333 3552
f 3552 333 332
f 3819 3797 3841
f 3841 3797 3840
f 3513 3516 3647
f 3647 3516 3746
f 337 336 3745
f 3745 336 3772
f 3525 3528 3775
f 3775 3528 3749
f 3610 3597 3554
f 3554 3597 3596
f 3706 3702 3520
f 3520 3702 3701
f 3756 3610 3553
f 3553 3610 3554
f 3757 3750 3528
f 3528 3750 3749
f 3517 3515 3701
f 3701 3515 3520
f 3842 3584 3581
f 3581 3584 3803
f 3525 3775 3778
f 3778 3775 3774
f 3638 3843 3635
f 3635 3843 3618
f 3617 3621 3618
f 3618 3621 3635
f 3617 3517 3704
f 3704 3517 3701
f 3521 3624 3522
f 3522 3624 3623
f 3749 3844 3775
f 3775 3844 3776
f 3846 3847 3845
f 3845 3847 3848
f 3843 3747 3618
f 3618 3747 3518
f 3850 3851 3849
f 3849 3851 3748
f 3853 3854 3852
f 3852 3854 3855
f 3856 3857 3622
f 3622 3857 3619
f 3859 3860 3858
f 3858 3860 3861
f 3862 3844 3752
f 3752 3844 3749
f 3863 3759 3623
f 3623 3759 3522
f 3864 3777 3630
f 3630 3777 3776
f 3713 3865 3734
f 3734 3865 3866
f 3868 3869 3867
f 3867 3869 3870
f 3872 3873 3871
f 3871 3873 3874
f 3876 3877 3875
f 3875 3877 3878
f 3879 3880 3878
f 3878 3880 3881
f 3882 3883 3885
f 3885 3883 3884
f 3780 3886 3781
f 3781 3886 3887
f 3888 3685 3869
f 3869 3685 3661
f 3880 3879 3883
f 3883 3879 3884
f 3693 3783 3694
f 3694 3783 3782
f 3696 3785 3764
f 3764 3785 3784
f 3694 3782 3696
f 3696 3782 3785
f 3693 3786 3783
f 3787 3765 3784
f 3784 3765 3764
f 386 385 3765
f 3765 385 3766
f 3695 3889 3691
f 3691 3889 3890
f 3691 3890 3692
f 3692 3890 3891
f 3892 3711 3891
f 3891 3711 3692
f 3767 3893 3695
f 3695 3893 3889
f 3766 3894 3767
f 3767 3894 3893
f 3882 3885 3895
f 3895 3885 3896
f 3898 3698 3897
f 3897 3698 3697
f 3897 3697 3899
f 3899 3697 3733
f 3899 3733 3900
f 3900 3733 3734
f 3901 3768 3898
f 3898 3768 3698
f 3901 3902 3768
f 3768 3902 3903
f 3904 3905 3907
f 3907 3905 3906
f 3869 3661 3870
f 3870 3661 3660
f 3908 3909 3896
f 3896 3909 3895
f 3909 3758 3895
f 3895 3758 3669
f 3751 3531 3752
f 3752 3531 3848
f 3858 3536 3854
f 3854 3536 3535
f 3652 3562 3757
f 3757 3562 3756
f 3651 3654 3563
f 3563 3654 3567
f 3655 3656 3808
f 3808 3656 3659
f 3530 3740 3845
f 3845 3740 3861
f 3751 3750 3556
f 3556 3750 3553
f 3817 3820 3796
f 3796 3820 3795
f 410 409 3910
f 3910 409 3855
f 3750 3757 3553
f 3553 3757 3756
f 3908 3886 3909
f 3909 3886 3780
f 409 411 3855
f 3855 411 3851
f 413 412 3760
f 3760 412 3762
f 415 414 3763
f 3763 414 3787
f 3790 3557 3538
f 3538 3557 3537
f 3555 3608 3538
f 3538 3608 3790
f 3574 3911 3575
f 3575 3911 3912
f 3535 3534 3910
f 3910 3534 3839
f 3831 3552 3542
f 3542 3552 3543
f 3534 3550 3839
f 3839 3550 3551
f 3543 3550 3544
f 3544 3550 3549
f 3913 3914 3916
f 3916 3914 3915
f 3806 3805 3589
f 3589 3805 3590
f 3849 3843 3917
f 3917 3843 3638
f 3853 3644 3859
f 3859 3644 3742
f 3747 3746 3518
f 3518 3746 3516
f 3695 3696 3767
f 3767 3696 3764
f 3903 3918 3768
f 3768 3918 3739
f 3738 3739 3816
f 3816 3739 3918
f 3919 3920 3769
f 3769 3920 3770
f 3921 3726 3922
f 3922 3726 3770
f 3678 3645 3761
f 3761 3645 3771
f 3924 3913 3923
f 3923 3913 3916
f 3802 3925 3838
f 3838 3925 3837
f 3577 3926 3558
f 3558 3926 3559
f 3815 3919 3814
f 3814 3919 3769
f 3927 3928 3822
f 3822 3928 3823
f 3829 3832 3541
f 3541 3832 3542
f 3834 3927 3822
f 3832 3829 3838
f 3838 3829 3799
f 3745 3772 3746
f 3746 3772 3647
f 3849 3748 3843
f 3843 3748 3747
f 3854 3853 3858
f 3858 3853 3859
f 3854 3535 3855
f 3855 3535 3910
f 3557 3789 3546
f 3546 3789 3826
f 3923 3823 3924
f 3924 3823 3928
f 3823 3923 3929
f 3929 3923 3930
f 3531 3751 3532
f 3532 3751 3556
f 3532 3556 3538
f 3538 3556 3555
f 3932 3634 3931
f 3931 3634 3633
f 3814 3769 3813
f 3813 3769 3725
f 3620 3636 3621
f 3621 3636 3635
f 3847 3862 3848
f 3848 3862 3752
f 3531 3530 3848
f 3848 3530 3845
f 3933 3934 3830
f 3830 3934 3831
f 3925 3933 3837
f 3837 3933 3830
f 3934 440 3831
f 3831 440 333
f 3925 3802 3833
f 3833 3802 3801
f 3776 3844 3630
f 3630 3844 3627
f 3808 3659 3662
f 3662 3659 3658
f 3667 3650 3526
f 3526 3650 3527
f 3935 3666 3936
f 3936 3666 3665
f 3718 3737 3715
f 3715 3737 3736
f 3663 3809 3664
f 3664 3809 3688
f 3807 3806 3938
f 3938 3806 3937
f 445 413 3761
f 3761 413 3760
f 3902 447 3903
f 3903 447 446
f 3897 3890 3898
f 3898 3890 3889
f 3899 3891 3897
f 3897 3891 3890
f 3898 3889 3901
f 3901 3889 3893
f 3893 3894 3901
f 3901 3894 3902
f 414 386 3787
f 3787 386 3765
f 3940 3941 3939
f 3939 3941 3942
f 3840 3797 3943
f 3943 3797 3727
f 3665 3810 3936
f 3936 3810 3944
f 3921 3735 3726
f 3726 3735 3723
f 3920 3945 3770
f 3770 3945 3922
f 3521 3524 3774
f 3774 3524 3778
f 3864 3946 3625
f 3625 3946 3947
f 3773 3705 3649
f 3649 3705 3519
f 3779 3778 3758
f 3758 3778 3524
f 3812 3716 3736
f 3736 3716 3715
f 3624 3521 3777
f 3777 3521 3774
f 3703 3856 3704
f 3704 3856 3622
f 3900 3892 3899
f 3899 3892 3891
f 3641 3917 3642
f 3642 3917 3948
f 3895 3669 3882
f 3882 3669 3668
f 3855 3851 3852
f 3852 3851 3850
f 3894 458 3902
f 3902 458 447
f 3781 3887 3660
f 3660 3887 3870
f 3570 3566 3571
f 3571 3566 3567
f 3950 3576 3949
f 3949 3576 3587
f 3605 3602 3614
f 3614 3602 3612
f 3614 3612 3570
f 3570 3612 3566
f 3571 3567 3656
f 3656 3567 3654
f 3660 3658 3781
f 3781 3658 3657
f 3604 3607 3587
f 3587 3607 3949
f 3653 3659 3654
f 3654 3659 3656
f 3529 3540 3530
f 3530 3540 3740
f 3687 3811 3688
f 3688 3811 3664
f 3813 3725 3737
f 3737 3725 3724
f 3919 3815 461
f 461 3815 303
f 3818 3798 3819
f 3819 3798 3797
f 3819 3841 3820
f 3820 3841 3951
f 3816 3815 3738
f 3738 3815 3814
f 3540 3539 3533
f 3533 3539 3549
f 3548 3547 3544
f 3544 3547 3541
f 3539 3548 3549
f 3549 3548 3544
f 3741 3931 3860
f 3860 3931 3846
f 3801 3800 3835
f 3835 3800 3836
f 3934 3933 3824
f 3824 3933 3821
f 3825 3828 3546
f 3546 3828 3547
f 3833 3821 3925
f 3925 3821 3933
f 3800 3828 3836
f 3836 3828 3825
f 3824 3952 3934
f 3934 3952 440
f 3860 3846 3861
f 3861 3846 3845
f 3629 3946 3630
f 3630 3946 3864
f 3740 3536 3861
f 3861 3536 3858
f 3833 3801 3834
f 3834 3801 3835
f 3583 3599 3580
f 3580 3599 3585
f 3651 3563 3652
f 3652 3563 3562
f 3758 3909 3779
f 3779 3909 3780
f 3621 3617 3622
f 3622 3617 3704
f 3625 3947 3626
f 3626 3947 3753
f 3633 3632 3847
f 3847 3632 3862
f 3852 3850 3640
f 3640 3850 3641
f 3644 3853 3640
f 3640 3853 3852
f 3859 3742 3860
f 3860 3742 3741
f 3632 3627 3862
f 3862 3627 3844
f 3755 3863 3626
f 3626 3863 3623
f 3917 3638 3948
f 3948 3638 3637
f 3644 3643 3742
f 3742 3643 3743
f 3931 3633 3846
f 3846 3633 3847
f 3625 3624 3864
f 3864 3624 3777
f 3917 3641 3849
f 3849 3641 3850
f 3744 3932 3741
f 3741 3932 3931
f 3903 446 3918
f 3918 446 464
f 3953 3954 3956
f 3956 3954 3955
f 3958 3959 3957
f 3957 3959 3960
f 3876 3958 3877
f 3877 3958 3957
f 3877 3957 3961
f 3961 3957 3962
f 3963 3964 3958
f 3958 3964 3959
f 3965 3966 3876
f 3876 3966 3958
f 3966 3963 3958
f 3966 3967 3963
f 3963 3967 3968
f 3878 3877 3879
f 3879 3877 3961
f 3967 3969 3968
f 3968 3969 3970
f 3969 3971 3970
f 3970 3971 3972
f 3974 3904 3973
f 3973 3904 3907
f 3971 3975 3972
f 3972 3975 3976
f 3976 3975 3978
f 3978 3975 3977
f 3979 3980 3977
f 3977 3980 3978
f 3981 3982 3979
f 3979 3982 3980
f 3983 3984 3981
f 3981 3984 3982
f 3972 3985 3970
f 3970 3985 3986
f 3871 3987 3969
f 3969 3987 3971
f 3872 3871 3967
f 3967 3871 3969
f 3965 3872 3966
f 3966 3872 3967
f 3970 3986 3968
f 3968 3986 3988
f 3879 3961 3884
f 3884 3961 3940
f 3884 3940 3885
f 3885 3940 3939
f 3989 3990 3992
f 3992 3990 3991
f 3942 3993 3995
f 3995 3993 3994
f 3994 3996 3995
f 3995 3996 3974
f 3997 3998 3994
f 3994 3998 3996
f 3999 3997 3993
f 3993 3997 3994
f 4001 3996 4000
f 4000 3996 3998
f 4000 3998 4002
f 4002 3998 4003
f 4004 4003 3997
f 3997 4003 3998
f 3997 3999 4004
f 4004 3999 4005
f 4006 3995 3973
f 3973 3995 3974
f 3939 3942 4006
f 4006 3942 3995
f 3906 3887 3907
f 3907 3887 3886
f 3887 3906 3870
f 3870 3906 3867
f 3908 3973 3886
f 3886 3973 3907
f 3865 4007 3866
f 3866 4007 4008
f 3984 3983 4009
f 4009 3983 4010
f 3961 3962 3940
f 3940 3962 3941
f 4012 3868 4011
f 4011 3868 3867
f 4013 3975 3987
f 3987 3975 3971
f 4014 3977 4013
f 4013 3977 3975
f 4015 4010 4007
f 4007 4010 3983
f 4007 3983 4008
f 4008 3983 3981
f 4008 3981 4016
f 4016 3981 3979
f 4017 3984 4018
f 4018 3984 4009
f 3977 4014 3979
f 3979 4014 4016
f 3982 3984 4019
f 4019 3984 4017
f 4021 4022 4020
f 4020 4022 4023
f 4022 4012 4023
f 4023 4012 4011
f 4023 3904 4020
f 4020 3904 3974
f 4024 4025 4018
f 4018 4025 4017
f 4026 4027 4024
f 4024 4027 4025
f 4028 4026 4029
f 4029 4026 4024
f 4018 4021 4024
f 4024 4021 4029
f 4030 4031 4026
f 4026 4031 4027
f 4032 4030 4028
f 4028 4030 4026
f 4029 4001 4028
f 4028 4001 4000
f 4028 4000 4032
f 4032 4000 4002
f 4034 4035 4033
f 4033 4035 4036
f 4037 4038 4019
f 4019 4038 4039
f 4041 4039 4040
f 4040 4039 4038
f 4040 4038 4042
f 4042 4038 4036
f 4042 4036 4043
f 4043 4036 4035
f 3985 4044 4046
f 4046 4044 4045
f 4047 4048 4045
f 4045 4048 4046
f 4047 4049 4048
f 4048 4049 4050
f 4042 4047 4040
f 4040 4047 4045
f 4043 4049 4042
f 4042 4049 4047
f 4040 4045 4041
f 4041 4045 4044
f 4052 3959 4051
f 4051 3959 3964
f 4053 4054 4051
f 4051 4054 4055
f 3956 3960 4052
f 4052 3960 3959
f 3953 3956 4056
f 4056 3956 4052
f 4058 3953 4057
f 4057 3953 4056
f 4060 4061 4059
f 4059 4061 4062
f 4063 4064 4054
f 4054 4064 4057
f 4054 4053 4063
f 4063 4053 4065
f 4066 4067 4069
f 4069 4067 4068
f 4048 4050 4063
f 4063 4050 4064
f 4063 4065 4048
f 4048 4065 4046
f 3985 4046 3986
f 3986 4046 4065
f 3986 4065 3988
f 3988 4065 4053
f 3988 4053 3964
f 3964 4053 4051
f 3976 3978 4044
f 4044 3978 4041
f 3980 3982 4039
f 4039 3982 4019
f 4039 4041 3980
f 3980 4041 3978
f 3973 3908 4006
f 4006 3908 3896
f 3885 3939 3896
f 3896 3939 4006
f 4031 4034 4027
f 4027 4034 4033
f 4027 4033 4025
f 4025 4033 4037
f 4019 4017 4037
f 4037 4017 4025
f 3993 3942 4070
f 4070 3942 3941
f 3999 3993 4071
f 4071 3993 4070
f 3999 4071 4005
f 4005 4071 4072
f 4073 4074 4076
f 4076 4074 4075
f 4078 4079 4077
f 4077 4079 4080
f 4082 4080 4081
f 4081 4080 4079
f 4084 4085 4083
f 4083 4085 4086
f 4087 4088 4090
f 4090 4088 4089
f 4092 4093 4091
f 4091 4093 4094
f 4096 4097 4095
f 4095 4097 4098
f 4100 4101 4099
f 4099 4101 4102
f 4103 4104 4106
f 4106 4104 4105
f 4108 4109 4107
f 4107 4109 4110
f 4112 4113 4111
f 4111 4113 4114
f 4116 4117 4115
f 4115 4117 4118
f 4120 4121 4119
f 4119 4121 4122
f 4123 4124 4126
f 4126 4124 4125
f 4127 4128 4130
f 4130 4128 4129
f 4132 4133 4131
f 4131 4133 4134
f 4136 4108 4135
f 4135 4108 4107
f 4138 4139 4137
f 4137 4139 4140
f 4141 4142 4088
f 4088 4142 4089
f 4144 4145 4143
f 4143 4145 4146
f 4148 4149 4147
f 4147 4149 4150
f 4152 4153 4151
f 4151 4153 4154
f 4156 4082 4155
f 4155 4082 4081
f 4157 4158 4160
f 4160 4158 4159
f 4161 4162 4164
f 4164 4162 4163
f 4166 4122 4165
f 4165 4122 4121
f 4168 4152 4167
f 4167 4152 4151
f 4169 4170 4172
f 4172 4170 4171
f 4174 4175 4173
f 4173 4175 4176
f 4178 4149 4177
f 4177 4149 4179
f 4173 4176 4180
f 4180 4176 4181
f 4156 4085 4182
f 4182 4085 4183
f 4182 4184 4156
f 4156 4184 4082
f 4185 4186 4184
f 4184 4186 4187
f 4186 4188 4187
f 4187 4188 4189
f 4190 4191 4073
f 4073 4191 4074
f 4177 4179 4158
f 4158 4179 4159
f 4193 4127 4192
f 4192 4127 4130
f 4144 4194 4151
f 4151 4194 4167
f 4196 4197 4195
f 4195 4197 4198
f 4095 4199 4096
f 4096 4199 4200
f 4201 4202 4204
f 4204 4202 4203
f 4205 4206 4208
f 4208 4206 4207
f 4121 4120 4209
f 4209 4120 4210
f 4212 4213 4211
f 4211 4213 4214
f 4216 4217 4215
f 4215 4217 4218
f 4220 4221 4219
f 4219 4221 4222
f 4224 4196 4223
f 4223 4196 4195
f 4225 4226 4134
f 4134 4226 4131
f 4228 4229 4227
f 4227 4229 4230
f 4232 4233 4231
f 4231 4233 4098
f 4235 4236 4234
f 4234 4236 4237
f 4239 4240 4238
f 4238 4240 4241
f 4242 4243 4245
f 4245 4243 4244
f 4246 4247 4249
f 4249 4247 4248
f 4251 4252 4250
f 4250 4252 4253
f 4255 4256 4254
f 4254 4256 4257
f 4259 4260 4258
f 4258 4260 4261
f 4263 4264 4262
f 4262 4264 4265
f 4267 4268 4266
f 4266 4268 4269
f 4271 4199 4270
f 4270 4199 4272
f 4273 4274 4276
f 4276 4274 4275
f 4115 4118 4277
f 4277 4118 4278
f 4280 4281 4279
f 4279 4281 4282
f 4211 4283 4212
f 4212 4283 4284
f 4286 4287 4285
f 4285 4287 4288
f 4165 4121 4289
f 4289 4121 4209
f 4291 4286 4290
f 4290 4286 4285
f 4293 4294 4292
f 4292 4294 4295
f 4297 4298 4296
f 4296 4298 4299
f 4301 4302 4300
f 4300 4302 4303
f 4299 4304 4296
f 4296 4304 4305
f 4306 4292 4307
f 4307 4292 4295
f 4307 4308 4306
f 4306 4308 4309
f 4310 4309 4075
f 4075 4309 4308
f 4299 4298 4312
f 4312 4298 4311
f 4302 4301 4293
f 4293 4301 4294
f 3735 3921 4313
f 4313 3921 4314
f 4315 4314 3922
f 3922 4314 3921
f 4316 3945 829
f 829 3945 830
f 4289 4317 4165
f 4165 4317 4318
f 4320 4321 4319
f 4319 4321 4322
f 4324 4325 4323
f 4323 4325 4326
f 4327 4328 4330
f 4330 4328 4329
f 4290 4331 4291
f 4291 4331 4332
f 4165 4318 4166
f 4166 4318 4333
f 4334 4335 4337
f 4337 4335 4336
f 4339 4340 4338
f 4338 4340 4341
f 4168 4343 4342
f 4342 4343 4344
f 4346 4347 4345
f 4345 4347 4348
f 4350 4351 4349
f 4349 4351 4352
f 4354 4355 4353
f 4353 4355 4356
f 4357 4358 4324
f 4324 4358 4325
f 4337 4359 4334
f 4334 4359 4360
f 4362 4363 4361
f 4361 4363 4364
f 4366 4367 4365
f 4365 4367 4368
f 4369 4370 4372
f 4372 4370 4371
f 4331 4290 4374
f 4374 4290 4373
f 4373 4376 4375
f 4375 4376 4377
f 4379 4380 4378
f 4378 4380 4381
f 4217 4382 4218
f 4218 4382 4383
f 4385 4386 4384
f 4384 4386 4387
f 4388 4389 4338
f 4338 4389 4390
f 4337 4336 4392
f 4392 4336 4391
f 4394 4362 4393
f 4393 4362 4361
f 4396 4397 4395
f 4395 4397 4398
f 4400 4401 4399
f 4399 4401 4402
f 4345 4403 4346
f 4346 4403 4404
f 4405 4406 4342
f 4342 4406 4407
f 4409 4410 4408
f 4408 4410 4411
f 4408 4412 4409
f 4409 4412 4413
f 4181 4415 4414
f 4414 4415 4416
f 4182 4183 4417
f 4417 4183 4418
f 4419 4353 4311
f 4311 4353 4312
f 4421 4422 4420
f 4420 4422 4423
f 4353 4356 4312
f 4312 4356 4424
f 4166 4333 4425
f 4425 4333 4426
f 4425 4143 4166
f 4166 4143 4122
f 4427 4107 4428
f 4428 4107 4110
f 4429 4430 4174
f 4174 4430 4175
f 4335 4431 4336
f 4336 4431 4390
f 4336 4390 4391
f 4391 4390 4389
f 4432 4433 4435
f 4435 4433 4434
f 4437 4438 4436
f 4436 4438 4439
f 4441 4442 4440
f 4440 4442 4443
f 4359 4444 4361
f 4361 4444 4393
f 4446 4447 4445
f 4445 4447 4448
f 4338 4341 4388
f 4388 4341 4449
f 4450 4451 4398
f 4398 4451 4395
f 4453 4454 4452
f 4452 4454 4455
f 4457 4458 4456
f 4456 4458 4459
f 4460 4461 4448
f 4448 4461 4445
f 4463 4464 4462
f 4462 4464 4465
f 4462 4465 4466
f 4466 4465 4467
f 4468 4469 4467
f 4467 4469 4466
f 4469 4468 4470
f 4470 4468 4471
f 4472 4473 4471
f 4471 4473 4470
f 4475 4476 4474
f 4474 4476 4477
f 4479 4480 4478
f 4478 4480 4481
f 4483 4484 4482
f 4482 4484 4485
f 4487 4488 4486
f 4486 4488 4489
f 4491 4492 4490
f 4490 4492 4493
f 4494 4495 4493
f 4493 4495 4490
f 4496 4497 4494
f 4494 4497 4495
f 4497 4496 4498
f 4498 4496 4499
f 4500 4501 4503
f 4503 4501 4502
f 4505 4506 4504
f 4504 4506 4507
f 4466 4508 4462
f 4462 4508 4509
f 4470 4510 4469
f 4469 4510 4511
f 4513 4479 4512
f 4512 4479 4478
f 4515 4443 4514
f 4514 4443 4442
f 4516 4517 4519
f 4519 4517 4518
f 4521 4495 4520
f 4520 4495 4497
f 4522 4490 4521
f 4521 4490 4495
f 4491 4523 4488
f 4488 4523 4524
f 4525 4489 4524
f 4524 4489 4488
f 4484 4526 4485
f 4485 4526 4527
f 4503 4528 4500
f 4500 4528 4529
f 4530 4531 4533
f 4533 4531 4532
f 4535 4506 4534
f 4534 4506 4530
f 4486 4536 4487
f 4487 4536 4537
f 4487 4537 4492
f 4492 4537 4538
f 4494 4539 4496
f 4496 4539 4540
f 4542 4533 4541
f 4541 4533 4499
f 4544 4545 4543
f 4543 4545 4546
f 4548 4549 4547
f 4547 4549 4550
f 4536 4551 4537
f 4537 4551 4552
f 4537 4552 4538
f 4538 4552 4553
f 4554 4539 4556
f 4556 4539 4555
f 4557 4540 4554
f 4554 4540 4539
f 4559 4557 4558
f 4558 4557 4560
f 4540 4557 4541
f 4541 4557 4559
f 4562 4563 4561
f 4561 4563 4564
f 4546 4565 4543
f 4543 4565 4566
f 4547 4567 4548
f 4548 4567 4568
f 4570 4571 4569
f 4569 4571 4572
f 4574 4575 4573
f 4573 4575 4576
f 4578 4579 4577
f 4577 4579 4580
f 4582 4583 4581
f 4581 4583 4584
f 4585 4586 4588
f 4588 4586 4587
f 4589 4585 4590
f 4590 4585 4588
f 4592 4593 4591
f 4591 4593 4594
f 4596 4597 4595
f 4595 4597 4598
f 4600 4601 4599
f 4599 4601 4602
f 4563 4604 4603
f 4603 4604 4605
f 4603 4606 4608
f 4608 4606 4607
f 4609 4610 4594
f 4594 4610 4591
f 4611 4612 4614
f 4614 4612 4613
f 4616 4617 4615
f 4615 4617 4618
f 4602 4620 4619
f 4619 4620 4621
f 4619 4622 4602
f 4602 4622 4599
f 4605 4599 4623
f 4623 4599 4622
f 4605 4623 4603
f 4603 4623 4606
f 4625 4626 4624
f 4624 4626 4627
f 4438 4437 4628
f 4628 4437 4629
f 4442 4441 4630
f 4630 4441 4631
f 4630 4632 4442
f 4442 4632 4514
f 4633 4634 4529
f 4529 4634 4500
f 4500 4634 4501
f 4501 4634 4635
f 4637 4546 4636
f 4636 4546 4545
f 4639 4565 4638
f 4638 4565 4640
f 4573 4576 4641
f 4641 4576 4642
f 4593 4643 4594
f 4594 4643 4644
f 4645 4609 4644
f 4644 4609 4594
f 4647 4648 4646
f 4646 4648 4649
f 4651 4652 4650
f 4650 4652 4653
f 4654 4498 4519
f 4519 4498 4532
f 4520 4508 4521
f 4521 4508 4511
f 4522 4510 4523
f 4523 4510 4655
f 4524 4656 4525
f 4525 4656 4657
f 4514 4529 4515
f 4515 4529 4528
f 4658 4659 4661
f 4661 4659 4660
f 4496 4540 4499
f 4499 4540 4541
f 4493 4555 4494
f 4494 4555 4539
f 4549 4483 4550
f 4550 4483 4482
f 4545 4544 4501
f 4501 4544 4502
f 4636 4545 4635
f 4635 4545 4501
f 4589 4663 4662
f 4662 4663 4664
f 4662 4665 4558
f 4558 4665 4559
f 4569 4586 4570
f 4570 4586 4560
f 4552 4666 4553
f 4553 4666 4667
f 4668 4669 4670
f 4670 4669 4666
f 4672 4673 4671
f 4671 4673 4674
f 4287 4675 4288
f 4288 4675 4676
f 4678 4679 4677
f 4677 4679 4680
f 4681 4678 4682
f 4682 4678 4677
f 4682 4683 4681
f 4681 4683 4684
f 4161 4164 4685
f 4685 4164 4686
f 4414 4687 4689
f 4689 4687 4688
f 4405 4690 4346
f 4346 4690 4347
f 4691 4399 4693
f 4693 4399 4692
f 1209 4694 4365
f 4365 4694 4366
f 4650 1211 4651
f 4651 1211 1210
f 4695 4696 4255
f 4255 4696 4256
f 4697 4698 4218
f 4218 4698 4215
f 4700 4701 4699
f 4699 4701 4702
f 4703 4704 4303
f 4303 4704 4300
f 4315 3922 4316
f 4316 3922 3945
f 4653 4706 4705
f 4705 4706 4707
f 4709 4710 4708
f 4708 4710 4711
f 4335 4334 4713
f 4713 4334 4712
f 4714 4340 4321
f 4321 4340 4322
f 4716 4717 4715
f 4715 4717 4718
f 4238 4241 4719
f 4719 4241 4720
f 4231 4721 4307
f 4307 4721 4308
f 4723 4724 4722
f 4722 4724 4725
f 4727 4728 4726
f 4726 4728 4729
f 4730 4731 4327
f 4327 4731 4328
f 4733 4734 4732
f 4732 4734 4735
f 4720 4381 4736
f 4736 4381 4737
f 4738 4739 4741
f 4741 4739 4740
f 4743 4744 4742
f 4742 4744 4745
f 4338 4390 4339
f 4339 4390 4431
f 4746 4747 4431
f 4431 4747 4339
f 4291 4332 4289
f 4289 4332 4317
f 4289 4209 4291
f 4291 4209 4286
f 4287 4286 4210
f 4210 4286 4209
f 4749 4750 4748
f 4748 4750 4751
f 4212 4284 4752
f 4752 4284 4753
f 4752 4754 4212
f 4212 4754 4213
f 4252 4251 4225
f 4225 4251 4226
f 4227 4230 4248
f 4248 4230 4249
f 4205 4755 4757
f 4757 4755 4756
f 4708 4711 4758
f 4758 4711 4647
f 4367 4366 4759
f 4759 4366 4760
f 4526 4513 4527
f 4527 4513 4512
f 4420 4423 4385
f 4385 4423 4386
f 4705 4761 4653
f 4653 4761 4650
f 4761 1279 4650
f 4650 1279 1211
f 4762 4763 3944
f 3944 4763 3936
f 4274 4273 4765
f 4765 4273 4764
f 4767 4768 4766
f 4766 4768 4769
f 4770 4771 4769
f 4769 4771 4766
f 4771 4770 4242
f 4242 4770 4243
f 4093 4163 4094
f 4094 4163 4162
f 4772 4773 4775
f 4775 4773 4774
f 4777 4778 4776
f 4776 4778 4779
f 4417 4185 4182
f 4182 4185 4184
f 4780 4078 4781
f 4781 4078 4077
f 4781 4077 4782
f 4782 4077 4189
f 4188 4783 4189
f 4189 4783 4782
f 4295 4232 4307
f 4307 4232 4231
f 4785 4786 4784
f 4784 4786 4787
f 4784 1307 4785
f 4785 1307 1306
f 4078 4780 4096
f 4096 4780 4097
f 4075 4074 4310
f 4310 4074 4788
f 4788 4074 4789
f 4789 4074 4191
f 4789 4191 4059
f 4059 4191 4790
f 4791 4277 4792
f 4792 4277 4278
f 3732 3735 4793
f 4793 3735 4313
f 4793 4794 3732
f 3732 4794 3731
f 4792 4795 4791
f 4791 4795 4796
f 4797 4798 4799
f 4799 4798 4724
f 4763 4800 3936
f 3936 4800 3935
f 4801 4062 3729
f 3729 4062 3730
f 4713 4712 4802
f 4802 4712 4803
f 4146 4804 4119
f 4119 4804 4805
f 4498 4654 4497
f 4497 4654 4520
f 4806 4807 1326
f 1326 4807 1327
f 4689 4688 1330
f 1330 4688 1331
f 4801 4789 4062
f 4062 4789 4059
f 3730 4062 4808
f 4808 4062 4061
f 4810 4811 4809
f 4809 4811 4812
f 4813 4403 4814
f 4814 4403 4345
f 4815 4816 4349
f 4349 4816 4350
f 4817 4818 4820
f 4820 4818 4819
f 4406 4821 4407
f 4407 4821 4822
f 4823 4161 4824
f 4824 4161 4685
f 4181 4414 4825
f 4825 4414 4689
f 4741 4740 4826
f 4826 4740 4827
f 4828 4829 4827
f 4827 4829 4826
f 4142 4141 4415
f 4415 4141 4148
f 4830 1354 4761
f 4761 1354 1279
f 4832 4833 4831
f 4831 4833 4834
f 4835 4836 4626
f 4626 4836 4421
f 4451 4709 4395
f 4395 4709 4708
f 4627 4420 4837
f 4837 4420 4385
f 4837 1365 4838
f 4838 1365 1364
f 4397 4396 4839
f 4839 4396 4840
f 4842 4628 4841
f 4841 4628 4629
f 4671 4674 4631
f 4631 4674 4630
f 4674 4659 4630
f 4630 4659 4632
f 4633 4632 4658
f 4658 4632 4659
f 4658 4504 4633
f 4633 4504 4634
f 4635 4634 4507
f 4507 4634 4504
f 4843 4636 4507
f 4507 4636 4635
f 4844 4637 4843
f 4843 4637 4636
f 4637 4844 4640
f 4640 4844 4664
f 4638 4663 4642
f 4642 4663 4845
f 4847 4643 4846
f 4846 4643 4641
f 4644 4848 4645
f 4645 4848 4849
f 4851 4852 4850
f 4850 4852 4853
f 4855 4856 4854
f 4854 4856 4857
f 4859 4860 4858
f 4858 4860 4857
f 4715 4718 4859
f 4859 4718 4860
f 4862 4863 4861
f 4861 4863 4864
f 4866 4867 4865
f 4865 4867 4868
f 4870 4871 4869
f 4869 4871 4872
f 4869 4872 4116
f 4116 4872 4117
f 4820 4819 4874
f 4874 4819 4873
f 4876 4877 4875
f 4875 4877 4878
f 4880 4881 4879
f 4879 4881 4882
f 4884 4885 4883
f 4883 4885 4886
f 4887 4888 4280
f 4280 4888 4281
f 4818 4817 4889
f 4889 4817 4890
f 4891 4193 4823
f 4823 4193 4192
f 4892 4893 4228
f 4228 4893 4229
f 4158 4157 4894
f 4894 4157 4895
f 4896 4897 4132
f 4132 4897 4133
f 4099 4683 4100
f 4100 4683 4682
f 4101 4100 4899
f 4899 4100 4898
f 4150 4106 4147
f 4147 4106 4900
f 4100 4682 4898
f 4898 4682 4677
f 4080 4082 4187
f 4187 4082 4184
f 4077 4080 4189
f 4189 4080 4187
f 4191 4190 4790
f 4790 4190 4901
f 4177 4158 4680
f 4680 4158 4894
f 4108 4136 4752
f 4752 4136 4754
f 4752 4753 4108
f 4108 4753 4109
f 4817 4902 4890
f 4890 4902 4903
f 4904 4905 4907
f 4907 4905 4906
f 4909 4910 4908
f 4908 4910 4911
f 4913 4914 4912
f 4912 4914 4915
f 4916 4917 4919
f 4919 4917 4918
f 4312 4424 4299
f 4299 4424 4304
f 4920 4921 4297
f 4297 4921 4298
f 4194 4922 4167
f 4167 4922 4923
f 4924 4400 4691
f 4691 4400 4399
f 4395 4708 4396
f 4396 4708 4758
f 4367 4925 4368
f 4368 4925 4926
f 4919 4918 4873
f 4873 4918 4874
f 4836 4927 4421
f 4421 4927 4422
f 4921 4928 4298
f 4298 4928 4311
f 4143 4146 4122
f 4122 4146 4119
f 4929 4930 4455
f 4455 4930 4452
f 4932 4933 4931
f 4931 4933 4934
f 4935 4936 4932
f 4932 4936 4933
f 4461 4460 4457
f 4457 4460 4458
f 4480 4479 4475
f 4475 4479 4476
f 4660 4673 4517
f 4517 4673 4937
f 4661 4505 4658
f 4658 4505 4504
f 4484 4483 4489
f 4489 4483 4486
f 4462 4509 4463
f 4463 4509 4518
f 4469 4511 4466
f 4466 4511 4508
f 4655 4473 4656
f 4656 4473 4477
f 4476 4657 4477
f 4477 4657 4656
f 4479 4513 4476
f 4476 4513 4657
f 4489 4525 4484
f 4484 4525 4526
f 4483 4549 4486
f 4486 4549 4536
f 4549 4548 4536
f 4536 4548 4551
f 4548 4568 4551
f 4551 4568 4670
f 4663 4589 4845
f 4845 4589 4590
f 4668 4577 4938
f 4938 4577 4580
f 4940 4938 4939
f 4939 4938 4941
f 4940 4942 4669
f 4669 4942 4943
f 4587 4582 4944
f 4944 4582 4581
f 4848 4847 4608
f 4608 4847 4564
f 4616 4945 4613
f 4613 4945 4598
f 4615 4946 4616
f 4616 4946 4945
f 4947 4939 4948
f 4948 4939 4946
f 4599 4605 4600
f 4600 4605 4604
f 4608 4607 4848
f 4848 4607 4849
f 4613 4612 4616
f 4616 4612 4617
f 4835 4949 4709
f 4709 4949 4710
f 4357 1477 4837
f 4837 1477 1365
f 4712 4950 4803
f 4803 4950 4951
f 4401 4952 4402
f 4402 4952 4953
f 4759 4760 4402
f 4402 4760 4399
f 4508 4520 4509
f 4509 4520 4654
f 4510 4522 4511
f 4511 4522 4521
f 4513 4526 4657
f 4657 4526 4525
f 4632 4633 4514
f 4514 4633 4529
f 4931 4934 4453
f 4453 4934 4454
f 4153 4954 4154
f 4154 4954 4955
f 4957 4958 4956
f 4956 4958 4959
f 4961 4962 4960
f 4960 4962 4963
f 4120 4964 4210
f 4210 4964 4965
f 4967 4968 4966
f 4966 4968 4969
f 4349 4692 4815
f 4815 4692 4970
f 4652 4971 4653
f 4653 4971 4706
f 4758 4647 4972
f 4972 4647 4646
f 4973 4363 4646
f 4646 4363 4972
f 4950 4360 4974
f 4974 4360 4364
f 4431 4335 4746
f 4746 4335 4713
f 4358 4714 4325
f 4325 4714 4321
f 4765 4764 4266
f 4266 4764 4975
f 4202 4976 4203
f 4203 4976 4977
f 4917 4978 4918
f 4918 4978 4979
f 4279 4282 4854
f 4854 4282 4269
f 4820 4880 4817
f 4817 4880 4902
f 4890 4903 4980
f 4980 4903 4886
f 4982 4983 4981
f 4981 4983 4123
f 4795 4851 4796
f 4796 4851 4850
f 4918 4979 4874
f 4874 4979 4881
f 4809 4404 4810
f 4810 4404 4403
f 4354 4985 4984
f 4984 4985 4986
f 1364 1516 4838
f 4838 1516 4987
f 4759 4988 4367
f 4367 4988 4925
f 4989 4990 4481
f 4481 4990 4478
f 4443 4515 4990
f 4990 4515 4991
f 4527 4512 4992
f 4992 4512 4991
f 4528 4503 4992
f 4992 4503 4993
f 4993 4994 4485
f 4485 4994 4482
f 4544 4995 4502
f 4502 4995 4994
f 4995 4996 4550
f 4550 4996 4547
f 4998 4999 4997
f 4997 4999 4566
f 4998 5000 4578
f 4578 5000 4579
f 5001 5002 4596
f 4596 5002 4597
f 5003 4591 5004
f 5004 4591 4610
f 4626 4421 4627
f 4627 4421 4420
f 4837 4838 4627
f 4627 4838 4624
f 4761 4705 4830
f 4830 4705 5005
f 4705 4707 5005
f 5005 4707 5006
f 4308 4721 4075
f 4075 4721 4076
f 5007 4200 4797
f 4797 4200 4798
f 4685 4686 5008
f 5008 4686 5009
f 4889 4890 5010
f 5010 4890 4980
f 4323 1541 4324
f 4324 1541 1540
f 4385 4384 4358
f 4358 4384 4714
f 4396 4758 4840
f 4840 4758 4972
f 4866 4852 5011
f 5011 4852 5012
f 5013 4260 4980
f 4980 4260 5010
f 4875 4878 5014
f 5014 4878 5015
f 5017 5018 5016
f 5016 5018 5019
f 5016 5019 5020
f 5020 5019 5021
f 5023 5024 5022
f 5022 5024 5025
f 5027 5028 5026
f 5026 5028 5029
f 5031 5032 5030
f 5030 5032 5033
f 5035 5036 5034
f 5034 5036 5037
f 5039 5040 5038
f 5038 5040 5041
f 5043 5044 5042
f 5042 5044 5045
f 5038 5046 5039
f 5039 5046 5047
f 5049 5050 5048
f 5048 5050 5051
f 5053 5054 5052
f 5052 5054 5055
f 5057 5024 5056
f 5056 5024 5058
f 5060 5061 5059
f 5059 5061 5062
f 5064 5065 5063
f 5063 5065 5066
f 5043 5050 5064
f 5064 5050 5065
f 5038 5041 5067
f 5067 5041 5068
f 5070 5071 5069
f 5069 5071 5072
f 5074 5075 5073
f 5073 5075 5076
f 5034 5077 5035
f 5035 5077 5078
f 5080 5081 5079
f 5079 5081 5082
f 5084 5085 5083
f 5083 5085 5086
f 5085 5084 5087
f 5087 5084 5088
f 5090 5091 5089
f 5089 5091 5092
f 5094 5095 5093
f 5093 5095 5096
f 5098 5099 5097
f 5097 5099 5100
f 5102 5103 5101
f 5101 5103 5104
f 5105 5106 5108
f 5108 5106 5107
f 5110 5111 5109
f 5109 5111 5112
f 5114 5094 5113
f 5113 5094 5093
f 5116 5117 5115
f 5115 5117 5118
f 5120 5121 5119
f 5119 5121 5122
f 5124 5125 5123
f 5123 5125 5126
f 5128 5129 5127
f 5127 5129 5130
f 5097 5131 5098
f 5098 5131 5132
f 5134 5135 5133
f 5133 5135 5122
f 5084 5125 5088
f 5088 5125 5136
f 5138 5139 5137
f 5137 5139 5140
f 5142 5102 5141
f 5141 5102 5101
f 5106 5143 5107
f 5107 5143 5144
f 5146 5147 5145
f 5145 5147 5148
f 5149 5150 5109
f 5109 5150 5110
f 5151 5110 5152
f 5152 5110 5150
f 4715 5140 4716
f 4716 5140 5139
f 5143 4870 5144
f 5144 4870 4869
f 4115 5146 4116
f 4116 5146 5145
f 4791 4796 5149
f 5149 4796 5150
f 4796 4850 5150
f 5150 4850 5152
f 4858 5142 4859
f 4859 5142 5141
f 5153 5154 5115
f 5115 5154 5105
f 5156 5157 5155
f 5155 5157 5158
f 5159 5160 5053
f 5053 5160 5054
f 5161 5162 5020
f 5020 5162 5068
f 5026 5029 5163
f 5163 5029 5021
f 5083 5086 5164
f 5164 5086 5165
f 5090 5167 5166
f 5166 5167 5168
f 5169 5170 5172
f 5172 5170 5171
f 5174 5175 5173
f 5173 5175 5176
f 5177 5109 5178
f 5178 5109 5112
f 5179 5180 5182
f 5182 5180 5181
f 5123 5126 5120
f 5120 5126 5121
f 5180 5167 5181
f 5181 5167 5183
f 5184 5185 5179
f 5179 5185 5180
f 5186 5149 5177
f 5177 5149 5109
f 4868 5184 4865
f 4865 5184 5179
f 5188 5189 5187
f 5187 5189 5190
f 4277 4791 5186
f 5186 4791 5149
f 5179 5182 4865
f 4865 5182 4853
f 5189 4862 5190
f 5190 4862 4861
f 5156 5075 5191
f 5191 5075 5192
f 5036 5035 5193
f 5193 5035 5194
f 5115 5118 5153
f 5153 5118 5195
f 5022 5025 5196
f 5196 5025 5197
f 5155 5158 5069
f 5069 5158 5062
f 5063 5066 5198
f 5198 5066 5199
f 5073 5076 5200
f 5200 5076 5072
f 5202 5131 5201
f 5201 5131 5203
f 5143 5106 5204
f 5204 5106 5205
f 5114 5113 5206
f 5206 5113 5127
f 5098 5132 5193
f 5193 5132 5195
f 5204 5207 5143
f 5143 5207 4870
f 5088 5136 5208
f 5208 5136 5092
f 5209 5210 5089
f 5089 5210 5183
f 5211 5018 5060
f 5060 5018 5061
f 5017 5040 5070
f 5070 5040 5071
f 5191 5160 5156
f 5156 5160 5157
f 5048 5028 5049
f 5049 5028 5058
f 5207 5204 4858
f 4858 5204 5142
f 4859 5141 4715
f 4715 5141 5140
f 5212 5162 5042
f 5042 5162 5051
f 5182 5152 4853
f 4853 5152 4850
f 5214 5134 5213
f 5213 5134 5133
f 5164 5165 5133
f 5133 5165 5213
f 5215 5216 5201
f 5201 5216 5217
f 5147 5218 5148
f 5148 5218 5219
f 5147 5177 5218
f 5218 5177 5178
f 5141 5101 5140
f 5140 5101 5137
f 5201 5217 5202
f 5202 5217 5104
f 5146 5186 5147
f 5147 5186 5177
f 4277 5186 4115
f 4115 5186 5146
f 5191 5192 5031
f 5031 5192 5032
f 5052 5055 5220
f 5220 5055 5197
f 4116 5145 4869
f 4869 5145 5144
f 5034 5037 5214
f 5214 5037 5134
f 5097 5100 5114
f 5114 5100 5094
f 5108 5107 5219
f 5219 5107 5148
f 5221 5135 5116
f 5116 5135 5117
f 5124 5111 5209
f 5209 5111 5210
f 5107 5144 5148
f 5148 5144 5145
f 5152 5182 5151
f 5151 5182 5181
f 5208 5222 5088
f 5088 5222 5087
f 5222 5208 5171
f 5171 5208 5172
f 5223 1756 4698
f 4698 1756 1755
f 4427 5224 4107
f 4107 5224 4135
f 4178 4679 5225
f 5225 4679 5226
f 5227 5228 4892
f 4892 5228 4893
f 5229 5230 4171
f 4171 5230 4172
f 4855 4268 4884
f 4884 4268 4885
f 4884 4871 4855
f 4855 4871 4856
f 4684 5231 4896
f 4896 5231 4897
f 4768 4767 5009
f 5009 4767 5008
f 5205 5154 5102
f 5102 5154 5103
f 5099 5098 5194
f 5194 5098 5193
f 5198 5199 5079
f 5079 5199 5033
f 5102 5142 5205
f 5205 5142 5204
f 5224 4427 4681
f 4681 4427 4678
f 3712 3711 5232
f 5232 3711 5233
f 3968 3988 3963
f 3963 3988 3964
f 3976 4044 3972
f 3972 4044 3985
f 4038 4037 4036
f 4036 4037 4033
f 4794 4762 3731
f 3731 4762 3944
f 3731 3944 3722
f 3722 3944 3810
f 3874 5234 5232
f 5232 5234 3712
f 3906 3905 3867
f 3867 3905 4011
f 3904 4023 3905
f 3905 4023 4011
f 3719 3722 3811
f 3811 3722 3810
f 3812 3719 3687
f 3687 3719 3811
f 3716 3812 3686
f 3686 3812 3687
f 3713 3716 3685
f 3685 3716 3686
f 4810 4403 5235
f 5235 4403 4813
f 4345 1770 4814
f 4814 1770 1769
f 4067 4066 4058
f 4058 4066 5236
f 4043 4068 4049
f 4049 4068 4050
f 4034 5237 3989
f 3989 5237 3990
f 4031 4030 4072
f 4072 4030 4005
f 4003 4004 4002
f 4002 4004 4032
f 4004 4005 4032
f 4032 4005 4030
f 4067 4064 4068
f 4068 4064 4050
f 4058 4057 4067
f 4067 4057 4064
f 4035 4034 5238
f 5238 4034 3989
f 5236 5239 4058
f 4058 5239 5240
f 5234 3874 5241
f 5241 3874 3873
f 5241 3873 3881
f 3881 3873 3878
f 4800 4763 4788
f 4788 4763 4310
f 4763 4762 4310
f 4310 4762 4309
f 4762 4794 4309
f 4309 4794 4306
f 4794 4793 4306
f 4306 4793 4292
f 4293 4313 4302
f 4302 4313 4314
f 4302 4314 4303
f 4303 4314 4315
f 4303 4315 4703
f 4703 4315 4316
f 4035 4069 4043
f 4043 4069 4068
f 4324 1540 4357
f 4357 1540 1477
f 5232 3987 3874
f 3874 3987 3871
f 3987 5232 4013
f 4013 5232 5233
f 4013 5233 4014
f 4014 5233 5242
f 3888 4015 3865
f 3865 4015 4007
f 3866 4008 5243
f 5243 4008 4016
f 3873 5244 3878
f 3878 5244 3875
f 3965 5244 3872
f 3872 5244 3873
f 3876 3875 3965
f 3965 3875 5244
f 5243 4016 5242
f 5242 4016 4014
f 5246 5247 5245
f 5245 5247 5248
f 3576 3950 3577
f 3577 3950 3926
f 3584 3842 3585
f 3585 3842 3580
f 5249 5247 1784
f 1784 5247 1785
f 5250 5251 5253
f 5253 5251 5252
f 5255 5252 5254
f 5254 5252 5256
f 5254 5256 5258
f 5258 5256 5257
f 5258 5257 5260
f 5260 5257 5259
f 4356 5261 4424
f 4424 5261 5259
f 4355 5262 4356
f 4356 5262 5261
f 4924 5264 5263
f 5263 5264 5265
f 4693 5266 4691
f 4691 5266 5267
f 4351 5268 4352
f 4352 5268 5269
f 1808 1807 4351
f 4351 1807 5268
f 3580 3842 3581
f 3799 3802 3838
f 4800 4788 4801
f 4801 4788 4789
f 3729 3935 4801
f 4801 3935 4800
f 3728 3666 3729
f 3729 3666 3935
f 3728 3798 3666
f 3666 3798 3663
f 3798 3818 3663
f 3663 3818 3809
f 3818 3817 3809
f 3809 3817 3808
f 3796 3655 3817
f 3817 3655 3808
f 3615 3568 3796
f 3796 3568 3655
f 3573 3569 3615
f 3615 3569 3568
f 3572 3613 3573
f 3573 3613 3569
f 3792 3606 3572
f 3572 3606 3613
f 3607 3791 3949
f 3949 3791 3591
f 3590 3950 3591
f 3591 3950 3949
f 3805 3926 3590
f 3590 3926 3950
f 3804 3559 3805
f 3805 3559 3926
f 3804 3914 3559
f 3559 3914 3560
f 3924 3789 3913
f 3913 3789 3788
f 3924 3928 3789
f 3789 3928 3826
f 3928 3927 3826
f 3826 3927 3827
f 3927 3834 3827
f 3827 3834 3835
f 4079 4078 5270
f 5270 4078 5007
f 5271 5272 4233
f 4233 5272 5273
f 5275 5276 5274
f 5274 5276 5277
f 5278 5279 4236
f 4236 5279 4237
f 5278 5280 5271
f 5271 5280 5272
f 4235 5281 4236
f 4236 5281 5282
f 5284 5285 5283
f 5283 5285 5286
f 5288 5289 5287
f 5287 5289 5290
f 5292 5293 5291
f 5291 5293 5294
f 5287 5290 4726
f 4726 5290 5295
f 4293 4292 4313
f 4313 4292 4793
f 4720 4736 4719
f 4719 4736 5296
f 5297 4909 5298
f 5298 4909 4908
f 5299 5300 4976
f 4976 5300 5301
f 5302 4202 5303
f 5303 4202 4201
f 5304 5305 4983
f 4983 5305 5306
f 5308 5309 5307
f 5307 5309 5310
f 4722 4725 5283
f 5283 4725 5311
f 5291 5294 4125
f 4125 5294 4126
f 5313 5314 5312
f 5312 5314 5315
f 5316 5317 5319
f 5319 5317 5318
f 5321 5308 5320
f 5320 5308 5307
f 4819 4981 4873
f 4873 4981 5322
f 4981 4123 5322
f 5322 4123 4126
f 5324 5325 5323
f 5323 5325 5326
f 4764 5327 4975
f 4975 5327 5328
f 4172 5327 4169
f 4169 5327 5329
f 4768 4171 4769
f 4769 4171 4170
f 4243 4755 4244
f 4244 4755 5330
f 4755 4205 5330
f 5330 4205 4208
f 4206 4906 4207
f 4207 4906 4905
f 4686 5014 5009
f 5009 5014 5229
f 4756 4770 4170
f 4170 4770 4769
f 4170 4169 4756
f 4756 4169 4757
f 4273 5329 4764
f 4764 5329 5327
f 4276 5331 4273
f 4273 5331 5329
f 4770 4756 4243
f 4243 4756 4755
f 5333 4889 5332
f 5332 4889 5010
f 4877 5332 4878
f 4878 5332 4259
f 4875 4164 4876
f 4876 4164 4163
f 5334 5335 5324
f 5324 5335 5325
f 4983 5306 4123
f 4123 5306 4124
f 4818 4982 4819
f 4819 4982 4981
f 5332 5010 4259
f 4259 5010 4260
f 5014 4686 4875
f 4875 4686 4164
f 4171 4768 5229
f 5229 4768 5009
f 5337 4916 5336
f 5336 4916 4919
f 5293 5337 5294
f 5294 5337 5336
f 4982 4818 5333
f 5333 4818 4889
f 5338 5339 4262
f 4262 5339 5340
f 5307 5310 5338
f 5338 5310 5339
f 5341 5342 4204
f 4204 5342 5309
f 5336 4919 5322
f 5322 4919 4873
f 5294 5336 4126
f 4126 5336 5322
f 5323 5326 5343
f 5343 5326 5286
f 4914 5344 4915
f 4915 5344 5345
f 5312 5315 5344
f 5344 5315 5345
f 5347 5348 5346
f 5346 5348 5349
f 5350 5351 4832
f 4832 5351 4833
f 5352 5353 5349
f 5349 5353 5346
f 5354 5338 4265
f 4265 5338 4262
f 5320 5307 5354
f 5354 5307 5338
f 4201 5308 5303
f 5303 5308 5321
f 5356 5357 5355
f 5355 5357 4799
f 5358 5359 5334
f 5334 5359 5335
f 5358 5360 4093
f 4093 5360 4163
f 5360 5305 4163
f 4163 5305 4876
f 5305 5304 4876
f 4876 5304 4877
f 5270 4778 4079
f 4079 4778 4081
f 4779 5361 4774
f 4774 5361 5357
f 5356 5359 4775
f 4775 5359 4092
f 5333 5304 4982
f 4982 5304 4983
f 5332 4877 5333
f 5333 4877 5304
f 5015 4258 5230
f 5230 4258 5328
f 5327 4172 5328
f 5328 4172 5230
f 4169 5329 4757
f 4757 5329 5331
f 4757 5331 4205
f 4205 5331 4206
f 5331 4276 4206
f 4206 4276 4906
f 4276 4275 4906
f 4906 4275 4907
f 4275 4888 4907
f 4907 4888 4744
f 4887 4717 4745
f 4745 4717 4864
f 4716 5139 4861
f 4861 5139 5190
f 5139 5138 5190
f 5190 5138 5187
f 5138 5216 5187
f 5187 5216 5176
f 5215 5362 5173
f 5173 5362 5130
f 5364 5365 5363
f 5363 5365 5340
f 4742 4863 5366
f 5366 4863 4867
f 4862 5189 4868
f 4868 5189 5184
f 5189 5188 5184
f 5184 5188 5185
f 5188 5175 5185
f 5185 5175 5168
f 3560 3788 3561
f 3561 3788 3790
f 3596 3595 3608
f 3608 3595 3594
f 3598 3582 3595
f 3595 3582 3592
f 3600 3609 3601
f 3601 3609 3611
f 3602 3601 3612
f 3612 3601 3611
f 3606 3605 3613
f 3613 3605 3614
f 3793 5367 3794
f 3794 5367 5368
f 3598 3597 3600
f 3600 3597 3609
f 3793 3792 3575
f 3575 3792 3572
f 3561 3594 3558
f 3558 3594 3593
f 3807 3915 3804
f 3804 3915 3914
f 3916 3915 5370
f 5370 3915 5369
f 3602 3605 3603
f 3603 3605 3604
f 3606 3792 3607
f 3607 3792 3791
f 3914 3913 3560
f 3560 3913 3788
f 5174 5129 5166
f 5166 5129 5371
f 5170 5169 5093
f 5093 5169 5113
f 5166 5371 5090
f 5090 5371 5091
f 5128 5169 5372
f 5372 5169 5172
f 5127 5113 5128
f 5128 5113 5169
f 5114 5206 5203
f 5203 5206 5362
f 5200 5373 5073
f 5073 5373 5096
f 5374 5375 5200
f 5200 5375 5373
f 5039 5047 5374
f 5374 5047 5375
f 5087 5046 5085
f 5085 5046 5376
f 5212 5377 5067
f 5067 5377 5376
f 5042 5045 5212
f 5212 5045 5377
f 5064 5378 5043
f 5043 5378 5044
f 5063 5077 5064
f 5064 5077 5378
f 5079 5082 5198
f 5198 5082 5078
f 5099 5081 5100
f 5100 5081 5379
f 5100 5379 5094
f 5094 5379 5095
f 5381 5382 5380
f 5380 5382 5383
f 5385 5386 5384
f 5384 5386 5383
f 5385 5387 5386
f 5386 5387 5388
f 5390 5391 5389
f 5389 5391 5392
f 5393 5394 5396
f 5396 5394 5395
f 5398 5399 5397
f 5397 5399 5400
f 5402 5403 5401
f 5401 5403 5404
f 5406 5407 5405
f 5405 5407 5404
f 5408 5409 5163
f 5163 5409 5410
f 5411 5412 5414
f 5414 5412 5413
f 5057 5416 5415
f 5415 5416 5417
f 5393 5416 5418
f 5418 5416 5419
f 5396 5395 5420
f 5420 5395 5421
f 5423 5424 5422
f 5422 5424 5425
f 5415 5417 5220
f 5220 5417 5426
f 5418 5391 5393
f 5393 5391 5394
f 5414 5388 5411
f 5411 5388 5392
f 5059 5427 5060
f 5060 5427 5428
f 5423 5427 5429
f 5429 5427 5430
f 5432 5382 5431
f 5431 5382 5425
f 5429 5407 5423
f 5423 5407 5424
f 5380 5409 5381
f 5381 5409 5433
f 5381 5433 5422
f 5422 5433 5428
f 5027 5412 5056
f 5056 5412 5419
f 5435 5436 5434
f 5434 5436 5437
f 5159 5439 5438
f 5438 5439 5440
f 5053 5436 5159
f 5159 5436 5439
f 5441 5403 5398
f 5398 5403 5399
f 5163 5410 5026
f 5026 5410 5413
f 5438 5440 5442
f 5442 5440 5430
f 5444 5445 5443
f 5443 5445 5446
f 5447 5448 5450
f 5450 5448 5449
f 5451 5446 5452
f 5452 5446 5445
f 5454 5455 5453
f 5453 5455 5451
f 5456 5454 5458
f 5458 5454 5457
f 5460 5461 5459
f 5459 5461 5462
f 5464 5465 5463
f 5463 5465 5466
f 5468 5469 5467
f 5467 5469 5470
f 5472 5473 5471
f 5471 5473 5474
f 5475 5476 5478
f 5478 5476 5477
f 5479 5480 5482
f 5482 5480 5481
f 5483 5484 5448
f 5448 5484 5485
f 5448 5485 5449
f 5449 5485 5486
f 5487 5476 5488
f 5488 5476 5475
f 5490 5491 5489
f 5489 5491 5492
f 5494 5495 5493
f 5493 5495 5496
f 5498 5494 5497
f 5497 5494 5493
f 5500 5501 5499
f 5499 5501 5502
f 5503 5504 5446
f 5446 5504 5443
f 5506 5507 5505
f 5505 5507 5508
f 5510 5511 5509
f 5509 5511 5512
f 5514 5515 5513
f 5513 5515 5516
f 5518 5519 5517
f 5517 5519 5520
f 5495 5521 5496
f 5496 5521 5522
f 5524 5525 5523
f 5523 5525 5526
f 5527 5528 5494
f 5494 5528 5495
f 5499 5502 5529
f 5529 5502 5530
f 5531 5532 5485
f 5485 5532 5486
f 5485 5484 5531
f 5531 5484 5533
f 5482 5481 5534
f 5534 5481 5535
f 5536 5512 5506
f 5506 5512 5511
f 5455 5503 5451
f 5451 5503 5446
f 5467 5470 5511
f 5511 5470 5537
f 5538 5467 5510
f 5510 5467 5511
f 5540 5541 5539
f 5539 5541 5542
f 5543 5544 5546
f 5546 5544 5545
f 5548 5472 5547
f 5547 5472 5471
f 5493 5496 5549
f 5549 5496 5550
f 5496 5522 5550
f 5550 5522 5551
f 5553 5554 5552
f 5552 5554 5555
f 5557 5447 5556
f 5556 5447 5558
f 5557 5483 5447
f 5447 5483 5448
f 5478 5477 5553
f 5553 5477 5559
f 5477 5560 5559
f 5559 5560 5561
f 5476 5562 5477
f 5477 5562 5560
f 5476 5487 5562
f 5562 5487 5563
f 5560 5564 5561
f 5561 5564 5565
f 5564 5560 5566
f 5566 5560 5562
f 5563 5567 5562
f 5562 5567 5566
f 5569 5521 5568
f 5568 5521 5570
f 5481 5572 5571
f 5571 5572 5573
f 5574 5535 5571
f 5571 5535 5481
f 5576 5577 5575
f 5575 5577 5578
f 5579 5580 5456
f 5456 5580 5581
f 5475 5582 5488
f 5488 5582 5583
f 5584 5536 5505
f 5505 5536 5506
f 5585 5586 5588
f 5588 5586 5587
f 5590 5591 5589
f 5589 5591 5592
f 5519 5593 5520
f 5520 5593 5594
f 5595 5596 5462
f 5462 5596 5597
f 5599 5600 5598
f 5598 5600 5514
f 5602 5603 5601
f 5601 5603 5604
f 5524 5543 5525
f 5525 5543 5546
f 5543 5524 5606
f 5606 5524 5605
f 5607 5608 5500
f 5500 5608 5501
f 5610 5551 5609
f 5609 5551 5522
f 5611 5510 5598
f 5598 5510 5509
f 5612 5597 5457
f 5457 5597 5458
f 5510 5611 5538
f 5538 5611 5613
f 5580 5508 5581
f 5581 5508 5507
f 5615 5616 5614
f 5614 5616 5617
f 5619 5620 5618
f 5618 5620 5621
f 5623 5624 5622
f 5622 5624 5625
f 5627 5624 5626
f 5626 5624 5623
f 5629 5630 5628
f 5628 5630 5631
f 5633 5634 5632
f 5632 5634 5466
f 5635 5636 5463
f 5463 5636 5637
f 5523 5638 5524
f 5524 5638 5605
f 5639 5640 5641
f 5641 5640 5595
f 5611 5513 5613
f 5613 5513 5642
f 5643 5586 5608
f 5608 5586 5501
f 5622 5625 5590
f 5590 5625 5591
f 5598 5514 5611
f 5611 5514 5513
f 5645 5646 5644
f 5644 5646 5647
f 5620 5619 5491
f 5491 5619 5648
f 5649 5643 5492
f 5492 5643 5608
f 5650 5651 5653
f 5653 5651 5652
f 5463 5466 5635
f 5635 5466 5634
f 5597 5612 5462
f 5462 5612 5459
f 5635 5634 5523
f 5523 5634 5638
f 5654 5638 5633
f 5633 5638 5634
f 5655 5656 5525
f 5525 5656 5526
f 5658 5659 5657
f 5657 5659 5527
f 5660 5464 5637
f 5637 5464 5463
f 5632 5466 5661
f 5661 5466 5465
f 5661 5662 5632
f 5632 5662 5658
f 5662 5663 5658
f 5658 5663 5659
f 5665 5659 5664
f 5664 5659 5663
f 5632 5658 5633
f 5633 5658 5657
f 5666 5629 5530
f 5530 5629 5667
f 5528 5527 5665
f 5665 5527 5659
f 5668 5669 5570
f 5570 5669 5568
f 5669 5668 5670
f 5670 5668 5671
f 5646 5672 5673
f 5672 5674 5673
f 5673 5674 5675
f 5674 5460 5675
f 5675 5460 5459
f 5461 5676 5462
f 5462 5676 5595
f 5677 5678 5680
f 5680 5678 5679
f 5628 5681 5629
f 5629 5681 5667
f 5682 5529 5667
f 5667 5529 5530
f 5675 5459 5683
f 5683 5459 5612
f 5585 5666 5502
f 5502 5666 5530
f 5589 5684 5602
f 5602 5684 5603
f 5646 5645 5663
f 5663 5645 5664
f 5685 5647 5673
f 5673 5647 5646
f 5686 5687 5683
f 5683 5687 5685
f 5688 5689 5533
f 5533 5689 5531
f 5690 5691 5535
f 5535 5691 5534
f 5692 5690 5574
f 5574 5690 5535
f 5685 5687 5689
f 5689 5687 5693
f 5489 5694 5490
f 5490 5694 5695
f 5690 5692 5696
f 5696 5692 5697
f 5696 5644 5690
f 5690 5644 5691
f 5447 5450 5558
f 5558 5450 5698
f 5699 5700 5642
f 5642 5700 5613
f 5701 5702 5540
f 5540 5702 5541
f 5431 5703 5432
f 5432 5703 5697
f 5385 5384 5574
f 5574 5384 5692
f 5389 5387 5573
f 5573 5387 5571
f 5565 5390 5573
f 5573 5390 5389
f 5390 5565 5704
f 5704 5565 5564
f 5566 5705 5564
f 5564 5705 5704
f 5569 5441 5609
f 5609 5441 5398
f 5568 5405 5569
f 5569 5405 5441
f 5670 5706 5669
f 5669 5706 5406
f 5703 5431 5670
f 5670 5431 5706
f 5432 5697 5384
f 5384 5697 5692
f 5574 5571 5385
f 5385 5571 5387
f 5607 5707 5489
f 5489 5707 5694
f 5518 5708 5519
f 5519 5708 5709
f 5711 5576 5710
f 5710 5576 5575
f 5713 5714 5712
f 5712 5714 5715
f 5553 5552 5478
f 5478 5552 5716
f 5717 5475 5716
f 5716 5475 5478
f 5718 5719 5605
f 5605 5719 5606
f 5505 5622 5584
f 5584 5622 5590
f 5508 5623 5505
f 5505 5623 5622
f 5626 5623 5580
f 5580 5623 5508
f 5580 5579 5626
f 5626 5579 5720
f 5579 5721 5720
f 5720 5721 5722
f 5666 5585 5723
f 5723 5585 5588
f 5724 5725 5639
f 5639 5725 5640
f 5554 5726 5555
f 5555 5726 5727
f 5453 5728 5729
f 5689 5688 5685
f 5685 5688 5647
f 5604 5730 5512
f 5512 5730 5509
f 5628 5631 5618
f 5618 5631 5592
f 5601 5604 5536
f 5536 5604 5512
f 5732 5676 5731
f 5731 5676 5660
f 5730 5604 5733
f 5733 5604 5603
f 5563 5487 5551
f 5551 5487 5550
f 5489 5492 5607
f 5607 5492 5608
f 5573 5572 5565
f 5565 5572 5561
f 5609 5522 5569
f 5569 5522 5521
f 5499 5734 5500
f 5500 5734 5735
f 5596 5736 5721
f 5721 5736 5722
f 5737 5600 5594
f 5594 5600 5520
f 5599 5730 5517
f 5517 5730 5733
f 5660 5738 5731
f 5731 5738 5739
f 5648 5649 5491
f 5491 5649 5492
f 5501 5586 5502
f 5502 5586 5585
f 5525 5546 5655
f 5655 5546 5740
f 5600 5599 5520
f 5520 5599 5517
f 5708 5739 5709
f 5709 5739 5738
f 5636 5635 5526
f 5526 5635 5523
f 5670 5671 5703
f 5703 5671 5741
f 5490 5695 5742
f 5742 5695 5743
f 5682 5678 5744
f 5744 5678 5677
f 5678 5681 5679
f 5679 5681 5621
f 5742 5743 5679
f 5679 5743 5680
f 5618 5621 5628
f 5628 5621 5681
f 5725 5724 5589
f 5589 5724 5684
f 5456 5458 5579
f 5579 5458 5721
f 5675 5683 5673
f 5673 5683 5685
f 5529 5682 5745
f 5745 5682 5744
f 5721 5458 5596
f 5596 5458 5597
f 5701 5540 5719
f 5719 5540 5606
f 5703 5741 5697
f 5697 5741 5696
f 5500 5735 5607
f 5607 5735 5707
f 5549 5746 5493
f 5493 5746 5497
f 5700 5747 5613
f 5613 5747 5538
f 5420 5421 5434
f 5434 5421 5400
f 5689 5693 5531
f 5531 5693 5532
f 5705 5566 5748
f 5748 5566 5567
f 5609 5398 5610
f 5610 5398 5397
f 5669 5406 5568
f 5568 5406 5405
f 5488 5583 5549
f 5549 5583 5746
f 5714 5713 5710
f 5710 5713 5711
f 5747 5468 5538
f 5538 5468 5467
f 5548 5547 5749
f 5749 5547 5750
f 5733 5603 5751
f 5751 5603 5684
f 5589 5602 5590
f 5590 5602 5584
f 5636 5752 5614
f 5614 5752 5615
f 5753 5754 5738
f 5738 5754 5755
f 5602 5601 5584
f 5584 5601 5536
f 5723 5736 5630
f 5630 5736 5640
f 5595 5640 5596
f 5596 5640 5736
f 5734 5499 5745
f 5745 5499 5529
f 5627 5587 5643
f 5643 5587 5586
f 5553 5559 5554
f 5554 5559 5480
f 5559 5561 5480
f 5480 5561 5572
f 5554 5480 5726
f 5726 5480 5479
f 5749 5750 5715
f 5715 5750 5712
f 5683 5612 5686
f 5686 5612 5457
f 5678 5682 5681
f 5681 5682 5667
f 5598 5509 5599
f 5599 5509 5730
f 5679 5621 5742
f 5742 5621 5620
f 5652 5616 5653
f 5653 5616 5615
f 5220 5426 5052
f 5052 5426 5437
f 5487 5488 5550
f 5550 5488 5549
f 5742 5620 5490
f 5490 5620 5491
f 5551 5610 5563
f 5563 5610 5567
f 5610 5397 5567
f 5567 5397 5748
f 5614 5617 5753
f 5753 5617 5754
f 5480 5572 5481
f 5755 5756 5738
f 5738 5756 5709
f 5745 5744 5758
f 5758 5744 5757
f 5745 5758 5734
f 5734 5758 5759
f 5735 5734 5760
f 5760 5734 5759
f 5707 5735 5761
f 5761 5735 5760
f 5744 5677 5757
f 5757 5677 5762
f 5677 5680 5762
f 5762 5680 5763
f 5763 5680 5764
f 5764 5680 5743
f 5765 5766 5762
f 5762 5766 5757
f 5768 5769 5767
f 5767 5769 5770
f 5771 5772 5770
f 5770 5772 5767
f 5770 5769 5774
f 5774 5769 5773
f 5775 5776 5774
f 5774 5776 5777
f 5773 5778 5774
f 5774 5778 5775
f 5779 5766 5773
f 5773 5766 5778
f 5777 5771 5774
f 5774 5771 5770
f 5780 5781 5783
f 5783 5781 5782
f 5781 5780 5771
f 5771 5780 5772
f 5773 5769 5779
f 5779 5769 5768
f 5768 5759 5779
f 5779 5759 5758
f 5768 5784 5759
f 5759 5784 5760
f 5767 5785 5768
f 5768 5785 5784
f 5785 5767 5786
f 5786 5767 5772
f 5766 5779 5757
f 5757 5779 5758
f 5780 5787 5772
f 5772 5787 5786
f 5785 5786 5788
f 5788 5786 5789
f 5786 5787 5789
f 5789 5787 5790
f 5788 5789 5791
f 5791 5789 5792
f 5791 5793 5788
f 5788 5793 5794
f 5795 5792 5790
f 5790 5792 5789
f 5785 5788 5784
f 5784 5788 5794
f 5784 5794 5760
f 5760 5794 5761
f 5787 5780 5796
f 5796 5780 5783
f 5775 5778 5797
f 5797 5778 5766
f 5797 5798 5775
f 5775 5798 5776
f 5766 5765 5797
f 5797 5765 5799
f 5798 5797 5800
f 5800 5797 5799
f 5798 5801 5776
f 5776 5801 5802
f 5707 5761 5694
f 5694 5761 5803
f 5695 5804 5743
f 5743 5804 5764
f 5804 5695 5803
f 5803 5695 5694
f 5803 5793 5804
f 5804 5793 5805
f 5793 5791 5805
f 5805 5791 5806
f 5804 5805 5764
f 5764 5805 5807
f 5803 5761 5793
f 5793 5761 5794
f 5808 5763 5807
f 5807 5763 5764
f 5808 5765 5763
f 5763 5765 5762
f 5809 5799 5808
f 5808 5799 5765
f 5809 5808 5810
f 5810 5808 5807
f 5811 5809 5812
f 5812 5809 5810
f 5805 5806 5807
f 5807 5806 5810
f 5806 5813 5810
f 5810 5813 5812
f 5799 5809 5800
f 5800 5809 5811
f 5815 5800 5814
f 5814 5800 5811
f 5814 5817 5816
f 5816 5817 5818
f 5814 5811 5817
f 5817 5811 5812
f 5814 5816 5815
f 5815 5816 5796
f 5815 5796 5801
f 5801 5796 5783
f 5801 5798 5815
f 5815 5798 5800
f 5791 5792 5806
f 5806 5792 5813
f 5818 5813 5795
f 5795 5813 5792
f 5818 5817 5813
f 5813 5817 5812
f 5816 5818 5790
f 5790 5818 5795
f 5790 5787 5816
f 5816 5787 5796
f 5771 5777 5781
f 5781 5777 5782
f 5782 5802 5783
f 5783 5802 5801
f 5782 5777 5802
f 5802 5777 5776
f 5588 5587 5722
f 5722 5587 5720
f 5591 5619 5592
f 5592 5619 5618
f 5625 5624 5648
f 5648 5624 5649
f 5624 5627 5649
f 5649 5627 5643
f 5631 5630 5725
f 5725 5630 5640
f 5625 5648 5591
f 5591 5648 5619
f 5588 5722 5723
f 5723 5722 5736
f 5631 5725 5592
f 5592 5725 5589
f 5723 5630 5666
f 5666 5630 5629
f 5587 5627 5720
f 5720 5627 5626
f 5820 5821 5819
f 5819 5821 5822
f 5824 5825 5823
f 5823 5825 5826
f 5823 5826 5827
f 5827 5826 5828
f 5829 5830 5832
f 5832 5830 5831
f 5518 5833 5708
f 5708 5833 5834
f 5835 5836 5824
f 5824 5836 5825
f 5838 5839 5837
f 5837 5839 5840
f 5751 5684 5842
f 5842 5684 5841
f 5843 5841 5724
f 5724 5841 5684
f 5845 5846 5844
f 5844 5846 5847
f 5848 5830 5836
f 5836 5830 5825
f 5518 5751 5833
f 5833 5751 5842
f 5839 5838 5821
f 5821 5838 5849
f 5850 5848 5822
f 5822 5848 5836
f 5851 5845 5828
f 5828 5845 5852
f 5854 5855 5853
f 5853 5855 5856
f 5845 5844 5852
f 5852 5844 5857
f 5858 5827 5852
f 5852 5827 5828
f 5851 5828 5829
f 5829 5828 5826
f 5819 5859 5820
f 5820 5859 5860
f 5835 5861 5819
f 5819 5861 5859
f 5851 5829 5862
f 5862 5829 5832
f 5844 5847 5837
f 5837 5847 5834
f 5819 5822 5835
f 5835 5822 5836
f 5823 5863 5824
f 5824 5863 5864
f 5849 5850 5821
f 5821 5850 5822
f 5825 5830 5826
f 5826 5830 5829
f 5820 5860 5865
f 5865 5860 5866
f 5858 5854 5867
f 5867 5854 5853
f 5854 5857 5855
f 5855 5857 5840
f 5855 5865 5856
f 5856 5865 5866
f 5837 5840 5844
f 5844 5840 5857
f 5827 5858 5868
f 5868 5858 5867
f 5824 5864 5835
f 5835 5864 5861
f 5732 5731 5862
f 5862 5731 5846
f 5863 5823 5868
f 5868 5823 5827
f 5843 5831 5848
f 5848 5831 5830
f 5854 5858 5857
f 5857 5858 5852
f 5855 5840 5865
f 5865 5840 5839
f 5865 5839 5820
f 5820 5839 5821
f 5868 5867 5870
f 5870 5867 5869
f 5868 5870 5863
f 5863 5870 5871
f 5863 5871 5864
f 5864 5871 5872
f 5864 5872 5861
f 5861 5872 5873
f 5867 5853 5869
f 5869 5853 5874
f 5853 5856 5874
f 5874 5856 5875
f 5856 5866 5875
f 5875 5866 5876
f 5877 5878 5874
f 5874 5878 5869
f 5880 5881 5879
f 5879 5881 5882
f 5883 5884 5880
f 5880 5884 5881
f 5881 5884 5886
f 5886 5884 5885
f 5887 5888 5886
f 5886 5888 5889
f 5885 5890 5886
f 5886 5890 5887
f 5889 5882 5886
f 5886 5882 5881
f 5882 5891 5879
f 5879 5891 5892
f 5885 5884 5893
f 5893 5884 5883
f 5883 5871 5893
f 5893 5871 5870
f 5883 5894 5871
f 5871 5894 5872
f 5880 5895 5883
f 5883 5895 5894
f 5896 5895 5879
f 5879 5895 5880
f 5893 5878 5885
f 5885 5878 5890
f 5878 5893 5869
f 5869 5893 5870
f 5897 5896 5892
f 5892 5896 5879
f 5895 5896 5898
f 5898 5896 5899
f 5896 5897 5899
f 5899 5897 5900
f 5898 5899 5901
f 5901 5899 5902
f 5901 5903 5898
f 5898 5903 5904
f 5900 5905 5899
f 5899 5905 5902
f 5898 5904 5895
f 5895 5904 5894
f 5894 5904 5872
f 5872 5904 5873
f 5897 5892 5907
f 5907 5892 5906
f 5892 5891 5906
f 5906 5891 5908
f 5887 5890 5909
f 5909 5890 5878
f 5888 5887 5910
f 5910 5887 5909
f 5878 5877 5909
f 5909 5877 5911
f 5909 5911 5910
f 5910 5911 5912
f 5913 5914 5910
f 5910 5914 5888
f 5908 5914 5906
f 5906 5914 5913
f 5861 5873 5859
f 5859 5873 5915
f 5860 5916 5866
f 5866 5916 5876
f 5916 5860 5915
f 5915 5860 5859
f 5915 5903 5916
f 5916 5903 5917
f 5903 5901 5917
f 5917 5901 5918
f 5916 5917 5876
f 5876 5917 5919
f 5903 5915 5904
f 5904 5915 5873
f 5920 5875 5919
f 5919 5875 5876
f 5920 5877 5875
f 5875 5877 5874
f 5920 5921 5877
f 5877 5921 5911
f 5921 5920 5922
f 5922 5920 5919
f 5923 5921 5924
f 5924 5921 5922
f 5917 5918 5919
f 5919 5918 5922
f 5918 5925 5922
f 5922 5925 5924
f 5921 5923 5911
f 5911 5923 5912
f 5927 5912 5926
f 5926 5912 5923
f 5926 5929 5928
f 5928 5929 5930
f 5926 5923 5929
f 5929 5923 5924
f 5926 5928 5927
f 5927 5928 5907
f 5927 5907 5913
f 5913 5907 5906
f 5913 5910 5927
f 5927 5910 5912
f 5901 5902 5918
f 5918 5902 5925
f 5930 5925 5905
f 5905 5925 5902
f 5930 5929 5925
f 5925 5929 5924
f 5928 5930 5900
f 5900 5930 5905
f 5900 5897 5928
f 5928 5897 5907
f 5882 5889 5891
f 5891 5889 5908
f 5908 5889 5914
f 5914 5889 5888
f 5832 5831 5641
f 5641 5831 5639
f 5833 5838 5834
f 5834 5838 5837
f 5842 5841 5849
f 5849 5841 5850
f 5841 5843 5850
f 5850 5843 5848
f 5847 5846 5739
f 5739 5846 5731
f 5842 5849 5833
f 5833 5849 5838
f 5862 5832 5732
f 5732 5832 5641
f 5847 5739 5834
f 5834 5739 5708
f 5862 5846 5851
f 5851 5846 5845
f 5831 5843 5639
f 5639 5843 5724
f 5676 5732 5595
f 5595 5732 5641
f 5676 5461 5660
f 5660 5461 5464
f 5461 5460 5464
f 5464 5460 5465
f 5460 5674 5465
f 5465 5674 5661
f 5931 5932 5934
f 5934 5932 5933
f 5936 5937 5935
f 5935 5937 5938
f 5935 5938 5939
f 5939 5938 5940
f 5942 5943 5941
f 5941 5943 5944
f 5945 5946 5936
f 5936 5946 5937
f 5948 5949 5947
f 5947 5949 5950
f 5951 5952 5519
f 5519 5952 5593
f 5953 5951 5709
f 5709 5951 5519
f 5955 5956 5954
f 5954 5956 5957
f 5958 5942 5946
f 5946 5942 5937
f 5948 5959 5949
f 5949 5959 5933
f 5960 5958 5934
f 5934 5958 5946
f 5961 5955 5940
f 5940 5955 5962
f 5963 5964 5966
f 5966 5964 5965
f 5955 5954 5962
f 5962 5954 5967
f 5968 5939 5962
f 5962 5939 5940
f 5961 5940 5941
f 5941 5940 5938
f 5931 5969 5932
f 5932 5969 5970
f 5945 5971 5931
f 5931 5971 5969
f 5941 5944 5961
f 5961 5944 5972
f 5954 5957 5947
f 5947 5957 5973
f 5945 5931 5946
f 5946 5931 5934
f 5935 5974 5936
f 5936 5974 5975
f 5959 5960 5933
f 5933 5960 5934
f 5937 5942 5938
f 5938 5942 5941
f 5932 5970 5976
f 5976 5970 5977
f 5968 5964 5978
f 5978 5964 5963
f 5965 5964 5950
f 5950 5964 5967
f 5976 5977 5965
f 5965 5977 5966
f 5947 5950 5954
f 5954 5950 5967
f 5939 5968 5979
f 5979 5968 5978
f 5936 5975 5945
f 5945 5975 5971
f 5972 5754 5956
f 5956 5754 5617
f 5974 5935 5979
f 5979 5935 5939
f 5953 5943 5958
f 5958 5943 5942
f 5964 5968 5967
f 5967 5968 5962
f 5965 5950 5976
f 5976 5950 5949
f 5976 5949 5932
f 5932 5949 5933
f 5979 5978 5981
f 5981 5978 5980
f 5979 5981 5974
f 5974 5981 5982
f 5974 5982 5975
f 5975 5982 5983
f 5975 5983 5971
f 5971 5983 5984
f 5978 5963 5980
f 5980 5963 5985
f 5963 5966 5985
f 5985 5966 5986
f 5986 5966 5987
f 5987 5966 5977
f 5988 5989 5985
f 5985 5989 5980
f 5991 5992 5990
f 5990 5992 5993
f 5994 5995 5991
f 5991 5995 5992
f 5992 5995 5997
f 5997 5995 5996
f 5998 5999 5997
f 5997 5999 6000
f 5996 6001 5997
f 5997 6001 5998
f 6000 5993 5997
f 5997 5993 5992
f 6002 6003 5993
f 5993 6003 5990
f 5995 5994 5996
f 5996 5994 6004
f 5994 5982 6004
f 6004 5982 5981
f 5994 6005 5982
f 5982 6005 5983
f 5991 6006 5994
f 5994 6006 6005
f 6006 5991 6007
f 6007 5991 5990
f 5996 6004 6001
f 6001 6004 5989
f 5989 6004 5980
f 5980 6004 5981
f 6003 6008 5990
f 5990 6008 6007
f 6009 6006 6010
f 6010 6006 6007
f 6008 6011 6007
f 6007 6011 6010
f 6012 6009 6013
f 6013 6009 6010
f 6009 6012 6015
f 6015 6012 6014
f 6011 6016 6010
f 6010 6016 6013
f 6006 6009 6005
f 6005 6009 6015
f 6005 6015 5983
f 5983 6015 5984
f 6008 6003 6018
f 6018 6003 6017
f 6003 6002 6017
f 6017 6002 6019
f 5998 6001 6020
f 6020 6001 5989
f 5999 5998 6021
f 6021 5998 6020
f 5989 5988 6020
f 6020 5988 6022
f 6021 6020 6023
f 6023 6020 6022
f 6021 6024 5999
f 5999 6024 6025
f 6019 6025 6017
f 6017 6025 6024
f 5971 5984 5969
f 5969 5984 6026
f 5970 6027 5977
f 5977 6027 5987
f 6027 5970 6026
f 6026 5970 5969
f 6026 6014 6027
f 6027 6014 6028
f 6014 6012 6028
f 6028 6012 6029
f 6027 6028 5987
f 5987 6028 6030
f 6026 5984 6014
f 6014 5984 6015
f 6031 5986 6030
f 6030 5986 5987
f 6031 5988 5986
f 5986 5988 5985
f 6032 6022 6031
f 6031 6022 5988
f 6032 6031 6033
f 6033 6031 6030
f 6034 6032 6035
f 6035 6032 6033
f 6028 6029 6030
f 6030 6029 6033
f 6029 6036 6033
f 6033 6036 6035
f 6032 6034 6022
f 6022 6034 6023
f 6038 6023 6037
f 6037 6023 6034
f 6037 6040 6039
f 6039 6040 6041
f 6037 6034 6040
f 6040 6034 6035
f 6037 6039 6038
f 6038 6039 6018
f 6038 6018 6024
f 6024 6018 6017
f 6024 6021 6038
f 6038 6021 6023
f 6012 6013 6029
f 6029 6013 6036
f 6041 6036 6016
f 6016 6036 6013
f 6041 6040 6036
f 6036 6040 6035
f 6041 6016 6039
f 6039 6016 6011
f 6011 6008 6039
f 6039 6008 6018
f 5993 6000 6002
f 6002 6000 6019
f 6019 6000 6025
f 6025 6000 5999
f 5943 5756 5944
f 5944 5756 5755
f 6042 5948 5973
f 5973 5948 5947
f 5952 5951 5959
f 5959 5951 5960
f 5951 5953 5960
f 5960 5953 5958
f 5616 5957 5617
f 5617 5957 5956
f 6042 5952 5948
f 5948 5952 5959
f 5944 5755 5972
f 5972 5755 5754
f 5957 5616 5973
f 5973 5616 5652
f 5956 5955 5972
f 5972 5955 5961
f 5943 5953 5756
f 5756 5953 5709
f 6044 6045 6043
f 6043 6045 6046
f 6048 6049 6047
f 6047 6049 6050
f 6047 6050 6051
f 6051 6050 6052
f 6054 6055 6053
f 6053 6055 6056
f 6057 6058 6060
f 6060 6058 6059
f 6061 6062 6048
f 6048 6062 6049
f 6063 6064 6066
f 6066 6064 6065
f 6067 6068 6070
f 6070 6068 6069
f 6071 6069 5653
f 5653 6069 6068
f 6072 6073 6075
f 6075 6073 6074
f 6062 6076 6049
f 6049 6076 6054
f 6058 6067 6059
f 6059 6067 6070
f 6064 6077 6065
f 6065 6077 6045
f 6078 6076 6046
f 6046 6076 6062
f 6073 6080 6079
f 6079 6080 6052
f 6082 6083 6081
f 6081 6083 6084
f 6072 6085 6073
f 6073 6085 6080
f 6086 6051 6080
f 6080 6051 6052
f 6079 6052 6053
f 6053 6052 6050
f 6043 6087 6044
f 6044 6087 6088
f 6061 6089 6043
f 6043 6089 6087
f 6053 6056 6079
f 6079 6056 6090
f 6063 6072 6060
f 6060 6072 6075
f 6043 6046 6061
f 6061 6046 6062
f 6047 6091 6048
f 6048 6091 6092
f 6077 6078 6045
f 6045 6078 6046
f 6049 6054 6050
f 6050 6054 6053
f 6044 6088 6093
f 6093 6088 6094
f 6086 6082 6095
f 6095 6082 6081
f 6083 6082 6066
f 6066 6082 6085
f 6093 6094 6083
f 6083 6094 6084
f 6072 6063 6085
f 6085 6063 6066
f 6051 6086 6096
f 6096 6086 6095
f 6048 6092 6061
f 6061 6092 6089
f 5656 5655 6090
f 6090 5655 6074
f 6091 6047 6096
f 6096 6047 6051
f 6071 6055 6076
f 6076 6055 6054
f 6082 6086 6085
f 6085 6086 6080
f 6093 6083 6065
f 6065 6083 6066
f 6044 6093 6045
f 6045 6093 6065
f 6096 6095 6098
f 6098 6095 6097
f 6096 6098 6091
f 6091 6098 6099
f 6091 6099 6092
f 6092 6099 6100
f 6092 6100 6089
f 6089 6100 6101
f 6095 6081 6097
f 6097 6081 6102
f 6081 6084 6102
f 6102 6084 6103
f 6103 6084 6104
f 6104 6084 6094
f 6106 6097 6105
f 6105 6097 6102
f 6107 6108 6110
f 6110 6108 6109
f 6111 6112 6108
f 6108 6112 6109
f 6109 6112 6114
f 6114 6112 6113
f 6114 6115 6117
f 6117 6115 6116
f 6113 6118 6114
f 6114 6118 6115
f 6117 6110 6114
f 6114 6110 6109
f 6110 6119 6107
f 6107 6119 6120
f 6112 6111 6113
f 6113 6111 6121
f 6111 6099 6121
f 6121 6099 6098
f 6111 6122 6099
f 6099 6122 6100
f 6123 6122 6108
f 6108 6122 6111
f 6124 6123 6107
f 6107 6123 6108
f 6113 6121 6118
f 6118 6121 6106
f 6106 6121 6097
f 6097 6121 6098
f 6125 6124 6120
f 6120 6124 6107
f 6126 6123 6127
f 6127 6123 6124
f 6125 6128 6124
f 6124 6128 6127
f 6129 6126 6130
f 6130 6126 6127
f 6126 6129 6132
f 6132 6129 6131
f 6128 6133 6127
f 6127 6133 6130
f 6123 6126 6122
f 6122 6126 6132
f 6122 6132 6100
f 6100 6132 6101
f 6120 6134 6125
f 6125 6134 6135
f 6120 6119 6134
f 6134 6119 6136
f 6115 6118 6137
f 6137 6118 6106
f 6115 6137 6116
f 6116 6137 6138
f 6137 6106 6139
f 6139 6106 6105
f 6138 6137 6140
f 6140 6137 6139
f 6141 6142 6138
f 6138 6142 6116
f 6136 6142 6134
f 6134 6142 6141
f 6089 6101 6087
f 6087 6101 6143
f 6088 6144 6094
f 6094 6144 6104
f 6143 6144 6087
f 6087 6144 6088
f 6131 6145 6143
f 6143 6145 6144
f 6129 6146 6131
f 6131 6146 6145
f 6144 6145 6104
f 6104 6145 6147
f 6143 6101 6131
f 6131 6101 6132
f 6148 6103 6147
f 6147 6103 6104
f 6103 6148 6102
f 6102 6148 6105
f 6148 6149 6105
f 6105 6149 6139
f 6149 6148 6150
f 6150 6148 6147
f 6151 6149 6152
f 6152 6149 6150
f 6145 6146 6147
f 6147 6146 6150
f 6146 6153 6150
f 6150 6153 6152
f 6149 6151 6139
f 6139 6151 6140
f 6155 6140 6154
f 6154 6140 6151
f 6154 6157 6156
f 6156 6157 6158
f 6154 6151 6157
f 6157 6151 6152
f 6154 6156 6155
f 6155 6156 6135
f 6155 6135 6141
f 6141 6135 6134
f 6141 6138 6155
f 6155 6138 6140
f 6146 6129 6153
f 6153 6129 6130
f 6158 6153 6133
f 6133 6153 6130
f 6158 6157 6153
f 6153 6157 6152
f 6156 6158 6128
f 6128 6158 6133
f 6128 6125 6156
f 6156 6125 6135
f 6110 6117 6119
f 6119 6117 6136
f 6136 6117 6142
f 6142 6117 6116
f 6055 5615 6056
f 6056 5615 5752
f 6060 6059 6063
f 6063 6059 6064
f 6077 6070 6078
f 6078 6070 6069
f 6069 6071 6078
f 6078 6071 6076
f 6159 6057 6075
f 6075 6057 6060
f 6059 6070 6064
f 6064 6070 6077
f 6056 5752 6090
f 6090 5752 5656
f 6090 6074 6079
f 6079 6074 6073
f 6055 6071 5615
f 5615 6071 5653
f 5547 5471 6160
f 6160 5471 6161
f 5729 5577 6163
f 6163 5577 6162
f 5577 5576 6162
f 6162 5576 6164
f 5713 6165 5711
f 5711 6165 6166
f 5474 5729 6167
f 6167 5729 6163
f 5750 5547 6168
f 6168 5547 6160
f 5471 5474 6161
f 6161 5474 6167
f 6169 5712 6168
f 6168 5712 5750
f 5711 6166 5576
f 5576 6166 6164
f 6165 5713 6169
f 6169 5713 5712
f 6168 6170 6169
f 6169 6170 6171
f 6169 6171 6165
f 6165 6171 6172
f 6165 6172 6166
f 6166 6172 6173
f 6166 6173 6164
f 6164 6173 6174
f 6168 6160 6170
f 6170 6160 6175
f 6160 6161 6175
f 6175 6161 6176
f 6161 6167 6176
f 6176 6167 6177
f 6179 6170 6178
f 6178 6170 6175
f 6181 6182 6180
f 6180 6182 6183
f 6184 6185 6181
f 6181 6185 6182
f 6186 6187 6185
f 6185 6187 6182
f 6186 6188 6187
f 6187 6188 6189
f 6190 6183 6187
f 6187 6183 6182
f 6183 6190 6191
f 6191 6190 6192
f 6191 6193 6183
f 6183 6193 6180
f 6186 6185 6194
f 6194 6185 6184
f 6184 6172 6194
f 6194 6172 6171
f 6184 6195 6172
f 6172 6195 6173
f 6181 6196 6184
f 6184 6196 6195
f 6196 6181 6197
f 6197 6181 6180
f 6186 6194 6188
f 6188 6194 6179
f 6179 6194 6170
f 6170 6194 6171
f 6193 6198 6180
f 6180 6198 6197
f 6199 6196 6200
f 6200 6196 6197
f 6198 6201 6197
f 6197 6201 6200
f 6202 6199 6203
f 6203 6199 6200
f 6199 6202 6205
f 6205 6202 6204
f 6201 6206 6200
f 6200 6206 6203
f 6196 6199 6195
f 6195 6199 6205
f 6195 6205 6173
f 6173 6205 6174
f 6198 6193 6208
f 6208 6193 6207
f 6193 6191 6207
f 6207 6191 6192
f 6189 6188 6209
f 6209 6188 6179
f 6210 6189 6211
f 6211 6189 6209
f 6209 6179 6212
f 6212 6179 6178
f 6211 6209 6213
f 6213 6209 6212
f 6211 6214 6210
f 6210 6214 6215
f 6192 6215 6207
f 6207 6215 6214
f 6190 6187 6210
f 6210 6187 6189
f 6192 6190 6215
f 6215 6190 6210
f 6162 6164 6216
f 6216 6164 6174
f 6167 6163 6177
f 6177 6163 6217
f 6216 6217 6162
f 6162 6217 6163
f 6204 6218 6216
f 6216 6218 6217
f 6202 6219 6204
f 6204 6219 6218
f 6217 6218 6177
f 6177 6218 6220
f 6216 6174 6204
f 6204 6174 6205
f 6221 6176 6220
f 6220 6176 6177
f 6176 6221 6175
f 6175 6221 6178
f 6221 6222 6178
f 6178 6222 6212
f 6222 6221 6223
f 6223 6221 6220
f 6224 6222 6225
f 6225 6222 6223
f 6218 6219 6220
f 6220 6219 6223
f 6219 6226 6223
f 6223 6226 6225
f 6222 6224 6212
f 6212 6224 6213
f 6228 6213 6227
f 6227 6213 6224
f 6229 6227 6231
f 6231 6227 6230
f 6227 6224 6230
f 6230 6224 6225
f 6227 6229 6228
f 6228 6229 6208
f 6228 6208 6214
f 6214 6208 6207
f 6214 6211 6228
f 6228 6211 6213
f 6219 6202 6226
f 6226 6202 6203
f 6231 6226 6206
f 6206 6226 6203
f 6231 6230 6226
f 6226 6230 6225
f 6229 6231 6201
f 6201 6231 6206
f 6201 6198 6229
f 6229 6198 6208
f 5674 5672 5661
f 5661 5672 5662
f 5662 5672 5663
f 5663 5672 5646
f 5651 6042 5652
f 5652 6042 5973
f 5518 5517 5751
f 5751 5517 5733
f 5738 5660 5753
f 5753 5660 5637
f 5752 5636 5656
f 5656 5636 5526
f 5952 6042 5593
f 5593 6042 5651
f 5593 5651 5594
f 5594 5651 5650
f 5600 5737 5514
f 5514 5737 5515
f 5546 5545 5740
f 5740 5545 6232
f 6232 6058 5740
f 5740 6058 6057
f 6067 6058 6233
f 6233 6058 6232
f 6233 6232 6234
f 6234 6232 5545
f 6234 5545 6235
f 6235 5545 5544
f 5606 6236 5543
f 5543 6236 5544
f 6235 5544 5539
f 5539 5544 6236
f 6237 6235 5542
f 5542 6235 5539
f 6235 6237 6234
f 6234 6237 6238
f 6234 6238 6233
f 6233 6238 6239
f 5653 6068 5650
f 5650 6068 6239
f 5642 5513 6240
f 6240 5513 5516
f 5539 6236 5540
f 5540 6236 5606
f 5636 5614 5637
f 5637 5614 5753
f 6239 5737 5650
f 5650 5737 5594
f 6239 6068 6233
f 6233 6068 6067
f 6075 6074 6159
f 6159 6074 5655
f 6057 6159 5740
f 5740 6159 5655
f 5515 5737 6238
f 6238 5737 6239
f 6238 6237 5515
f 5515 6237 5516
f 5542 6240 6237
f 6237 6240 5516
f 6240 5542 5642
f 5642 5542 5541
f 5702 5699 5541
f 5541 5699 5642
f 5582 5475 5717
f 5470 5443 5537
f 5537 5443 5504
f 5469 5444 5470
f 5470 5444 5443
f 5726 5557 5727
f 5727 5557 5556
f 5537 5504 5511
f 5511 5504 5506
f 5504 5503 5506
f 5506 5503 5507
f 5503 5455 5507
f 5507 5455 5581
f 5455 5454 5581
f 5581 5454 5456
f 5473 5453 5474
f 5474 5453 5729
f 5457 5454 5473
f 5473 5454 5453
f 5473 5472 5457
f 5457 5472 5686
f 5472 5548 5686
f 5686 5548 5687
f 5749 5693 5548
f 5548 5693 5687
f 5715 5532 5749
f 5749 5532 5693
f 5714 5486 5715
f 5715 5486 5532
f 5714 5710 5486
f 5486 5710 5449
f 5728 5578 5729
f 5729 5578 5577
f 5452 5445 5698
f 5698 5445 5558
f 5445 5444 5558
f 5558 5444 5556
f 5444 5469 5556
f 5556 5469 5727
f 5469 5468 5727
f 5727 5468 5555
f 5468 5747 5555
f 5555 5747 5552
f 5747 5700 5552
f 5552 5700 5716
f 5700 5699 5716
f 5716 5699 5717
f 5699 5702 5717
f 5717 5702 5582
f 5702 5701 5582
f 5582 5701 5583
f 5726 5479 5557
f 5557 5479 5483
f 5483 5479 5484
f 5484 5479 5482
f 5534 5533 5482
f 5482 5533 5484
f 5691 5688 5534
f 5534 5688 5533
f 5644 5647 5691
f 5691 5647 5688
f 5719 5746 5701
f 5701 5746 5583
f 5718 5497 5719
f 5719 5497 5746
f 5718 5605 5654
f 5654 5605 5638
f 5498 5654 5657
f 5657 5654 5633
f 5497 5718 5498
f 5498 5718 5654
f 5657 5527 5498
f 5498 5527 5494
f 5528 5570 5495
f 5495 5570 5521
f 5665 5668 5528
f 5528 5668 5570
f 5664 5671 5665
f 5665 5671 5668
f 5645 5741 5664
f 5664 5741 5671
f 5644 5696 5645
f 5645 5696 5741
f 5710 5575 5449
f 5449 5575 5450
f 5575 5578 5450
f 5450 5578 5698
f 5578 5728 5698
f 5698 5728 5452
f 5452 5728 5451
f 5451 5728 5453
f 3619 6241 3620
f 3620 6241 6242
f 6243 6244 3628
f 3628 6244 3629
f 6245 6246 3634
f 3634 6246 3631
f 6247 6248 3636
f 3636 6248 3637
f 6249 6250 3642
f 3642 6250 3639
f 3639 6250 3643
f 3643 6250 6251
f 3743 6252 3744
f 3744 6252 6253
f 6246 6243 3631
f 3631 6243 3628
f 3753 6254 3754
f 3754 6254 6255
f 3857 6256 3619
f 3619 6256 6241
f 6257 6245 3932
f 3932 6245 3634
f 6242 6247 3620
f 3620 6247 3636
f 6258 6259 3946
f 3946 6259 3947
f 6260 6249 3948
f 3948 6249 3642
f 6244 6258 3629
f 3629 6258 3946
f 3947 6259 3753
f 3753 6259 6254
f 6248 6260 3637
f 3637 6260 3948
f 3643 6251 3743
f 3743 6251 6252
f 3744 6253 3932
f 3932 6253 6257
f 6250 6249 6251
f 6251 6249 6252
f 6245 6261 6246
f 6246 6261 6262
f 6263 6264 6247
f 6247 6264 6248
f 6252 6265 6253
f 6253 6265 6266
f 6246 6262 6243
f 6243 6262 6267
f 6268 6261 6257
f 6257 6261 6245
f 6269 6263 6242
f 6242 6263 6247
f 6270 6271 6260
f 6260 6271 6249
f 6264 6270 6248
f 6248 6270 6260
f 6253 6266 6257
f 6257 6266 6268
f 6249 6271 6252
f 6252 6271 6265
f 6254 6259 6272
f 6272 6259 6273
f 6266 6265 6270
f 6270 6265 6271
f 6268 6266 6264
f 6264 6266 6270
f 6261 6268 6263
f 6263 6268 6264
f 6269 6262 6263
f 6263 6262 6261
f 4186 4185 6274
f 6274 4185 6275
f 6241 6276 6242
f 6242 6276 6269
f 6258 6244 6277
f 6277 6244 6278
f 6256 6279 6241
f 6241 6279 6276
f 6259 6258 6273
f 6273 6258 6277
f 6243 6267 6244
f 6244 6267 6278
f 6276 6267 6269
f 6269 6267 6262
f 6254 6272 6255
f 6255 6272 6280
f 3865 3713 3888
f 3888 3713 3685
f 5242 5233 3892
f 3892 5233 3711
f 3900 5243 3892
f 3892 5243 5242
f 3734 3866 3900
f 3900 3866 5243
f 4117 6281 4118
f 4118 6281 6282
f 4118 6282 4278
f 4278 6282 4879
f 4717 4887 4718
f 4718 4887 4280
f 4792 4278 4882
f 4882 4278 4879
f 4795 4792 6283
f 6283 4792 4882
f 4852 4851 5012
f 5012 4851 6284
f 4856 5207 4857
f 4857 5207 4858
f 4860 4279 4857
f 4857 4279 4854
f 4718 4280 4860
f 4860 4280 4279
f 4864 4863 4745
f 4745 4863 4742
f 5366 4867 5011
f 5011 4867 4866
f 4871 4884 4872
f 4872 4884 4883
f 4872 4883 4117
f 4117 4883 6281
f 6284 4851 6283
f 6283 4851 4795
f 4852 4866 4853
f 4853 4866 4865
f 4871 4870 4856
f 4856 4870 5207
f 4717 4716 4864
f 4864 4716 4861
f 4868 4867 4862
f 4862 4867 4863
f 4268 4855 4269
f 4269 4855 4854
f 4281 4274 4282
f 4282 4274 4765
f 4744 4743 4907
f 4907 4743 4904
f 4874 4881 4820
f 4820 4881 4880
f 4885 5013 4886
f 4886 5013 4980
f 4888 4275 4281
f 4281 4275 4274
f 4902 6282 4903
f 4903 6282 6281
f 6283 4979 6284
f 6284 4979 4978
f 4282 4765 4269
f 4269 4765 4266
f 4880 4879 4902
f 4902 4879 6282
f 4903 6281 4886
f 4886 6281 4883
f 4882 4881 6283
f 6283 4881 4979
f 5013 4885 4267
f 4267 4885 4268
f 4888 4887 4744
f 4744 4887 4745
f 4410 6285 4411
f 4411 6285 4812
f 4750 4749 6286
f 6286 4749 6287
f 6289 4695 6288
f 6288 4695 4255
f 4750 4675 4751
f 4751 4675 4965
f 6290 6291 4963
f 4963 6291 4960
f 4807 4806 4411
f 4411 4806 4408
f 6292 6293 4959
f 4959 6293 4956
f 4958 6294 4959
f 4959 6294 4955
f 4962 4964 4963
f 4963 4964 4805
f 4962 4961 4751
f 4751 4961 4748
f 6296 6297 6295
f 6295 6297 6298
f 6299 6300 6288
f 6288 6300 4735
f 6302 4961 6301
f 6301 4961 4960
f 6304 6287 6303
f 6303 6287 4749
f 4968 6305 4969
f 4969 6305 6306
f 4413 6308 6307
f 6307 6308 4900
f 6301 4960 6309
f 6309 4960 6291
f 4412 4408 6310
f 6310 4408 4806
f 4696 6311 4256
f 4256 6311 6312
f 6303 4749 6313
f 6313 4749 4748
f 6313 4748 6302
f 6302 4748 4961
f 6315 6316 6314
f 6314 6316 6317
f 4084 6318 6315
f 6315 6318 6316
f 4083 6319 4084
f 4084 6319 6318
f 4112 6320 4083
f 4083 6320 6319
f 6322 4138 6321
f 6321 4138 4137
f 6324 4128 6323
f 6323 4128 4127
f 4127 4193 6323
f 6323 4193 6325
f 4193 4891 6325
f 6325 4891 6326
f 4891 6327 6326
f 6326 6327 6328
f 6327 4824 5227
f 5227 4824 5228
f 5231 4684 6329
f 6329 4684 4683
f 4683 4099 6329
f 6329 4099 6330
f 4099 4102 6330
f 6330 4102 6331
f 4174 4826 4429
f 4429 4826 4829
f 4173 4741 4174
f 4174 4741 4826
f 4180 4738 4173
f 4173 4738 4741
f 6332 6333 4180
f 4180 6333 4738
f 6274 6334 4186
f 4186 6334 4188
f 4181 4825 4180
f 4180 4825 6332
f 5044 5213 5045
f 5045 5213 5165
f 5046 5087 5047
f 5047 5087 5222
f 5077 5063 5078
f 5078 5063 5198
f 5081 5099 5082
f 5082 5099 5194
f 5095 5074 5096
f 5096 5074 5073
f 5373 5170 5096
f 5096 5170 5093
f 5375 5171 5373
f 5373 5171 5170
f 5047 5222 5375
f 5375 5222 5171
f 5046 5038 5376
f 5376 5038 5067
f 5377 5086 5376
f 5376 5086 5085
f 5045 5165 5377
f 5377 5165 5086
f 5378 5214 5044
f 5044 5214 5213
f 5077 5034 5378
f 5378 5034 5214
f 5082 5194 5078
f 5078 5194 5035
f 5081 5080 5379
f 5379 5080 6335
f 5379 6335 5095
f 5095 6335 5074
f 5032 5080 5033
f 5033 5080 5079
f 5040 5017 5041
f 5041 5017 5016
f 5050 5043 5051
f 5051 5043 5042
f 5065 5023 5066
f 5066 5023 5022
f 5050 5049 5065
f 5065 5049 5023
f 5041 5016 5068
f 5068 5016 5020
f 5071 5374 5072
f 5072 5374 5200
f 5075 5156 5076
f 5076 5156 5155
f 5162 5212 5068
f 5068 5212 5067
f 5075 5074 5192
f 5192 5074 6335
f 5066 5022 5199
f 5199 5022 5196
f 5076 5155 5072
f 5072 5155 5069
f 5040 5039 5071
f 5071 5039 5374
f 5162 5161 5051
f 5051 5161 5048
f 5192 6335 5032
f 5032 6335 5080
f 5199 5196 5033
f 5033 5196 5030
f 5018 5211 5019
f 5019 5211 5408
f 5019 5408 5021
f 5021 5408 5163
f 5024 5057 5025
f 5025 5057 5415
f 5028 5048 5029
f 5029 5048 5161
f 5054 5031 5055
f 5055 5031 5030
f 5024 5023 5058
f 5058 5023 5049
f 5061 5070 5062
f 5062 5070 5069
f 5157 5438 5158
f 5158 5438 5442
f 5160 5191 5054
f 5054 5191 5031
f 5029 5161 5021
f 5021 5161 5020
f 5025 5415 5197
f 5197 5415 5220
f 5158 5442 5062
f 5062 5442 5059
f 5018 5017 5061
f 5061 5017 5070
f 5160 5159 5157
f 5157 5159 5438
f 5028 5027 5058
f 5058 5027 5056
f 5055 5030 5197
f 5197 5030 5196
f 5409 5380 5410
f 5410 5380 6336
f 5026 5413 5027
f 5027 5413 5412
f 5396 5417 5393
f 5393 5417 5416
f 5416 5057 5419
f 5419 5057 5056
f 5417 5396 5426
f 5426 5396 5420
f 5427 5423 5428
f 5428 5423 5422
f 5427 5059 5430
f 5430 5059 5442
f 5409 5408 5433
f 5433 5408 5211
f 5433 5211 5428
f 5428 5211 5060
f 5412 5411 5419
f 5419 5411 5418
f 5436 5053 5437
f 5437 5053 5052
f 5439 5402 5440
f 5440 5402 5401
f 5436 5435 5439
f 5439 5435 5402
f 5410 6336 5413
f 5413 6336 5414
f 5440 5401 5430
f 5430 5401 5429
f 5426 5420 5437
f 5437 5420 5434
f 5382 5432 5383
f 5383 5432 5384
f 5386 6336 5383
f 5383 6336 5380
f 6336 5386 5414
f 5414 5386 5388
f 5391 5418 5392
f 5392 5418 5411
f 5705 5395 5704
f 5704 5395 5394
f 5399 5435 5400
f 5400 5435 5434
f 5403 5441 5404
f 5404 5441 5405
f 5407 5429 5404
f 5404 5429 5401
f 5395 5705 5421
f 5421 5705 5748
f 5424 5706 5425
f 5425 5706 5431
f 5391 5390 5394
f 5394 5390 5704
f 5392 5388 5389
f 5389 5388 5387
f 5382 5381 5425
f 5425 5381 5422
f 5407 5406 5424
f 5424 5406 5706
f 5403 5402 5399
f 5399 5402 5435
f 5421 5748 5400
f 5400 5748 5397
f 4097 4721 4098
f 4098 4721 4231
f 4233 5273 4098
f 4098 5273 4095
f 6337 6338 4785
f 4785 6338 4786
f 4076 4780 4073
f 4073 4780 4781
f 4782 4190 4781
f 4781 4190 4073
f 4783 4901 4782
f 4782 4901 4190
f 4780 4076 4097
f 4097 4076 4721
f 6337 2879 4701
f 4701 2879 2878
f 5280 6339 5272
f 5272 6339 6340
f 5282 5281 6341
f 6341 5281 6342
f 4109 6302 4110
f 4110 6302 6301
f 4283 6304 4284
f 4284 6304 6303
f 6305 4379 6306
f 6306 4379 4378
f 4110 6301 4428
f 4428 6301 6309
f 6310 4688 4412
f 4412 4688 4687
f 4284 6303 4753
f 4753 6303 6313
f 4753 6313 4109
f 4109 6313 6302
f 6343 5226 4428
f 4428 5226 4427
f 4147 4900 4416
f 4416 4900 6308
f 6312 6311 4241
f 4241 6311 4720
f 5223 6344 4702
f 4702 6344 4699
f 4221 4220 6345
f 6345 4220 6346
f 5276 5275 6347
f 6347 5275 6348
f 5275 4728 6348
f 6348 4728 6349
f 4727 6350 5284
f 5284 6350 5285
f 6351 6352 6354
f 6354 6352 6353
f 5313 5312 5292
f 5292 5312 5293
f 5312 5344 5293
f 5293 5344 5337
f 5344 4914 5337
f 5337 4914 4916
f 4914 4913 4916
f 4916 4913 4917
f 4913 6355 4917
f 4917 6355 4978
f 6356 6357 6284
f 6284 6357 5012
f 6357 6358 5012
f 5012 6358 5011
f 5011 6358 5366
f 5366 6358 6359
f 6360 4742 6359
f 6359 4742 5366
f 4743 6361 4904
f 4904 6361 5364
f 5363 4905 5364
f 5364 4905 4904
f 5363 6362 4905
f 4905 6362 4207
f 6362 6363 4207
f 4207 6363 4208
f 6363 5342 4208
f 4208 5342 5330
f 5342 5341 5330
f 5330 5341 4244
f 5341 6364 4244
f 4244 6364 4245
f 6364 6365 4245
f 4245 6365 4246
f 6366 6367 4253
f 4253 6367 4250
f 4214 6368 4211
f 4211 6368 4380
f 4380 4379 4211
f 4211 4379 4283
f 4379 6305 4283
f 4283 6305 6304
f 6305 4968 6304
f 6304 4968 6287
f 4968 4967 6287
f 6287 4967 6286
f 4967 6297 6286
f 6286 6297 4676
f 6296 4376 4288
f 4288 4376 4285
f 4376 4373 4285
f 4285 4373 4290
f 6369 6370 6372
f 6372 6370 6371
f 5245 6373 5246
f 5246 6373 6374
f 4317 6375 4318
f 4318 6375 6376
f 4331 6377 4332
f 4332 6377 6378
f 6379 4333 6376
f 6376 4333 4318
f 4343 6380 4344
f 4344 6380 6381
f 4347 6382 4348
f 4348 6382 6383
f 4374 6371 4331
f 4331 6371 6377
f 4333 6379 4426
f 4426 6379 6384
f 4690 6385 4347
f 4347 6385 6382
f 4332 6378 4317
f 4317 6378 6375
f 4922 6386 4923
f 4923 6386 6387
f 6388 6389 4375
f 4375 6389 6390
f 6355 6356 4978
f 4978 6356 6284
f 4742 6360 4743
f 4743 6360 6361
f 6391 4238 6392
f 6392 4238 4719
f 6392 4719 6393
f 6393 4719 5296
f 6395 6396 6394
f 6394 6396 6397
f 6399 6400 6398
f 6398 6400 6401
f 6402 5302 6403
f 6403 5302 5303
f 5303 5321 6403
f 6403 5321 6404
f 5320 6405 5321
f 5321 6405 6404
f 5319 6406 5350
f 5350 6406 5351
f 5319 5318 6406
f 6406 5318 6407
f 5288 4197 6408
f 6408 4197 6409
f 4217 4216 6410
f 6410 4216 6411
f 5227 6412 6327
f 6327 6412 6328
f 4892 6413 5227
f 5227 6413 6412
f 4228 6414 4892
f 4892 6414 6413
f 4227 6415 4228
f 4228 6415 6414
f 4248 6416 4227
f 4227 6416 6415
f 4247 6417 4248
f 4248 6417 6416
f 6417 4247 6419
f 6419 4247 6418
f 6419 6418 6421
f 6421 6418 6420
f 6422 5301 6423
f 6423 5301 5300
f 6423 5300 6424
f 6424 5300 6399
f 6408 6409 6398
f 6398 6409 6425
f 6426 6427 6397
f 6397 6427 6394
f 6428 4224 6429
f 6429 4224 4223
f 6347 6346 5276
f 5276 6346 4220
f 6346 6347 6341
f 6341 6347 6339
f 5280 5278 5282
f 5282 5278 4236
f 4896 5224 4684
f 4684 5224 4681
f 4132 4135 4896
f 4896 4135 5224
f 4131 4136 4132
f 4132 4136 4135
f 4226 4754 4131
f 4131 4754 4136
f 4251 4213 4226
f 4226 4213 4754
f 4250 4214 4251
f 4251 4214 4213
f 4250 6367 4214
f 4214 6367 6368
f 6367 4910 6368
f 6368 4910 4737
f 4909 5297 4736
f 4736 5297 5296
f 5297 6395 5296
f 5296 6395 6393
f 6427 6430 6394
f 6394 6430 6431
f 6429 4383 6428
f 6428 4383 4382
f 4219 5277 4220
f 4220 5277 5276
f 4222 4697 4383
f 4383 4697 4218
f 6345 4699 4221
f 4221 4699 6344
f 6342 4700 6345
f 6345 4700 4699
f 4235 4786 5281
f 5281 4786 6338
f 4234 4787 4235
f 4235 4787 4786
f 5279 5278 6432
f 6432 5278 5271
f 4237 5279 6433
f 6433 5279 6432
f 4787 4234 6433
f 6433 4234 4237
f 6435 6436 6434
f 6434 6436 6437
f 6359 6438 6360
f 6360 6438 6437
f 6439 6440 6441
f 6441 6440 6438
f 6443 6439 6442
f 6442 6439 6441
f 6357 6356 6442
f 6442 6356 6444
f 6444 6446 6445
f 6445 6446 6447
f 4912 6446 4913
f 4913 6446 6355
f 6361 6436 5364
f 5364 6436 5365
f 5319 5350 5316
f 5316 5350 6448
f 4832 6449 5350
f 5350 6449 6448
f 4831 6450 4832
f 4832 6450 6449
f 5354 6451 5320
f 5320 6451 6405
f 4265 6452 5354
f 5354 6452 6451
f 4264 6453 4265
f 4265 6453 6452
f 6450 4831 6447
f 6447 4831 6445
f 4263 6435 4264
f 4264 6435 6434
f 6454 6453 6439
f 6439 6453 6440
f 6439 6443 6454
f 6454 6443 4834
f 4833 6455 4834
f 4834 6455 6454
f 5351 6456 4833
f 4833 6456 6455
f 6457 6391 6458
f 6458 6391 6392
f 6458 6392 6431
f 6431 6392 6393
f 5298 6396 5297
f 5297 6396 6395
f 6402 6400 5302
f 5302 6400 5299
f 6402 6403 6459
f 6459 6403 6460
f 6460 6403 6461
f 6461 6403 6404
f 6405 6462 6404
f 6404 6462 6461
f 6406 6462 5351
f 5351 6462 6456
f 6406 6407 6462
f 6462 6407 6461
f 6407 6463 6461
f 6461 6463 6460
f 6463 6464 6460
f 6460 6464 6459
f 6464 6465 6459
f 6459 6465 6401
f 6430 6466 6431
f 6431 6466 6458
f 6466 6410 6458
f 6458 6410 6457
f 6410 6411 6457
f 6457 6411 6467
f 6396 6424 6397
f 6397 6424 6425
f 6393 6395 6431
f 6431 6395 6394
f 6451 6456 6405
f 6405 6456 6462
f 6452 6455 6451
f 6451 6455 6456
f 6453 6454 6452
f 6452 6454 6455
f 6443 6445 4834
f 4834 6445 4831
f 6440 6453 6434
f 6434 6453 4264
f 6468 5306 5360
f 5360 5306 5305
f 6469 4124 6468
f 6468 4124 5306
f 6470 4125 6469
f 6469 4125 4124
f 6471 5291 6470
f 6470 5291 4125
f 6353 5292 6471
f 6471 5292 5291
f 5292 6353 5313
f 5313 6353 6352
f 5347 5314 6352
f 6352 5314 5313
f 5353 5318 5346
f 5346 5318 5317
f 5334 6468 5358
f 5358 6468 5360
f 5324 6469 5334
f 5334 6469 6468
f 5323 6470 5324
f 5324 6470 6469
f 5343 6471 5323
f 5323 6471 6470
f 6354 6353 5343
f 5343 6353 6471
f 6348 6349 4270
f 4270 6349 5311
f 5272 6340 5273
f 5273 6340 4272
f 6432 5271 4232
f 4232 5271 4233
f 4294 6432 4295
f 4295 6432 4232
f 6432 4294 6433
f 6433 4294 4301
f 4301 4300 6433
f 6433 4300 4787
f 4704 4784 4300
f 4300 4784 4787
f 4704 3013 4784
f 4784 3013 1307
f 5103 6472 5104
f 5104 6472 5202
f 5108 5116 5105
f 5105 5116 5115
f 5111 5124 5112
f 5112 5124 5123
f 5154 5205 5105
f 5105 5205 5106
f 5167 5180 5168
f 5168 5180 5185
f 5175 5188 5176
f 5176 5188 5187
f 5112 5123 5178
f 5178 5123 5120
f 5167 5090 5183
f 5183 5090 5089
f 5210 5151 5183
f 5183 5151 5181
f 5216 5138 5217
f 5217 5138 5137
f 5218 5119 5219
f 5219 5119 5221
f 5218 5178 5119
f 5119 5178 5120
f 5217 5137 5104
f 5104 5137 5101
f 5116 5108 5221
f 5221 5108 5219
f 5111 5110 5210
f 5210 5110 5151
f 5154 5153 5103
f 5103 5153 6472
f 5216 5215 5176
f 5176 5215 5173
f 5175 5174 5168
f 5168 5174 5166
f 5091 5172 5092
f 5092 5172 5208
f 5117 5037 5118
f 5118 5037 5036
f 5121 5164 5122
f 5122 5164 5133
f 5125 5084 5126
f 5126 5084 5083
f 5129 5174 5130
f 5130 5174 5173
f 5131 5202 5132
f 5132 5202 6472
f 5135 5221 5122
f 5122 5221 5119
f 5125 5124 5136
f 5136 5124 5209
f 5126 5083 5121
f 5121 5083 5164
f 5118 5036 5195
f 5195 5036 5193
f 5131 5097 5203
f 5203 5097 5114
f 5132 6472 5195
f 5195 6472 5153
f 5136 5209 5092
f 5092 5209 5089
f 5135 5134 5117
f 5117 5134 5037
f 5362 5206 5130
f 5130 5206 5127
f 5372 5371 5128
f 5128 5371 5129
f 5371 5372 5091
f 5091 5372 5172
f 5362 5215 5203
f 5203 5215 5201
f 6463 6407 5353
f 5353 6407 5318
f 6464 6463 5352
f 5352 6463 5353
f 6408 6465 5288
f 5288 6465 5289
f 4196 4224 6426
f 6426 4224 6427
f 6430 6427 6428
f 6428 6427 4224
f 6466 6430 4382
f 4382 6430 6428
f 6410 6466 4217
f 4217 6466 4382
f 4240 4239 3015
f 3015 4239 3016
f 4254 4257 3017
f 3017 4257 3018
f 6473 6474 4732
f 4732 6474 6475
f 6474 6374 6475
f 6475 6374 6373
f 5246 6374 3022
f 3022 6374 3023
f 4254 6299 4255
f 4255 6299 6288
f 6473 6300 3024
f 3024 6300 3025
f 6476 4257 6312
f 6312 4257 4256
f 4240 6476 4241
f 4241 6476 6312
f 6477 4239 6391
f 6391 4239 4238
f 6467 6477 6457
f 6457 6477 6391
f 6411 3029 6467
f 6467 3029 3028
f 4216 3030 6411
f 6411 3030 3029
f 6479 6480 6478
f 6478 6480 6481
f 6483 6484 6482
f 6482 6484 6485
f 6486 6487 4102
f 4102 6487 6331
f 6483 6488 6478
f 6478 6488 6489
f 4429 4829 6490
f 6490 4829 6479
f 6491 6486 4101
f 4101 6486 4102
f 4895 6491 4899
f 4899 6491 4101
f 4160 6488 4157
f 4157 6488 6492
f 6489 4087 6490
f 6490 4087 4090
f 4267 4261 5013
f 5013 4261 4260
f 4258 4261 5328
f 5328 4261 4975
f 4261 4267 4975
f 4975 4267 4266
f 5367 3793 3912
f 3912 3793 3575
f 6494 3616 6493
f 6493 3616 3795
f 6496 3589 6495
f 6495 3589 3588
f 6495 3588 5368
f 5368 3588 3794
f 3841 3840 3050
f 3050 3840 3051
f 3912 3911 3052
f 3052 3911 3053
f 3929 3930 3054
f 3054 3930 3055
f 5370 3930 3916
f 3916 3930 3923
f 3938 5369 3807
f 3807 5369 3915
f 3589 6496 3806
f 3806 6496 3937
f 3938 3937 3056
f 3056 3937 3057
f 3051 3840 3058
f 3058 3840 3943
f 3730 4808 3727
f 3727 4808 3943
f 3820 3951 3795
f 3795 3951 6493
f 3951 3841 3059
f 3059 3841 3050
f 3911 3574 6494
f 6494 3574 3616
f 3823 3929 3824
f 3824 3929 3952
f 4061 4060 3060
f 3060 4060 3061
f 6497 6498 4901
f 4901 6498 4790
f 6333 6499 4738
f 4738 6499 4739
f 6500 6501 6314
f 6314 6501 4418
f 6502 6275 4417
f 4417 6275 4185
f 6503 6497 4783
f 4783 6497 4901
f 6498 4060 4790
f 4790 4060 4059
f 4808 4061 3069
f 3069 4061 3060
f 5367 3071 5368
f 5368 3071 3070
f 5369 3073 5370
f 5370 3073 3072
f 6274 6275 3074
f 3074 6275 3075
f 6499 6504 4739
f 4739 6504 6317
f 6333 6332 3077
f 3077 6332 3078
f 6334 6274 3079
f 3079 6274 3074
f 6332 4825 3078
f 3078 4825 3080
f 6334 6503 4188
f 4188 6503 4783
f 4825 4689 3080
f 3080 4689 1330
f 6506 4747 6505
f 6505 4747 4746
f 6505 6507 6506
f 6506 6507 6508
f 4297 6509 4920
f 4920 6509 6510
f 4296 6511 4297
f 4297 6511 6509
f 6506 6508 4319
f 4319 6508 6512
f 4372 4371 6514
f 6514 4371 6513
f 6511 4296 5251
f 5251 4296 4305
f 5251 5250 6511
f 6511 5250 6515
f 6516 6509 6515
f 6515 6509 6511
f 6517 6507 6519
f 6519 6507 6518
f 6512 6520 6513
f 6513 6520 6514
f 6507 6517 6508
f 6508 6517 6521
f 5249 6523 6522
f 6522 6523 6524
f 6525 6370 5253
f 5253 6370 6526
f 4370 4323 4371
f 4371 4323 4326
f 4370 3103 4323
f 4323 3103 1541
f 6521 6517 6527
f 6527 6517 6519
f 6520 6528 6514
f 6514 6528 6529
f 6531 6532 6530
f 6530 6532 6533
f 5250 6534 6515
f 6515 6534 6535
f 6530 6533 6536
f 6536 6533 6537
f 6526 6538 6534
f 6534 6538 6537
f 6515 6535 6516
f 6516 6535 6539
f 4325 4321 4326
f 4326 4321 4320
f 4371 4326 6513
f 6513 4326 4320
f 6531 4731 6541
f 6541 4731 6540
f 4731 4730 6540
f 6540 4730 6542
f 4730 3121 6542
f 6542 3121 3120
f 6530 4328 6531
f 6531 4328 4731
f 4328 6530 4329
f 4329 6530 6536
f 4329 6536 6524
f 6524 6536 6543
f 6544 6545 6522
f 6522 6545 5248
f 6389 6388 5245
f 5245 6388 6373
f 6388 6546 6373
f 6373 6546 6475
f 4733 6546 6295
f 6295 6546 4377
f 4732 6475 4733
f 4733 6475 6546
f 4393 4432 4394
f 4394 4432 4435
f 4434 4672 4842
f 4842 4672 4671
f 4440 4439 4441
f 4441 4439 4438
f 4436 4450 4437
f 4437 4450 4398
f 4447 4444 4448
f 4448 4444 4392
f 4446 4464 4433
f 4433 4464 6547
f 4454 4423 4455
f 4455 4423 4422
f 4452 4481 4453
f 4453 4481 4480
f 4458 4389 4459
f 4459 4389 4388
f 4456 4471 4457
f 4457 4471 4468
f 4391 4460 4392
f 4392 4460 4448
f 4461 4467 4445
f 4445 4467 4465
f 4437 4398 4629
f 4629 4398 4397
f 4438 4628 4441
f 4441 4628 4631
f 4841 4629 4839
f 4839 4629 4397
f 4628 4842 4631
f 4631 4842 4671
f 4930 4989 4452
f 4452 4989 4481
f 4929 4927 4436
f 4436 4927 4450
f 4933 4387 4934
f 4934 4387 4386
f 4931 4475 4932
f 4932 4475 4474
f 4936 4449 4933
f 4933 4449 4387
f 4935 4472 4456
f 4456 4472 4471
f 4389 4458 4391
f 4391 4458 4460
f 4457 4468 4461
f 4461 4468 4467
f 4934 4386 4454
f 4454 4386 4423
f 4453 4480 4931
f 4931 4480 4475
f 4575 4997 4576
f 4576 4997 4639
f 4579 4596 4580
f 4580 4596 4595
f 4583 4582 4572
f 4572 4582 4569
f 4587 4944 4588
f 4588 4944 4562
f 4588 4562 4590
f 4590 4562 4561
f 4576 4639 4642
f 4642 4639 4638
f 4642 4845 4641
f 4641 4845 4846
f 4845 4590 4846
f 4846 4590 4561
f 4941 4938 4595
f 4595 4938 4580
f 4938 4940 4668
f 4668 4940 4669
f 4583 4942 4584
f 4584 4942 4947
f 4582 4587 4569
f 4569 4587 4586
f 5000 5001 4579
f 4579 5001 4596
f 4558 4560 4585
f 4585 4560 4586
f 4565 4639 4566
f 4566 4639 4997
f 4568 4567 4577
f 4577 4567 4578
f 4570 4554 4571
f 4571 4554 4556
f 4640 4565 4637
f 4637 4565 4546
f 4662 4664 4665
f 4665 4664 4844
f 4662 4558 4589
f 4589 4558 4585
f 4554 4570 4557
f 4557 4570 4560
f 4571 4667 4572
f 4572 4667 4943
f 4551 4670 4552
f 4552 4670 4666
f 4640 4664 4638
f 4638 4664 4663
f 4670 4568 4668
f 4668 4568 4577
f 4999 4996 4566
f 4566 4996 4543
f 4608 4564 4603
f 4603 4564 4563
f 4573 4593 4574
f 4574 4593 4592
f 4597 4614 4598
f 4598 4614 4613
f 4601 4600 4584
f 4584 4600 4581
f 4563 4562 4604
f 4604 4562 4944
f 4643 4593 4641
f 4641 4593 4573
f 4643 4847 4644
f 4644 4847 4848
f 4564 4847 4561
f 4561 4847 4846
f 4945 4941 4598
f 4598 4941 4595
f 4941 4945 4939
f 4939 4945 4946
f 4601 4948 4602
f 4602 4948 4620
f 4600 4604 4581
f 4581 4604 4944
f 5002 5003 4597
f 4597 5003 4614
f 4988 4759 4953
f 4953 4759 4402
f 4706 6548 4707
f 4707 6548 6549
f 4311 4928 4419
f 4419 4928 6550
f 4921 4920 6551
f 6551 4920 6552
f 4925 6553 4926
f 4926 6553 6554
f 4928 4921 4802
f 4802 4921 6551
f 6555 4985 6550
f 6550 4985 4419
f 4952 6556 4953
f 4953 6556 4649
f 4971 6557 4706
f 4706 6557 6548
f 4988 4648 4925
f 4925 4648 6553
f 4707 6549 5006
f 5006 6549 4987
f 4920 6510 6552
f 6552 6510 6518
f 6558 6510 6516
f 6516 6510 6509
f 6559 6558 6539
f 6539 6558 6516
f 6531 6541 6532
f 6532 6541 6560
f 6540 6561 6541
f 6541 6561 6529
f 6542 6562 6540
f 6540 6562 6561
f 6542 3120 6562
f 6562 3120 3142
f 4366 6563 4760
f 4760 6563 4970
f 4815 6564 4816
f 4816 6564 6565
f 3147 3146 6565
f 6565 3146 4816
f 6564 6563 6565
f 6565 6563 6566
f 4837 4385 4357
f 4357 4385 4358
f 6565 6566 3147
f 3147 6566 3149
f 4694 1209 3150
f 5247 5249 5248
f 5248 5249 6522
f 6372 6390 6545
f 6545 6390 6389
f 6375 5254 6376
f 6376 5254 5258
f 6377 6525 6378
f 6378 6525 5255
f 5260 6379 5258
f 5258 6379 6376
f 6380 6567 6381
f 6381 6567 6568
f 6382 6569 6383
f 6383 6569 6570
f 6377 6371 6525
f 6525 6371 6370
f 6379 5260 6384
f 6384 5260 6571
f 6385 6572 6382
f 6382 6572 6569
f 6378 5255 6375
f 6375 5255 5254
f 6386 6573 6387
f 6387 6573 6574
f 6545 6389 5248
f 5248 6389 5245
f 4675 4750 4676
f 4676 4750 6286
f 4734 6289 4735
f 4735 6289 6288
f 4804 6290 4805
f 4805 6290 4963
f 4811 4807 4812
f 4812 4807 4411
f 4954 6292 4955
f 4955 6292 4959
f 4964 4962 4965
f 4965 4962 4751
f 6285 4821 4812
f 4812 4821 4809
f 4675 4287 4965
f 4965 4287 4210
f 6294 4145 4955
f 4955 4145 4154
f 4964 4120 4805
f 4805 4120 4119
f 6298 4966 4734
f 4734 4966 6289
f 6300 6473 4735
f 4735 6473 4732
f 6297 6296 4676
f 4676 6296 4288
f 6523 3160 4330
f 4330 3160 3159
f 5253 5252 6525
f 6525 5252 5255
f 5256 5252 4305
f 4305 5252 5251
f 4304 5257 4305
f 4305 5257 5256
f 4424 5259 4304
f 4304 5259 5257
f 5261 6571 5259
f 5259 6571 5260
f 5262 6573 5261
f 5261 6573 6571
f 5264 6567 5265
f 5265 6567 6574
f 5266 6572 5267
f 5267 6572 6568
f 5268 6570 5269
f 5269 6570 6569
f 1807 3161 5268
f 5268 3161 6570
f 6524 6523 4329
f 4329 6523 4330
f 5253 6526 5250
f 5250 6526 6534
f 6543 6538 6544
f 6544 6538 6369
f 6524 6543 6522
f 6522 6543 6544
f 3071 5367 3052
f 3052 5367 3912
f 6493 3163 6494
f 6494 3163 3162
f 3164 445 3771
f 3771 445 3761
f 461 3165 3919
f 3919 3165 3920
f 330 410 3839
f 3839 410 3910
f 332 331 3552
f 3552 331 3551
f 464 304 3918
f 3918 304 3816
f 385 458 3766
f 3766 458 3894
f 412 415 3762
f 3762 415 3763
f 3166 337 3748
f 3748 337 3745
f 3072 3055 5370
f 5370 3055 3930
f 3073 5369 3056
f 3056 5369 3938
f 3167 3057 6496
f 6496 3057 3937
f 3069 3058 4808
f 4808 3058 3943
f 411 3166 3851
f 3851 3166 3748
f 3059 3163 3951
f 3951 3163 6493
f 336 3164 3772
f 3772 3164 3771
f 3053 3911 3162
f 3162 3911 6494
f 3054 3168 3929
f 3929 3168 3952
f 3165 830 3920
f 3920 830 3945
f 3170 3169 6497
f 6497 3169 6498
f 3171 1354 5005
f 5005 1354 4830
f 3172 3170 6503
f 6503 3170 6497
f 3169 3061 6498
f 6498 3061 4060
f 3173 3171 5006
f 5006 3171 5005
f 3079 3172 6334
f 6334 3172 6503
f 3174 3025 6299
f 6299 3025 6300
f 6576 6577 6575
f 6575 6577 6578
f 4612 4611 6579
f 6579 4611 6580
f 6582 6583 6581
f 6581 6583 6584
f 6584 6585 4618
f 4618 6585 4621
f 6586 6587 6589
f 6589 6587 6588
f 6588 6587 6590
f 6590 6587 6591
f 6592 4606 6590
f 6590 4606 4623
f 6594 6576 6593
f 6593 6576 6575
f 6595 6582 6579
f 6579 6582 6581
f 6580 6597 6596
f 6596 6597 6598
f 6577 6576 6599
f 6599 6576 6600
f 6595 6596 6601
f 6601 6596 6602
f 6583 6582 6603
f 6603 6582 6604
f 6586 6606 6605
f 6605 6606 6607
f 6587 6586 6608
f 6608 6586 6605
f 6587 6608 6591
f 6591 6608 6609
f 6576 6594 6600
f 6600 6594 6610
f 6582 6595 6604
f 6604 6595 6601
f 6599 6611 6577
f 6577 6611 6598
f 6613 6614 6612
f 6612 6614 6615
f 6617 6618 6616
f 6616 6618 6619
f 6621 6622 6620
f 6620 6622 6623
f 6625 6626 6624
f 6624 6626 6627
f 6629 6630 6628
f 6628 6630 6631
f 6633 6634 6632
f 6632 6634 6635
f 6637 6638 6636
f 6636 6638 6639
f 6640 6641 6637
f 6637 6641 6638
f 6643 6633 6642
f 6642 6633 6632
f 6645 6646 6644
f 6644 6646 6647
f 6646 6648 6647
f 6647 6648 6649
f 6651 6652 6650
f 6650 6652 6653
f 6653 6652 6654
f 6654 6652 6655
f 6656 6657 6659
f 6659 6657 6658
f 6661 6662 6660
f 6660 6662 6663
f 6662 6661 6664
f 6664 6661 6665
f 6667 6657 6666
f 6666 6657 6656
f 6669 6670 6668
f 6668 6670 6671
f 6672 6673 6670
f 6670 6673 6671
f 6674 6675 6677
f 6677 6675 6676
f 6675 6678 6676
f 6676 6678 6679
f 6681 6682 6680
f 6680 6682 6683
f 6684 6685 6683
f 6683 6685 6680
f 6687 6688 6686
f 6686 6688 6689
f 6687 6690 6688
f 6688 6690 6691
f 6619 6618 6633
f 6633 6618 6634
f 6632 6635 6693
f 6693 6635 6692
f 6617 6694 6636
f 6636 6694 6637
f 6695 6692 6639
f 6639 6692 6635
f 6637 6694 6640
f 6640 6694 6696
f 6698 6638 6697
f 6697 6638 6641
f 6643 6616 6633
f 6633 6616 6619
f 6642 6699 6641
f 6641 6699 6697
f 6646 6645 6700
f 6700 6645 6621
f 6644 6701 6654
f 6654 6701 6702
f 6700 6703 6646
f 6646 6703 6648
f 6693 6704 6649
f 6649 6704 6647
f 6620 6623 6651
f 6651 6623 6652
f 6693 6649 6699
f 6699 6649 6650
f 6652 6623 6655
f 6655 6623 6622
f 6654 6702 6653
f 6653 6702 6697
f 6615 6614 6657
f 6657 6614 6658
f 6705 6656 6704
f 6704 6656 6659
f 6613 6706 6660
f 6660 6706 6661
f 6704 6659 6701
f 6701 6659 6663
f 6661 6706 6665
f 6665 6706 6707
f 6708 6702 6664
f 6664 6702 6662
f 6612 6615 6667
f 6667 6615 6657
f 6666 6709 6664
f 6664 6709 6708
f 6629 6710 6669
f 6669 6710 6670
f 6668 6711 6679
f 6679 6711 6712
f 6713 6672 6710
f 6710 6672 6670
f 6714 6671 6705
f 6705 6671 6673
f 6628 6631 6674
f 6674 6631 6675
f 6705 6673 6709
f 6709 6673 6677
f 6631 6630 6675
f 6675 6630 6678
f 6712 6708 6679
f 6679 6708 6676
f 6625 6715 6682
f 6682 6715 6683
f 6716 6717 6681
f 6681 6717 6691
f 6718 6684 6715
f 6715 6684 6683
f 6719 6680 6714
f 6714 6680 6685
f 6624 6627 6686
f 6686 6627 6687
f 6689 6711 6685
f 6685 6711 6714
f 6627 6626 6687
f 6687 6626 6690
f 6717 6712 6691
f 6691 6712 6688
f 6612 6707 6613
f 6613 6707 6706
f 6616 6696 6617
f 6617 6696 6694
f 6703 6700 6620
f 6620 6700 6621
f 6715 6625 6718
f 6718 6625 6624
f 6710 6629 6713
f 6713 6629 6628
f 6639 6635 6636
f 6636 6635 6634
f 6641 6640 6642
f 6642 6640 6643
f 6654 6655 6644
f 6644 6655 6645
f 6651 6650 6648
f 6648 6650 6649
f 6659 6658 6663
f 6663 6658 6660
f 6665 6667 6664
f 6664 6667 6666
f 6678 6669 6679
f 6679 6669 6668
f 6673 6672 6677
f 6677 6672 6674
f 6690 6682 6691
f 6691 6682 6681
f 6685 6684 6689
f 6689 6684 6686
f 6636 6634 6617
f 6617 6634 6618
f 6638 6698 6639
f 6639 6698 6695
f 6640 6696 6643
f 6643 6696 6616
f 6693 6699 6632
f 6632 6699 6642
f 6655 6622 6645
f 6645 6622 6621
f 6704 6701 6647
f 6647 6701 6644
f 6651 6648 6620
f 6620 6648 6703
f 6650 6653 6699
f 6699 6653 6697
f 6613 6660 6614
f 6614 6660 6658
f 6663 6662 6701
f 6701 6662 6702
f 6665 6707 6667
f 6667 6707 6612
f 6705 6709 6656
f 6656 6709 6666
f 6630 6629 6678
f 6678 6629 6669
f 6714 6711 6671
f 6671 6711 6668
f 6672 6713 6674
f 6674 6713 6628
f 6677 6676 6709
f 6709 6676 6708
f 6626 6625 6690
f 6690 6625 6682
f 6680 6719 6681
f 6681 6719 6716
f 6684 6718 6686
f 6686 6718 6624
f 6711 6689 6712
f 6689 6688 6712
f 6593 6720 6594
f 6594 6720 6721
f 6722 6720 4607
f 4607 6720 4849
f 6592 6723 6722
f 6722 6723 6724
f 4610 4609 6578
f 6578 4609 6575
f 6596 6595 6580
f 6580 6595 6579
f 4618 4617 6584
f 6584 4617 6581
f 6589 6585 6586
f 6586 6585 6606
f 4622 4619 6588
f 6588 4619 6589
f 4622 6588 4623
f 4623 6588 6590
f 4609 4645 6575
f 6575 4645 6593
f 4617 4612 6581
f 6581 4612 6579
f 5004 4610 6597
f 6597 4610 6578
f 4645 4849 6593
f 6593 4849 6720
f 6724 6721 6722
f 6722 6721 6720
f 6722 4607 6592
f 6592 4607 4606
f 6725 6610 6721
f 6721 6610 6594
f 6723 6726 6724
f 6724 6726 6727
f 6727 6725 6724
f 6724 6725 6721
f 6728 6729 6605
f 6605 6729 6608
f 6605 6607 6728
f 6728 6607 6730
f 6731 6732 6604
f 6604 6732 6603
f 6733 6734 6725
f 6725 6734 6610
f 6735 6733 6727
f 6727 6733 6725
f 6735 6727 6736
f 6736 6727 6726
f 6591 6609 6723
f 6723 6609 6726
f 6723 6592 6591
f 6591 6592 6590
f 6738 6739 6737
f 6737 6739 6740
f 6740 6739 6742
f 6742 6739 6741
f 6743 6744 6741
f 6741 6744 6742
f 6745 6746 6743
f 6743 6746 6744
f 6747 6748 6745
f 6745 6748 6746
f 6749 6750 6747
f 6747 6750 6748
f 6752 6738 6751
f 6751 6738 6737
f 6754 6752 6753
f 6753 6752 6751
f 6756 6754 6755
f 6755 6754 6753
f 6758 6750 6757
f 6757 6750 6749
f 6760 6756 6759
f 6759 6756 6755
f 6762 6760 6761
f 6761 6760 6759
f 6764 6762 6763
f 6763 6762 6761
f 6757 6764 6758
f 6758 6764 6763
f 6766 6741 6765
f 6765 6741 6739
f 6767 6743 6766
f 6766 6743 6741
f 6768 6745 6767
f 6767 6745 6743
f 6769 6747 6768
f 6768 6747 6745
f 6770 6749 6769
f 6769 6749 6747
f 6772 6769 6771
f 6771 6769 6768
f 6773 6770 6772
f 6772 6770 6769
f 6774 6775 6772
f 6772 6775 6773
f 6777 6778 6776
f 6776 6778 6779
f 6775 6774 6778
f 6778 6774 6779
f 6771 6780 6772
f 6772 6780 6774
f 6780 6781 6774
f 6774 6781 6779
f 6781 6782 6779
f 6779 6782 6776
f 6784 6785 6783
f 6783 6785 6786
f 6786 6787 6783
f 6783 6787 6788
f 6790 6788 6789
f 6789 6788 6787
f 6786 6785 6791
f 6791 6785 6792
f 6791 6793 6786
f 6786 6793 6787
f 6793 6794 6787
f 6787 6794 6789
f 6795 6796 6794
f 6794 6796 6789
f 6790 6789 6797
f 6797 6789 6796
f 6798 6765 6738
f 6738 6765 6739
f 6799 6798 6752
f 6752 6798 6738
f 6767 6800 6768
f 6768 6800 6771
f 6766 6801 6767
f 6767 6801 6800
f 6802 6801 6765
f 6765 6801 6766
f 6798 6803 6765
f 6765 6803 6802
f 6804 6803 6799
f 6799 6803 6798
f 6805 6806 6804
f 6804 6806 6803
f 6807 6799 6754
f 6754 6799 6752
f 6808 6804 6807
f 6807 6804 6799
f 6809 6805 6808
f 6808 6805 6804
f 6810 6811 6805
f 6805 6811 6806
f 6812 6813 6810
f 6810 6813 6811
f 6814 6815 6796
f 6796 6815 6797
f 6813 6814 6816
f 6816 6814 6817
f 6816 6818 6813
f 6813 6818 6811
f 6819 6806 6818
f 6818 6806 6811
f 6802 6803 6819
f 6819 6803 6806
f 6757 6749 6820
f 6820 6749 6770
f 6820 6770 6821
f 6821 6770 6773
f 6821 6773 6822
f 6822 6773 6775
f 6822 6775 6823
f 6823 6775 6778
f 6824 6823 6777
f 6777 6823 6778
f 6784 6825 6777
f 6777 6825 6824
f 6826 6827 6788
f 6788 6827 6783
f 6828 6826 6790
f 6790 6826 6788
f 6829 6828 6797
f 6797 6828 6790
f 6815 6830 6797
f 6797 6830 6829
f 6832 6812 6831
f 6831 6812 6810
f 6831 6810 6809
f 6809 6810 6805
f 6736 6800 6735
f 6735 6800 6801
f 6733 6735 6802
f 6802 6735 6801
f 6734 6733 6819
f 6819 6733 6802
f 6833 6734 6818
f 6818 6734 6819
f 6834 6833 6816
f 6816 6833 6818
f 6816 6817 6834
f 6834 6817 6835
f 6837 6795 6836
f 6836 6795 6794
f 6836 6794 6731
f 6731 6794 6793
f 6732 6731 6791
f 6791 6731 6793
f 6791 6792 6732
f 6732 6792 6730
f 6729 6728 6781
f 6781 6728 6782
f 6838 6807 6756
f 6756 6807 6754
f 6839 6838 6760
f 6760 6838 6756
f 6840 6839 6762
f 6762 6839 6760
f 6841 6840 6764
f 6764 6840 6762
f 6820 6841 6757
f 6757 6841 6764
f 6841 6820 6842
f 6842 6820 6821
f 6840 6841 6843
f 6843 6841 6842
f 6839 6840 6844
f 6844 6840 6843
f 6838 6839 6845
f 6845 6839 6844
f 6807 6838 6808
f 6808 6838 6845
f 6842 6821 6846
f 6846 6821 6822
f 6843 6842 6847
f 6847 6842 6846
f 6844 6843 6848
f 6848 6843 6847
f 6845 6844 6849
f 6849 6844 6848
f 6808 6845 6809
f 6809 6845 6849
f 6850 6831 6849
f 6849 6831 6809
f 6851 6850 6848
f 6848 6850 6849
f 6847 6852 6848
f 6848 6852 6851
f 6853 6852 6846
f 6846 6852 6847
f 6846 6822 6853
f 6853 6822 6823
f 6853 6823 6854
f 6854 6823 6824
f 6854 6855 6853
f 6853 6855 6852
f 6856 6851 6855
f 6855 6851 6852
f 6856 6857 6851
f 6851 6857 6850
f 6857 6832 6850
f 6850 6832 6831
f 6825 6858 6824
f 6824 6858 6854
f 6860 6827 6859
f 6859 6827 6826
f 6859 6826 6861
f 6861 6826 6828
f 6862 6861 6829
f 6829 6861 6828
f 6830 6863 6829
f 6829 6863 6862
f 6863 6864 6862
f 6862 6864 6865
f 6858 6866 6854
f 6854 6866 6855
f 6867 6865 6866
f 6866 6865 6864
f 6869 6859 6868
f 6868 6859 6861
f 6867 6869 6865
f 6865 6869 6868
f 6861 6862 6868
f 6868 6862 6865
f 6867 6860 6869
f 6869 6860 6859
f 6753 6751 6698
f 6698 6751 6695
f 6697 6755 6698
f 6698 6755 6753
f 6759 6755 6702
f 6702 6755 6697
f 6761 6759 6708
f 6708 6759 6702
f 6763 6761 6712
f 6712 6761 6708
f 6758 6763 6717
f 6717 6763 6712
f 6750 6758 6716
f 6716 6758 6717
f 6719 6748 6716
f 6716 6748 6750
f 6714 6746 6719
f 6719 6746 6748
f 6705 6744 6714
f 6714 6744 6746
f 6704 6742 6705
f 6705 6742 6744
f 6740 6742 6693
f 6693 6742 6704
f 6737 6740 6692
f 6692 6740 6693
f 6751 6737 6695
f 6695 6737 6692
f 6601 6602 6836
f 6836 6602 6837
f 6604 6601 6731
f 6731 6601 6836
f 6599 6600 6834
f 6834 6600 6833
f 6834 6835 6599
f 6599 6835 6611
f 6600 6610 6833
f 6833 6610 6734
f 6780 6771 6870
f 6870 6771 6736
f 6736 6771 6800
f 6870 6729 6780
f 6780 6729 6781
f 6608 6729 6609
f 6609 6729 6870
f 6609 6870 6726
f 6726 6870 6736
f 5014 5015 5229
f 5229 5015 5230
f 4258 5015 4259
f 4259 5015 4878
f 3471 3013 4703
f 4703 3013 4704
f 2879 6337 1306
f 1306 6337 4785
f 829 3471 4316
f 4316 3471 4703
f 4702 3472 5223
f 5223 3472 1756
f 6871 6872 4534
f 4534 6872 4535
f 6871 4665 6872
f 6872 4665 4844
f 6871 6873 4665
f 4665 6873 4559
f 6871 4534 6873
f 6873 4534 4542
f 4153 4152 4822
f 4822 4152 4407
f 4152 4168 4407
f 4407 4168 4342
f 4343 4168 4923
f 4923 4168 4167
f 4363 4362 4972
f 4972 4362 4840
f 4362 4394 4840
f 4840 4394 4839
f 4401 4400 4986
f 4986 4400 4984
f 4435 4434 4841
f 4841 4434 4842
f 4506 4505 4530
f 4530 4505 4531
f 4506 4535 4507
f 4507 4535 4843
f 4661 4660 4516
f 4516 4660 4517
f 4673 4672 4937
f 4937 4672 6547
f 4400 4924 4984
f 4984 4924 5263
f 4673 4660 4674
f 4674 4660 4659
f 4505 4661 4531
f 4531 4661 4516
f 4952 4401 6874
f 6874 4401 4986
f 4954 4153 6875
f 6875 4153 4822
f 4363 4973 4364
f 4364 4973 4974
f 5264 4924 5267
f 5267 4924 4691
f 6293 6292 6876
f 6876 6292 6877
f 6380 4343 6387
f 6387 4343 4923
f 4394 4435 4839
f 4839 4435 4841
f 4672 4434 6547
f 6547 4434 4433
f 4973 6556 4974
f 4974 6556 6878
f 6567 6380 6574
f 6574 6380 6387
f 6292 4954 6877
f 6877 4954 6875
f 6567 5264 6568
f 6568 5264 5267
f 4145 4144 4154
f 4154 4144 4151
f 4194 4144 4425
f 4425 4144 4143
f 4355 4354 5263
f 5263 4354 4984
f 4360 4359 4364
f 4364 4359 4361
f 4444 4359 4392
f 4392 4359 4337
f 4447 4446 4432
f 4432 4446 4433
f 4464 4463 6547
f 6547 4463 4937
f 4519 4518 4654
f 4654 4518 4509
f 4533 4532 4499
f 4499 4532 4498
f 4533 4542 4530
f 4530 4542 4534
f 4519 4532 4516
f 4516 4532 4531
f 4922 4194 4426
f 4426 4194 4425
f 4463 4518 4937
f 4937 4518 4517
f 6555 4951 6874
f 6874 4951 6878
f 4958 4957 6290
f 6290 4957 6291
f 4334 4360 4712
f 4712 4360 4950
f 4985 4354 4419
f 4419 4354 4353
f 5262 4355 5265
f 5265 4355 5263
f 6294 4958 4804
f 4804 4958 6290
f 6386 4922 6384
f 6384 4922 4426
f 4444 4447 4393
f 4393 4447 4432
f 4464 4446 4465
f 4465 4446 4445
f 4985 6555 4986
f 4986 6555 6874
f 6573 6386 6571
f 6571 6386 6384
f 4145 6294 4146
f 4146 6294 4804
f 6573 5262 6574
f 6574 5262 5265
f 4542 4541 6873
f 6873 4541 4559
f 4535 6872 4843
f 4843 6872 4844
f 4104 4103 6879
f 6879 4103 6343
f 4105 6293 6307
f 6307 6293 6876
f 4104 4956 4105
f 4105 4956 6293
f 4956 4104 4957
f 4957 4104 6879
f 4957 6879 6291
f 6291 6879 6309
f 4648 4988 4649
f 4649 4988 4953
f 4802 4803 4928
f 4928 4803 6550
f 6550 4803 6555
f 6555 4803 4951
f 1516 3173 4987
f 4987 3173 5006
f 6519 6518 6558
f 6558 6518 6510
f 6527 6519 6559
f 6559 6519 6558
f 6528 6560 6529
f 6529 6560 6541
f 6548 4625 6549
f 6549 4625 4624
f 6551 6552 4746
f 4746 6552 6505
f 6553 4711 6554
f 6554 4711 4710
f 4802 6551 4713
f 4713 6551 4746
f 6556 4973 4649
f 4649 4973 4646
f 6557 4949 6548
f 6548 4949 4625
f 4648 4647 6553
f 6553 4647 4711
f 6549 4624 4987
f 4987 4624 4838
f 6552 6518 6505
f 6505 6518 6507
f 6561 4372 6529
f 6529 4372 6514
f 6562 4369 6561
f 6561 4369 4372
f 3142 3482 6562
f 6562 3482 4369
f 6556 4952 6878
f 6878 4952 6874
f 4951 4950 6878
f 6878 4950 4974
f 3168 440 3952
f 4204 4203 5341
f 5341 4203 6364
f 4219 4222 6429
f 6429 4222 4383
f 4319 4322 6506
f 6506 4322 4747
f 4340 4714 4341
f 4341 4714 4384
f 4375 4377 6388
f 6388 4377 6546
f 4378 4381 6311
f 6311 4381 4720
f 4449 4341 4387
f 4387 4341 4384
f 4473 4472 4477
f 4477 4472 4474
f 4492 4491 4487
f 4487 4491 4488
f 4523 4491 4522
f 4522 4491 4490
f 4492 4538 4493
f 4493 4538 4555
f 4538 4553 4555
f 4555 4553 4556
f 4620 4615 4621
f 4621 4615 4618
f 4652 4651 4368
f 4368 4651 4365
f 4523 4655 4524
f 4524 4655 4656
f 4553 4667 4556
f 4556 4667 4571
f 4651 1210 4365
f 4365 1210 1209
f 4698 4697 5223
f 5223 4697 6344
f 4340 4339 4322
f 4322 4339 4747
f 4726 4729 5287
f 5287 4729 4198
f 4381 4380 4737
f 4737 4380 6368
f 4836 4835 4451
f 4451 4835 4709
f 4910 6367 4911
f 4911 6367 6366
f 4912 4915 6450
f 6450 4915 6449
f 4927 4836 4450
f 4450 4836 4451
f 4930 4929 4439
f 4439 4929 4436
f 4936 4935 4459
f 4459 4935 4456
f 4473 4655 4470
f 4470 4655 4510
f 4942 4583 4943
f 4943 4583 4572
f 4948 4601 4947
f 4947 4601 4584
f 4949 4835 4625
f 4625 4835 4626
f 4966 4969 6289
f 6289 4969 4695
f 4971 4652 4926
f 4926 4652 4368
f 4203 4977 6364
f 6364 4977 6365
f 4990 4989 4443
f 4443 4989 4440
f 4990 4991 4478
f 4478 4991 4512
f 4992 4991 4528
f 4528 4991 4515
f 4992 4993 4527
f 4527 4993 4485
f 4994 4993 4502
f 4502 4993 4503
f 4994 4995 4482
f 4482 4995 4550
f 4543 4996 4544
f 4544 4996 4995
f 4999 4998 4567
f 4567 4998 4578
f 5000 4998 4575
f 4575 4998 4997
f 5002 5001 4592
f 4592 5001 4574
f 5003 5004 4614
f 4614 5004 4611
f 3483 4215 1755
f 1755 4215 4698
f 5274 5277 4195
f 4195 5277 4223
f 4726 5295 4727
f 4727 5295 6350
f 5309 5342 5310
f 5310 5342 6363
f 5315 5314 5316
f 5316 5314 5317
f 5339 6362 5340
f 5340 6362 5363
f 5310 6363 5339
f 5339 6363 6362
f 4204 5309 4201
f 4201 5309 5308
f 4915 5345 6449
f 6449 5345 6448
f 5345 5315 6448
f 6448 5315 5316
f 5348 5347 6351
f 6351 5347 6352
f 5365 4263 5340
f 5340 4263 4262
f 6295 6298 4733
f 4733 6298 4734
f 4969 6306 4695
f 4695 6306 4696
f 6306 4378 4696
f 4696 4378 6311
f 6369 6372 6544
f 6544 6372 6545
f 4375 6390 4373
f 4373 6390 4374
f 6421 6422 4911
f 4911 6422 4908
f 4910 4909 4737
f 4737 4909 4736
f 5277 4219 4223
f 4223 4219 6429
f 4697 4222 6344
f 6344 4222 4221
f 6436 6361 6437
f 6437 6361 6360
f 6438 6440 6437
f 6437 6440 6434
f 6438 6359 6441
f 6441 6359 6358
f 6442 6441 6357
f 6357 6441 6358
f 6442 6444 6443
f 6443 6444 6445
f 6446 6444 6355
f 6355 6444 6356
f 6446 4912 6447
f 6447 4912 6450
f 6436 6435 5365
f 5365 6435 4263
f 5314 5347 5317
f 5317 5347 5346
f 4319 6512 4320
f 4320 6512 6513
f 6520 6512 6521
f 6521 6512 6508
f 6528 6520 6527
f 6527 6520 6521
f 6532 6539 6533
f 6533 6539 6535
f 6533 6535 6537
f 6537 6535 6534
f 6538 6543 6537
f 6537 6543 6536
f 6295 4377 6296
f 6296 4377 4376
f 4989 4930 4440
f 4440 4930 4439
f 4927 4929 4422
f 4422 4929 4455
f 4449 4936 4388
f 4388 4936 4459
f 4472 4935 4474
f 4474 4935 4932
f 4942 4940 4947
f 4947 4940 4939
f 5001 5000 4574
f 4574 5000 4575
f 4669 4943 4666
f 4666 4943 4667
f 4996 4999 4547
f 4547 4999 4567
f 4948 4946 4620
f 4620 4946 4615
f 5003 5002 4591
f 4591 5002 4592
f 6557 4971 6554
f 6554 4971 4926
f 6532 6560 6539
f 6539 6560 6559
f 6390 6372 4374
f 4374 6372 6371
f 4966 6298 4967
f 4967 6298 6297
f 6538 6526 6369
f 6369 6526 6370
f 6585 6589 4621
f 4621 6589 4619
f 6597 6578 6598
f 6598 6578 6577
f 6606 6583 6607
f 6607 6583 6603
f 6611 6602 6598
f 6598 6602 6596
f 6585 6584 6606
f 6606 6584 6583
f 6597 6580 5004
f 5004 6580 4611
f 6607 6603 6730
f 6730 6603 6732
f 6776 6785 6777
f 6777 6785 6784
f 6785 6776 6792
f 6792 6776 6782
f 6815 6814 6812
f 6812 6814 6813
f 6817 6814 6795
f 6795 6814 6796
f 6825 6784 6827
f 6827 6784 6783
f 6830 6815 6832
f 6832 6815 6812
f 6817 6795 6835
f 6835 6795 6837
f 6792 6782 6730
f 6730 6782 6728
f 6858 6825 6860
f 6860 6825 6827
f 6863 6830 6857
f 6857 6830 6832
f 6864 6863 6856
f 6856 6863 6857
f 6866 6858 6867
f 6867 6858 6860
f 6866 6864 6855
f 6855 6864 6856
f 6835 6837 6611
f 6611 6837 6602
f 6560 6528 6559
f 6559 6528 6527
f 4949 6557 4710
f 4710 6557 6554
f 4430 4090 4175
f 4175 4090 4089
f 4777 4113 4155
f 4155 4113 4086
f 4175 4089 4176
f 4176 4089 4142
f 4199 4271 4200
f 4200 4271 4798
f 4199 4095 4272
f 4272 4095 5273
f 4406 4405 4404
f 4404 4405 4346
f 4410 4409 6877
f 6877 4409 6876
f 4409 4413 6876
f 6876 4413 6307
f 4415 4148 4416
f 4416 4148 4147
f 4690 4405 4344
f 4344 4405 4342
f 4693 4692 4352
f 4352 4692 4349
f 4701 4700 6337
f 6337 4700 6338
f 4778 4777 4081
f 4081 4777 4155
f 4821 4406 4809
f 4809 4406 4404
f 4176 4142 4181
f 4181 4142 4415
f 4760 4970 4399
f 4399 4970 4692
f 4200 5007 4096
f 4096 5007 4078
f 5266 4693 5269
f 5269 4693 4352
f 5270 5007 5361
f 5361 5007 4797
f 4778 5270 4779
f 4779 5270 5361
f 6285 4410 6875
f 6875 4410 6877
f 6308 4413 4687
f 4687 4413 4412
f 6480 6320 6481
f 6481 6320 6880
f 4701 2878 4702
f 4702 2878 3472
f 6339 6347 6340
f 6340 6347 6348
f 6341 6342 6346
f 6346 6342 6345
f 4416 6308 4414
f 4414 6308 4687
f 6385 4690 6381
f 6381 4690 4344
f 5282 6341 5280
f 5280 6341 6339
f 4700 6342 6338
f 6338 6342 5281
f 6340 6348 4272
f 4272 6348 4270
f 6480 6479 4828
f 4828 6479 4829
f 6490 6479 6489
f 6489 6479 6478
f 4090 4430 6490
f 6490 4430 4429
f 6563 6564 4970
f 4970 6564 4815
f 4694 6566 4366
f 4366 6566 6563
f 6572 6385 6568
f 6568 6385 6381
f 4821 6285 4822
f 4822 6285 6875
f 6572 5266 6569
f 6569 5266 5269
f 3482 3103 4369
f 4369 3103 4370
f 3121 4730 3485
f 3485 4730 4327
f 6277 6280 6273
f 6273 6280 6272
f 6267 6276 6278
f 6278 6276 6279
f 6278 6279 6277
f 6277 6279 6280
f 6279 6256 6280
f 6280 6256 6255
f 6256 3857 6255
f 6255 3857 3754
f 3857 3856 3754
f 3754 3856 3755
f 3856 3703 3755
f 3755 3703 3863
f 3703 3702 3863
f 3863 3702 3759
f 3702 3706 3759
f 3759 3706 3670
f 3706 3705 3670
f 3670 3705 3668
f 3705 3773 3668
f 3668 3773 3882
f 3882 3773 3883
f 3883 3773 3707
f 3707 3708 3883
f 3883 3708 3880
f 3708 3710 3880
f 3880 3710 3881
f 3709 5241 3710
f 3710 5241 3881
f 5241 3709 5234
f 5234 3709 3786
f 3693 3712 3786
f 3786 3712 5234
f 4051 4055 4052
f 4052 4055 4056
f 4056 4055 4057
f 4057 4055 4054
f 4066 5238 5236
f 5236 5238 3989
f 4066 4069 5238
f 5238 4069 4035
f 6881 3962 3960
f 3960 3962 3957
f 6883 4070 6882
f 6882 4070 3941
f 4070 6883 4071
f 4071 6883 6884
f 4071 6884 4072
f 4072 6884 6885
f 6885 6886 4072
f 4072 6886 4031
f 3955 6881 3956
f 3956 6881 3960
f 6884 3991 6885
f 6885 3991 3990
f 6883 6887 6884
f 6884 6887 3991
f 6887 6888 3991
f 3991 6888 3992
f 6888 6887 6889
f 6889 6887 6890
f 6887 6883 6890
f 6890 6883 6882
f 4058 5240 3953
f 3953 5240 3954
f 5236 6888 5239
f 5239 6888 6889
f 5237 6886 3990
f 3990 6886 6885
f 4034 4031 5237
f 5237 4031 6886
f 6881 6882 3962
f 3962 6882 3941
f 6881 3955 6882
f 6882 3955 6890
f 3955 3954 6890
f 6890 3954 6889
f 5239 6889 5240
f 5240 6889 3954
f 6888 5236 3992
f 3992 5236 3989
f 3869 3868 3888
f 3888 3868 4015
f 3868 4012 4015
f 4015 4012 4010
f 4012 4022 4010
f 4010 4022 4009
f 4022 4021 4009
f 4009 4021 4018
f 4020 3974 4001
f 4001 3974 3996
f 4021 4020 4029
f 4029 4020 4001
f 4085 4156 4086
f 4086 4156 4155
f 4113 4777 4114
f 4114 4777 4776
f 4130 4129 4094
f 4094 4129 4091
f 4139 4773 4140
f 4140 4773 4772
f 4149 4178 4150
f 4150 4178 5225
f 4160 4159 4087
f 4087 4159 4088
f 4149 4148 4179
f 4179 4148 4141
f 4085 4084 4183
f 4183 4084 6315
f 4179 4141 4159
f 4159 4141 4088
f 4192 4130 4162
f 4162 4130 4094
f 4197 5288 4198
f 4198 5288 5287
f 4229 4766 4230
f 4230 4766 4771
f 4245 4246 4242
f 4242 4246 4249
f 4183 6315 4418
f 4418 6315 6314
f 4679 4178 4680
f 4680 4178 4177
f 4724 4798 4725
f 4725 4798 4271
f 4728 5275 4729
f 4729 5275 5274
f 4230 4771 4249
f 4249 4771 4242
f 4724 4723 4799
f 4799 4723 5355
f 4823 4824 4891
f 4891 4824 6327
f 4823 4192 4161
f 4161 4192 4162
f 4893 4767 4229
f 4229 4767 4766
f 4894 4895 4898
f 4898 4895 4899
f 4106 4150 4103
f 4103 4150 5225
f 4680 4894 4677
f 4677 4894 4898
f 6420 4977 5301
f 5301 4977 4976
f 4679 4678 5226
f 5226 4678 4427
f 5228 5008 4893
f 4893 5008 4767
f 5285 6354 5286
f 5286 6354 5343
f 5289 5352 5290
f 5290 5352 5349
f 5290 5349 5295
f 5295 5349 5348
f 5302 5299 4202
f 4202 5299 4976
f 4725 4271 5311
f 5311 4271 4270
f 5325 4723 5326
f 5326 4723 4722
f 5335 5355 5325
f 5325 5355 4723
f 5326 4722 5286
f 5286 4722 5283
f 4799 5357 4797
f 4797 5357 5361
f 5359 5356 5335
f 5335 5356 5355
f 4775 4774 5356
f 5356 4774 5357
f 5359 5358 4092
f 4092 5358 4093
f 6316 4740 6317
f 6317 4740 4739
f 6318 4827 6316
f 6316 4827 4740
f 6319 4828 6318
f 6318 4828 4827
f 6320 6480 6319
f 6319 6480 4828
f 6484 6322 6485
f 6485 6322 6321
f 6487 6324 6331
f 6331 6324 6323
f 6331 6323 6330
f 6330 6323 6325
f 6325 6326 6330
f 6330 6326 6329
f 6326 6328 6329
f 6329 6328 5231
f 4824 4685 5228
f 5228 4685 5008
f 5226 6343 5225
f 5225 6343 4103
f 4728 4727 6349
f 6349 4727 5284
f 6350 6351 5285
f 5285 6351 6354
f 4247 4246 6418
f 6418 4246 6365
f 6400 6402 6401
f 6401 6402 6459
f 4197 4196 6409
f 6409 4196 6426
f 6412 4897 6328
f 6328 4897 5231
f 6413 4133 6412
f 6412 4133 4897
f 6414 4134 6413
f 6413 4134 4133
f 6415 4225 6414
f 6414 4225 4134
f 6416 4252 6415
f 6415 4252 4225
f 6417 4253 6416
f 6416 4253 4252
f 4253 6417 6366
f 6366 6417 6419
f 6366 6419 4911
f 4911 6419 6421
f 6422 6423 4908
f 4908 6423 5298
f 5298 6423 6396
f 6396 6423 6424
f 6409 6426 6425
f 6425 6426 6397
f 5300 5299 6399
f 6399 5299 6400
f 6465 6408 6401
f 6401 6408 6398
f 6424 6399 6425
f 6425 6399 6398
f 6349 5284 5311
f 5311 5284 5283
f 6465 6464 5289
f 5289 6464 5352
f 6488 6483 6492
f 6492 6483 6482
f 6486 6491 6482
f 6482 6491 6492
f 6491 4895 6492
f 6492 4895 4157
f 6488 4160 6489
f 6489 4160 4087
f 6501 6502 4418
f 4418 6502 4417
f 6504 6500 6317
f 6317 6500 6314
f 3497 3496 6501
f 6501 3496 6502
f 3499 3498 6504
f 6504 3498 6500
f 4729 5274 4198
f 4198 5274 4195
f 6418 6365 6420
f 6420 6365 4977
f 5295 5348 6350
f 6350 5348 6351
f 5301 6422 6420
f 6420 6422 6421
f 4113 4112 4086
f 4086 4112 4083
f 6320 4112 6880
f 6880 4112 4111
f 4091 4772 4092
f 4092 4772 4775
f 4129 4140 4091
f 4091 4140 4772
f 4137 4140 4128
f 4128 4140 4129
f 4128 6324 4137
f 4137 6324 6321
f 6324 6487 6321
f 6321 6487 6485
f 6487 6486 6485
f 6485 6486 6482
f 4774 4773 4779
f 4779 4773 4776
f 4773 4139 4776
f 4776 4139 4114
f 4139 4138 4114
f 4114 4138 4111
f 4138 6322 4111
f 4111 6322 6880
f 6322 6484 6880
f 6880 6484 6481
f 6484 6483 6481
f 6481 6483 6478
f 6879 6343 6309
f 6309 6343 4428
f 4106 4105 4900
f 4900 4105 6307
f 3500 3167 6495
f 6495 3167 6496
f 3500 6495 3070
f 3070 6495 5368
f 3502 5235 3501
f 3501 5235 4813
f 3024 3503 6473
f 6473 3503 6474
f 3503 3023 6474
f 6474 3023 6374
f 3504 1770 4348
f 4348 1770 4345
f 3502 3505 5235
f 5235 3505 4810
f 3498 3497 6500
f 6500 3497 6501
f 3496 3075 6502
f 6502 3075 6275
f 6299 4254 3174
f 3174 4254 3017
f 1769 3501 4814
f 4814 3501 4813
f 3506 3018 6476
f 6476 3018 4257
f 3507 3499 6499
f 6499 3499 6504
f 3030 4216 3483
f 3483 4216 4215
f 3077 3507 6333
f 6333 3507 6499
f 1784 3160 5249
f 5249 3160 6523
f 3015 3506 4240
f 4240 3506 6476
f 3508 3504 6383
f 6383 3504 4348
f 3509 3016 6477
f 6477 3016 4239
f 3028 3509 6467
f 6467 3509 6477
f 3022 1785 5246
f 5246 1785 5247
f 3161 3508 6570
f 6570 3508 6383
f 3150 3149 4694
f 4694 3149 6566
f 1327 4807 3510
f 3510 4807 4811
f 3510 4811 3505
f 3505 4811 4810
f 3146 3511 4816
f 4816 3511 4350
f 3511 1808 4350
f 4350 1808 4351
f 3485 4327 3159
f 3159 4327 4330
f 1326 3512 4806
f 4806 3512 6310
f 3512 1331 6310
f 6310 1331 4688
