v 0.046519 0.719517 0.061976
v 0.040773 0.706085 0.071325
v 0.051782 0.701092 0.063132
v 0.057788 0.710223 0.052414
v 0.048042 0.692680 0.070608
v 0.038035 0.694960 0.077071
v 0.058777 0.693358 0.054177
v 0.064308 0.698356 0.043081
v 0.065432 0.655666 0.049828
v 0.069784 0.649504 0.041158
v 0.069267 0.662053 0.040614
v 0.063764 0.664976 0.049012
v 0.064992 0.629143 0.051287
v 0.058987 0.621599 0.060992
v 0.061230 0.610951 0.052766
v 0.065945 0.618103 0.041925
v 0.025971 0.638944 0.081420
v 0.031443 0.632380 0.081488
v 0.035407 0.638969 0.079438
v 0.029280 0.644722 0.079239
v 0.016906 0.649721 0.085757
v 0.018083 0.654565 0.081544
v 0.013246 0.659236 0.085942
v 0.012910 0.653895 0.091308
v 0.020590 0.633592 0.082501
v 0.026351 0.626763 0.082196
v 0.021415 0.644846 0.082079
v 0.019305 0.640724 0.084954
v 0.016432 0.636538 0.096397
v 0.017845 0.640983 0.094109
v 0.014507 0.643283 0.100582
v 0.013355 0.637725 0.100978
v 0.019253 0.634065 0.087243
v 0.019711 0.637541 0.089560
v 0.017341 0.634181 0.092489
v 0.015941 0.631372 0.089704
v 0.016149 0.645695 0.089415
v 0.013270 0.648966 0.095978
v 0.009352 0.651564 0.102618
v 0.010305 0.644120 0.107498
v 0.042302 0.617951 0.077437
v 0.037263 0.625424 0.080380
v 0.032058 0.620536 0.081504
v 0.036814 0.614608 0.079548
v 0.017016 0.627840 0.086816
v 0.020644 0.612068 0.089733
v 0.020955 0.616028 0.089193
v 0.014967 0.617529 0.093012
v 0.015285 0.613778 0.093373
v 0.047398 0.602325 0.070605
v 0.041512 0.601861 0.075335
v 0.041880 0.594662 0.073821
v 0.047270 0.593557 0.068007
v 0.039583 0.588688 0.073852
v 0.045731 0.585177 0.066394
v 0.036265 0.570975 0.069186
v 0.041233 0.577285 0.067455
v 0.035525 0.583192 0.075326
v 0.030153 0.578539 0.079233
v 0.018378 0.584311 0.087319
v 0.012571 0.583415 0.090356
v 0.017123 0.571014 0.090031
v 0.023502 0.574026 0.085252
v 0.020073 0.605422 0.086320
v 0.023921 0.605024 0.083541
v 0.024333 0.606941 0.085564
v 0.020332 0.608479 0.088721
v 0.027585 0.604560 0.081505
v 0.029236 0.604249 0.080778
v 0.029067 0.605767 0.081893
v 0.027508 0.605320 0.082035
v 0.025591 0.604986 0.082635
v 0.024450 0.603141 0.083264
v 0.026646 0.603809 0.082041
v 0.020985 0.602729 0.086217
v 0.008708 0.601815 0.094685
v 0.012424 0.601965 0.093185
v 0.011022 0.606192 0.091583
v 0.007863 0.606365 0.092728
v 0.027476 0.607781 0.083472
v 0.029923 0.609455 0.082766
v 0.026324 0.612694 0.085664
v 0.025061 0.609743 0.085687
v 0.032651 0.611450 0.081822
v 0.031325 0.606909 0.080937
v 0.034479 0.607655 0.079830
v 0.028546 0.602496 0.080879
v 0.031262 0.600678 0.079452
v 0.031960 0.603526 0.080161
v 0.029113 0.597578 0.080357
v 0.026096 0.600769 0.082215
v 0.022657 0.599331 0.085281
v 0.018305 0.598184 0.089289
v 0.020564 0.593045 0.086726
v 0.025427 0.594978 0.083109
v 0.028285 0.616489 0.083992
v 0.036090 0.602692 0.078134
v 0.039569 0.608952 0.077168
v 0.035849 0.597794 0.077554
v 0.033676 0.593303 0.077960
v 0.029569 0.589555 0.080049
v 0.024185 0.586568 0.083720
v 0.019545 0.560671 0.079804
v 0.027624 0.565151 0.075180
v 0.036078 0.686909 0.076222
v 0.044632 0.685625 0.073107
v 0.045230 0.677004 0.069893
v 0.046955 0.679373 0.069190
v 0.041799 0.681291 0.072332
v 0.041282 0.678199 0.072364
v 0.058054 0.667616 0.054671
v 0.053447 0.670015 0.059327
v 0.053778 0.666012 0.058436
v 0.059725 0.660911 0.055038
v 0.046580 0.659445 0.066835
v 0.050734 0.660254 0.063234
v 0.047059 0.667185 0.065115
v 0.044203 0.666654 0.067880
v 0.040523 0.666499 0.069994
v 0.036297 0.666783 0.071246
v 0.036669 0.661310 0.071541
v 0.041679 0.660056 0.069748
v 0.035241 0.682414 0.073687
v 0.028046 0.681732 0.073644
v 0.029458 0.678573 0.073131
v 0.035636 0.679026 0.073805
v 0.019363 0.671361 0.069196
v 0.020511 0.673988 0.069874
v 0.017124 0.675565 0.071160
v 0.016252 0.671001 0.070779
v 0.018545 0.667994 0.071178
v 0.020630 0.669757 0.069764
v 0.037762 0.741165 0.057030
v 0.033144 0.724985 0.069239
v 0.053391 0.731690 0.047067
v 0.063725 0.719253 0.038244
v 0.070490 0.703582 0.030260
v 0.054470 0.605534 0.062810
v 0.055413 0.595718 0.057857
v 0.062636 0.601032 0.044839
v 0.060722 0.590144 0.041330
v 0.053321 0.585036 0.055594
v 0.039888 0.566252 0.055891
v 0.048250 0.574640 0.055004
v 0.055813 0.579384 0.037361
v 0.062858 0.589510 0.020073
v 0.065883 0.598060 0.026839
v 0.066250 0.603121 0.005585
v 0.058517 0.580657 0.010136
v 0.063642 0.600715 -0.002753
v 0.043157 0.547253 0.017951
v 0.044717 0.536542 0.014738
v 0.055792 0.542062 0.000746
v 0.055127 0.552556 0.003908
v 0.067225 0.607437 0.033326
v 0.070872 0.671902 0.031223
v 0.066503 0.673425 0.042323
v 0.073246 0.657884 0.029661
v 0.073478 0.728142 0.003885
v 0.069467 0.725815 0.022157
v 0.075649 0.709061 0.017434
v 0.079544 0.713000 0.001170
v 0.045485 0.763134 0.007342
v 0.043827 0.754400 0.034588
v 0.057302 0.742768 0.028889
v 0.060175 0.749001 0.006576
v 0.081398 0.712704 -0.013085
v 0.081999 0.710664 -0.031328
v 0.077279 0.725146 -0.040225
v 0.075300 0.729746 -0.018226
v 0.065125 0.743537 -0.049545
v 0.063383 0.749512 -0.022729
v 0.061887 0.586402 -0.011137
v 0.062781 0.604441 -0.015574
v 0.054408 0.565415 0.008370
v 0.060866 0.571048 -0.009309
v 0.046887 0.757627 -0.056369
v 0.045512 0.765268 -0.024975
v 0.070568 0.680883 -0.075844
v 0.073246 0.699878 -0.070273
v 0.079856 0.689617 -0.053114
v 0.077012 0.673321 -0.060463
v 0.059271 0.688387 -0.091964
v 0.063051 0.710479 -0.086110
v 0.057869 0.625741 -0.068984
v 0.050527 0.610548 -0.060149
v 0.042394 0.610569 -0.072878
v 0.048225 0.626217 -0.083423
v 0.054920 0.688112 0.063442
v 0.050750 0.682767 0.068226
v 0.054526 0.678931 0.062820
v 0.058840 0.681934 0.056622
v 0.063110 0.684103 0.047081
v 0.068065 0.685740 0.035731
v 0.077365 0.694221 0.012238
v 0.080814 0.699622 -0.002036
v 0.083316 0.697451 -0.027100
v 0.082772 0.699419 -0.013025
v 0.081571 0.677825 -0.043633
v 0.079458 0.667658 -0.048261
v 0.062347 0.612820 -0.032241
v 0.059256 0.591992 -0.028541
v 0.052794 0.594501 -0.042866
v 0.056772 0.611976 -0.047173
v 0.037427 0.594704 -0.064286
v 0.045304 0.595309 -0.054298
v 0.058104 0.561336 -0.027849
v 0.058417 0.549122 -0.031207
v 0.053439 0.552481 -0.046798
v 0.052160 0.563534 -0.042635
v 0.045463 0.552449 -0.059267
v 0.035317 0.552118 -0.067999
v 0.035251 0.564934 -0.064597
v 0.043915 0.565293 -0.055157
v 0.021364 0.529002 0.031464
v 0.022040 0.520117 0.027609
v 0.034195 0.522978 0.021401
v 0.032011 0.532429 0.024409
v 0.059865 0.539523 -0.036127
v 0.055548 0.544136 -0.051898
v 0.063580 0.626322 -0.053199
v 0.067613 0.628637 -0.042001
v 0.048173 0.543470 -0.064773
v 0.044036 0.579101 -0.052651
v 0.051928 0.577150 -0.041480
v 0.027836 0.595252 -0.072785
v 0.032033 0.609752 -0.083039
v 0.023526 0.649731 0.079366
v 0.026586 0.664434 0.072082
v 0.027234 0.668209 0.071338
v 0.023343 0.669008 0.070590
v 0.022133 0.666000 0.071642
v 0.014779 0.707323 0.081484
v 0.013508 0.689937 0.083278
v 0.026362 0.694134 0.081780
v 0.027931 0.708069 0.077757
v 0.054190 0.634913 0.069028
v 0.044858 0.641296 0.074868
v 0.041975 0.632322 0.078187
v 0.048132 0.624416 0.074209
v 0.050685 0.671552 0.062380
v 0.052270 0.673774 0.062107
v 0.049708 0.673589 0.064654
v 0.045098 0.610712 0.074224
v 0.051954 0.615061 0.068710
v 0.072560 0.642947 0.030322
v 0.061298 0.674286 0.051289
v 0.023904 0.773663 0.009702
v 0.023641 0.762899 0.040956
v 0.025665 0.768542 -0.059501
v 0.024899 0.775265 -0.025843
v 0.045279 0.718257 -0.097937
v 0.042153 0.695240 -0.104400
v 0.023743 0.697813 -0.112595
v 0.023251 0.726627 -0.103791
v 0.035895 0.626298 -0.094764
v 0.025060 0.551458 -0.073161
v 0.024603 0.565988 -0.070848
v 0.021981 0.744948 0.061301
v 0.018151 0.725700 0.074471
v 0.072998 0.689373 0.023224
v 0.064952 0.646816 0.053953
v 0.060125 0.654684 0.058329
v 0.057747 0.650784 0.063073
v 0.062222 0.640316 0.059464
v 0.067871 0.637606 0.045397
v 0.069486 0.628808 0.033574
v 0.071176 0.620065 0.019820
v 0.068780 0.609034 0.012498
v 0.081075 0.703591 -0.045998
v 0.074863 0.716110 -0.059924
v 0.063765 0.729907 -0.071944
v 0.047199 0.741685 -0.081337
v 0.082435 0.693251 -0.039720
v 0.024948 0.749593 -0.086289
v 0.014250 0.622039 0.091694
v 0.021239 0.621647 0.086720
v 0.012557 0.626250 0.091237
v 0.013641 0.597298 0.092371
v 0.009421 0.596877 0.094038
v 0.010257 0.591247 0.090998
v 0.015206 0.591863 0.089493
v 0.020004 0.555669 0.064420
v 0.029652 0.559968 0.059870
v 0.021048 0.537659 0.036482
v 0.030954 0.541571 0.028761
v 0.012315 0.635155 0.095056
v 0.010649 0.635466 0.095409
v 0.010440 0.634311 0.093258
v 0.012543 0.634248 0.092926
v 0.026096 0.606214 0.083591
v 0.010442 0.613975 0.095608
v 0.007305 0.613735 0.096244
v 0.007553 0.610061 0.094823
v 0.010723 0.610179 0.094153
v 0.045813 0.567061 0.034052
v 0.043076 0.557741 0.023487
v 0.059589 0.544371 -0.013707
v 0.059971 0.556872 -0.011044
v 0.058437 0.575155 -0.026711
v 0.035174 0.580925 -0.062897
v 0.026055 0.580304 -0.070412
v 0.002095 0.582626 -0.077209
v 0.001945 0.595836 -0.082084
v 0.015265 0.595558 -0.078966
v 0.013814 0.581925 -0.075330
v 0.031547 0.556018 0.044968
v 0.021098 0.551520 0.050999
v 0.021439 0.545950 0.042226
v 0.031225 0.550328 0.034853
v 0.006910 0.632211 0.096573
v 0.005586 0.631256 0.098268
v 0.006094 0.628909 0.095490
v 0.007871 0.631018 0.094612
v 0.013400 0.632251 0.091150
v 0.011112 0.631189 0.091394
v 0.011565 0.629241 0.091298
v 0.013830 0.635034 0.095702
v 0.014294 0.633638 0.092959
v 0.009032 0.636055 0.100526
v 0.011910 0.635818 0.098810
v 0.009145 0.636358 0.105555
v 0.008462 0.633261 0.095009
v 0.009045 0.631962 0.093418
v 0.012256 0.633199 0.091646
v 0.010576 0.632845 0.091894
v 0.009289 0.635957 0.098383
v 0.011164 0.635640 0.097066
v 0.008854 0.657620 0.096861
v 0.002783 0.658744 0.099409
v 0.002780 0.652188 0.105375
v 0.002858 0.644436 0.110569
v 0.002893 0.636183 0.108777
v 0.012714 0.543569 0.045877
v 0.012352 0.535465 0.040353
v 0.001790 0.724837 0.075884
v 0.002007 0.705497 0.082016
v 0.026828 0.604919 0.081943
v 0.027123 0.685825 0.076467
v 0.051689 0.649287 0.068677
v 0.030742 0.650735 0.076229
v 0.037255 0.646403 0.076084
v 0.037172 0.654090 0.073285
v 0.031172 0.656909 0.073723
v 0.018128 0.682833 0.076757
v 0.009520 0.679250 0.082248
v 0.013059 0.677251 0.075662
v 0.012468 0.670595 0.075561
v 0.009675 0.670199 0.083946
v 0.013882 0.663150 0.080197
v 0.015479 0.665460 0.074361
v 0.047837 0.675456 0.067184
v 0.050161 0.676917 0.065704
v 0.018991 0.658471 0.077341
v 0.024636 0.654529 0.076147
v 0.025476 0.659465 0.073525
v 0.020181 0.662045 0.073580
v 0.043978 0.651228 0.071845
v 0.056551 0.673896 0.057957
v 0.053093 0.662560 0.060128
v 0.070512 0.635144 -0.033517
v 0.066542 0.624180 -0.026673
v 0.073664 0.614656 -0.006364
v 0.071098 0.610945 -0.003573
v 0.066185 0.613464 -0.008146
v 0.071430 0.616855 -0.011117
v 0.082046 0.667924 -0.025988
v 0.082000 0.675015 -0.029555
v 0.082144 0.676279 -0.022358
v 0.081439 0.668822 -0.023230
v 0.081273 0.672266 -0.017123
v 0.081257 0.675317 -0.014605
v 0.080387 0.667507 -0.013339
v 0.080606 0.667747 -0.016701
v 0.082267 0.686651 -0.013764
v 0.080272 0.684586 -0.003768
v 0.078968 0.672866 -0.006937
v 0.074272 0.670613 0.016300
v 0.074955 0.658828 0.004267
v 0.076343 0.667409 -0.000933
v 0.076995 0.679549 0.006347
v 0.071881 0.615970 0.000793
v 0.071935 0.623472 0.004334
v 0.065088 0.616780 -0.016926
v 0.005002 0.706073 -0.115711
v 0.003826 0.734179 -0.105836
v 0.068157 0.661945 -0.077882
v 0.056019 0.666484 -0.092698
v 0.073652 0.657775 -0.062325
v 0.076089 0.655394 -0.049021
v 0.042245 0.671530 -0.105515
v 0.025785 0.672897 -0.113792
v 0.075152 0.652675 0.017525
v 0.074085 0.646746 0.006023
v 0.062826 0.643201 -0.075011
v 0.051925 0.645818 -0.089886
v 0.069352 0.641667 -0.059657
v 0.072640 0.642412 -0.047122
v 0.038912 0.649510 -0.102580
v 0.019284 0.626338 -0.101352
v 0.020853 0.647479 -0.110078
v 0.075200 0.625703 -0.007188
v 0.073657 0.624333 -0.002649
v 0.073225 0.618172 -0.003886
v 0.076489 0.619994 -0.005538
v 0.073856 0.637140 0.017712
v 0.073668 0.634682 0.005494
v 0.009286 0.663677 0.091234
v 0.002875 0.672223 0.088342
v 0.002948 0.665378 0.093872
v 0.002777 0.680189 0.084547
v 0.001749 0.778975 -0.022177
v 0.001578 0.776998 0.011755
v 0.001774 0.757925 -0.085239
v 0.001696 0.773065 -0.055868
v 0.007791 0.583207 0.092151
v 0.010395 0.569619 0.092625
v 0.009379 0.622018 0.094361
v 0.006387 0.621328 0.094976
v 0.006925 0.617436 0.095884
v 0.010036 0.617987 0.095258
v 0.021465 0.679352 0.072418
v 0.017755 0.609563 -0.089967
v 0.012858 0.566882 -0.074214
v 0.013262 0.552235 -0.076318
v 0.037789 0.541681 -0.073808
v 0.026216 0.540382 -0.079230
v 0.005979 0.625200 0.094773
v 0.008692 0.625793 0.093802
v 0.008496 0.635224 0.096935
v 0.015269 0.609765 0.092135
v 0.008501 0.628681 0.093487
v 0.009192 0.630758 0.093133
v 0.004083 0.628329 0.096158
v 0.004403 0.624815 0.094907
v 0.031517 0.662865 0.072300
v 0.031761 0.667471 0.071674
v 0.006375 0.633209 0.101898
v 0.007099 0.634205 0.099202
v 0.003031 0.632205 0.102613
v 0.046892 0.526482 0.011552
v 0.056736 0.530953 -0.002848
v 0.005179 0.613540 0.096331
v 0.005333 0.609792 0.095057
v 0.001973 0.765118 0.043276
v 0.000714 0.623925 -0.101750
v 0.001297 0.644296 -0.110899
v 0.075481 0.651431 -0.003176
v 0.077138 0.647342 -0.007992
v 0.078192 0.654694 -0.010555
v 0.076738 0.659271 -0.005818
v 0.012282 0.526984 0.035284
v 0.060513 0.534762 -0.019478
v 0.013508 0.540015 -0.082435
v 0.050470 0.669729 0.061954
v 0.049274 0.668226 0.063047
v 0.024108 0.676792 0.071412
v 0.004215 0.672924 -0.115013
v 0.016767 0.602243 0.090263
v 0.015157 0.605970 0.089489
v 0.001508 0.567908 -0.075364
v 0.012502 0.549074 0.054180
v 0.004087 0.630705 0.099115
v 0.001698 0.608879 -0.091134
v 0.080601 0.661029 -0.018792
v 0.082108 0.659554 -0.015558
v 0.081663 0.656226 -0.015796
v 0.080233 0.656890 -0.017105
v 0.083112 0.662847 -0.011640
v 0.084143 0.659455 -0.013336
v 0.085829 0.662380 -0.014511
v 0.084775 0.666109 -0.013427
v 0.078872 0.664609 -0.009250
v 0.080834 0.659132 -0.010663
v 0.086960 0.664376 -0.016391
v 0.087144 0.667172 -0.015315
v 0.084601 0.668813 -0.016531
v 0.081163 0.668670 -0.019980
v 0.089588 0.667844 -0.018852
v 0.086073 0.669963 -0.020845
v 0.092377 0.666883 -0.023774
v 0.087799 0.669325 -0.026079
v 0.093710 0.663658 -0.029431
v 0.088183 0.665430 -0.031677
v 0.075113 0.631643 -0.002249
v 0.075475 0.632163 -0.009076
v 0.094192 0.658098 -0.032812
v 0.087736 0.658830 -0.034785
v 0.093456 0.650937 -0.034363
v 0.087568 0.651051 -0.036042
v 0.091878 0.643435 -0.033561
v 0.087046 0.642264 -0.035081
v 0.090385 0.636257 -0.031349
v 0.085451 0.634903 -0.032735
v 0.088230 0.629511 -0.026959
v 0.083204 0.625848 -0.028222
v 0.088799 0.664952 -0.024758
v 0.089997 0.661654 -0.028624
v 0.080177 0.663854 -0.027697
v 0.087581 0.666033 -0.020102
v 0.080080 0.650886 -0.022221
v 0.078269 0.653546 -0.022873
v 0.079061 0.651842 -0.022130
v 0.078102 0.650353 -0.024414
v 0.076683 0.639513 -0.007842
v 0.077757 0.639570 -0.011638
v 0.077873 0.645212 -0.011515
v 0.076381 0.635239 -0.012107
v 0.075309 0.636775 -0.013296
v 0.074884 0.640470 -0.013057
v 0.074375 0.645175 -0.013415
v 0.075632 0.635232 -0.015345
v 0.077133 0.633382 -0.014406
v 0.074590 0.636525 -0.015690
v 0.074148 0.637390 -0.014613
v 0.073268 0.639830 -0.015507
v 0.073887 0.643335 -0.018000
v 0.075593 0.641620 -0.001904
v 0.075116 0.638507 -0.026917
v 0.072347 0.629523 -0.023178
v 0.085201 0.624572 -0.021030
v 0.081949 0.618407 -0.021225
v 0.079720 0.616433 -0.007937
v 0.081486 0.614202 -0.013814
v 0.078913 0.658408 -0.029461
v 0.078698 0.651977 -0.030993
v 0.071099 0.622992 -0.016710
v 0.077788 0.645368 -0.030838
v 0.086282 0.633755 -0.025832
v 0.083208 0.630474 -0.021807
v 0.088535 0.638633 -0.029154
v 0.077925 0.630019 -0.012678
v 0.079091 0.623717 -0.010616
v 0.082496 0.622984 -0.015409
v 0.080067 0.629201 -0.017465
v 0.084813 0.637161 -0.023695
v 0.081408 0.634754 -0.021315
v 0.081748 0.640132 -0.023681
v 0.078505 0.638029 -0.021556
v 0.076686 0.635993 -0.018202
v 0.078569 0.633447 -0.017997
v 0.074666 0.640626 -0.021921
v 0.078084 0.643731 -0.023814
v 0.074284 0.637869 -0.018002
v 0.084390 0.643118 -0.024511
v 0.086481 0.646895 -0.025378
v 0.084321 0.649616 -0.022878
v 0.081328 0.646498 -0.023701
v 0.089246 0.644501 -0.031443
v 0.088964 0.645246 -0.027885
v 0.087119 0.640768 -0.026188
v 0.089484 0.650716 -0.028967
v 0.089859 0.651097 -0.032270
v 0.087651 0.650919 -0.026422
v 0.086108 0.652129 -0.024366
v 0.089027 0.659707 -0.026532
v 0.089606 0.655704 -0.028394
v 0.090546 0.657181 -0.031228
v 0.088239 0.654597 -0.025901
v 0.087514 0.657778 -0.024738
v 0.086069 0.656108 -0.023784
v 0.086882 0.654353 -0.024908
v 0.084804 0.663974 -0.017765
v 0.083450 0.662400 -0.016038
v 0.086021 0.663945 -0.020602
v 0.083793 0.664581 -0.019850
v 0.084517 0.661790 -0.020690
v 0.082356 0.663577 -0.019444
v 0.083483 0.659833 -0.019949
v 0.081560 0.657003 -0.019521
v 0.025250 0.499569 0.023262
v 0.023500 0.510023 0.024797
v 0.012189 0.507695 0.027963
v 0.012698 0.497870 0.025072
v 0.084883 0.657808 -0.021683
v 0.086002 0.660019 -0.022847
v 0.087572 0.662647 -0.023979
v 0.082571 0.653282 -0.021543
v 0.084014 0.652369 -0.022205
v 0.084942 0.653995 -0.022725
v 0.083406 0.655449 -0.021263
v 0.077847 0.649599 -0.012557
v 0.076316 0.648044 -0.016019
v 0.076674 0.645661 -0.019970
v 0.059582 0.489046 0.005996
v 0.073982 0.497613 -0.006828
v 0.068236 0.503968 -0.009765
v 0.055153 0.497081 0.002878
v 0.070319 0.467921 0.023427
v 0.072246 0.450590 0.034915
v 0.091605 0.455509 0.028357
v 0.092343 0.476914 0.008858
v 0.090527 0.437189 0.043175
v 0.072598 0.433206 0.046656
v 0.086221 0.386619 0.077159
v 0.087691 0.402594 0.066035
v 0.070696 0.401388 0.069666
v 0.069691 0.385587 0.080759
v 0.109287 0.306934 0.108514
v 0.097351 0.308630 0.113325
v 0.090248 0.291827 0.112695
v 0.103486 0.287837 0.106354
v 0.152850 0.407414 0.040267
v 0.161349 0.396006 0.037167
v 0.164646 0.413826 0.031119
v 0.155423 0.425733 0.032411
v 0.107111 0.515187 -0.037300
v 0.097264 0.517233 -0.040269
v 0.091424 0.502499 -0.019846
v 0.101840 0.499335 -0.014287
v 0.149563 0.322725 0.057394
v 0.144503 0.332434 0.067089
v 0.141776 0.319761 0.074443
v 0.146003 0.309680 0.066038
v 0.123199 0.227006 0.060231
v 0.108726 0.226053 0.075844
v 0.108408 0.205801 0.077732
v 0.123425 0.206495 0.061050
v 0.157610 0.250258 -0.007007
v 0.156022 0.231620 -0.006928
v 0.155381 0.232017 -0.034101
v 0.157237 0.249100 -0.034638
v 0.114921 0.386298 0.068445
v 0.117433 0.402611 0.058073
v 0.103422 0.402986 0.062241
v 0.101436 0.387026 0.072987
v 0.269225 0.303240 -0.007731
v 0.255331 0.323882 -0.005373
v 0.242938 0.313129 -0.004365
v 0.256591 0.293203 -0.007200
v 0.153005 0.137974 0.010076
v 0.154464 0.120683 0.013470
v 0.155124 0.124771 -0.013676
v 0.152906 0.141845 -0.015857
v 0.211561 0.436846 0.001296
v 0.220185 0.450280 -0.016386
v 0.210748 0.466480 -0.016467
v 0.202822 0.452311 0.002691
v 0.152700 0.369948 0.045833
v 0.157079 0.382037 0.041612
v 0.149497 0.391872 0.046433
v 0.145735 0.377726 0.052210
v 0.165169 0.281092 -0.040236
v 0.168160 0.297598 -0.044430
v 0.167860 0.299645 -0.022900
v 0.165680 0.283107 -0.016283
v 0.162300 0.266381 -0.011085
v 0.161393 0.264791 -0.036711
v 0.137139 0.381758 0.057857
v 0.139926 0.398415 0.049765
v 0.129729 0.401052 0.053706
v 0.126837 0.384429 0.063380
v 0.081473 0.276385 0.108351
v 0.097519 0.271603 0.099932
v 0.146665 0.115666 0.039373
v 0.146281 0.133536 0.035511
v 0.133876 0.128725 0.057283
v 0.133588 0.110450 0.061339
v 0.092103 0.244202 0.086621
v 0.107587 0.243940 0.075429
v 0.108531 0.258101 0.082216
v 0.093415 0.258786 0.091749
v 0.116589 0.106471 0.079956
v 0.117352 0.124763 0.075634
v 0.099115 0.122148 0.091960
v 0.098572 0.101808 0.096987
v 0.089332 0.419621 0.055066
v 0.072036 0.417108 0.058336
v 0.128156 0.307213 0.093617
v 0.119770 0.306494 0.101540
v 0.115438 0.287137 0.098639
v 0.125500 0.288759 0.090576
v 0.168343 0.365404 0.017744
v 0.173183 0.375076 0.013939
v 0.172401 0.397042 0.025782
v 0.167090 0.381068 0.030043
v 0.158292 0.107940 -0.011408
v 0.156796 0.103743 0.016452
v 0.117427 0.087000 0.083038
v 0.099139 0.081579 0.099937
v 0.179896 0.359036 -0.056642
v 0.180311 0.362139 -0.042845
v 0.177955 0.355881 -0.039934
v 0.178712 0.353267 -0.054343
v 0.057665 0.310875 0.117647
v 0.066626 0.289177 0.115272
v 0.079295 0.302898 0.117013
v 0.072749 0.320302 0.116735
v 0.122739 0.272725 0.082089
v 0.111203 0.270901 0.091017
v 0.121637 0.260242 0.072078
v 0.041364 0.300627 0.114449
v 0.052031 0.273447 0.109293
v 0.053862 0.413387 0.061062
v 0.053129 0.398752 0.072562
v 0.053930 0.429458 0.050580
v 0.052678 0.445789 0.040693
v 0.034010 0.442473 0.044812
v 0.035119 0.425788 0.053934
v 0.050426 0.461781 0.031547
v 0.031972 0.457853 0.036472
v 0.042931 0.483091 0.015998
v 0.040221 0.492395 0.013794
v 0.162328 0.369627 0.033364
v 0.157682 0.359043 0.036938
v 0.134625 0.092327 0.064287
v 0.116238 0.441661 -0.129233
v 0.133733 0.447050 -0.122487
v 0.131214 0.428856 -0.127348
v 0.113964 0.422564 -0.133762
v 0.116163 0.501680 -0.010661
v 0.117662 0.516296 -0.035698
v 0.170540 0.375784 -0.101801
v 0.169935 0.366676 -0.097239
v 0.165346 0.359492 -0.100863
v 0.165361 0.370998 -0.106150
v 0.178017 0.360247 -0.078925
v 0.177121 0.365009 -0.086448
v 0.178455 0.359171 -0.089132
v 0.178637 0.353992 -0.082010
v 0.149523 0.128356 -0.038346
v 0.146537 0.145380 -0.040879
v 0.131594 0.262056 -0.099836
v 0.139379 0.278881 -0.098930
v 0.149863 0.271478 -0.081248
v 0.143785 0.254762 -0.081060
v 0.018958 0.411158 -0.133215
v 0.037473 0.414575 -0.137211
v 0.037155 0.398696 -0.139506
v 0.018673 0.395468 -0.135080
v 0.078205 0.444120 -0.135054
v 0.057509 0.436209 -0.136740
v 0.056877 0.451398 -0.132501
v 0.078367 0.460638 -0.129848
v 0.097013 0.434511 -0.135565
v 0.095762 0.415354 -0.139645
v 0.161834 0.283091 -0.061943
v 0.165603 0.298854 -0.063791
v 0.169146 0.320403 -0.065763
v 0.170683 0.328417 -0.065907
v 0.172354 0.328460 -0.050322
v 0.171068 0.320441 -0.049440
v 0.088453 0.520848 -0.043177
v 0.097480 0.523915 -0.063680
v 0.086958 0.526996 -0.066466
v 0.052131 0.501404 -0.110123
v 0.062750 0.506619 -0.105622
v 0.065842 0.501152 -0.109748
v 0.051961 0.494888 -0.114543
v 0.041725 0.326297 -0.142887
v 0.044512 0.303744 -0.138873
v 0.021505 0.304473 -0.136847
v 0.020309 0.325752 -0.140934
v 0.170180 0.337830 -0.078052
v 0.167786 0.342736 -0.087432
v 0.171210 0.350136 -0.085791
v 0.172873 0.344242 -0.077554
v 0.165033 0.335722 -0.089139
v 0.167868 0.330851 -0.078619
v 0.165757 0.322892 -0.079309
v 0.161509 0.327835 -0.090856
v 0.147110 0.294751 -0.096890
v 0.153694 0.308979 -0.094295
v 0.160327 0.303380 -0.079869
v 0.155949 0.287912 -0.080747
v 0.022612 0.235030 -0.120874
v 0.022371 0.257836 -0.127443
v 0.043011 0.256039 -0.128998
v 0.042316 0.232579 -0.123403
v 0.183204 0.365622 -0.018302
v 0.184451 0.354691 -0.023081
v 0.186117 0.361767 -0.006930
v 0.183928 0.370427 -0.002642
v 0.189507 0.369743 -0.101986
v 0.192919 0.375730 -0.103939
v 0.199882 0.369447 -0.104333
v 0.196188 0.364372 -0.103183
v 0.186378 0.332891 -0.041117
v 0.192093 0.316650 -0.044503
v 0.195011 0.323628 -0.029038
v 0.187809 0.340440 -0.026121
v 0.128467 0.518353 -0.063156
v 0.117707 0.520063 -0.062838
v 0.129266 0.517917 -0.034277
v 0.180510 0.340617 -0.063772
v 0.179194 0.342371 -0.075692
v 0.183250 0.330943 -0.080133
v 0.182605 0.328038 -0.068244
v 0.281062 0.312877 -0.015532
v 0.267040 0.333781 -0.014006
v 0.200183 0.297791 -0.061470
v 0.189732 0.313019 -0.058863
v 0.189855 0.313336 -0.072058
v 0.202682 0.298613 -0.074872
v 0.138964 0.238167 -0.080682
v 0.124928 0.244891 -0.098938
v 0.123022 0.133028 -0.076998
v 0.119267 0.151590 -0.079786
v 0.134508 0.148852 -0.062525
v 0.138340 0.131095 -0.059864
v 0.152477 0.111047 -0.036942
v 0.125923 0.114187 -0.075068
v 0.141311 0.113155 -0.058231
v 0.068667 0.532891 -0.062445
v 0.077667 0.529983 -0.065722
v 0.066902 0.527071 -0.082952
v 0.059633 0.532030 -0.077615
v 0.177043 -0.001695 -0.039322
v 0.181163 -0.004294 -0.008023
v 0.182425 -0.030980 -0.013759
v 0.176548 -0.029739 -0.044505
v 0.035234 0.514202 -0.100639
v 0.031501 0.522966 -0.093708
v 0.046225 0.527559 -0.087442
v 0.052197 0.520516 -0.093733
v 0.175485 0.024995 -0.036149
v 0.178717 0.020670 -0.006561
v 0.071496 0.526905 -0.042818
v 0.080278 0.523723 -0.043907
v 0.069180 0.518227 -0.025604
v 0.077079 0.513120 -0.025899
v 0.062285 0.511558 -0.009837
v 0.178985 -0.011950 0.019009
v 0.182845 -0.039057 0.016210
v 0.052686 0.536759 -0.071358
v 0.041142 0.533673 -0.081011
v 0.028608 0.531586 -0.086828
v 0.014589 0.530298 -0.089436
v -0.000153 0.529820 -0.090321
v 0.000013 0.539699 -0.083641
v 0.162081 0.091477 -0.009533
v 0.157366 0.094304 -0.036594
v 0.123066 -0.134200 -0.113055
v 0.124353 -0.150955 -0.102084
v 0.092876 -0.150322 -0.111120
v 0.095617 -0.136972 -0.120847
v 0.028359 -0.123228 -0.125468
v 0.064087 -0.133233 -0.125457
v 0.058774 -0.144957 -0.112857
v 0.024257 -0.134760 -0.110775
v 0.036755 -0.004200 -0.142763
v 0.037254 0.017407 -0.136332
v 0.066275 0.017382 -0.135462
v 0.066278 -0.004102 -0.142593
v 0.146082 0.095777 -0.058863
v 0.130753 0.096267 -0.076354
v 0.159275 0.086932 0.018586
v 0.181351 -0.176992 0.028246
v 0.178157 -0.212369 0.025060
v 0.181117 -0.206216 -0.014125
v 0.186865 -0.170401 -0.012498
v 0.147960 -0.199498 -0.073991
v 0.117002 -0.197494 -0.089408
v 0.121180 -0.172561 -0.094931
v 0.152938 -0.170700 -0.078039
v 0.079981 0.077247 0.115267
v 0.079991 0.055810 0.115670
v 0.099372 0.061431 0.100854
v 0.019821 0.067050 0.138138
v 0.018616 0.044902 0.137947
v 0.039248 0.047683 0.134608
v 0.041337 0.070135 0.134746
v 0.025759 -0.069931 0.115195
v 0.030383 -0.045539 0.118308
v 0.014096 -0.047367 0.121258
v 0.012432 -0.070290 0.117276
v 0.170105 -0.020370 0.043905
v 0.165687 0.003112 0.045645
v 0.148166 -0.005775 0.066615
v 0.151374 -0.028631 0.065982
v 0.052493 -0.156004 -0.097533
v 0.022081 -0.143654 -0.092368
v 0.163410 -0.180043 0.065624
v 0.162145 -0.216388 0.062383
v 0.134488 -0.219219 0.089982
v 0.136226 -0.184045 0.092396
v 0.103275 -0.185701 0.103166
v 0.100715 -0.218269 0.099987
v 0.011468 -0.143223 0.061361
v 0.010928 -0.151708 0.059809
v 0.026976 -0.137231 0.084213
v 0.022926 -0.124894 0.087359
v 0.031446 -0.090971 -0.142422
v 0.063723 -0.096391 -0.143483
v 0.064071 -0.115593 -0.136231
v 0.030495 -0.109070 -0.134907
v 0.112358 0.095813 -0.089522
v 0.107928 0.114669 -0.087467
v 0.088813 0.114912 -0.095658
v 0.086016 0.135956 -0.096805
v 0.105242 0.134599 -0.089116
v 0.088518 0.264105 -0.123367
v 0.096592 0.282677 -0.126829
v 0.115759 0.270711 -0.114643
v 0.108153 0.253650 -0.112797
v 0.057303 0.419987 -0.140580
v 0.056549 0.402997 -0.143399
v 0.081187 -0.189494 -0.095329
v 0.083431 -0.220157 -0.089433
v 0.048873 -0.213673 -0.083121
v 0.039625 -0.174673 -0.084922
v 0.143322 -0.229593 -0.070870
v 0.171018 -0.200801 -0.048782
v 0.164050 -0.233218 -0.048442
v 0.173193 -0.246204 0.023192
v 0.174933 -0.239720 -0.015284
v 0.130645 -0.252925 0.086942
v 0.097003 -0.250638 0.095186
v 0.016399 -0.212134 0.058672
v 0.015754 -0.236296 0.048468
v 0.036120 -0.241403 0.070516
v 0.038174 -0.215278 0.079142
v 0.064132 -0.070609 0.101173
v 0.072950 -0.093819 0.100837
v 0.101764 -0.074441 0.094511
v 0.099186 -0.051452 0.093434
v 0.042520 0.093058 0.133229
v 0.024767 0.089319 0.136622
v 0.079857 0.098829 0.112726
v 0.060750 0.096140 0.125517
v 0.060426 0.073364 0.127325
v 0.048062 0.186089 0.121541
v 0.045039 0.163723 0.125418
v 0.066339 0.163681 0.115302
v 0.070090 0.185517 0.111531
v 0.072952 0.207498 0.106548
v 0.050813 0.208339 0.116023
v 0.051353 0.250961 0.102522
v 0.073323 0.246657 0.095717
v 0.074652 0.262746 0.101185
v 0.035333 0.409757 0.063953
v 0.035163 0.394787 0.074321
v 0.173869 -0.046277 0.043295
v 0.010854 -0.181944 -0.057002
v 0.019316 -0.213489 -0.062891
v 0.004202 -0.218463 -0.034531
v 0.001013 -0.192052 -0.025618
v 0.175207 0.011994 0.020818
v 0.148307 0.098272 0.042323
v 0.149906 0.080837 0.044113
v 0.150243 0.255442 0.024535
v 0.149037 0.232614 0.020000
v 0.087951 0.313082 0.115664
v 0.086295 0.325970 0.113843
v 0.177265 -0.167650 -0.050198
v 0.125877 -0.283965 0.081933
v 0.092934 -0.281957 0.088507
v 0.088124 -0.312064 0.080945
v 0.120271 -0.313583 0.075871
v 0.007215 -0.258644 0.012581
v 0.011853 -0.288193 0.002294
v 0.019243 -0.292019 0.027463
v 0.016679 -0.263434 0.037642
v 0.016104 -0.318122 -0.005378
v 0.018913 -0.346953 -0.012896
v 0.022383 -0.352165 0.010664
v 0.021634 -0.322710 0.019668
v 0.158069 -0.251331 0.060670
v 0.160612 -0.307696 0.022175
v 0.166729 -0.277761 0.023835
v 0.152161 -0.282601 0.057545
v 0.146689 -0.312667 0.053913
v 0.115403 -0.226308 -0.084385
v 0.003396 -0.208241 0.034619
v 0.004475 -0.231134 0.023821
v 0.019612 -0.282943 -0.046637
v 0.011557 -0.250696 -0.041382
v 0.028234 -0.248580 -0.066236
v 0.036199 -0.281320 -0.068947
v 0.139705 -0.288315 -0.066911
v 0.140913 -0.259390 -0.068320
v 0.159832 -0.263912 -0.044979
v 0.156642 -0.293332 -0.043595
v 0.168412 -0.270634 -0.012579
v 0.162838 -0.300410 -0.012077
v 0.149384 -0.365132 0.019105
v 0.154666 -0.336779 0.020619
v 0.140149 -0.341707 0.050303
v 0.133668 -0.369486 0.046557
v 0.153638 -0.357666 -0.013256
v 0.157933 -0.328918 -0.012578
v 0.150664 -0.349964 -0.041694
v 0.153600 -0.321685 -0.042614
v 0.136593 -0.344009 -0.062666
v 0.138579 -0.316146 -0.065048
v 0.117500 -0.339992 -0.077061
v 0.117088 -0.312734 -0.079851
v 0.091703 -0.310534 -0.085444
v 0.094653 -0.337875 -0.082702
v 0.071071 -0.337046 -0.080377
v 0.065869 -0.309412 -0.082099
v 0.032421 -0.340411 -0.055581
v 0.026662 -0.312692 -0.051142
v 0.042760 -0.310464 -0.070755
v 0.048946 -0.338082 -0.071790
v 0.054415 -0.447883 -0.071730
v 0.047349 -0.419742 -0.069223
v 0.066361 -0.417486 -0.074877
v 0.072425 -0.445309 -0.075229
v 0.089537 -0.443217 -0.080012
v 0.084746 -0.416349 -0.077230
v 0.102565 -0.416322 -0.078219
v 0.107450 -0.442665 -0.080636
v 0.132843 -0.422668 -0.057197
v 0.136272 -0.449239 -0.058530
v 0.123719 -0.444489 -0.073828
v 0.119485 -0.418067 -0.071844
v 0.146912 -0.428941 -0.039120
v 0.147697 -0.455037 -0.039697
v 0.147918 -0.436619 -0.014214
v 0.144850 -0.462342 -0.014985
v 0.134217 -0.443471 0.012403
v 0.132269 -0.468615 0.010788
v 0.024372 -0.434151 -0.019024
v 0.023347 -0.428677 -0.038623
v 0.029432 -0.455749 -0.046149
v 0.028249 -0.461446 -0.026355
v 0.050499 -0.444117 0.021705
v 0.053036 -0.470052 0.010532
v 0.067921 -0.471672 0.032523
v 0.067854 -0.446242 0.043429
v 0.144324 -0.392330 0.017393
v 0.149959 -0.384561 -0.013673
v 0.147677 -0.376936 -0.040618
v 0.133951 -0.370674 -0.059847
v 0.037468 -0.366866 -0.060401
v 0.055169 -0.364482 -0.073123
v 0.022992 -0.380502 0.001142
v 0.020259 -0.374864 -0.020950
v 0.097049 -0.423296 0.054983
v 0.122616 -0.422376 0.040682
v 0.127542 -0.396158 0.043381
v 0.101837 -0.396856 0.057866
v 0.149052 -0.410702 -0.013882
v 0.146264 -0.402888 -0.039677
v 0.132330 -0.396547 -0.057438
v 0.099631 -0.390341 -0.077763
v 0.117804 -0.392143 -0.071689
v 0.080495 -0.390043 -0.077095
v 0.042247 -0.392835 -0.065036
v 0.060792 -0.390662 -0.074289
v 0.023993 -0.407913 -0.009059
v 0.021385 -0.401991 -0.029710
v 0.093515 -0.472760 0.041990
v 0.118360 -0.472113 0.032278
v 0.119555 -0.447694 0.037144
v 0.094534 -0.449177 0.051011
v 0.093251 -0.494493 0.029969
v 0.071877 -0.493927 0.021246
v 0.112450 -0.470471 -0.083124
v 0.095015 -0.470759 -0.084354
v 0.128171 -0.472452 -0.076039
v 0.143712 -0.488954 -0.014324
v 0.149224 -0.481464 -0.040723
v 0.130009 -0.494861 0.009596
v 0.114274 -0.493934 0.025666
v 0.044579 -0.512225 -0.054339
v 0.042735 -0.515977 -0.036190
v 0.035801 -0.487162 -0.031636
v 0.038631 -0.483199 -0.049836
v 0.065008 -0.505979 -0.081573
v 0.062111 -0.476561 -0.071797
v 0.078200 -0.473622 -0.078383
v 0.080945 -0.502314 -0.091603
v 0.118495 -0.499900 -0.092021
v 0.099802 -0.499990 -0.095139
v 0.135597 -0.500698 -0.083242
v 0.150911 -0.510139 -0.041589
v 0.149079 -0.503912 -0.066187
v 0.142279 -0.475772 -0.062032
v 0.144775 -0.517063 -0.011754
v 0.124064 -0.553338 0.006072
v 0.147094 -0.547145 -0.011709
v 0.122250 -0.523282 0.008632
v 0.099418 -0.652016 -0.007683
v 0.099581 -0.686764 -0.013269
v 0.121377 -0.684255 -0.012961
v 0.124246 -0.649806 -0.006801
v 0.045126 -0.543029 -0.061310
v 0.045223 -0.545616 -0.040635
v 0.083261 -0.533212 -0.102392
v 0.065003 -0.536962 -0.092390
v 0.159999 -0.571448 -0.046422
v 0.158396 -0.566321 -0.073534
v 0.154845 -0.534260 -0.069253
v 0.156143 -0.540110 -0.042553
v 0.045278 -0.643598 -0.054010
v 0.042307 -0.610283 -0.050221
v 0.042986 -0.608093 -0.072542
v 0.045967 -0.641819 -0.074588
v 0.082407 -0.566265 -0.109919
v 0.082815 -0.600227 -0.114150
v 0.064222 -0.603023 -0.104475
v 0.063635 -0.569704 -0.099656
v 0.156699 -0.640958 -0.051670
v 0.155866 -0.637599 -0.076940
v 0.159013 -0.600801 -0.076456
v 0.160167 -0.605150 -0.049302
v 0.125588 -0.583635 0.002961
v 0.126691 -0.616030 -0.001912
v 0.149458 -0.610301 -0.020702
v 0.149611 -0.577949 -0.016086
v 0.098472 -0.585822 0.002386
v 0.099831 -0.617913 -0.002006
v 0.060049 -0.714872 -0.073568
v 0.059131 -0.718643 -0.056970
v 0.052389 -0.680377 -0.055820
v 0.053533 -0.677362 -0.074098
v 0.085272 -0.635671 -0.113487
v 0.088030 -0.672898 -0.108658
v 0.071827 -0.674252 -0.100611
v 0.066703 -0.637868 -0.104956
v 0.145533 -0.717362 -0.055573
v 0.143472 -0.715072 -0.076398
v 0.150320 -0.676182 -0.076745
v 0.151551 -0.678481 -0.054197
v 0.118916 -0.721769 -0.019525
v 0.138261 -0.719697 -0.033212
v 0.142875 -0.681211 -0.028079
v 0.099064 -0.723592 -0.019100
v 0.098525 -0.760136 -0.023166
v 0.115222 -0.758674 -0.023355
v 0.064873 -0.751251 -0.072825
v 0.065631 -0.754039 -0.057448
v 0.076375 -0.748186 -0.093949
v 0.075508 -0.711750 -0.096652
v 0.089423 -0.710064 -0.104088
v 0.089017 -0.746147 -0.101258
v 0.123077 -0.712968 -0.101374
v 0.119901 -0.748751 -0.097713
v 0.104710 -0.746412 -0.102679
v 0.106475 -0.710577 -0.105982
v 0.136256 -0.750572 -0.075317
v 0.129438 -0.749623 -0.088740
v 0.135679 -0.713671 -0.091679
v 0.139448 -0.752648 -0.056259
v 0.132435 -0.756161 -0.035453
v 0.001559 -0.157321 -0.031717
v 0.006825 -0.162645 -0.044820
v 0.000029 -0.175907 -0.013821
v -0.001921 -0.168138 -0.000851
v 0.035573 -0.299865 0.052388
v 0.035851 -0.269614 0.061799
v 0.034097 -0.358736 0.033526
v 0.035519 -0.330301 0.043922
v 0.034350 -0.386640 0.023218
v 0.035128 -0.440858 0.001485
v 0.035096 -0.413794 0.012269
v 0.037614 -0.466773 -0.007756
v 0.044043 -0.493040 -0.013697
v 0.050343 -0.520859 -0.016730
v 0.054744 -0.579220 -0.024018
v 0.054797 -0.549001 -0.020568
v 0.043643 -0.577476 -0.045538
v 0.056261 -0.646550 -0.032032
v 0.054396 -0.611886 -0.027835
v 0.066955 -0.722079 -0.039997
v 0.061083 -0.684058 -0.036086
v 0.073230 -0.757204 -0.042302
v 0.072928 -0.161268 0.101478
v 0.075438 -0.137252 0.102279
v 0.047596 -0.150220 0.096064
v 0.044192 -0.168797 0.091746
v 0.002355 -0.150790 0.026471
v 0.000457 -0.154695 0.023919
v 0.004115 -0.155573 0.040792
v 0.005567 -0.150254 0.042097
v 0.139394 -0.418039 0.015064
v 0.117570 -0.366400 -0.073917
v 0.076153 -0.363690 -0.078413
v 0.097226 -0.364242 -0.079497
v 0.048397 -0.419026 0.034440
v 0.070098 -0.421439 0.051102
v 0.073635 -0.395538 0.057552
v 0.051102 -0.392161 0.043548
v 0.096802 -0.557995 0.006217
v 0.073096 -0.554027 -0.004239
v 0.075025 -0.583336 -0.008958
v 0.096008 -0.532992 0.011418
v 0.142490 -0.530603 -0.089538
v 0.124689 -0.529715 -0.101133
v 0.105281 -0.563208 -0.113101
v 0.104216 -0.530720 -0.105015
v 0.127557 -0.561918 -0.108722
v 0.055643 -0.337882 0.063046
v 0.052609 -0.365217 0.053237
v 0.078338 -0.368751 0.064647
v 0.082682 -0.341090 0.072866
v 0.115162 0.170254 -0.082329
v 0.129974 0.166661 -0.065735
v 0.142235 0.285402 0.063027
v 0.133197 0.277455 0.072870
v 0.133895 0.264500 0.060143
v 0.145011 0.272482 0.046932
v 0.152654 0.284271 0.037108
v 0.149034 0.296559 0.054118
v 0.157410 0.298334 0.028783
v 0.153294 0.310236 0.045378
v 0.169332 0.355780 0.001619
v 0.173262 0.362412 -0.001454
v 0.028170 0.250196 0.106298
v 0.027968 0.229339 0.113793
v 0.051853 0.229927 0.109246
v 0.059506 0.051221 0.127449
v 0.071826 -0.038439 0.105188
v 0.049254 -0.042975 0.112601
v 0.042025 -0.070537 0.110021
v 0.008725 -0.129036 0.084482
v 0.001809 -0.138068 0.067882
v 0.001438 -0.147371 0.043958
v 0.000853 -0.149391 0.026485
v 0.062361 0.228014 -0.121130
v 0.063779 0.251399 -0.126224
v 0.019101 0.425770 -0.130889
v 0.037866 0.429846 -0.134153
v 0.036898 0.457700 -0.127581
v 0.018929 0.452914 -0.124932
v 0.018180 0.464852 -0.121608
v 0.035518 0.469665 -0.123849
v 0.015657 0.520450 -0.096687
v 0.017430 0.509971 -0.103564
v -0.001021 -0.150650 0.005461
v -0.001732 -0.152454 -0.004140
v -0.001352 -0.158389 0.019159
v 0.018083 -0.191351 0.067585
v 0.020696 -0.175065 0.074929
v 0.005589 -0.177271 0.052721
v 0.003946 -0.190429 0.044863
v 0.189943 -0.134666 -0.007283
v 0.182355 -0.141010 0.033021
v 0.086737 -0.167431 -0.101258
v 0.232888 0.267234 -0.076931
v 0.217469 0.283427 -0.076298
v 0.224676 0.287214 -0.087938
v 0.240530 0.271161 -0.087324
v 0.064986 0.327251 -0.142891
v 0.073132 0.300782 -0.136285
v 0.083716 0.508247 -0.023866
v 0.157944 0.514590 -0.028149
v 0.142519 0.517495 -0.031754
v 0.143635 0.504407 -0.005840
v 0.156435 0.501923 -0.002639
v 0.150452 0.467259 -0.108217
v 0.136378 0.465427 -0.114610
v 0.138581 0.484197 -0.102679
v 0.152170 0.484002 -0.095635
v 0.065187 -0.027371 -0.148141
v 0.035191 -0.026754 -0.147410
v 0.042193 0.162850 -0.106590
v 0.041374 0.185588 -0.111707
v 0.061178 0.181513 -0.110165
v 0.062996 0.159575 -0.105380
v 0.095862 0.314311 -0.135085
v 0.110689 0.298445 -0.125399
v 0.037071 0.326484 0.111980
v 0.053816 0.333141 0.113008
v 0.052523 0.351831 0.104379
v 0.035487 0.347367 0.104608
v 0.225007 0.326233 -0.101600
v 0.217310 0.311081 -0.096750
v 0.200449 0.324750 -0.094342
v 0.204967 0.334929 -0.099642
v 0.155197 -0.143427 -0.085029
v 0.180883 -0.127869 -0.052721
v 0.143777 0.198348 -0.054280
v 0.141189 0.180295 -0.049266
v 0.128734 0.184490 -0.070578
v 0.131912 0.202491 -0.076598
v 0.152383 0.250737 -0.059256
v 0.149168 0.234158 -0.058905
v 0.157208 0.266706 -0.060431
v 0.178611 0.358117 -0.069653
v 0.177117 0.353726 -0.067452
v 0.175612 0.357078 -0.077059
v 0.041001 -0.190024 0.086394
v 0.048377 -0.116260 0.098240
v 0.041661 -0.102384 0.100903
v 0.000328 -0.147532 0.010900
v 0.000572 -0.147268 0.012106
v 0.058494 0.521239 -0.007092
v 0.063049 0.525801 -0.023468
v 0.184425 0.328512 -0.055070
v 0.182366 0.342527 -0.050879
v 0.174039 0.335689 -0.051114
v 0.176639 0.342563 -0.052608
v 0.175851 0.346270 -0.036190
v 0.173284 0.339448 -0.033873
v 0.172738 0.335211 -0.065845
v 0.175404 0.341813 -0.066496
v 0.143077 0.415218 0.042047
v 0.144662 0.433211 0.033109
v 0.133277 0.437349 0.034195
v 0.131684 0.419080 0.044190
v 0.119555 0.420551 0.047606
v 0.121064 0.438590 0.035989
v 0.107196 0.438759 0.038941
v 0.105467 0.420460 0.051151
v 0.080913 0.490207 -0.000448
v 0.065302 0.481372 0.014246
v 0.046702 0.474374 0.023232
v 0.029675 0.470433 0.029075
v 0.018983 0.499104 -0.109172
v 0.040220 0.503832 -0.108115
v 0.035449 0.491623 -0.114736
v 0.018190 0.487777 -0.113866
v 0.001434 0.484863 -0.112479
v 0.001396 0.496658 -0.108267
v 0.051944 0.506869 0.004026
v 0.038753 0.502776 0.015833
v 0.026210 0.489330 0.021989
v 0.290391 0.318625 -0.028781
v 0.276599 0.339197 -0.028458
v 0.060397 0.537289 -0.057278
v 0.064063 0.532408 -0.040174
v 0.295403 0.320956 -0.045734
v 0.281803 0.341892 -0.045898
v 0.127827 0.481384 0.010140
v 0.141117 0.482774 0.011300
v 0.130283 0.504121 -0.008424
v 0.049425 0.516945 0.007508
v 0.036892 0.512923 0.018709
v 0.189504 -0.099034 0.001560
v 0.180142 -0.105532 0.037187
v 0.151557 0.155538 0.005860
v 0.146124 0.151672 0.030907
v 0.001960 0.185446 0.126645
v 0.000720 0.163770 0.130849
v 0.022800 0.163313 0.130311
v 0.025204 0.186121 0.126236
v 0.003668 0.248071 0.107101
v 0.003356 0.227888 0.114127
v 0.012129 0.517508 0.031198
v 0.041668 0.117078 0.130547
v 0.042600 0.141020 0.128109
v 0.020806 0.139523 0.132468
v 0.019499 0.112999 0.134338
v 0.010717 0.087134 0.136877
v 0.009254 0.075314 0.137960
v 0.020946 -0.089223 0.110895
v 0.010945 -0.089046 0.112407
v 0.222756 0.377945 0.002895
v 0.234229 0.390291 -0.007293
v 0.225887 0.407080 -0.004033
v 0.215304 0.392996 0.005765
v 0.080629 0.120729 0.108284
v 0.061357 0.119467 0.122014
v 0.163943 0.356243 0.020582
v 0.165557 0.346980 0.004056
v 0.027332 0.270780 0.107637
v 0.070021 0.338270 0.111199
v 0.069224 0.354792 0.102481
v 0.085161 0.341429 0.107737
v 0.084937 0.356590 0.098940
v 0.000272 -0.141396 -0.004056
v -0.000154 -0.147655 0.002625
v 0.219409 0.399473 -0.097468
v 0.215244 0.391381 -0.101346
v 0.206685 0.399997 -0.103433
v 0.211535 0.409053 -0.099588
v -0.000892 -0.201916 0.006163
v -0.001036 -0.185903 0.017093
v 0.016366 -0.148228 -0.069993
v 0.003828 -0.146047 -0.054560
v 0.001435 -0.140037 -0.058543
v 0.000918 -0.133570 -0.072127
v 0.064039 -0.247570 0.087738
v 0.067309 -0.216597 0.094637
v 0.061022 -0.278285 0.079927
v 0.058292 -0.308757 0.071728
v 0.058616 -0.495453 0.002889
v 0.069593 -0.523922 0.002449
v 0.076088 -0.615679 -0.013542
v 0.077225 -0.649908 -0.018287
v 0.079278 -0.686509 -0.023158
v 0.084634 -0.759555 -0.030122
v 0.081735 -0.724332 -0.027705
v 0.294334 0.318586 -0.062098
v 0.289790 0.312527 -0.076314
v 0.275192 0.333273 -0.079244
v 0.280133 0.340906 -0.064166
v 0.201993 0.300682 -0.046898
v 0.214567 0.284854 -0.048613
v 0.218129 0.289296 -0.033666
v 0.205720 0.306517 -0.031473
v 0.227793 0.267897 -0.050584
v 0.214134 0.282749 -0.063146
v 0.228648 0.266394 -0.064410
v 0.250480 0.278818 -0.094681
v 0.234562 0.294633 -0.096013
v 0.244807 0.305773 -0.099487
v 0.261428 0.287919 -0.097562
v 0.282169 0.305166 -0.087674
v 0.272283 0.296479 -0.095184
v 0.257333 0.315492 -0.097109
v 0.267616 0.324258 -0.089919
v 0.245252 0.284293 -0.012413
v 0.232167 0.303729 -0.009823
v 0.223729 0.295759 -0.020076
v 0.236273 0.276915 -0.022380
v 0.243546 0.399515 -0.023062
v 0.235318 0.418005 -0.019640
v 0.176313 0.379718 0.008012
v 0.180068 0.379054 0.001726
v 0.184974 0.387345 0.014730
v 0.179465 0.393518 0.018340
v 0.253665 0.354045 -0.011798
v 0.263768 0.360129 -0.027390
v 0.252473 0.380432 -0.025257
v 0.242785 0.372772 -0.009473
v 0.219280 0.322455 -0.006546
v 0.206673 0.340177 -0.002065
v 0.199575 0.331673 -0.013823
v 0.211238 0.314050 -0.017462
v 0.194068 0.317452 -0.084064
v 0.208541 0.302794 -0.087063
v 0.203685 0.378609 0.010113
v 0.210004 0.365354 0.006595
v 0.160312 0.346844 0.023759
v 0.171611 0.332201 -0.032087
v 0.170435 0.323627 -0.030496
v 0.133770 0.292748 0.082278
v 0.134675 0.308563 0.085728
v 0.164585 0.304790 -0.000393
v 0.162501 0.288909 0.007636
v 0.139152 0.309818 0.079028
v 0.140636 0.299182 0.074200
v 0.092936 0.226477 0.089483
v 0.027371 0.479618 0.023490
v 0.217796 0.350564 0.002689
v 0.230886 0.361781 0.000140
v 0.191889 0.343759 -0.096709
v 0.187274 0.336475 -0.090025
v 0.180031 0.346879 -0.085521
v 0.182539 0.352366 -0.092892
v 0.127841 0.338425 -0.125282
v 0.136581 0.326679 -0.116662
v 0.124508 0.312889 -0.121635
v 0.113271 0.326430 -0.131007
v 0.229909 0.408108 -0.085579
v 0.222235 0.420971 -0.086196
v 0.228792 0.424676 -0.074725
v 0.236892 0.409111 -0.075126
v 0.234803 0.426127 -0.059288
v 0.239231 0.424181 -0.040082
v 0.247267 0.405094 -0.042059
v 0.243405 0.408001 -0.060537
v 0.184682 -0.061440 -0.021413
v 0.176407 -0.057644 -0.051763
v 0.117887 0.067307 0.084081
v 0.135529 0.073627 0.065581
v 0.099587 -0.027554 0.095533
v 0.008665 -0.159641 0.059185
v 0.025722 -0.149530 0.083335
v 0.000770 -0.225270 -0.004423
v 0.185766 -0.066410 0.008328
v 0.012250 -0.285272 -0.022189
v 0.005724 -0.254491 -0.013882
v 0.061159 -0.280894 -0.082750
v 0.055468 -0.249166 -0.082887
v 0.086043 -0.252397 -0.087723
v 0.088729 -0.282335 -0.087061
v 0.115774 -0.255847 -0.082650
v 0.116204 -0.285003 -0.081766
v 0.107959 -0.369330 0.062924
v 0.105804 -0.598199 -0.116927
v 0.127188 -0.634955 -0.110300
v 0.106368 -0.635024 -0.115643
v 0.128086 -0.596956 -0.111893
v 0.145908 -0.562916 -0.095040
v 0.146543 -0.597816 -0.097678
v 0.146422 -0.644812 -0.023500
v 0.107056 -0.672614 -0.110901
v 0.125572 -0.674041 -0.105757
v 0.144689 -0.635328 -0.096852
v 0.140834 -0.674452 -0.094287
v -0.000681 -0.175297 0.026926
v 0.001222 -0.130500 -0.087592
v 0.160673 -0.113771 0.069667
v 0.162782 -0.145259 0.067525
v 0.075837 -0.115417 0.101616
v 0.103937 -0.100178 0.098027
v 0.119221 0.143458 0.071352
v 0.101288 0.141896 0.087572
v 0.122333 0.185097 0.063336
v 0.121006 0.163570 0.067074
v 0.135455 0.167044 0.048281
v 0.136363 0.187515 0.044493
v 0.151601 0.192504 -0.002834
v 0.150394 0.173738 0.001275
v 0.148845 0.176674 -0.024652
v 0.150687 0.195070 -0.029307
v 0.142454 0.162623 -0.044489
v 0.150300 0.158899 -0.020043
v 0.080161 0.199607 -0.109403
v 0.081599 0.221866 -0.115244
v 0.099584 0.215007 -0.106463
v 0.097937 0.194467 -0.100105
v 0.031663 -0.093340 0.106048
v 0.001682 -0.161091 0.038148
v 0.070266 -0.187579 0.099177
v 0.104533 -0.154890 0.103253
v 0.136360 -0.151150 0.092124
v 0.183938 0.347474 -0.037374
v 0.159826 0.351754 -0.104885
v 0.158436 0.363294 -0.110694
v 0.256784 0.385958 -0.044489
v 0.252688 0.389428 -0.063251
v 0.197977 0.355475 0.003038
v 0.218607 0.422034 -0.000900
v 0.201415 0.419829 0.012735
v 0.208406 0.406511 0.009114
v 0.127196 -0.038370 0.081305
v 0.129645 -0.062502 0.083662
v 0.154879 -0.053579 0.066852
v 0.000736 -0.146442 -0.038412
v 0.001671 -0.140419 -0.046195
v 0.049653 -0.132951 0.098166
v 0.021938 -0.343532 -0.035549
v 0.017557 -0.315217 -0.028916
v 0.025186 -0.370281 -0.042379
v 0.028305 -0.396868 -0.049628
v 0.032210 -0.423551 -0.056680
v 0.039081 -0.450561 -0.062460
v 0.048337 -0.478872 -0.063529
v 0.053008 -0.508975 -0.069471
v 0.043496 -0.575230 -0.067680
v 0.052202 -0.539934 -0.078324
v 0.050917 -0.572432 -0.085538
v 0.051003 -0.605706 -0.090242
v 0.060611 -0.675742 -0.088931
v 0.053754 -0.639787 -0.091596
v 0.065887 -0.712583 -0.086368
v 0.069135 -0.749036 -0.084127
v -0.000498 -0.144876 -0.010635
v -0.000165 -0.145809 -0.023755
v 0.112766 0.478418 0.008412
v 0.171349 0.347150 -0.015792
v 0.174236 0.353201 -0.018308
v 0.192627 0.368047 0.007254
v 0.001748 -0.123239 -0.103119
v 0.001997 -0.112455 -0.117528
v 0.252461 0.341631 -0.093206
v 0.260089 0.352701 -0.083936
v 0.190844 0.348376 -0.010222
v 0.176734 0.370105 -0.007213
v 0.178783 0.373365 -0.013739
v 0.403348 0.148482 -0.048167
v 0.410331 0.129197 -0.048631
v 0.413558 0.131714 -0.060363
v 0.405707 0.151056 -0.060879
v 0.395647 0.144041 -0.038263
v 0.402449 0.125132 -0.039980
v 0.342007 0.115934 -0.053522
v 0.353585 0.099080 -0.058885
v 0.360613 0.103662 -0.047451
v 0.349722 0.121040 -0.042231
v 0.399525 0.101890 -0.037497
v 0.391907 0.120156 -0.035021
v 0.380431 0.114706 -0.034975
v 0.388973 0.096764 -0.038489
v 0.340157 0.115300 -0.083560
v 0.326923 0.130634 -0.078674
v 0.333151 0.135717 -0.091039
v 0.346847 0.120747 -0.094560
v 0.300619 0.190960 -0.031032
v 0.293240 0.206259 -0.026360
v 0.284776 0.197900 -0.035034
v 0.292985 0.183109 -0.040945
v 0.388484 0.189046 -0.047224
v 0.396015 0.168510 -0.047578
v 0.397237 0.170933 -0.061294
v 0.387758 0.190927 -0.061854
v 0.354802 0.172369 -0.025315
v 0.345733 0.194068 -0.024755
v 0.331142 0.186923 -0.026042
v 0.340203 0.165557 -0.027556
v 0.376983 0.210384 -0.062841
v 0.380328 0.210596 -0.048386
v 0.372101 0.133104 -0.030989
v 0.363580 0.152121 -0.027535
v 0.350020 0.145885 -0.030588
v 0.359921 0.127282 -0.034940
v 0.366885 0.085241 -0.089078
v 0.353497 0.100271 -0.086914
v 0.360545 0.105769 -0.096582
v 0.374066 0.090663 -0.097407
v 0.379562 0.091840 -0.043839
v 0.369809 0.109306 -0.039596
v 0.371415 0.086900 -0.052217
v 0.415229 0.111617 -0.083566
v 0.404930 0.130032 -0.086180
v 0.411188 0.132032 -0.073357
v 0.420256 0.113342 -0.071683
v 0.319660 0.152012 -0.042192
v 0.330499 0.133420 -0.047601
v 0.338915 0.139286 -0.037170
v 0.328545 0.158517 -0.033062
v 0.381358 0.184691 -0.035032
v 0.388548 0.163852 -0.036428
v 0.393946 0.148463 -0.088147
v 0.382138 0.166605 -0.089468
v 0.391617 0.170122 -0.075728
v 0.401857 0.151065 -0.074613
v 0.355893 0.176458 -0.097246
v 0.369191 0.160092 -0.098044
v 0.355443 0.151935 -0.100006
v 0.341651 0.167455 -0.097847
v 0.303245 0.165472 -0.048729
v 0.309847 0.171917 -0.036857
v 0.314095 0.146446 -0.072560
v 0.301362 0.162739 -0.065224
v 0.305996 0.166078 -0.080246
v 0.319740 0.150881 -0.086256
v 0.344887 0.238922 -0.029059
v 0.352569 0.222683 -0.027535
v 0.364912 0.228190 -0.036372
v 0.356077 0.244701 -0.038666
v 0.369943 0.230745 -0.050341
v 0.359712 0.247184 -0.053114
v 0.334532 0.264566 -0.069875
v 0.343234 0.255382 -0.068611
v 0.330322 0.249587 -0.075941
v 0.322842 0.259085 -0.078122
v 0.326774 0.204827 -0.095524
v 0.341551 0.191573 -0.096626
v 0.326826 0.182009 -0.095106
v 0.311861 0.195708 -0.091720
v 0.287972 0.199417 -0.080118
v 0.300351 0.187396 -0.084911
v 0.292628 0.180316 -0.073666
v 0.281394 0.192619 -0.067418
v 0.252992 0.237525 -0.068547
v 0.261164 0.226460 -0.070116
v 0.257764 0.224178 -0.056231
v 0.250351 0.236329 -0.054982
v 0.265585 0.232535 -0.027735
v 0.275594 0.239594 -0.018862
v 0.267669 0.251422 -0.017003
v 0.258128 0.244412 -0.026460
v 0.318041 0.281516 -0.030745
v 0.326031 0.270503 -0.030449
v 0.333212 0.275705 -0.044165
v 0.323524 0.285664 -0.046017
v 0.314252 0.215902 -0.094037
v 0.297538 0.208917 -0.088235
v 0.271945 0.221672 -0.029269
v 0.277876 0.210620 -0.031744
v 0.287267 0.219143 -0.023302
v 0.281632 0.229396 -0.020680
v 0.305452 0.246945 -0.020632
v 0.310879 0.235913 -0.023388
v 0.324248 0.243550 -0.025358
v 0.319095 0.253731 -0.023805
v 0.332106 0.261304 -0.030079
v 0.338140 0.250928 -0.029687
v 0.348322 0.256749 -0.040478
v 0.340896 0.266968 -0.042202
v 0.306931 0.224145 -0.093287
v 0.299272 0.230579 -0.093541
v 0.309183 0.238854 -0.090285
v 0.317263 0.232445 -0.090488
v 0.272302 0.203236 -0.062072
v 0.277842 0.208833 -0.075367
v 0.316696 0.224270 -0.025558
v 0.299098 0.228050 -0.020794
v 0.304439 0.215253 -0.023786
v 0.350405 0.258841 -0.055094
v 0.258541 0.240503 -0.079188
v 0.247984 0.251502 -0.077814
v 0.254879 0.256043 -0.087162
v 0.265448 0.244868 -0.087944
v 0.243057 0.249207 -0.066424
v 0.241151 0.249443 -0.052926
v 0.258043 0.265734 -0.014849
v 0.248988 0.258567 -0.024527
v 0.269655 0.274349 -0.010257
v 0.279907 0.259663 -0.013020
v 0.291989 0.268333 -0.014311
v 0.281558 0.283641 -0.010813
v 0.304635 0.298768 -0.029848
v 0.309648 0.301488 -0.045845
v 0.321608 0.284779 -0.060582
v 0.308389 0.298836 -0.061321
v 0.259670 0.226717 -0.040925
v 0.265875 0.215581 -0.042769
v 0.382215 0.143173 -0.097552
v 0.394488 0.125651 -0.095933
v 0.382001 0.119573 -0.100313
v 0.368977 0.135999 -0.100713
v 0.370398 0.112696 -0.100840
v 0.383725 0.096957 -0.100272
v 0.377301 0.158240 -0.029355
v 0.384763 0.138761 -0.032095
v 0.409544 0.106684 -0.040885
v 0.330211 0.231767 -0.026312
v 0.337178 0.215779 -0.025820
v 0.312031 0.253032 -0.084831
v 0.305109 0.260539 -0.087881
v 0.315154 0.267117 -0.080358
v 0.328108 0.225989 -0.090018
v 0.337583 0.237218 -0.077015
v 0.353839 0.222977 -0.076530
v 0.342053 0.215239 -0.089866
v 0.291369 0.236859 -0.093524
v 0.283695 0.243682 -0.093772
v 0.294667 0.252245 -0.093431
v 0.301992 0.245209 -0.091453
v 0.305634 0.275708 -0.020049
v 0.313074 0.263684 -0.022431
v 0.295779 0.287378 -0.085519
v 0.303541 0.293087 -0.074737
v 0.315376 0.280786 -0.072726
v 0.306629 0.275740 -0.082603
v 0.325310 0.272418 -0.071315
v 0.285983 0.280195 -0.093327
v 0.296887 0.268881 -0.090787
v 0.294181 0.292501 -0.017041
v 0.274957 0.252497 -0.094106
v 0.264317 0.263509 -0.094281
v 0.275463 0.272021 -0.096385
v 0.286140 0.260702 -0.094979
v 0.356947 0.128281 -0.100022
v 0.343212 0.143506 -0.097821
v 0.280009 0.191926 -0.050193
v 0.289269 0.178204 -0.057045
v 0.272271 0.204141 -0.045570
v 0.338077 0.113324 -0.068465
v 0.350719 0.097572 -0.073344
v 0.314072 0.147216 -0.055826
v 0.325898 0.129854 -0.062469
v 0.369596 0.184176 -0.089780
v 0.275105 0.222973 -0.081702
v 0.283772 0.215895 -0.084514
v 0.268911 0.217303 -0.072321
v 0.243156 0.253272 -0.037754
v 0.252193 0.238977 -0.039862
v 0.297188 0.219089 -0.091451
v 0.230433 0.271463 -0.035735
v 0.352582 0.243892 -0.067246
v 0.332271 0.275835 -0.058788
v 0.341513 0.267937 -0.056888
v 0.421540 0.113109 -0.059350
v 0.369164 0.178799 -0.027310
v 0.323108 0.208492 -0.025952
v 0.310885 0.199489 -0.026713
v 0.267321 0.230979 -0.080239
v 0.273971 0.236108 -0.088546
v 0.281643 0.229299 -0.089208
v 0.287749 0.248130 -0.015493
v 0.299590 0.256843 -0.017634
v 0.363579 0.082384 -0.076875
v 0.293799 0.237810 -0.018063
v 0.364743 0.228666 -0.064464
v 0.019263 0.439715 -0.128104
v 0.001873 0.424178 -0.128743
v 0.001979 0.437836 -0.126209
v 0.158128 0.272939 0.015305
v 0.121910 0.245658 0.062721
v 0.135654 0.249178 0.046699
v 0.168805 0.339380 -0.013640
v 0.167129 0.329800 -0.011054
v 0.178927 0.367022 -0.029312
v 0.176855 0.361770 -0.023830
v 0.160111 0.312486 0.020039
v 0.080930 0.670380 -0.034982
v 0.078295 0.663357 -0.038052
v 0.083233 0.683711 -0.034802
v 0.008973 0.099866 0.134811
v -0.003639 0.073875 0.136279
v -0.003546 0.061041 0.137691
v 0.080324 0.654223 -0.020366
v 0.078407 0.648100 -0.025001
v 0.082261 0.651080 -0.022120
v 0.080341 0.656244 -0.018308
v 0.079990 0.655211 -0.018645
v 0.083461 0.686355 -0.024299
v 0.076409 0.654776 -0.038392
v 0.074167 0.645354 -0.037118
v 0.081462 0.672778 -0.019471
v 0.051140 0.093181 -0.105513
v 0.056034 0.075049 -0.110788
v 0.030198 0.074666 -0.112033
v 0.027108 0.092552 -0.105612
v 0.002930 0.060034 -0.119517
v 0.001878 0.076281 -0.111858
v 0.033886 0.056266 -0.120448
v 0.149990 0.021871 -0.089214
v 0.146170 0.044003 -0.085472
v 0.161235 0.045804 -0.062366
v 0.165628 0.024205 -0.064560
v 0.166203 0.062645 -0.035569
v 0.171224 0.045365 -0.035295
v 0.155879 0.064062 -0.060837
v 0.169951 0.058897 -0.006958
v 0.174479 0.041055 -0.006589
v 0.166286 0.052353 0.020732
v 0.170668 0.032953 0.020845
v 0.160933 0.023932 0.045198
v 0.144919 0.015164 0.066877
v 0.125483 -0.015654 0.082097
v 0.123776 0.005858 0.084439
v 0.100570 -0.002900 0.098387
v 0.076059 -0.010943 0.109420
v 0.053566 -0.016325 0.117994
v 0.033600 -0.020082 0.123457
v 0.015632 -0.022167 0.126359
v -0.000494 -0.023728 0.126227
v 0.000415 -0.048775 0.121278
v 0.108855 0.457657 0.024727
v 0.088946 0.519257 -0.085616
v 0.107517 0.521666 -0.062190
v 0.099250 0.515762 -0.085350
v 0.119167 0.460806 -0.122427
v 0.099400 0.453408 -0.130431
v 0.101214 0.471568 -0.122738
v 0.121390 0.480539 -0.111601
v 0.078707 0.509606 -0.100656
v 0.072953 0.512241 -0.099169
v 0.085655 0.505405 -0.103388
v 0.069872 0.494820 -0.114172
v 0.051975 0.486881 -0.118661
v 0.156601 0.513915 -0.056121
v 0.172334 0.508540 -0.051440
v 0.167105 0.497600 -0.074319
v 0.154326 0.501329 -0.079529
v 0.148799 0.450627 -0.116878
v 0.160506 0.451807 -0.112637
v 0.158955 0.436282 -0.118443
v 0.146867 0.433615 -0.122243
v 0.211002 0.472822 -0.039541
v 0.221576 0.457307 -0.038344
v 0.216440 0.457528 -0.059377
v 0.205499 0.471244 -0.061229
v 0.161591 0.467225 -0.102924
v 0.086085 0.333706 -0.141243
v 0.104268 0.342214 -0.137366
v 0.120020 0.351033 -0.131948
v 0.157650 0.376114 -0.115400
v 0.150040 0.354861 -0.115748
v 0.148026 0.368832 -0.120212
v 0.165999 0.383078 -0.111514
v 0.170785 0.386157 -0.106512
v 0.193384 0.433301 0.015434
v 0.185060 0.412233 0.022410
v 0.192317 0.402342 0.018077
v 0.178352 0.381920 -0.098162
v 0.177093 0.376015 -0.095417
v 0.173306 0.376987 -0.095130
v 0.174026 0.383435 -0.098273
v 0.140919 0.516644 -0.060255
v 0.210474 0.452456 -0.075709
v 0.204412 0.444494 -0.088605
v 0.194067 0.453958 -0.090112
v 0.199557 0.463763 -0.077495
v 0.199258 0.436727 -0.097919
v 0.194473 0.427721 -0.103889
v 0.185973 0.433242 -0.106616
v 0.189970 0.444036 -0.100211
v 0.180527 0.388332 -0.101204
v 0.174867 0.390979 -0.101698
v 0.228089 0.434494 -0.017672
v 0.187372 0.497386 -0.019567
v 0.173469 0.508422 -0.023481
v 0.169308 0.494574 0.000952
v 0.181316 0.482941 0.002432
v 0.182616 0.360377 -0.033511
v 0.182229 0.354766 -0.047265
v 0.180503 0.351022 -0.061029
v 0.174025 0.362932 -0.085578
v 0.179234 0.350452 -0.072771
v 0.188131 0.378081 0.010953
v 0.198131 0.391057 0.014036
v 0.162775 0.471129 0.014879
v 0.173198 0.460135 0.015749
v 0.230944 0.441333 -0.038934
v 0.226108 0.442310 -0.059189
v 0.187035 0.364115 -0.099675
v 0.181331 0.369326 -0.096900
v 0.183383 0.375235 -0.099724
v 0.170123 0.357852 -0.092280
v 0.172629 0.370269 -0.091090
v 0.186695 0.499376 -0.046275
v 0.213454 0.433057 -0.087803
v 0.219755 0.439309 -0.075243
v 0.180670 0.448640 -0.103505
v 0.171018 0.451153 -0.107921
v 0.172697 0.464890 -0.097774
v 0.183393 0.460607 -0.093421
v 0.198384 0.408859 -0.105330
v 0.203301 0.419130 -0.101921
v 0.169101 0.437123 -0.114391
v 0.177857 0.436152 -0.110445
v 0.186233 0.381911 -0.102516
v 0.152727 0.479339 0.013193
v 0.136756 0.458251 0.022641
v 0.148303 0.454922 0.022867
v 0.157823 0.447071 0.023972
v 0.168032 0.436363 0.024684
v 0.177109 0.423152 0.024661
v 0.123957 0.458066 0.023189
v 0.289810 0.223243 -0.090563
v 0.184910 0.358106 -0.097346
v 0.194546 0.358459 -0.101895
v 0.193722 0.351405 -0.100006
v 0.241096 0.333285 -0.099501
v 0.006223 0.596742 0.094592
v 0.006542 0.591153 0.091881
v 0.004735 0.620853 0.094949
v 0.004953 0.617175 0.095790
v 0.318823 0.245102 -0.082693
v 0.324624 0.238536 -0.082915
v 0.356415 0.200783 -0.089554
v 0.368252 0.206977 -0.076508
v 0.380511 0.189040 -0.076376
v 0.373917 0.206687 -0.034648
v 0.361136 0.200962 -0.026492
v 0.319073 0.179076 -0.029671
v 0.314946 0.173347 -0.089881
v 0.432500 0.074546 -0.046320
v 0.439589 0.056145 -0.045387
v 0.445943 0.059063 -0.053898
v 0.437574 0.077107 -0.056137
v 0.446556 0.038272 -0.043181
v 0.430832 0.052011 -0.041577
v 0.437110 0.034303 -0.041479
v 0.421697 0.048107 -0.042570
v 0.428507 0.031140 -0.043780
v 0.421284 0.028614 -0.049382
v 0.413587 0.044604 -0.047286
v 0.407724 0.041230 -0.054676
v 0.416123 0.025797 -0.057370
v 0.392871 0.054338 -0.060380
v 0.388955 0.052065 -0.070765
v 0.401081 0.037074 -0.073539
v 0.403541 0.038472 -0.063731
v 0.417980 0.026998 -0.092085
v 0.405797 0.040603 -0.092256
v 0.413304 0.045238 -0.096644
v 0.424924 0.031081 -0.095696
v 0.420193 0.070591 -0.095165
v 0.432437 0.054724 -0.093754
v 0.422722 0.049896 -0.096533
v 0.409833 0.065706 -0.098071
v 0.443685 0.040385 -0.093545
v 0.440040 0.057454 -0.086672
v 0.450885 0.043270 -0.085642
v 0.416799 0.088531 -0.041049
v 0.425128 0.092746 -0.047680
v 0.417423 0.110755 -0.048627
v 0.405294 0.061434 -0.044396
v 0.414031 0.065748 -0.040684
v 0.406783 0.083717 -0.039264
v 0.397071 0.078960 -0.041585
v 0.365214 0.083040 -0.063593
v 0.377200 0.067471 -0.067421
v 0.382077 0.070550 -0.056568
v 0.398436 0.057784 -0.051464
v 0.388944 0.074648 -0.047867
v 0.388689 0.052309 -0.081979
v 0.401516 0.037704 -0.083719
v 0.438011 0.077385 -0.067508
v 0.447174 0.059837 -0.065193
v 0.444896 0.058991 -0.076399
v 0.434988 0.076123 -0.078403
v 0.376290 0.067368 -0.079573
v 0.429138 0.095169 -0.069604
v 0.425299 0.093643 -0.080957
v 0.429057 0.073917 -0.088405
v 0.417826 0.090767 -0.090940
v 0.456157 0.043856 -0.062976
v 0.453907 0.041885 -0.051360
v 0.429652 0.095151 -0.057925
v 0.392808 0.055318 -0.091743
v 0.379972 0.070334 -0.090499
v 0.387260 0.075467 -0.097528
v 0.400343 0.060375 -0.097554
v 0.394781 0.102996 -0.098830
v 0.407416 0.086508 -0.096770
v 0.396788 0.081255 -0.099156
v 0.433845 0.035376 -0.096161
v 0.406282 0.107977 -0.093452
v 0.462296 -0.045885 -0.055437
v 0.463933 -0.050849 -0.046322
v 0.455436 -0.045647 -0.044367
v 0.454197 -0.039979 -0.054185
v 0.436828 -0.033185 -0.037138
v 0.442508 -0.039624 -0.027654
v 0.441846 -0.031640 -0.021266
v 0.435420 -0.023963 -0.029667
v 0.467366 -0.053050 -0.037831
v 0.458095 -0.049118 -0.036060
v 0.470987 -0.049269 -0.031682
v 0.476050 -0.056303 -0.038927
v 0.481764 -0.051937 -0.035027
v 0.489199 -0.056571 -0.036852
v 0.495763 -0.050293 -0.040277
v 0.487952 -0.041327 -0.036248
v 0.493306 -0.029668 -0.060469
v 0.499433 -0.042891 -0.060743
v 0.498425 -0.040267 -0.071550
v 0.491535 -0.027309 -0.070860
v 0.488538 -0.035634 -0.089446
v 0.482661 -0.023421 -0.087180
v 0.487378 -0.025538 -0.079062
v 0.493969 -0.038856 -0.080471
v 0.461042 -0.039016 -0.069823
v 0.461568 -0.041114 -0.063969
v 0.454188 -0.034698 -0.063780
v 0.453706 -0.032013 -0.070111
v 0.472012 -0.045151 -0.021027
v 0.469826 -0.048479 -0.022875
v 0.476598 -0.044306 -0.029723
v 0.476373 -0.037481 -0.028031
v 0.432507 -0.015144 -0.081322
v 0.432783 -0.014535 -0.073847
v 0.428433 -0.004555 -0.070959
v 0.427725 -0.004258 -0.079459
v 0.429149 -0.010285 -0.044705
v 0.436946 -0.000468 -0.036958
v 0.434711 0.005825 -0.041960
v 0.429228 -0.003971 -0.051778
v 0.431174 -0.016738 -0.037595
v 0.442828 -0.015652 -0.025281
v 0.438941 -0.007370 -0.031283
v 0.448309 -0.025071 -0.017887
v 0.428679 -0.000981 -0.089694
v 0.431779 -0.009337 -0.093188
v 0.508126 -0.102837 -0.041826
v 0.505454 -0.097833 -0.041457
v 0.504389 -0.099228 -0.046628
v 0.507425 -0.104147 -0.046913
v 0.446233 0.002485 -0.100768
v 0.441317 0.007323 -0.098973
v 0.450012 0.011394 -0.097704
v 0.454967 0.006184 -0.097647
v 0.452036 -0.004274 -0.103160
v 0.460992 -0.001026 -0.098203
v 0.521011 -0.097898 -0.040718
v 0.518789 -0.092188 -0.041215
v 0.514330 -0.093689 -0.038779
v 0.516317 -0.099330 -0.038574
v 0.469084 -0.052422 -0.055171
v 0.470948 -0.056549 -0.046506
v 0.482464 -0.070508 -0.049238
v 0.483494 -0.068329 -0.043221
v 0.477369 -0.062500 -0.044923
v 0.475790 -0.061055 -0.054159
v 0.472774 -0.053654 -0.073465
v 0.474929 -0.057630 -0.066526
v 0.469127 -0.048731 -0.066432
v 0.467005 -0.045137 -0.073585
v 0.462424 -0.043718 -0.084669
v 0.460374 -0.044616 -0.090406
v 0.465786 -0.051331 -0.091485
v 0.468547 -0.051510 -0.085171
v 0.481483 -0.067731 -0.080603
v 0.480312 -0.066678 -0.085834
v 0.487739 -0.072691 -0.086307
v 0.488619 -0.074139 -0.081521
v 0.437171 0.012358 -0.097749
v 0.445977 0.017227 -0.097656
v 0.476372 -0.032024 -0.105501
v 0.480380 -0.040369 -0.108852
v 0.471679 -0.040934 -0.114766
v 0.467445 -0.032377 -0.111263
v 0.462911 0.007501 -0.090926
v 0.458673 0.013672 -0.091557
v 0.523736 -0.097689 -0.045616
v 0.521635 -0.091866 -0.046100
v 0.458056 -0.021464 -0.019032
v 0.453680 -0.010787 -0.027055
v 0.450042 -0.001828 -0.033421
v 0.447661 0.005074 -0.037517
v 0.445754 0.011555 -0.039363
v 0.478829 -0.065095 -0.058999
v 0.466661 -0.047051 -0.062341
v 0.459902 -0.037516 -0.074018
v 0.449678 -0.037141 -0.101328
v 0.452255 -0.038911 -0.094315
v 0.447215 -0.033825 -0.091694
v 0.444662 -0.030463 -0.101043
v 0.459314 -0.036263 -0.112227
v 0.464087 -0.044481 -0.114530
v 0.460678 -0.048375 -0.109886
v 0.455607 -0.041216 -0.108168
v 0.473320 -0.041661 -0.017236
v 0.473647 -0.032141 -0.024023
v 0.437827 -0.003014 -0.099454
v 0.433807 0.002843 -0.096073
v 0.430684 0.009082 -0.093688
v 0.442767 -0.023285 -0.072613
v 0.443549 -0.024951 -0.068543
v 0.432510 -0.016401 -0.063323
v 0.432881 -0.014392 -0.069131
v 0.443316 -0.034717 -0.052280
v 0.445509 -0.040886 -0.042002
v 0.433404 -0.026406 -0.047334
v 0.428602 -0.004328 -0.063137
v 0.426715 0.004585 -0.060406
v 0.425954 0.004237 -0.069343
v 0.425555 0.004484 -0.078465
v 0.426637 0.006194 -0.087408
v 0.422820 0.013517 -0.059228
v 0.421431 0.012595 -0.068162
v 0.421207 0.012670 -0.077736
v 0.422823 0.013934 -0.086285
v 0.450662 0.029613 -0.092880
v 0.454743 0.020891 -0.092257
v 0.441347 0.025007 -0.097435
v 0.433170 0.016761 -0.043366
v 0.426873 0.015194 -0.050684
v 0.429440 0.005472 -0.051015
v 0.442714 0.020220 -0.040742
v 0.447535 -0.043909 -0.020827
v 0.453276 -0.047812 -0.026054
v 0.456075 -0.051560 -0.020363
v 0.451643 -0.048547 -0.015389
v 0.482750 -0.060308 -0.039088
v 0.488419 -0.065653 -0.039200
v 0.494898 -0.062450 -0.038276
v 0.436006 -0.016888 -0.097081
v 0.437043 -0.021727 -0.086731
v 0.484043 -0.072385 -0.054804
v 0.515662 -0.085626 -0.041630
v 0.509753 -0.074766 -0.041843
v 0.504124 -0.076695 -0.039153
v 0.510974 -0.087460 -0.038937
v 0.492710 -0.077760 -0.058377
v 0.498613 -0.083240 -0.056878
v 0.494175 -0.083211 -0.052448
v 0.489223 -0.076995 -0.053122
v 0.477856 -0.065491 -0.092148
v 0.483925 -0.070425 -0.092437
v 0.502659 -0.057782 -0.061360
v 0.500048 -0.044665 -0.049543
v 0.504639 -0.055738 -0.050328
v 0.470724 -0.052053 -0.079646
v 0.474247 -0.059474 -0.085555
v 0.475844 -0.060216 -0.080157
v 0.481052 -0.067810 -0.061501
v 0.479117 -0.064418 -0.066410
v 0.484169 -0.070552 -0.065397
v 0.485415 -0.072808 -0.059605
v 0.452088 -0.027557 -0.109716
v 0.462727 -0.022322 -0.108311
v 0.509369 -0.095696 -0.038772
v 0.511672 -0.101030 -0.039037
v 0.432599 0.019974 -0.096491
v 0.426379 0.016258 -0.092612
v 0.464812 -0.043781 -0.079067
v 0.492732 -0.033348 -0.048745
v 0.457812 -0.036521 -0.078440
v 0.490571 -0.054746 -0.099266
v 0.495143 -0.061159 -0.100108
v 0.489282 -0.064204 -0.101528
v 0.484712 -0.058217 -0.102575
v 0.506535 -0.092242 -0.055896
v 0.511266 -0.097875 -0.055437
v 0.506883 -0.099220 -0.051873
v 0.501979 -0.093322 -0.051845
v 0.487737 -0.075378 -0.048018
v 0.492464 -0.082376 -0.047248
v 0.493840 -0.080683 -0.042276
v 0.488659 -0.073377 -0.042711
v 0.493241 -0.071155 -0.039684
v 0.498505 -0.078649 -0.039613
v 0.512832 -0.089788 -0.056795
v 0.505684 -0.080895 -0.057692
v 0.511097 -0.076239 -0.054299
v 0.517573 -0.086645 -0.052890
v 0.476891 -0.011483 -0.085038
v 0.477445 -0.022239 -0.095591
v 0.472129 -0.010708 -0.092986
v 0.493809 -0.047050 -0.091487
v 0.485531 -0.045833 -0.100039
v 0.482524 -0.033803 -0.098084
v 0.471700 -0.021517 -0.102315
v 0.499589 -0.071413 -0.064133
v 0.503941 -0.067188 -0.065681
v 0.504492 -0.068269 -0.057443
v 0.454437 -0.036208 -0.084678
v 0.505737 -0.089377 -0.039058
v 0.466309 0.011202 -0.048511
v 0.469378 0.003432 -0.047635
v 0.474954 0.005256 -0.060852
v 0.470643 0.013694 -0.059925
v 0.500018 -0.092974 -0.046558
v 0.501215 -0.091765 -0.041502
v 0.477293 -0.064854 -0.098690
v 0.479870 -0.064738 -0.103615
v 0.484762 -0.067901 -0.101915
v 0.483151 -0.068902 -0.097813
v 0.466704 -0.010557 -0.099721
v 0.482952 -0.046295 -0.112034
v 0.474843 -0.048069 -0.117543
v 0.467309 -0.000360 -0.091327
v 0.468567 0.007696 -0.081829
v 0.472211 -0.000579 -0.083173
v 0.498955 -0.054051 -0.081318
v 0.481068 -0.013092 -0.077639
v 0.476023 -0.001614 -0.075747
v 0.472195 0.007622 -0.072945
v 0.469091 0.014913 -0.071862
v 0.465245 0.014712 -0.081696
v 0.518561 -0.085078 -0.046822
v 0.521013 -0.093108 -0.052067
v 0.457145 0.031872 -0.083463
v 0.461388 0.022530 -0.082181
v 0.460624 0.032071 -0.072908
v 0.465412 0.022767 -0.072027
v 0.480056 -0.005654 -0.058339
v 0.479017 -0.003544 -0.067330
v 0.486504 -0.017503 -0.059886
v 0.484760 -0.014830 -0.069656
v 0.503882 -0.052837 -0.071958
v 0.523993 -0.108472 -0.053683
v 0.519755 -0.110251 -0.054771
v 0.514958 -0.103196 -0.055287
v 0.519983 -0.101287 -0.054564
v 0.516736 -0.095654 -0.055598
v 0.523566 -0.098859 -0.051234
v 0.484965 -0.021779 -0.048061
v 0.490578 -0.075601 -0.064797
v 0.474764 -0.009822 -0.044597
v 0.475379 -0.021664 -0.032351
v 0.483014 -0.029237 -0.035786
v 0.464469 -0.008332 -0.032497
v 0.460782 0.001637 -0.037918
v 0.455430 0.015099 -0.041820
v 0.457753 0.008913 -0.040881
v 0.451903 0.023935 -0.042375
v 0.467237 -0.019448 -0.024477
v 0.511271 -0.110758 -0.047883
v 0.511451 -0.109838 -0.042485
v 0.463246 0.018060 -0.048877
v 0.459444 0.027732 -0.049693
v 0.449378 -0.045655 -0.033040
v 0.450495 -0.029836 -0.077315
v 0.447164 -0.029581 -0.082032
v 0.442255 -0.028325 -0.089393
v 0.440369 -0.024139 -0.099655
v 0.462697 0.031083 -0.061006
v 0.413469 0.023697 -0.066325
v 0.412774 0.023327 -0.076005
v 0.454391 0.043900 -0.074610
v 0.514641 -0.108405 -0.039489
v 0.495205 -0.072102 -0.085458
v 0.495429 -0.073715 -0.083518
v 0.446816 -0.037714 -0.015523
v 0.451844 -0.044003 -0.010733
v 0.464567 -0.039472 -0.008061
v 0.461277 -0.030383 -0.012582
v 0.452415 -0.032791 -0.012070
v 0.456839 -0.041049 -0.008043
v 0.441662 -0.023083 -0.075767
v 0.440101 -0.022954 -0.080316
v 0.457577 -0.012674 -0.105699
v 0.447315 -0.017987 -0.107125
v 0.499238 -0.068685 -0.039200
v 0.504702 -0.066258 -0.042533
v 0.501133 -0.058641 -0.042003
v 0.512609 -0.073847 -0.047978
v 0.499863 -0.075442 -0.059395
v 0.496554 -0.075179 -0.063312
v 0.443468 -0.028925 -0.061776
v 0.432376 -0.020869 -0.056263
v 0.463789 -0.050993 -0.024129
v 0.460776 -0.049331 -0.029431
v 0.477245 -0.061542 -0.073373
v 0.505068 -0.064685 -0.079269
v 0.507834 -0.062881 -0.072092
v 0.482357 -0.068314 -0.073181
v 0.519171 -0.107188 -0.038841
v 0.523892 -0.105777 -0.040746
v 0.507878 -0.064756 -0.049489
v 0.471608 -0.058796 -0.092108
v 0.500869 -0.069557 -0.082350
v 0.499234 -0.062541 -0.085460
v 0.467824 -0.050320 -0.115989
v 0.467075 0.021034 -0.059964
v 0.509968 -0.104199 -0.052344
v 0.514091 -0.110926 -0.052848
v 0.526414 -0.106347 -0.050670
v 0.526581 -0.105021 -0.045623
v 0.442612 -0.009859 -0.103664
v 0.452590 -0.030482 -0.073776
v 0.414150 0.024432 -0.084934
v 0.469257 -0.029268 -0.017338
v 0.471216 -0.039293 -0.011759
v 0.487956 -0.074012 -0.073399
v 0.484944 -0.051346 -0.105630
v 0.502140 -0.065288 -0.088317
v 0.501325 -0.060740 -0.094561
v 0.497826 -0.054837 -0.093224
v 0.499701 -0.070510 -0.086737
v 0.529533 -0.111377 -0.045584
v 0.529311 -0.112472 -0.050472
v 0.526971 -0.112347 -0.040708
v 0.521955 -0.113179 -0.039249
v 0.517439 -0.113732 -0.039981
v 0.526969 -0.114254 -0.053400
v 0.522884 -0.115557 -0.054343
v 0.517306 -0.115684 -0.052590
v 0.529236 -0.119422 -0.053463
v 0.532064 -0.118758 -0.050443
v 0.531371 -0.124834 -0.040349
v 0.533934 -0.125099 -0.042401
v 0.532687 -0.121623 -0.042671
v 0.530447 -0.119073 -0.040848
v 0.532884 -0.129605 -0.041174
v 0.535782 -0.129362 -0.042874
v 0.535545 -0.124528 -0.045959
v 0.533465 -0.120509 -0.045540
v 0.537744 -0.129019 -0.046513
v 0.536927 -0.129070 -0.050268
v 0.534671 -0.124825 -0.049590
v 0.533299 -0.121268 -0.048580
v 0.532083 -0.116983 -0.045503
v 0.534749 -0.133411 -0.043224
v 0.536693 -0.135087 -0.047464
v 0.538973 -0.132967 -0.046985
v 0.537048 -0.132314 -0.043700
v 0.524820 -0.118763 -0.039589
v 0.527350 -0.124980 -0.040347
v 0.529341 -0.130237 -0.041601
v 0.531504 -0.134018 -0.044017
v 0.523842 -0.126073 -0.041551
v 0.526709 -0.131050 -0.043269
v 0.528813 -0.133940 -0.045486
v 0.521682 -0.127184 -0.044471
v 0.525396 -0.131695 -0.045838
v 0.520234 -0.118988 -0.040491
v 0.517223 -0.119662 -0.043368
v 0.527467 -0.133482 -0.046826
v 0.533566 -0.135435 -0.048253
v 0.533349 -0.124542 -0.052246
v 0.535124 -0.129446 -0.052675
v 0.531116 -0.125061 -0.053903
v 0.532928 -0.130039 -0.053833
v 0.538474 -0.132153 -0.050406
v 0.536747 -0.133366 -0.051747
v 0.514245 -0.114613 -0.042963
v 0.514388 -0.115297 -0.048318
v 0.517214 -0.120273 -0.048374
v 0.521440 -0.127621 -0.049270
v 0.520216 -0.120473 -0.052552
v 0.525407 -0.120581 -0.054313
v 0.528189 -0.126041 -0.054317
v 0.524190 -0.126895 -0.053126
v 0.530077 -0.130672 -0.053793
v 0.527293 -0.131361 -0.052584
v 0.525594 -0.131919 -0.049499
v 0.531033 -0.133702 -0.052221
v 0.533912 -0.133755 -0.052365
v 0.530564 -0.134756 -0.048916
v 0.528191 -0.133739 -0.049331
v 0.528920 -0.133314 -0.051585
v 0.512986 -0.107515 -0.074499
v 0.509528 -0.100928 -0.073009
v 0.508497 -0.101075 -0.077807
v 0.512262 -0.107674 -0.079454
v 0.524407 -0.101047 -0.071394
v 0.521733 -0.094601 -0.070626
v 0.516890 -0.097404 -0.069093
v 0.519466 -0.104010 -0.070237
v 0.526667 -0.099079 -0.076973
v 0.524158 -0.092565 -0.076296
v 0.518026 -0.087264 -0.069431
v 0.509985 -0.075781 -0.067642
v 0.504700 -0.079098 -0.066594
v 0.513014 -0.090291 -0.068004
v 0.500018 -0.080472 -0.083584
v 0.496019 -0.081137 -0.080117
v 0.512628 -0.099559 -0.070435
v 0.515513 -0.106308 -0.071543
v 0.508220 -0.091781 -0.084915
v 0.513286 -0.098956 -0.086105
v 0.509858 -0.100466 -0.082696
v 0.504648 -0.093296 -0.081427
v 0.494849 -0.081564 -0.074157
v 0.496137 -0.082084 -0.068346
v 0.500117 -0.081235 -0.066385
v 0.513506 -0.089283 -0.085433
v 0.506240 -0.077900 -0.083734
v 0.511407 -0.074414 -0.080199
v 0.518368 -0.086632 -0.081971
v 0.508275 -0.092497 -0.068750
v 0.503420 -0.093731 -0.076057
v 0.504609 -0.093838 -0.071089
v 0.520473 -0.085176 -0.075374
v 0.522053 -0.093954 -0.082841
v 0.526468 -0.111111 -0.087222
v 0.522685 -0.113592 -0.088240
v 0.517250 -0.105316 -0.087330
v 0.521577 -0.102978 -0.086777
v 0.517805 -0.096712 -0.086102
v 0.525153 -0.100264 -0.083171
v 0.517650 -0.116949 -0.081686
v 0.517864 -0.116715 -0.076490
v 0.520050 -0.115624 -0.073320
v 0.513864 -0.072861 -0.073437
v 0.523527 -0.113280 -0.072160
v 0.528211 -0.110053 -0.072899
v 0.513707 -0.107022 -0.084308
v 0.519016 -0.115719 -0.086074
v 0.529307 -0.108714 -0.083851
v 0.530529 -0.107581 -0.078100
v 0.533787 -0.115163 -0.079456
v 0.532555 -0.115863 -0.084707
v 0.531902 -0.117386 -0.074368
v 0.527082 -0.119708 -0.073446
v 0.523479 -0.121211 -0.074610
v 0.530226 -0.117621 -0.087593
v 0.526723 -0.119396 -0.088603
v 0.522699 -0.120912 -0.086795
v 0.533649 -0.123834 -0.088478
v 0.536516 -0.123243 -0.086014
v 0.539861 -0.135793 -0.078427
v 0.542682 -0.134758 -0.079895
v 0.540044 -0.130312 -0.078977
v 0.537696 -0.130568 -0.076789
v 0.538656 -0.126794 -0.078779
v 0.536112 -0.124589 -0.076276
v 0.541637 -0.128735 -0.082356
v 0.538927 -0.125721 -0.081744
v 0.544847 -0.133911 -0.083717
v 0.543489 -0.133649 -0.087305
v 0.540096 -0.129093 -0.085760
v 0.538275 -0.125933 -0.084699
v 0.542637 -0.139716 -0.080948
v 0.544747 -0.138055 -0.081030
v 0.537118 -0.121745 -0.080927
v 0.530591 -0.125041 -0.074977
v 0.533862 -0.131424 -0.076429
v 0.536934 -0.137054 -0.078638
v 0.539663 -0.140721 -0.081566
v 0.530210 -0.132607 -0.077615
v 0.534064 -0.137886 -0.079842
v 0.536851 -0.140446 -0.082729
v 0.527763 -0.133382 -0.080787
v 0.532291 -0.138158 -0.082615
v 0.526372 -0.125875 -0.075890
v 0.523783 -0.126335 -0.078935
v 0.535092 -0.139834 -0.083942
v 0.541815 -0.141288 -0.085627
v 0.545140 -0.140691 -0.085149
v 0.547609 -0.138295 -0.084506
v 0.538489 -0.129253 -0.087647
v 0.541454 -0.134474 -0.088669
v 0.536884 -0.129829 -0.089538
v 0.539815 -0.135133 -0.089995
v 0.546053 -0.137130 -0.087961
v 0.544327 -0.138432 -0.088640
v 0.521261 -0.121935 -0.077812
v 0.520921 -0.121842 -0.082503
v 0.523342 -0.126255 -0.083526
v 0.527628 -0.133053 -0.085461
v 0.525514 -0.125338 -0.087715
v 0.530118 -0.124634 -0.089409
v 0.533899 -0.130509 -0.090185
v 0.530111 -0.131650 -0.089101
v 0.537137 -0.135533 -0.090151
v 0.534195 -0.136342 -0.089269
v 0.532174 -0.137634 -0.086485
v 0.538897 -0.139010 -0.089076
v 0.541780 -0.139164 -0.089162
v 0.538504 -0.140748 -0.086182
v 0.535639 -0.139704 -0.086491
v 0.536361 -0.138605 -0.088622
v 0.506690 -0.097481 -0.097220
v 0.503960 -0.092298 -0.095554
v 0.500930 -0.092129 -0.099676
v 0.503671 -0.097530 -0.101487
v 0.517139 -0.091845 -0.097809
v 0.514546 -0.085535 -0.095477
v 0.511835 -0.088669 -0.093594
v 0.514614 -0.094178 -0.095842
v 0.517509 -0.090139 -0.102438
v 0.514614 -0.083331 -0.100730
v 0.511226 -0.079556 -0.093326
v 0.505947 -0.071284 -0.090691
v 0.502428 -0.075479 -0.088862
v 0.508280 -0.083393 -0.091305
v 0.508077 -0.091030 -0.093729
v 0.510973 -0.096281 -0.095651
v 0.497492 -0.083390 -0.105610
v 0.502112 -0.089220 -0.107496
v 0.500407 -0.090959 -0.104229
v 0.495959 -0.085052 -0.102148
v 0.489677 -0.076502 -0.094373
v 0.492957 -0.077693 -0.090203
v 0.497591 -0.077480 -0.088853
v 0.501923 -0.080617 -0.107207
v 0.494980 -0.071337 -0.103791
v 0.501021 -0.068475 -0.102290
v 0.507406 -0.077492 -0.104803
v 0.504216 -0.086033 -0.091614
v 0.496477 -0.086620 -0.097575
v 0.499801 -0.087119 -0.093404
v 0.510950 -0.076860 -0.098892
v 0.511126 -0.083868 -0.106207
v 0.515843 -0.100950 -0.111970
v 0.511949 -0.103012 -0.112078
v 0.505711 -0.094673 -0.109561
v 0.510033 -0.092312 -0.110104
v 0.506057 -0.086575 -0.108796
v 0.514683 -0.090434 -0.107494
v 0.508598 -0.105505 -0.104390
v 0.510737 -0.105603 -0.100035
v 0.514712 -0.104329 -0.098398
v 0.505826 -0.068094 -0.096453
v 0.490196 -0.073900 -0.102378
v 0.518097 -0.102747 -0.098573
v 0.520878 -0.100850 -0.100294
v 0.503483 -0.096306 -0.106256
v 0.508869 -0.104399 -0.109172
v 0.519616 -0.099231 -0.109310
v 0.521806 -0.098811 -0.104620
v 0.524943 -0.105137 -0.106223
v 0.523093 -0.105158 -0.110975
v 0.524227 -0.107263 -0.101891
v 0.520940 -0.108885 -0.100430
v 0.517391 -0.109854 -0.100307
v 0.519460 -0.106801 -0.113402
v 0.516028 -0.108481 -0.113362
v 0.512452 -0.109214 -0.110545
v 0.521934 -0.111260 -0.114868
v 0.525821 -0.110887 -0.112399
v 0.530937 -0.123465 -0.105856
v 0.532493 -0.122598 -0.107537
v 0.529866 -0.118666 -0.106373
v 0.528847 -0.119112 -0.104301
v 0.528763 -0.115214 -0.105794
v 0.527230 -0.113127 -0.103652
v 0.531141 -0.117130 -0.109727
v 0.528952 -0.113532 -0.108486
v 0.533570 -0.121212 -0.111202
v 0.531304 -0.120477 -0.114663
v 0.528804 -0.116527 -0.113010
v 0.527889 -0.113338 -0.111486
v 0.533026 -0.126635 -0.108383
v 0.534293 -0.125148 -0.109004
v 0.527217 -0.110242 -0.107556
v 0.523413 -0.113702 -0.101842
v 0.525898 -0.119641 -0.103295
v 0.528242 -0.124399 -0.105247
v 0.529892 -0.127433 -0.108173
v 0.522457 -0.120154 -0.103747
v 0.525174 -0.124779 -0.105901
v 0.526744 -0.127209 -0.108499
v 0.519352 -0.120379 -0.105374
v 0.522756 -0.124811 -0.107527
v 0.519615 -0.114329 -0.101993
v 0.516165 -0.114335 -0.103575
v 0.524798 -0.126470 -0.109148
v 0.530355 -0.127749 -0.112835
v 0.533821 -0.126926 -0.112858
v 0.535625 -0.124720 -0.112492
v 0.526908 -0.116030 -0.115064
v 0.529150 -0.120618 -0.116265
v 0.524106 -0.116410 -0.116026
v 0.526790 -0.121231 -0.116780
v 0.533448 -0.123310 -0.115194
v 0.531858 -0.124233 -0.116034
v 0.513929 -0.110221 -0.101914
v 0.511901 -0.109862 -0.105845
v 0.514368 -0.113890 -0.107060
v 0.517943 -0.120016 -0.109138
v 0.515027 -0.112971 -0.111553
v 0.518358 -0.112308 -0.114237
v 0.521168 -0.117379 -0.115445
v 0.518587 -0.118469 -0.113089
v 0.524172 -0.122061 -0.116086
v 0.522067 -0.123056 -0.114153
v 0.521560 -0.124291 -0.110793
v 0.526258 -0.125216 -0.115312
v 0.529103 -0.124827 -0.116117
v 0.527077 -0.127307 -0.112211
v 0.524513 -0.126319 -0.111649
v 0.524219 -0.125201 -0.114088
v 0.488949 -0.074962 -0.098715
v 0.488214 -0.079745 -0.120766
v 0.486380 -0.075846 -0.118002
v 0.483543 -0.075270 -0.120777
v 0.485264 -0.079102 -0.123525
v 0.497455 -0.074513 -0.123485
v 0.495710 -0.069841 -0.120449
v 0.493797 -0.072846 -0.117451
v 0.495711 -0.077280 -0.120561
v 0.496019 -0.072242 -0.128012
v 0.494200 -0.067307 -0.125297
v 0.492805 -0.064848 -0.116784
v 0.488231 -0.056901 -0.110607
v 0.486165 -0.061621 -0.108448
v 0.490784 -0.068215 -0.113809
v 0.470894 -0.054771 -0.116961
v 0.474321 -0.060180 -0.119770
v 0.474127 -0.062977 -0.116425
v 0.469520 -0.057489 -0.113116
v 0.490200 -0.075037 -0.116696
v 0.492119 -0.079110 -0.119841
v 0.479403 -0.067326 -0.124501
v 0.482406 -0.071582 -0.127620
v 0.482137 -0.073858 -0.124234
v 0.479140 -0.070016 -0.121197
v 0.470957 -0.060406 -0.109108
v 0.475698 -0.064953 -0.112978
v 0.478516 -0.065492 -0.109876
v 0.474159 -0.062798 -0.105454
v 0.482117 -0.064802 -0.108570
v 0.482007 -0.064259 -0.126366
v 0.476720 -0.056951 -0.121473
v 0.480986 -0.053489 -0.121022
v 0.486647 -0.062006 -0.125810
v 0.487306 -0.070787 -0.113450
v 0.480646 -0.071483 -0.117820
v 0.483601 -0.071812 -0.114888
v 0.491371 -0.061919 -0.121523
v 0.489702 -0.067230 -0.128917
v 0.489915 -0.078819 -0.136005
v 0.487332 -0.080626 -0.134384
v 0.484409 -0.075509 -0.130624
v 0.487241 -0.073122 -0.132592
v 0.485139 -0.068898 -0.129691
v 0.491721 -0.071846 -0.131721
v 0.487703 -0.084079 -0.127204
v 0.490729 -0.085072 -0.124519
v 0.494404 -0.084481 -0.123532
v 0.486902 -0.052801 -0.115841
v 0.497757 -0.083122 -0.124331
v 0.499524 -0.080739 -0.126983
v 0.483934 -0.077644 -0.127113
v 0.486629 -0.082571 -0.130921
v 0.494099 -0.077796 -0.135092
v 0.498078 -0.078309 -0.131275
v 0.500390 -0.082953 -0.134031
v 0.496544 -0.082445 -0.137873
v 0.501412 -0.085331 -0.129637
v 0.499534 -0.087116 -0.126892
v 0.495974 -0.088101 -0.126300
v 0.492022 -0.083263 -0.138465
v 0.489794 -0.084560 -0.136613
v 0.489082 -0.085845 -0.133270
v 0.494454 -0.087334 -0.140677
v 0.499039 -0.087214 -0.140197
v 0.505310 -0.098329 -0.134868
v 0.506109 -0.096988 -0.136457
v 0.504644 -0.094198 -0.135145
v 0.504080 -0.094772 -0.132911
v 0.503774 -0.091088 -0.134412
v 0.502969 -0.089803 -0.132020
v 0.504528 -0.092332 -0.138281
v 0.502962 -0.089418 -0.136929
v 0.506273 -0.095518 -0.140138
v 0.503186 -0.095222 -0.143239
v 0.501848 -0.091873 -0.141713
v 0.501365 -0.089267 -0.139895
v 0.506347 -0.100816 -0.137666
v 0.507292 -0.099156 -0.138188
v 0.501941 -0.086788 -0.135813
v 0.500978 -0.090902 -0.129273
v 0.502485 -0.095516 -0.131354
v 0.503865 -0.099951 -0.134062
v 0.504150 -0.102152 -0.137563
v 0.499678 -0.095785 -0.131024
v 0.501118 -0.099934 -0.134011
v 0.501564 -0.101845 -0.137126
v 0.496540 -0.095255 -0.131536
v 0.498581 -0.099266 -0.134495
v 0.497847 -0.091128 -0.128320
v 0.494428 -0.090741 -0.128905
v 0.499777 -0.101029 -0.136668
v 0.503259 -0.101750 -0.140977
v 0.505641 -0.100737 -0.141713
v 0.507422 -0.098476 -0.141772
v 0.499464 -0.091649 -0.142939
v 0.500964 -0.095816 -0.144292
v 0.496441 -0.091764 -0.142488
v 0.498779 -0.096719 -0.143641
v 0.504828 -0.097562 -0.143909
v 0.503268 -0.098880 -0.144061
v 0.492590 -0.088229 -0.127156
v 0.490002 -0.087436 -0.129534
v 0.491623 -0.090090 -0.131374
v 0.494010 -0.094472 -0.133726
v 0.490851 -0.088944 -0.135150
v 0.491765 -0.087912 -0.138532
v 0.494251 -0.092584 -0.140609
v 0.493114 -0.093533 -0.137417
v 0.496988 -0.097316 -0.141774
v 0.496132 -0.097980 -0.139189
v 0.496694 -0.098698 -0.136300
v 0.499488 -0.100276 -0.141393
v 0.501174 -0.099957 -0.143100
v 0.500977 -0.101663 -0.139729
v 0.499083 -0.100844 -0.138303
v 0.498342 -0.100090 -0.139820
v 0.473425 -0.052712 -0.118812
v 0.476236 -0.051134 -0.011436
v 0.474684 -0.053968 -0.015453
v 0.465048 -0.058279 -0.017288
v 0.459044 -0.058051 -0.014113
v 0.455968 -0.055489 -0.009005
v 0.457646 -0.052558 -0.004866
v 0.461978 -0.050293 -0.002483
v 0.471072 -0.056734 -0.017741
v 0.474718 -0.048598 -0.006273
v 0.468618 -0.048536 -0.002724
v 0.472430 -0.056483 0.003201
v 0.478295 -0.056186 -0.001010
v 0.465525 -0.057999 0.003706
v 0.460448 -0.059655 0.000512
v 0.458392 -0.061338 -0.004589
v 0.479754 -0.057857 -0.006962
v 0.477629 -0.059986 -0.011613
v 0.472730 -0.062160 -0.014137
v 0.482941 -0.064121 -0.002068
v 0.482898 -0.065038 0.005219
v 0.472434 -0.075624 0.014310
v 0.476090 -0.073718 0.016079
v 0.474175 -0.070528 0.013866
v 0.470009 -0.071585 0.012222
v 0.473794 -0.068200 0.011950
v 0.469597 -0.066434 0.009598
v 0.480123 -0.069241 0.013905
v 0.478677 -0.067395 0.011560
v 0.485121 -0.069480 0.010980
v 0.482953 -0.067205 0.009980
v 0.482025 -0.072225 0.016665
v 0.478309 -0.076349 0.017700
v 0.482933 -0.075826 0.017731
v 0.476506 -0.078699 0.016202
v 0.476577 -0.064298 0.008619
v 0.463535 -0.066455 0.005090
v 0.466434 -0.072718 0.008830
v 0.470267 -0.077717 0.011263
v 0.475401 -0.080792 0.012503
v 0.465244 -0.074398 0.003544
v 0.470437 -0.079194 0.006624
v 0.475284 -0.081146 0.008331
v 0.467429 -0.075072 -0.001662
v 0.472456 -0.079210 0.002915
v 0.460784 -0.067221 -0.000893
v 0.462651 -0.067724 -0.006824
v 0.475670 -0.080834 0.005486
v 0.481405 -0.081138 0.011957
v 0.482623 -0.079622 0.016072
v 0.486405 -0.070011 0.006956
v 0.486520 -0.072277 0.013589
v 0.487670 -0.073911 0.009747
v 0.485685 -0.070415 0.002033
v 0.486730 -0.075523 0.005850
v 0.486650 -0.075047 0.015624
v 0.487022 -0.077265 0.012969
v 0.460718 -0.062701 -0.010174
v 0.466194 -0.063220 -0.013569
v 0.468358 -0.067804 -0.010363
v 0.472652 -0.074402 -0.004912
v 0.475319 -0.066949 -0.010560
v 0.480868 -0.065246 -0.007498
v 0.483390 -0.071735 -0.002031
v 0.478824 -0.073268 -0.004871
v 0.484258 -0.076769 0.002706
v 0.480728 -0.077626 0.000898
v 0.476373 -0.078697 0.001018
v 0.483145 -0.079618 0.006126
v 0.485523 -0.079115 0.009372
v 0.479853 -0.081106 0.008157
v 0.478516 -0.080411 0.004925
v 0.481082 -0.079495 0.004115
v 0.464854 -0.053802 -0.111370
v 0.466176 -0.056530 -0.106029
v 0.461486 -0.050627 -0.104327
v 0.455488 -0.043936 -0.102757
v 0.451081 -0.035574 -0.106834
v 0.457853 -0.044980 -0.096409
v 0.463700 -0.051697 -0.098288
v 0.470156 -0.059294 -0.100136
v 0.455699 -0.040046 -0.089650
v 0.040853 0.676559 0.070982
v 0.044182 0.675523 0.069015
v 0.045649 0.669813 0.066122
v 0.043115 0.669486 0.067944
v 0.039867 0.669392 0.069537
v 0.035941 0.669555 0.070412
v 0.030414 0.676839 0.071925
v 0.035998 0.677216 0.072294
v 0.020960 0.671276 0.068767
v 0.022804 0.672690 0.068888
v 0.021725 0.670352 0.069069
v 0.027777 0.670059 0.070300
v 0.024079 0.670386 0.069307
v 0.048072 0.673244 0.065010
v 0.048917 0.672116 0.063762
v 0.046447 0.674390 0.066937
v 0.031773 0.669791 0.070692
v 0.048689 0.671045 0.063493
v 0.047511 0.670269 0.064347
v 0.025873 0.675283 0.070399
v 0.040235 0.671641 0.069699
v 0.036189 0.671829 0.070801
v 0.031327 0.674575 0.071615
v 0.036311 0.674628 0.071548
v 0.028058 0.671896 0.070623
v 0.025594 0.671672 0.069854
v 0.043263 0.671389 0.068193
v 0.031857 0.672048 0.071062
v 0.040712 0.674119 0.070288
v 0.025103 0.672648 0.069831
v 0.027239 0.673769 0.070835
v 0.048148 0.671922 0.064247
v 0.047995 0.671501 0.064204
v 0.016650 0.439037 0.046548
v 0.017112 0.421900 0.056319
v 0.043744 0.673471 0.068446
v 0.046999 0.671304 0.065077
v 0.045429 0.671323 0.066487
v 0.045759 0.672845 0.066688
v 0.047278 0.672327 0.065226
v 0.241601 0.343575 -0.002771
v 0.229626 0.332539 -0.001303
v 0.268555 0.364692 -0.046263
v 0.263780 0.366986 -0.068711
v 0.063158 0.142044 0.118542
v 0.114066 0.189422 -0.087564
v 0.116587 0.208338 -0.094101
v 0.041725 0.209469 -0.117647
v 0.061356 0.204826 -0.115598
v 0.146654 0.190300 0.022410
v 0.145863 0.170709 0.026225
v 0.106750 0.184334 0.080274
v 0.103985 0.162381 0.083409
v 0.134965 0.147307 0.052840
v 0.083210 0.156892 -0.100627
v 0.080654 0.177560 -0.104438
v 0.098708 0.173945 -0.095164
v 0.102076 0.154198 -0.092313
v 0.021678 0.189389 -0.107786
v 0.022161 0.212608 -0.114128
v 0.154502 0.212216 -0.005714
v 0.153471 0.213860 -0.032522
v 0.135116 0.220761 -0.080033
v 0.119914 0.227187 -0.097535
v 0.084072 0.243596 -0.119478
v 0.102841 0.235360 -0.110140
v 0.092334 0.206417 0.093201
v 0.074118 0.227987 0.100844
v 0.148746 0.210767 0.020298
v 0.027165 0.208383 0.120680
v 0.043678 0.279849 -0.134310
v 0.066671 0.275009 -0.131491
v 0.146633 0.216564 -0.057711
v 0.034177 0.381005 0.085254
v 0.034475 0.364763 0.095155
v 0.052153 0.368335 0.094035
v 0.052432 0.383856 0.083415
v 0.069241 0.370247 0.091846
v 0.085277 0.371500 0.088460
v 0.099855 0.371856 0.083981
v 0.133978 0.366990 0.066823
v 0.124185 0.369599 0.073159
v 0.149343 0.358104 0.051764
v 0.142316 0.363572 0.059907
v 0.154554 0.348012 0.041843
v 0.157837 0.336251 0.028705
v 0.161370 0.324697 0.013330
v 0.162873 0.336781 0.007460
v 0.155848 0.323851 0.036276
v 0.152114 0.336090 0.048797
v 0.147004 0.345285 0.059383
v 0.020143 0.320444 0.108976
v 0.023113 0.295247 0.110133
v 0.015669 0.454679 0.037501
v 0.329195 0.158509 -0.094558
v 0.423953 0.070502 -0.041023
v 0.034772 0.480812 -0.119642
v 0.017089 0.476608 -0.118144
v 0.002176 0.463252 -0.119639
v 0.001942 0.474279 -0.116489
v 0.109078 0.511026 -0.087857
v 0.093287 0.498491 -0.107281
v 0.072990 0.486250 -0.118524
v 0.053585 0.476440 -0.123325
v 0.137177 0.229655 0.042206
v 0.037666 0.444252 -0.131084
v 0.055462 0.464802 -0.128038
v 0.076833 0.474991 -0.124169
v 0.099070 0.487865 -0.113649
v 0.122224 0.502854 -0.093415
v 0.140152 0.503408 -0.085323
v 0.163706 0.482584 -0.090580
v 0.175312 0.478478 -0.085147
v 0.180683 0.491161 -0.069085
v 0.193445 0.482398 -0.064549
v 0.187367 0.472349 -0.080936
v 0.243950 0.393330 -0.077553
v 0.248328 0.378546 -0.082362
v 0.246501 0.366208 -0.090067
v 0.239845 0.355594 -0.096694
v 0.229668 0.347815 -0.101178
v 0.217891 0.344086 -0.102778
v 0.205082 0.346132 -0.102056
v 0.179509 0.364455 -0.094277
v 0.176304 0.370966 -0.092190
v 0.166246 0.350046 -0.094910
v 0.162100 0.342601 -0.097702
v 0.136265 0.302776 -0.109976
v 0.145121 0.316778 -0.106225
v 0.125853 0.287002 -0.113339
v 0.103301 0.059313 -0.108031
v 0.097854 0.077183 -0.102147
v 0.118026 0.078665 -0.092398
v 0.122857 0.061107 -0.097299
v 0.024686 0.114301 -0.099868
v 0.047497 0.114580 -0.101831
v 0.165579 0.075341 -0.007624
v 0.161695 0.078208 -0.035987
v 0.150959 0.079236 -0.059807
v 0.135712 0.079428 -0.078250
v 0.161718 0.070303 0.020108
v 0.079565 0.034296 0.115493
v 0.099867 0.040624 0.101242
v 0.017448 0.023369 0.136271
v 0.037448 0.025791 0.133064
v 0.152074 0.063186 0.044760
v 0.058299 0.029365 0.126428
v 0.119297 0.047600 0.084859
v 0.137552 0.055118 0.066132
v 0.092727 0.095158 -0.098402
v 0.072704 0.094501 -0.103243
v 0.068724 0.114932 -0.100397
v 0.038671 0.346393 -0.145205
v 0.059539 0.348290 -0.145782
v 0.079312 0.352529 -0.144814
v 0.095293 0.377028 -0.143004
v 0.113082 0.384670 -0.137543
v 0.114895 0.366696 -0.136085
v 0.097938 0.359178 -0.141117
v 0.145267 0.399316 -0.124756
v 0.156983 0.404828 -0.121073
v 0.157116 0.389913 -0.118901
v 0.146037 0.383263 -0.123342
v 0.166255 0.395329 -0.115382
v 0.172042 0.398337 -0.110086
v 0.176689 0.399137 -0.104673
v 0.183152 0.396057 -0.104393
v 0.190214 0.416935 -0.106912
v 0.182548 0.421566 -0.109162
v 0.145516 0.416352 -0.124604
v 0.129922 0.410066 -0.130106
v 0.036914 0.381658 -0.141681
v 0.018724 0.378787 -0.137000
v 0.165652 0.317574 -0.006408
v 0.169421 0.312166 -0.027532
v 0.169786 0.309973 -0.047513
v 0.167221 0.310575 -0.064819
v 0.163351 0.313837 -0.079542
v 0.157885 0.318928 -0.092476
v 0.151850 0.326362 -0.103605
v 0.157134 0.334895 -0.100679
v 0.145713 0.335441 -0.112809
v 0.153233 0.343563 -0.109263
v 0.139808 0.346279 -0.120554
v 0.134764 0.359450 -0.126426
v 0.131261 0.375082 -0.129838
v 0.129883 0.392213 -0.130934
v 0.094778 0.396153 -0.142661
v 0.113181 0.403282 -0.136797
v 0.076025 0.408666 -0.143691
v 0.077290 0.426993 -0.139597
v 0.076385 0.370480 -0.146675
v 0.075797 0.389665 -0.146073
v 0.075421 0.521086 -0.088374
v 0.057874 0.513400 -0.100097
v 0.207163 0.363137 -0.104220
v 0.212659 0.355249 -0.103597
v 0.203535 0.354921 -0.103245
v 0.201977 0.360788 -0.103774
v 0.221273 0.359158 -0.102557
v 0.218944 0.375081 -0.102052
v 0.228886 0.366413 -0.099811
v 0.213400 0.367962 -0.103977
v 0.234312 0.375556 -0.095241
v 0.224202 0.383328 -0.098874
v 0.236544 0.385394 -0.090350
v 0.227404 0.391448 -0.094908
v 0.228975 0.397775 -0.091403
v 0.235159 0.396227 -0.086555
v 0.208063 0.426840 -0.096161
v 0.216558 0.416498 -0.093931
v 0.224036 0.405632 -0.092375
v 0.189631 0.389606 -0.104840
v 0.197642 0.382710 -0.105262
v 0.205443 0.375329 -0.104824
v 0.210811 0.383027 -0.103959
v 0.202302 0.390865 -0.105264
v 0.193909 0.398664 -0.106034
v 0.036848 0.364193 -0.144010
v 0.056244 0.366930 -0.146496
v 0.166591 0.408669 -0.117371
v 0.173820 0.410356 -0.112789
v 0.180026 0.409547 -0.108284
v 0.186585 0.405852 -0.106660
v 0.175605 0.423189 -0.113198
v 0.167665 0.422882 -0.117290
v 0.157599 0.420513 -0.121011
v 0.056266 0.385292 -0.145399
v 0.018444 0.362209 -0.140153
v 0.183984 0.447129 0.015911
v 0.192749 0.468158 0.002726
v 0.199917 0.482520 -0.017633
v 0.199237 0.486844 -0.042089
v 0.000316 0.507940 -0.103507
v 0.264397 0.213439 -0.058654
v 0.001348 0.304810 -0.135252
v 0.000705 0.325707 -0.139654
v 0.003690 0.237203 -0.116380
v 0.003155 0.259221 -0.124730
v 0.044550 0.138905 -0.102359
v 0.022958 0.141257 -0.099558
v 0.021855 0.165961 -0.102984
v 0.001075 0.092897 -0.103864
v 0.001233 0.115100 -0.095392
v 0.002337 0.168591 -0.096806
v 0.002948 0.192741 -0.101742
v 0.022061 0.281485 -0.132878
v 0.019325 0.344946 -0.143188
v 0.001036 0.361760 -0.138191
v 0.001238 0.377737 -0.135116
v 0.001522 0.394376 -0.133193
v 0.111005 0.341692 0.098494
v 0.111417 0.356591 0.089188
v 0.099033 0.357183 0.094562
v 0.098985 0.342220 0.103755
v 0.130162 0.339892 0.084232
v 0.131620 0.353601 0.075743
v 0.122355 0.355533 0.082860
v 0.121316 0.340929 0.091626
v 0.139796 0.350388 0.068111
v 0.137887 0.337422 0.075960
v 0.110864 0.325309 0.105641
v 0.120899 0.324956 0.098626
v 0.098978 0.325919 0.110610
v 0.136238 0.323270 0.082737
v 0.129341 0.324437 0.090963
v 0.012048 0.553407 0.066846
v 0.011484 0.558807 0.081947
v 0.005901 0.601663 0.095236
v 0.005492 0.606093 0.093138
v 0.005086 0.542671 0.046587
v 0.004397 0.534738 0.041453
v 0.003383 0.583377 0.092555
v 0.003748 0.569144 0.092935
v 0.003105 0.628221 0.096153
v 0.003139 0.624651 0.094818
v 0.003468 0.613485 0.096261
v 0.003596 0.609572 0.095036
v 0.003822 0.525764 0.036305
v 0.005162 0.548230 0.054626
v 0.002715 0.506418 0.028651
v 0.002311 0.496670 0.025214
v 0.013248 0.487818 0.023182
v 0.013819 0.477401 0.024406
v 0.018609 0.342110 0.103312
v 0.017148 0.388799 0.074952
v 0.017034 0.376565 0.086106
v 0.017038 0.404961 0.065736
v 0.014864 0.466702 0.029924
v 0.003289 0.516214 0.032097
v 0.003666 0.596789 0.094725
v 0.003466 0.591132 0.092108
v 0.003253 0.620694 0.094814
v 0.003357 0.617125 0.095532
v 0.000523 0.436661 0.047093
v 0.000350 0.419497 0.057174
v 0.017535 0.360161 0.095331
v 0.003580 0.317097 0.106130
v 0.003658 0.291725 0.107557
v 0.000811 0.452744 0.037675
v 0.003671 0.268230 0.106194
v 0.165745 -0.109199 -0.078215
v 0.147781 -0.124822 -0.097882
v 0.139777 -0.109767 -0.109264
v 0.153692 -0.097712 -0.095844
v 0.164031 -0.055046 -0.077890
v 0.165491 -0.029563 -0.071659
v 0.166470 -0.001991 -0.067350
v 0.119878 -0.116841 -0.121771
v 0.092895 -0.098755 -0.138185
v 0.095041 -0.119085 -0.131168
v 0.151483 -0.003185 -0.092247
v 0.150897 -0.029677 -0.095805
v 0.145765 -0.090978 -0.105674
v 0.148319 -0.076507 -0.103528
v 0.161515 -0.078846 -0.086215
v 0.117151 -0.098250 -0.128374
v 0.134813 -0.095433 -0.116071
v 0.060885 0.056322 -0.118469
v 0.064829 0.037294 -0.126743
v 0.036880 0.037249 -0.128237
v 0.140834 0.062997 -0.081145
v 0.127903 0.042225 -0.102799
v 0.001755 -0.100030 -0.128282
v 0.133914 -0.077571 -0.118727
v 0.091484 -0.076847 -0.142834
v 0.115347 -0.077566 -0.132156
v 0.092159 -0.004276 -0.137391
v 0.114391 -0.004361 -0.127099
v 0.113817 -0.029425 -0.131766
v 0.091329 -0.027913 -0.142531
v 0.133962 -0.004181 -0.112165
v 0.131816 0.020298 -0.107881
v 0.090844 0.018127 -0.130533
v 0.112401 0.019397 -0.121270
v 0.108328 0.040621 -0.114689
v 0.133797 -0.030477 -0.116025
v 0.090671 -0.052888 -0.144961
v 0.062713 -0.051410 -0.150550
v 0.033004 -0.049702 -0.148956
v 0.003279 -0.050716 -0.145649
v 0.003454 -0.027096 -0.145937
v 0.087585 0.038863 -0.122599
v 0.077573 0.076381 -0.107629
v 0.083390 0.057807 -0.114366
v 0.065805 0.137346 -0.100960
v 0.113495 -0.342490 0.068839
v -0.001206 -0.155032 -0.016588
v -0.002359 -0.162886 0.011211
v 0.177445 -0.075194 0.041674
v 0.185803 -0.092455 -0.033704
v 0.174123 -0.084673 -0.062280
v 0.007136 -0.167700 0.057576
v 0.023493 -0.161578 0.080446
v 0.157878 -0.082096 0.068994
v 0.105119 -0.126599 0.101224
v -0.000095 -0.167535 0.034392
v 0.150046 -0.054574 -0.099605
v 0.133505 -0.055803 -0.117986
v 0.114343 -0.054546 -0.133179
v 0.063170 -0.074686 -0.148800
v 0.032007 -0.071511 -0.146964
v 0.002932 -0.071221 -0.141718
v 0.020847 -0.109320 0.101067
v 0.009895 -0.103032 0.106120
v 0.017002 -0.101213 0.107138
v 0.001539 -0.089988 0.111414
v 0.001812 -0.104325 0.104338
v 0.010462 -0.115483 0.097108
v 0.002097 -0.116794 0.094536
v 0.002081 -0.130273 0.084324
v 0.078414 0.012674 0.113171
v 0.100226 0.019258 0.100174
v 0.016506 0.001642 0.131665
v 0.035620 0.003811 0.128812
v 0.156408 0.044038 0.045345
v 0.056332 0.007335 0.122911
v 0.121183 0.026766 0.085126
v 0.141096 0.035432 0.066642
v 0.002992 0.018563 -0.136532
v 0.003047 0.039672 -0.128236
v -0.001415 0.000129 0.131536
v 0.004167 0.558268 0.082454
v 0.004542 0.552661 0.067206
v 0.002210 0.745719 0.064211
v 0.000729 0.552819 -0.077212
v 0.002415 0.690833 0.084263
v 0.003614 0.605893 0.093042
v 0.003102 0.630551 0.098995
v 0.001936 0.486684 0.022157
v 0.001542 0.475406 0.022787
v 0.000444 -0.141573 -0.016884
v 0.001139 0.464785 0.029391
v 0.001152 -0.141354 -0.030351
v 0.003473 0.215542 -0.108071
v 0.070535 -0.785681 -0.055159
v 0.068912 -0.783623 -0.070395
v 0.071935 -0.812941 -0.065821
v 0.071317 -0.814173 -0.050952
v 0.087460 -0.778825 -0.099025
v 0.075831 -0.780881 -0.091009
v 0.102388 -0.778486 -0.100497
v 0.115760 -0.779889 -0.094774
v 0.110815 -0.809501 -0.091971
v 0.099659 -0.808567 -0.099066
v 0.124126 -0.781017 -0.085295
v 0.126401 -0.811215 -0.072225
v 0.130190 -0.782066 -0.073660
v 0.133178 -0.783665 -0.055344
v 0.128001 -0.811554 -0.054780
v 0.126474 -0.787620 -0.035410
v 0.121689 -0.814755 -0.035322
v 0.111646 -0.790301 -0.023897
v 0.076861 -0.788437 -0.039825
v 0.075572 -0.816009 -0.034959
v 0.086173 -0.808833 -0.097713
v 0.077304 -0.810826 -0.088089
v 0.073964 -0.811972 -0.076613
v 0.070988 -0.782449 -0.081590
v 0.070914 -0.841373 -0.061155
v 0.066258 -0.841417 -0.045360
v 0.084370 -0.838156 -0.097477
v 0.078767 -0.839717 -0.083307
v 0.106300 -0.838128 -0.090521
v 0.097337 -0.837352 -0.100340
v 0.126629 -0.839221 -0.071977
v 0.116845 -0.838731 -0.081722
v 0.119059 -0.810314 -0.082779
v 0.127149 -0.838992 -0.054908
v 0.120887 -0.840255 -0.032007
v 0.071689 -0.841813 -0.027833
v 0.074949 -0.840952 -0.072151
v 0.125896 -0.933642 0.124642
v 0.124661 -0.929071 0.124361
v 0.120142 -0.929026 0.125008
v 0.118878 -0.934344 0.125540
v 0.084948 -0.935478 0.134478
v 0.083013 -0.925003 0.137402
v 0.074565 -0.926426 0.134563
v 0.073548 -0.938443 0.131595
v 0.103105 -0.935430 0.133981
v 0.104451 -0.938588 0.130360
v 0.109477 -0.938537 0.129986
v 0.111337 -0.935312 0.133915
v 0.148819 -0.928088 0.094375
v 0.148962 -0.932495 0.091527
v 0.153384 -0.932067 0.089987
v 0.154618 -0.928376 0.091561
v 0.134179 -0.932861 0.112780
v 0.134503 -0.937015 0.109435
v 0.138747 -0.936237 0.108156
v 0.140520 -0.933114 0.110132
v 0.086883 -0.919227 0.113983
v 0.072782 -0.917737 0.111046
v 0.073083 -0.923701 0.124971
v 0.085631 -0.921568 0.127896
v 0.067067 -0.932555 0.120153
v 0.066667 -0.928322 0.105057
v 0.073885 -0.936264 0.103241
v 0.074315 -0.937436 0.117215
v 0.086679 -0.936577 0.106841
v 0.085937 -0.937598 0.119431
v 0.093465 -0.929765 0.111949
v 0.094197 -0.930577 0.126171
v 0.113118 -0.928511 0.114111
v 0.108339 -0.921091 0.115359
v 0.109686 -0.925982 0.127538
v 0.115841 -0.932306 0.126177
v 0.097164 -0.921978 0.116735
v 0.101361 -0.926420 0.128392
v 0.093395 -0.932160 0.114822
v 0.098922 -0.936896 0.110939
v 0.101554 -0.938071 0.123568
v 0.095826 -0.933526 0.127799
v 0.108474 -0.935964 0.110601
v 0.110795 -0.937981 0.122759
v 0.126367 -0.920656 0.108285
v 0.115504 -0.921875 0.110444
v 0.118203 -0.926905 0.119576
v 0.125895 -0.926395 0.118698
v 0.113702 -0.934670 0.118939
v 0.112103 -0.931881 0.109389
v 0.117628 -0.936073 0.106341
v 0.119248 -0.937522 0.116764
v 0.127179 -0.934947 0.105319
v 0.126820 -0.937480 0.116288
v 0.131313 -0.927192 0.107792
v 0.130781 -0.931930 0.118169
v 0.146729 -0.925943 0.094087
v 0.143136 -0.919026 0.095286
v 0.141836 -0.924991 0.104721
v 0.144769 -0.930922 0.103276
v 0.135012 -0.920033 0.098972
v 0.135633 -0.924846 0.106754
v 0.130710 -0.929425 0.107306
v 0.131630 -0.926090 0.100524
v 0.134206 -0.934208 0.095938
v 0.132949 -0.936604 0.104059
v 0.142715 -0.933809 0.092545
v 0.140747 -0.936563 0.102233
v 0.158113 -0.917294 0.078751
v 0.156615 -0.921062 0.087127
v 0.158390 -0.926823 0.085046
v 0.159500 -0.924272 0.075022
v 0.151054 -0.917167 0.083721
v 0.150438 -0.920681 0.089757
v 0.146287 -0.925690 0.089467
v 0.148146 -0.923200 0.084669
v 0.148246 -0.931463 0.080390
v 0.147258 -0.932868 0.086430
v 0.155035 -0.930523 0.076178
v 0.154672 -0.932657 0.084313
v 0.091584 -0.917292 0.100117
v 0.073800 -0.912562 0.097004
v 0.075979 -0.938136 0.126929
v 0.067915 -0.924784 0.091041
v 0.082587 -0.938246 0.128047
v 0.091523 -0.935300 0.095322
v 0.075716 -0.934046 0.089279
v 0.092605 -0.928999 0.106176
v 0.109489 -0.929528 0.133896
v 0.111857 -0.934741 0.094265
v 0.111613 -0.929203 0.104130
v 0.104407 -0.929648 0.134279
v 0.110461 -0.917257 0.099148
v 0.128939 -0.917334 0.090657
v 0.120852 -0.937993 0.122639
v 0.124971 -0.937970 0.122284
v 0.130869 -0.933779 0.087909
v 0.132185 -0.924838 0.098602
v 0.140076 -0.928520 0.110267
v 0.146133 -0.932080 0.077049
v 0.148487 -0.922936 0.084899
v 0.136273 -0.928319 0.111370
v 0.146256 -0.914721 0.079453
v 0.153678 -0.924656 0.091296
v 0.156410 -0.930382 0.065443
v 0.161792 -0.922402 0.062458
v 0.150567 -0.924139 0.093163
v 0.158675 -0.913854 0.067743
v 0.084737 -0.817458 -0.023495
v 0.085672 -0.790713 -0.028332
v 0.097223 -0.791868 -0.022757
v 0.095948 -0.818393 -0.019121
v 0.108747 -0.817048 -0.022351
v 0.082714 -0.841766 -0.015472
v 0.095573 -0.841657 -0.011732
v 0.108047 -0.841848 -0.017403
v 0.130843 -0.861431 -0.056174
v 0.127882 -0.860642 -0.074245
v 0.115893 -0.860347 -0.084016
v 0.106647 -0.859986 -0.094550
v 0.096740 -0.859606 -0.104161
v 0.070848 -0.863889 -0.022473
v 0.081613 -0.860870 -0.005574
v 0.095788 -0.858932 0.000303
v 0.110815 -0.860008 -0.007599
v 0.070777 -0.905726 0.080960
v 0.089340 -0.903915 0.082730
v 0.086430 -0.894092 0.063598
v 0.071698 -0.903970 0.060031
v 0.107551 -0.906673 0.079621
v 0.105711 -0.894072 0.060134
v 0.125623 -0.907826 0.071959
v 0.122973 -0.897614 0.052183
v 0.142791 -0.908481 0.061816
v 0.138752 -0.901715 0.042419
v 0.157624 -0.910648 0.052210
v 0.152998 -0.907677 0.032492
v 0.164279 -0.920594 0.046758
v 0.161153 -0.918185 0.026650
v 0.065292 -0.922107 0.074632
v 0.067999 -0.919473 0.054062
v 0.075323 -0.933628 0.071172
v 0.077578 -0.932753 0.051015
v 0.092307 -0.933716 0.070462
v 0.093529 -0.932664 0.049313
v 0.156221 -0.930320 0.028771
v 0.157706 -0.931458 0.049250
v 0.111502 -0.933094 0.066803
v 0.112001 -0.931491 0.045121
v 0.129513 -0.933436 0.061147
v 0.129249 -0.932207 0.039345
v 0.144912 -0.933330 0.054808
v 0.144101 -0.932727 0.033478
v 0.083095 -0.886939 0.039730
v 0.102430 -0.881060 0.039016
v 0.118639 -0.885957 0.029967
v 0.133465 -0.893085 0.019023
v 0.146661 -0.903409 0.008697
v 0.155701 -0.914906 0.003392
v 0.132018 -0.881727 -0.009481
v 0.140449 -0.901546 -0.017518
v 0.146936 -0.914258 -0.020139
v 0.140449 -0.913544 -0.043764
v 0.136939 -0.899976 -0.043377
v 0.127079 -0.899941 -0.084569
v 0.132002 -0.899185 -0.066523
v 0.136362 -0.913031 -0.067316
v 0.131594 -0.915078 -0.086407
v 0.132763 -0.881969 -0.038049
v 0.129346 -0.880853 -0.061429
v 0.122922 -0.880132 -0.078322
v 0.114277 -0.915687 -0.108499
v 0.113191 -0.899240 -0.108357
v 0.121565 -0.900095 -0.097321
v 0.125127 -0.915784 -0.099205
v 0.097423 -0.917296 -0.112828
v 0.096890 -0.900272 -0.115198
v 0.080582 -0.902637 -0.103867
v 0.080562 -0.918878 -0.103469
v 0.109595 -0.879038 -0.101097
v 0.116024 -0.879998 -0.090135
v 0.097009 -0.879195 -0.108734
v 0.082422 -0.881095 -0.099594
v 0.073777 -0.903493 -0.084710
v 0.076683 -0.882577 -0.082581
v 0.072400 -0.919278 -0.085398
v 0.072974 -0.902688 0.035255
v 0.072953 -0.915769 0.030493
v 0.115599 -0.872166 0.009589
v 0.098271 -0.869472 0.018001
v 0.079483 -0.877561 0.010879
v 0.070869 -0.900134 0.008394
v 0.074854 -0.914672 0.004220
v 0.068629 -0.901636 -0.016996
v 0.074628 -0.914763 -0.019467
v 0.081119 -0.926138 0.027351
v 0.083593 -0.921635 0.001655
v 0.082504 -0.921483 -0.021711
v 0.068125 -0.902502 -0.038613
v 0.072394 -0.915935 -0.040170
v 0.070554 -0.902457 -0.055965
v 0.071584 -0.916963 -0.056805
v 0.071127 -0.918185 -0.070486
v 0.072359 -0.902985 -0.069685
v 0.071116 -0.883277 -0.056969
v 0.073775 -0.882605 -0.069272
v 0.068742 -0.884134 -0.039322
v 0.069807 -0.882597 -0.016929
v 0.152401 -0.927688 0.004928
v 0.145554 -0.925219 -0.018965
v 0.138192 -0.923464 -0.042236
v 0.133120 -0.924849 -0.065305
v 0.126605 -0.926688 -0.082998
v 0.120084 -0.927173 -0.094163
v 0.110992 -0.926718 -0.102317
v 0.097205 -0.926390 -0.104370
v 0.084793 -0.927491 -0.098287
v 0.078713 -0.928934 -0.084244
v 0.077035 -0.929384 -0.071136
v 0.079656 -0.924480 -0.042230
v 0.077251 -0.927946 -0.058036
v 0.066056 -0.864541 -0.041534
v 0.068779 -0.863772 -0.058693
v 0.073010 -0.862902 -0.069923
v 0.083415 -0.860694 -0.096485
v 0.078057 -0.861886 -0.080924
v 0.094962 -0.929931 0.024483
v 0.112110 -0.929506 0.020058
v 0.128233 -0.930138 0.014404
v 0.141679 -0.930655 0.009088
v 0.137108 -0.928883 -0.015651
v 0.124914 -0.928610 -0.011428
v 0.109612 -0.928405 -0.006403
v 0.094866 -0.925773 -0.001406
v 0.130189 -0.928300 -0.038791
v 0.119405 -0.928934 -0.034686
v 0.105280 -0.928729 -0.030656
v 0.092547 -0.926597 -0.025180
v 0.088524 -0.929935 -0.045849
v 0.099702 -0.930830 -0.051677
v 0.112560 -0.930465 -0.055470
v 0.122962 -0.929301 -0.060463
v 0.116999 -0.930116 -0.077118
v 0.107181 -0.930819 -0.071570
v 0.095697 -0.931500 -0.067375
v 0.086254 -0.931420 -0.062097
v 0.112261 -0.930190 -0.086870
v 0.097671 -0.929904 -0.096635
v 0.106294 -0.929952 -0.093619
v 0.089371 -0.930942 -0.093331
v 0.086238 -0.931581 -0.083507
v 0.085606 -0.931843 -0.073178
v 0.093342 -0.931180 -0.084184
v 0.094170 -0.931416 -0.076725
v 0.104122 -0.930695 -0.080943
v 0.101066 -0.930411 -0.087471
v 0.093481 -0.930740 -0.089846
v 0.097444 -0.930353 -0.091412
v 0.122719 -0.863706 -0.028399
v -0.000598 0.519712 -0.096734
v 0.002096 0.451004 -0.122934
v 0.079761 -0.509684 0.013412
v 0.094646 -0.512297 0.018094
v 0.110461 -0.510645 0.018755
v 0.132048 -0.089690 0.088647
v 0.082972 0.142142 0.103933
v 0.089877 0.184839 0.096792
v 0.086209 0.162899 0.100139
v 0.134700 -0.119995 0.091527
v 0.137563 0.208418 0.042515
v 0.002699 -0.087658 -0.135082
v 0.001889 0.409805 -0.131073
v 0.112859 0.371298 0.078787
v 0.003175 -0.003604 -0.142727
v 0.081822 0.656805 -0.013184
v 0.079501 0.655037 -0.014616
v 0.078972 0.651577 -0.015559
v 0.078128 0.649811 -0.019449
v 0.077728 0.648026 -0.022646
v 0.077280 0.647092 -0.024969
v 0.080535 0.652188 -0.017965
v 0.078640 0.654857 -0.020930
v 0.079846 0.654882 -0.017657
v 0.080941 0.654047 -0.016439
v 0.000217 0.401597 0.065784
v 0.000857 0.385769 0.075099
v 0.001668 0.373733 0.086607
v 0.002295 0.357290 0.094969
v 0.003651 0.601600 0.095362
v -0.003626 0.086730 0.134475
v -0.003022 0.101432 0.132083
v 0.001992 0.143467 -0.093722
v -0.002703 0.042411 0.137684
v -0.002308 0.117873 0.132438
v 0.002525 0.282521 -0.131129
v 0.002851 0.338551 0.101593
v -0.002062 0.021687 0.135909
v 0.000829 0.344759 -0.141147
v -0.000928 0.140621 0.132514
v 0.001315 -0.071243 0.116875
v 0.002700 0.207355 0.120906
v -0.041219 0.716437 0.060019
v -0.052256 0.706787 0.050762
v -0.046575 0.698298 0.061641
v -0.035877 0.704127 0.070170
v -0.043308 0.690615 0.069688
v -0.033120 0.693494 0.075694
v -0.058661 0.695158 0.042009
v -0.053569 0.690280 0.053231
v -0.059135 0.654126 0.049121
v -0.057195 0.663260 0.048058
v -0.062417 0.660154 0.039859
v -0.063400 0.647827 0.040527
v -0.058407 0.627417 0.050694
v -0.060015 0.617289 0.040938
v -0.054965 0.610436 0.052217
v -0.052405 0.620776 0.059940
v -0.020512 0.638832 0.080759
v -0.023745 0.644554 0.078387
v -0.029547 0.638725 0.078300
v -0.025616 0.632181 0.080617
v -0.011677 0.649891 0.084876
v -0.007347 0.654062 0.090445
v -0.007813 0.659051 0.085020
v -0.012783 0.654431 0.080752
v -0.015243 0.633509 0.082148
v -0.020412 0.626530 0.081425
v -0.014177 0.640775 0.084595
v -0.016071 0.644770 0.081432
v -0.010739 0.636496 0.095815
v -0.007780 0.637643 0.100403
v -0.008794 0.643304 0.099921
v -0.012125 0.641178 0.093710
v -0.014033 0.634062 0.086770
v -0.010364 0.631289 0.089247
v -0.011783 0.634223 0.091860
v -0.014045 0.637746 0.089137
v -0.011082 0.645532 0.089146
v -0.007652 0.648977 0.095468
v -0.003612 0.651256 0.101936
v -0.004220 0.643941 0.106525
v -0.035863 0.617963 0.076580
v -0.030555 0.614608 0.079268
v -0.025919 0.620510 0.080876
v -0.031069 0.625173 0.079345
v -0.011240 0.627822 0.086267
v -0.013952 0.612010 0.089823
v -0.008330 0.613667 0.093262
v -0.008323 0.617712 0.092532
v -0.014512 0.616113 0.088925
v -0.041231 0.602232 0.069828
v -0.041326 0.593516 0.067462
v -0.034882 0.594688 0.073737
v -0.035109 0.601668 0.075005
v -0.032452 0.588398 0.073834
v -0.038811 0.584777 0.066599
v -0.028596 0.570012 0.071092
v -0.023341 0.577875 0.079891
v -0.028330 0.582882 0.075722
v -0.034356 0.576969 0.067882
v -0.011644 0.584433 0.087466
v -0.017182 0.573644 0.085576
v -0.010172 0.570732 0.090422
v -0.005843 0.583459 0.090339
v -0.013123 0.605520 0.086719
v -0.013420 0.608516 0.088889
v -0.017516 0.607114 0.085742
v -0.017027 0.604942 0.084173
v -0.021206 0.604297 0.081634
v -0.021144 0.605059 0.082290
v -0.022760 0.605703 0.082080
v -0.022957 0.604033 0.080943
v -0.019338 0.604586 0.082697
v -0.020144 0.603399 0.082052
v -0.017961 0.602741 0.083583
v -0.014618 0.602362 0.086646
v -0.001503 0.601668 0.094445
v -0.000607 0.606098 0.092565
v -0.003792 0.606015 0.091414
v -0.005376 0.601831 0.093132
v -0.021237 0.607568 0.083727
v -0.018499 0.609701 0.086182
v -0.019864 0.612919 0.085744
v -0.023443 0.609537 0.083247
v -0.026424 0.611932 0.081773
v -0.028716 0.607332 0.079779
v -0.025261 0.606495 0.081402
v -0.021906 0.602171 0.080858
v -0.025709 0.603389 0.079914
v -0.024740 0.600322 0.079171
v -0.022554 0.597417 0.080465
v -0.019712 0.600529 0.082504
v -0.016436 0.599224 0.085699
v -0.019153 0.594959 0.083446
v -0.014230 0.593125 0.086953
v -0.011891 0.598021 0.089636
v -0.022107 0.616604 0.083920
v -0.029715 0.602495 0.077976
v -0.033426 0.608472 0.077083
v -0.029176 0.597531 0.077059
v -0.026823 0.593171 0.077846
v -0.017810 0.586449 0.083909
v -0.023066 0.589344 0.080372
v -0.021053 0.563893 0.076380
v -0.012169 0.560012 0.080564
v -0.039316 0.684261 0.071192
v -0.030783 0.686104 0.074096
v -0.039552 0.676074 0.068237
v -0.035799 0.677334 0.070457
v -0.036544 0.680246 0.070406
v -0.041231 0.678187 0.067539
v -0.051691 0.666203 0.053579
v -0.053450 0.659608 0.054143
v -0.047697 0.664806 0.057587
v -0.047125 0.668798 0.058205
v -0.040509 0.658216 0.065775
v -0.038089 0.665367 0.066660
v -0.041061 0.665893 0.064115
v -0.044657 0.659081 0.062469
v -0.034451 0.665229 0.068819
v -0.035720 0.658683 0.068490
v -0.030878 0.660091 0.070399
v -0.030383 0.665728 0.070244
v -0.029892 0.681429 0.072358
v -0.030335 0.678106 0.072283
v -0.024012 0.677820 0.071819
v -0.022453 0.681127 0.072269
v -0.013953 0.670761 0.068342
v -0.010963 0.670671 0.070074
v -0.011574 0.674961 0.070104
v -0.014895 0.673273 0.068752
v -0.015335 0.669005 0.069077
v -0.013399 0.667544 0.070533
v -0.033409 0.738285 0.054490
v -0.047168 0.728585 0.044891
v -0.028307 0.722682 0.068491
v -0.058194 0.715401 0.036536
v -0.063848 0.700568 0.028518
v -0.056194 0.600365 0.045561
v -0.048981 0.595426 0.057772
v -0.048109 0.605254 0.061987
v -0.054308 0.589353 0.041466
v -0.046676 0.584674 0.055780
v -0.032660 0.565374 0.056168
v -0.041409 0.574075 0.055104
v -0.060067 0.596622 0.024895
v -0.056880 0.587993 0.018955
v -0.049033 0.578408 0.037190
v -0.061173 0.600453 0.003960
v -0.058861 0.596982 -0.004274
v -0.052115 0.579081 0.009625
v -0.036173 0.546117 0.018185
v -0.048629 0.551165 0.004835
v -0.050177 0.540098 0.001240
v -0.038284 0.535578 0.015027
v -0.061305 0.606884 0.031326
v -0.064390 0.669984 0.030318
v -0.066536 0.655962 0.028764
v -0.060039 0.671570 0.041798
v -0.068524 0.727910 0.000166
v -0.073407 0.710072 -0.001512
v -0.069091 0.705840 0.014084
v -0.063557 0.723233 0.019634
v -0.040575 0.763165 0.005482
v -0.056745 0.747691 0.003038
v -0.052362 0.739837 0.026235
v -0.038259 0.753487 0.033041
v -0.076197 0.710698 -0.017571
v -0.070454 0.728721 -0.021298
v -0.072158 0.722818 -0.042671
v -0.077251 0.707620 -0.034044
v -0.058903 0.747588 -0.025432
v -0.060419 0.740958 -0.051656
v -0.059463 0.600064 -0.016399
v -0.057334 0.583078 -0.011556
v -0.055798 0.568609 -0.009536
v -0.047922 0.564091 0.008150
v -0.042658 0.754801 -0.058483
v -0.041721 0.763387 -0.027279
v -0.064996 0.678043 -0.076432
v -0.071238 0.670700 -0.061205
v -0.074710 0.686261 -0.054079
v -0.068224 0.696905 -0.070812
v -0.054472 0.685409 -0.091607
v -0.056147 0.707528 -0.085794
v -0.052674 0.624403 -0.068210
v -0.043671 0.624973 -0.082362
v -0.038438 0.609516 -0.072683
v -0.046680 0.609764 -0.060250
v -0.049956 0.685452 0.062828
v -0.053475 0.679269 0.055988
v -0.048416 0.677131 0.061596
v -0.045133 0.680891 0.066792
v -0.061813 0.683300 0.035119
v -0.057564 0.681268 0.046526
v -0.071623 0.690140 0.010003
v -0.075440 0.694552 -0.002875
v -0.079009 0.694121 -0.029092
v -0.078109 0.695648 -0.015812
v -0.073566 0.664566 -0.049389
v -0.075976 0.674656 -0.044766
v -0.060300 0.608157 -0.032530
v -0.053158 0.609218 -0.047930
v -0.051294 0.591268 -0.043177
v -0.057815 0.588108 -0.028832
v -0.035243 0.594507 -0.064892
v -0.042725 0.593588 -0.055121
v -0.055402 0.559257 -0.028523
v -0.049915 0.562255 -0.042970
v -0.051625 0.550879 -0.046258
v -0.055628 0.547651 -0.031214
v -0.043894 0.551493 -0.058762
v -0.042062 0.563705 -0.055217
v -0.033328 0.564058 -0.064632
v -0.034574 0.550895 -0.067377
v -0.014355 0.528701 0.031146
v -0.025378 0.531912 0.024361
v -0.028066 0.522454 0.021055
v -0.015942 0.519812 0.027346
v -0.057171 0.538115 -0.035289
v -0.054481 0.542589 -0.050766
v -0.059097 0.623703 -0.055117
v -0.063350 0.626244 -0.042928
v -0.047295 0.542784 -0.064000
v -0.049657 0.575388 -0.042028
v -0.041929 0.577140 -0.053383
v -0.024539 0.594729 -0.073111
v -0.027618 0.610069 -0.082451
v -0.018113 0.649602 0.078552
v -0.021128 0.663768 0.071403
v -0.016912 0.665425 0.071050
v -0.017988 0.668276 0.069990
v -0.021719 0.667424 0.070669
v -0.010602 0.706058 0.081009
v -0.023442 0.706802 0.077165
v -0.021598 0.693226 0.080405
v -0.008821 0.689594 0.082364
v -0.047647 0.634062 0.067869
v -0.041812 0.624065 0.072996
v -0.035795 0.631989 0.076950
v -0.038639 0.640763 0.073628
v -0.044281 0.670434 0.061082
v -0.043428 0.672485 0.063287
v -0.045822 0.672539 0.060809
v -0.039152 0.610464 0.073214
v -0.045679 0.614621 0.067447
v -0.066147 0.641019 0.028801
v -0.055056 0.672127 0.050386
v -0.019849 0.773367 0.008836
v -0.019053 0.761930 0.039606
v -0.020438 0.774315 -0.026918
v -0.020968 0.765373 -0.060604
v -0.041036 0.717175 -0.097758
v -0.023637 0.725041 -0.107912
v -0.020146 0.699766 -0.114182
v -0.039469 0.692145 -0.104390
v -0.031108 0.626323 -0.093448
v -0.023097 0.565299 -0.070994
v -0.024160 0.550838 -0.072637
v -0.017493 0.743779 0.061079
v -0.013832 0.724663 0.073396
v -0.066842 0.685385 0.021989
v -0.058761 0.645694 0.052753
v -0.055306 0.638744 0.058772
v -0.051024 0.649773 0.062240
v -0.053602 0.653907 0.057299
v -0.061868 0.636299 0.043838
v -0.063524 0.627076 0.031773
v -0.065171 0.618252 0.017432
v -0.063649 0.606697 0.010403
v -0.069780 0.712983 -0.061524
v -0.076010 0.700399 -0.047546
v -0.043454 0.738858 -0.083224
v -0.061078 0.727415 -0.073486
v -0.077696 0.690081 -0.041257
v -0.022922 0.750855 -0.089943
v -0.008038 0.622115 0.091279
v -0.006558 0.626330 0.090654
v -0.015241 0.621691 0.086334
v -0.006969 0.597159 0.092373
v -0.008787 0.591824 0.089662
v -0.003586 0.591254 0.090982
v -0.002370 0.596868 0.093757
v -0.011803 0.554548 0.065320
v -0.021918 0.558798 0.060895
v -0.012931 0.537162 0.036715
v -0.023648 0.540792 0.029186
v -0.006653 0.634903 0.094599
v -0.006963 0.634062 0.092565
v -0.005025 0.634437 0.093004
v -0.005093 0.635274 0.094982
v -0.019892 0.606070 0.083612
v -0.003512 0.613943 0.095254
v -0.003633 0.610050 0.093950
v -0.000468 0.609795 0.094659
v -0.000376 0.613586 0.095967
v -0.038762 0.565450 0.034432
v -0.035888 0.556594 0.023685
v -0.055541 0.543748 -0.014966
v -0.055417 0.555494 -0.011527
v -0.055992 0.572603 -0.027283
v -0.034297 0.578436 -0.063860
v -0.023727 0.579772 -0.071107
v -0.011277 0.581187 -0.075325
v -0.012473 0.595006 -0.079710
v -0.023406 0.554955 0.045848
v -0.023330 0.549077 0.035552
v -0.012612 0.545139 0.042851
v -0.012052 0.550492 0.051962
v -0.000942 0.632309 0.096354
v -0.001877 0.631073 0.094244
v 0.000090 0.628875 0.095155
v 0.000496 0.631213 0.097973
v -0.007812 0.632136 0.090913
v -0.005733 0.629226 0.090829
v -0.005442 0.631241 0.090865
v -0.008696 0.633447 0.092532
v -0.008146 0.634915 0.095155
v -0.003396 0.635792 0.099911
v -0.003087 0.636528 0.104916
v -0.006302 0.635732 0.098167
v -0.002805 0.633598 0.094796
v -0.003104 0.632286 0.092971
v -0.005048 0.632996 0.091326
v -0.006778 0.633150 0.091313
v -0.003668 0.635657 0.097767
v -0.005479 0.635434 0.096462
v -0.002920 0.657211 0.096142
v -0.003544 0.535357 0.040316
v -0.003080 0.543282 0.045948
v -0.020512 0.604620 0.082074
v -0.021464 0.685692 0.075610
v -0.045280 0.648309 0.067551
v -0.025349 0.650370 0.075430
v -0.025790 0.656166 0.072935
v -0.031642 0.653103 0.072030
v -0.031474 0.645878 0.074973
v -0.012688 0.682479 0.075660
v -0.007526 0.676797 0.074534
v -0.003627 0.678844 0.080716
v -0.007193 0.670317 0.074609
v -0.010377 0.665165 0.073529
v -0.008643 0.662892 0.079219
v -0.003882 0.669699 0.082757
v -0.043969 0.675618 0.064105
v -0.041916 0.674319 0.065761
v -0.013741 0.658216 0.076581
v -0.015041 0.661722 0.073057
v -0.020184 0.659002 0.073076
v -0.019347 0.654229 0.075536
v -0.038074 0.650202 0.070466
v -0.050106 0.672313 0.056635
v -0.047002 0.661329 0.059373
v -0.063637 0.620838 -0.027660
v -0.066943 0.631547 -0.035173
v -0.065571 0.613125 -0.008024
v -0.064743 0.615258 -0.012210
v -0.060299 0.609690 -0.009989
v -0.063129 0.609133 -0.005057
v -0.076844 0.665135 -0.028385
v -0.076042 0.665662 -0.024197
v -0.076972 0.672070 -0.023655
v -0.076801 0.671082 -0.031542
v -0.076119 0.668249 -0.017472
v -0.075540 0.664637 -0.017193
v -0.075289 0.664098 -0.013818
v -0.075864 0.671345 -0.015432
v -0.074547 0.668905 -0.007678
v -0.075288 0.680173 -0.004933
v -0.077728 0.682098 -0.015207
v -0.068879 0.667216 0.015808
v -0.071474 0.675015 0.004855
v -0.071970 0.663361 -0.001546
v -0.069261 0.655731 0.003080
v -0.065750 0.620984 0.002852
v -0.065522 0.612653 -0.000333
v -0.060800 0.613309 -0.018152
v -0.051217 0.664333 -0.091927
v -0.061183 0.659451 -0.077051
v -0.067963 0.654928 -0.062736
v -0.070892 0.652178 -0.050369
v -0.038068 0.669514 -0.104836
v -0.020745 0.670251 -0.112180
v -0.068453 0.650295 0.016207
v -0.068031 0.644127 0.004373
v -0.057679 0.640992 -0.074820
v -0.047924 0.643806 -0.089125
v -0.063911 0.639139 -0.060407
v -0.067509 0.639416 -0.048323
v -0.034104 0.648676 -0.101624
v -0.017152 0.646597 -0.109089
v -0.015457 0.625909 -0.099764
v -0.069924 0.621959 -0.007853
v -0.070869 0.616064 -0.006759
v -0.068150 0.614815 -0.005065
v -0.067741 0.620896 -0.003772
v -0.067197 0.632174 0.003851
v -0.067078 0.635061 0.015794
v -0.003299 0.663218 0.090259
v -0.002988 0.569552 0.092494
v -0.001015 0.583399 0.091956
v -0.002987 0.621981 0.093973
v -0.003418 0.617896 0.094808
v -0.000231 0.617273 0.095539
v 0.000057 0.621183 0.094761
v -0.015845 0.678878 0.071057
v -0.013765 0.610247 -0.088941
v -0.011152 0.566530 -0.074307
v -0.012351 0.551647 -0.075815
v -0.037339 0.540680 -0.072989
v -0.026015 0.539095 -0.078493
v 0.000337 0.625159 0.094486
v -0.002509 0.625730 0.093340
v -0.003070 0.635058 0.096558
v -0.008249 0.609618 0.092125
v -0.003195 0.630865 0.092586
v -0.002437 0.628682 0.093026
v 0.002123 0.628331 0.096022
v 0.001930 0.624778 0.094839
v -0.025923 0.662022 0.071423
v -0.026018 0.666548 0.070800
v -0.001503 0.634110 0.098786
v -0.000419 0.633205 0.101491
v -0.041217 0.525629 0.011339
v -0.052064 0.529573 -0.002918
v 0.001749 0.609686 0.094897
v 0.001716 0.613400 0.096183
v -0.069641 0.648314 -0.004791
v -0.071678 0.655448 -0.006873
v -0.073000 0.650278 -0.011971
v -0.070820 0.644236 -0.010432
v -0.004789 0.526901 0.035034
v -0.056376 0.533497 -0.019262
v -0.013728 0.539361 -0.081589
v -0.043194 0.667039 0.061888
v -0.044217 0.668571 0.060722
v -0.018517 0.676176 0.070062
v -0.010050 0.602032 0.090549
v -0.008213 0.605875 0.089614
v -0.002974 0.548652 0.054582
v 0.002096 0.630660 0.098969
v -0.073838 0.657950 -0.020778
v -0.073298 0.654384 -0.019959
v -0.075951 0.653429 -0.017823
v -0.076315 0.656732 -0.017296
v -0.078014 0.660248 -0.012485
v -0.079293 0.663654 -0.014308
v -0.080473 0.660048 -0.015801
v -0.078836 0.657170 -0.014979
v -0.074558 0.660885 -0.009843
v -0.075651 0.656097 -0.011811
v -0.081588 0.665073 -0.016176
v -0.081312 0.662278 -0.017376
v -0.075860 0.665417 -0.019902
v -0.078777 0.666353 -0.017435
v -0.080202 0.667855 -0.022048
v -0.084237 0.666162 -0.019986
v -0.082422 0.667508 -0.028228
v -0.087072 0.665247 -0.025320
v -0.083054 0.663198 -0.033358
v -0.088242 0.661690 -0.030827
v -0.067799 0.629529 -0.003776
v -0.067426 0.629654 -0.010548
v -0.082872 0.657041 -0.035817
v -0.088538 0.656252 -0.034089
v -0.081748 0.649634 -0.037343
v -0.087692 0.649256 -0.035343
v -0.080737 0.641844 -0.036847
v -0.086007 0.641820 -0.034799
v -0.079010 0.633306 -0.034569
v -0.083931 0.634635 -0.032329
v -0.076868 0.624083 -0.029572
v -0.081586 0.627808 -0.027644
v -0.084147 0.659796 -0.029833
v -0.082928 0.662982 -0.026055
v -0.075883 0.661275 -0.030175
v -0.081930 0.663864 -0.021113
v -0.072366 0.648335 -0.027022
v -0.071514 0.645886 -0.025973
v -0.074305 0.646926 -0.022906
v -0.072129 0.649099 -0.024655
v -0.071324 0.642145 -0.014021
v -0.071050 0.636714 -0.013927
v -0.069928 0.636905 -0.009790
v -0.069199 0.632640 -0.014294
v -0.068473 0.637215 -0.015516
v -0.068659 0.633924 -0.015729
v -0.067841 0.641168 -0.016020
v -0.069097 0.632245 -0.017123
v -0.070022 0.630553 -0.015882
v -0.068133 0.633239 -0.017766
v -0.067731 0.634256 -0.016970
v -0.066916 0.636066 -0.017876
v -0.067027 0.638893 -0.020212
v -0.069143 0.639010 -0.004019
v -0.067442 0.627376 -0.025077
v -0.070882 0.635250 -0.029441
v -0.078428 0.622668 -0.021766
v -0.074753 0.617093 -0.022028
v -0.072562 0.613211 -0.008734
v -0.073973 0.613230 -0.014343
v -0.074634 0.656306 -0.031302
v -0.074058 0.649904 -0.032899
v -0.065193 0.621091 -0.017730
v -0.072838 0.643110 -0.032058
v -0.079720 0.631531 -0.026269
v -0.076991 0.627889 -0.022067
v -0.082467 0.636502 -0.029868
v -0.071030 0.627124 -0.013671
v -0.074219 0.626448 -0.017624
v -0.075840 0.621025 -0.015688
v -0.073269 0.620940 -0.010923
v -0.074739 0.631519 -0.021846
v -0.078115 0.634320 -0.024579
v -0.071333 0.633675 -0.023043
v -0.074460 0.636531 -0.025264
v -0.069924 0.632344 -0.019636
v -0.071863 0.630137 -0.018748
v -0.067603 0.635631 -0.023532
v -0.070502 0.639582 -0.026445
v -0.067737 0.633858 -0.019790
v -0.077563 0.639957 -0.025829
v -0.074362 0.642946 -0.026630
v -0.077966 0.646438 -0.024922
v -0.080394 0.643965 -0.025887
v -0.080965 0.638109 -0.026937
v -0.083167 0.642757 -0.028484
v -0.083396 0.642541 -0.032160
v -0.083716 0.648241 -0.029605
v -0.084090 0.649136 -0.032941
v -0.081637 0.647994 -0.026977
v -0.080079 0.648967 -0.024807
v -0.084656 0.655283 -0.032186
v -0.083527 0.653451 -0.029218
v -0.082954 0.657502 -0.027711
v -0.082214 0.651976 -0.026712
v -0.081518 0.655115 -0.025549
v -0.080911 0.651250 -0.025147
v -0.080181 0.652948 -0.023962
v -0.078705 0.661324 -0.018940
v -0.077465 0.659426 -0.017467
v -0.080203 0.661417 -0.021701
v -0.078699 0.658811 -0.021591
v -0.077692 0.660078 -0.020310
v -0.076218 0.658980 -0.020043
v -0.077596 0.656491 -0.021024
v -0.075437 0.654555 -0.022463
v -0.019595 0.499227 0.022831
v -0.007677 0.497705 0.024857
v -0.006689 0.507578 0.027665
v -0.017848 0.509692 0.024475
v -0.080180 0.657269 -0.023583
v -0.079048 0.654606 -0.022123
v -0.081524 0.660179 -0.025087
v -0.076676 0.650591 -0.024621
v -0.077597 0.652357 -0.022988
v -0.079009 0.650730 -0.023603
v -0.078013 0.649291 -0.024328
v -0.071605 0.646015 -0.015143
v -0.069297 0.644296 -0.018635
v -0.069315 0.641589 -0.022595
v -0.053712 0.487618 0.005879
v -0.049514 0.496343 0.003095
v -0.063204 0.503363 -0.009614
v -0.069121 0.496417 -0.006684
v -0.066025 0.466024 0.023544
v -0.088238 0.475510 0.009186
v -0.087678 0.452560 0.028431
v -0.068369 0.447530 0.034543
v -0.085971 0.433260 0.042991
v -0.068377 0.430093 0.045965
v -0.080764 0.383322 0.076916
v -0.064619 0.383098 0.079864
v -0.065834 0.398148 0.068657
v -0.082463 0.398892 0.065816
v -0.099867 0.306143 0.107053
v -0.094240 0.288141 0.104648
v -0.081101 0.292183 0.110043
v -0.088287 0.308379 0.111049
v -0.147985 0.401782 0.040339
v -0.150488 0.421702 0.031976
v -0.159827 0.410107 0.030368
v -0.156106 0.390454 0.037124
v -0.103397 0.514944 -0.036029
v -0.097833 0.498744 -0.012813
v -0.086988 0.502020 -0.019659
v -0.094018 0.516837 -0.039312
v -0.142858 0.319346 0.061301
v -0.138530 0.306986 0.069278
v -0.133791 0.316656 0.077022
v -0.137067 0.328748 0.070070
v -0.114689 0.228884 0.060707
v -0.116194 0.210061 0.059992
v -0.101049 0.208794 0.076444
v -0.100124 0.227908 0.075872
v -0.150820 0.252400 -0.004306
v -0.153105 0.251102 -0.031608
v -0.151092 0.235665 -0.032451
v -0.149983 0.235104 -0.005532
v -0.109128 0.381285 0.068623
v -0.095679 0.382750 0.072991
v -0.097863 0.398435 0.062362
v -0.111934 0.397094 0.058252
v -0.264484 0.305456 -0.008586
v -0.251507 0.295585 -0.007813
v -0.238709 0.315580 -0.005054
v -0.251278 0.325787 -0.006449
v -0.152845 0.142939 0.001697
v -0.151855 0.147293 -0.023653
v -0.155106 0.129119 -0.021205
v -0.155215 0.124314 0.004801
v -0.205553 0.443209 -0.000754
v -0.196339 0.458130 0.000600
v -0.202307 0.474155 -0.018731
v -0.212810 0.458545 -0.018854
v -0.147355 0.363414 0.048439
v -0.140128 0.371247 0.054433
v -0.144437 0.385386 0.047541
v -0.151475 0.375354 0.042732
v -0.160841 0.279096 -0.034994
v -0.158876 0.281540 -0.011795
v -0.162160 0.296035 -0.018127
v -0.164326 0.294260 -0.039217
v -0.155496 0.266443 -0.007211
v -0.157020 0.264545 -0.032601
v -0.131356 0.376248 0.059099
v -0.121014 0.379151 0.064014
v -0.124453 0.395200 0.054258
v -0.134899 0.392364 0.050749
v -0.088685 0.272523 0.098310
v -0.072710 0.277727 0.105480
v -0.149193 0.118911 0.029796
v -0.138189 0.113312 0.051679
v -0.136996 0.133503 0.048629
v -0.147665 0.138326 0.026579
v -0.083289 0.245276 0.086702
v -0.084444 0.259956 0.090953
v -0.099422 0.258825 0.081590
v -0.098607 0.244664 0.075665
v -0.122772 0.107986 0.071030
v -0.105404 0.103303 0.089465
v -0.103985 0.125222 0.086008
v -0.121591 0.128888 0.068127
v -0.084200 0.415481 0.054680
v -0.067241 0.413845 0.057508
v -0.119047 0.305530 0.093921
v -0.116507 0.288160 0.090651
v -0.106094 0.287144 0.098084
v -0.110403 0.305386 0.101024
v -0.162740 0.359896 0.018439
v -0.161495 0.375472 0.030238
v -0.167434 0.394209 0.024860
v -0.166978 0.370054 0.013784
v -0.158286 0.111028 -0.018877
v -0.157825 0.106137 0.007260
v -0.124035 0.086922 0.073633
v -0.106254 0.081489 0.091944
v -0.177759 0.355178 -0.058350
v -0.174621 0.348767 -0.054226
v -0.175335 0.350518 -0.037060
v -0.177978 0.358801 -0.042752
v -0.049680 0.310769 0.113917
v -0.064791 0.319699 0.113605
v -0.070548 0.302663 0.113786
v -0.058063 0.290007 0.111515
v -0.114213 0.272402 0.082407
v -0.113026 0.260003 0.072240
v -0.102431 0.271176 0.090476
v -0.033645 0.300938 0.110837
v -0.043781 0.274500 0.106116
v -0.050097 0.411136 0.059913
v -0.049023 0.396570 0.071189
v -0.050340 0.426664 0.049500
v -0.032592 0.423776 0.052998
v -0.031042 0.440118 0.043738
v -0.048925 0.443165 0.039557
v -0.028085 0.456481 0.036010
v -0.045785 0.460017 0.031449
v -0.036781 0.481837 0.015628
v -0.034145 0.491783 0.013824
v -0.156693 0.363164 0.034928
v -0.152466 0.352863 0.039584
v -0.139657 0.093132 0.054143
v -0.108604 0.442720 -0.128100
v -0.106760 0.423841 -0.133117
v -0.124308 0.429381 -0.128178
v -0.126431 0.447729 -0.123232
v -0.114057 0.516119 -0.034178
v -0.111613 0.501157 -0.009424
v -0.166831 0.375575 -0.105342
v -0.160705 0.369922 -0.109011
v -0.161529 0.357569 -0.102989
v -0.166195 0.365656 -0.100228
v -0.174417 0.357166 -0.081316
v -0.175143 0.352804 -0.083891
v -0.176023 0.358808 -0.091186
v -0.173468 0.363966 -0.088179
v -0.148403 0.132657 -0.044579
v -0.144096 0.150474 -0.047471
v -0.129512 0.264533 -0.099474
v -0.141297 0.257229 -0.078992
v -0.147778 0.271905 -0.077788
v -0.137990 0.280044 -0.096794
v -0.015740 0.412071 -0.132983
v -0.015992 0.396372 -0.135233
v -0.034407 0.399768 -0.138904
v -0.034376 0.415807 -0.136386
v -0.071879 0.446497 -0.133031
v -0.071898 0.462635 -0.127425
v -0.051817 0.453005 -0.130423
v -0.052401 0.438131 -0.135050
v -0.089968 0.436435 -0.133719
v -0.088885 0.417947 -0.138279
v -0.162763 0.296005 -0.058891
v -0.158882 0.281438 -0.056855
v -0.166406 0.315571 -0.063162
v -0.167425 0.315315 -0.046320
v -0.168756 0.322588 -0.048130
v -0.167873 0.322926 -0.063933
v -0.085769 0.520666 -0.041891
v -0.084751 0.525617 -0.064426
v -0.094622 0.522273 -0.062149
v -0.050097 0.502194 -0.108201
v -0.049672 0.496106 -0.112517
v -0.063253 0.501772 -0.107128
v -0.060528 0.506859 -0.103514
v -0.038945 0.327006 -0.142075
v -0.017951 0.325946 -0.141036
v -0.017717 0.304772 -0.137920
v -0.040167 0.304619 -0.139361
v -0.166953 0.332638 -0.077487
v -0.169495 0.339864 -0.077947
v -0.167799 0.346798 -0.087024
v -0.164538 0.338734 -0.087759
v -0.161625 0.331714 -0.088531
v -0.158608 0.324509 -0.089253
v -0.163023 0.318911 -0.077063
v -0.164988 0.326181 -0.077382
v -0.145822 0.294416 -0.093805
v -0.154102 0.286880 -0.076559
v -0.158379 0.300780 -0.076443
v -0.151960 0.307221 -0.091979
v -0.014451 0.235477 -0.122424
v -0.034363 0.233768 -0.125484
v -0.035696 0.257495 -0.130539
v -0.015131 0.258450 -0.128537
v -0.180929 0.364692 -0.015749
v -0.181358 0.369737 -0.000966
v -0.184365 0.361748 -0.006429
v -0.182763 0.354868 -0.023047
v -0.188703 0.370453 -0.103791
v -0.195636 0.365173 -0.104534
v -0.199464 0.370467 -0.105652
v -0.192302 0.376841 -0.105588
v -0.183986 0.334664 -0.042856
v -0.186398 0.342157 -0.027790
v -0.192897 0.326389 -0.030922
v -0.189510 0.319398 -0.046756
v -0.123492 0.517806 -0.062888
v -0.125450 0.517704 -0.033082
v -0.113619 0.518989 -0.061536
v -0.177626 0.339913 -0.065776
v -0.180175 0.329812 -0.070216
v -0.180936 0.332479 -0.081917
v -0.176303 0.341992 -0.077978
v -0.276469 0.315270 -0.017037
v -0.262925 0.335398 -0.015651
v -0.197041 0.300913 -0.063290
v -0.199865 0.301330 -0.076342
v -0.186882 0.315939 -0.073832
v -0.186895 0.315926 -0.061048
v -0.121780 0.248672 -0.100294
v -0.135717 0.242370 -0.080462
v -0.120223 0.136639 -0.081953
v -0.136188 0.135009 -0.065332
v -0.131198 0.153492 -0.068188
v -0.115471 0.155945 -0.084863
v -0.151651 0.114361 -0.042857
v -0.123730 0.116922 -0.079653
v -0.139692 0.116230 -0.063290
v -0.066925 0.532525 -0.060804
v -0.058299 0.531237 -0.076042
v -0.065076 0.526078 -0.080953
v -0.075521 0.529324 -0.063631
v -0.175212 -0.000618 -0.043127
v -0.175073 -0.029662 -0.046927
v -0.181761 -0.032309 -0.017634
v -0.180367 -0.004629 -0.013339
v -0.034395 0.513999 -0.099822
v -0.051120 0.520017 -0.092440
v -0.045696 0.526501 -0.086429
v -0.031113 0.521697 -0.092436
v -0.177560 0.020765 -0.012661
v -0.173599 0.026244 -0.041629
v -0.069836 0.526330 -0.041679
v -0.078000 0.523460 -0.042554
v -0.073207 0.512502 -0.025116
v -0.065666 0.517245 -0.024947
v -0.057596 0.510618 -0.009578
v -0.182533 -0.039927 0.011178
v -0.178583 -0.013085 0.013799
v -0.051742 0.536031 -0.070355
v -0.040532 0.532726 -0.079763
v -0.028147 0.530024 -0.085552
v -0.014831 0.529044 -0.088915
v -0.155631 0.096568 -0.041794
v -0.161406 0.093117 -0.017108
v -0.121066 -0.133783 -0.115767
v -0.093763 -0.136902 -0.124123
v -0.091235 -0.150684 -0.114117
v -0.123572 -0.151347 -0.105720
v -0.024536 -0.122057 -0.126825
v -0.022078 -0.134607 -0.112135
v -0.056559 -0.145259 -0.115238
v -0.061382 -0.132635 -0.128393
v -0.030506 -0.003733 -0.143525
v -0.060624 -0.003895 -0.143444
v -0.060815 0.017682 -0.135768
v -0.031470 0.017963 -0.136736
v -0.128266 0.098595 -0.079943
v -0.144094 0.098149 -0.063129
v -0.159944 0.087845 0.009183
v -0.180677 -0.176227 0.023746
v -0.186686 -0.169338 -0.015793
v -0.181877 -0.205009 -0.017249
v -0.177675 -0.211774 0.020369
v -0.148497 -0.199233 -0.076947
v -0.152690 -0.170089 -0.081238
v -0.121479 -0.172875 -0.098481
v -0.118026 -0.198086 -0.092397
v -0.087813 0.076825 0.109017
v -0.106312 0.060298 0.092643
v -0.087284 0.054784 0.108931
v -0.027497 0.066661 0.136501
v -0.049904 0.069563 0.131548
v -0.046798 0.046834 0.130953
v -0.025252 0.044258 0.135992
v -0.025352 -0.071376 0.111524
v -0.011008 -0.071082 0.115465
v -0.013999 -0.048136 0.119177
v -0.030883 -0.047308 0.114583
v -0.169719 -0.022277 0.038744
v -0.151652 -0.030109 0.060320
v -0.149843 -0.008388 0.059597
v -0.166351 0.000825 0.039011
v -0.019708 -0.143631 -0.094698
v -0.051094 -0.157160 -0.100824
v -0.161404 -0.218094 0.056837
v -0.162817 -0.181498 0.060078
v -0.132792 -0.221837 0.084864
v -0.097686 -0.220180 0.094962
v -0.100641 -0.188019 0.098710
v -0.134976 -0.187397 0.087269
v -0.008915 -0.141063 0.057097
v -0.020144 -0.124306 0.082970
v -0.025096 -0.135359 0.078382
v -0.009620 -0.148108 0.054347
v -0.026775 -0.091041 -0.143217
v -0.026373 -0.108045 -0.136284
v -0.060767 -0.115376 -0.138798
v -0.059923 -0.096379 -0.145549
v -0.105127 0.117230 -0.091160
v -0.109420 0.097803 -0.092500
v -0.085681 0.116940 -0.098541
v -0.102021 0.137469 -0.093925
v -0.082413 0.138310 -0.100702
v -0.084145 0.266700 -0.126212
v -0.104458 0.256723 -0.115473
v -0.113069 0.273260 -0.115949
v -0.093164 0.285293 -0.127864
v -0.052611 0.405149 -0.141651
v -0.052672 0.422095 -0.138627
v -0.080803 -0.190062 -0.098594
v -0.039257 -0.175403 -0.089557
v -0.050041 -0.213927 -0.086605
v -0.084867 -0.221457 -0.092294
v -0.144055 -0.229601 -0.073981
v -0.164858 -0.232481 -0.051167
v -0.171312 -0.199917 -0.051837
v -0.175739 -0.238601 -0.018496
v -0.172692 -0.245710 0.018916
v -0.128419 -0.255017 0.081753
v -0.093462 -0.252553 0.089907
v -0.014121 -0.211243 0.053103
v -0.034849 -0.215273 0.073375
v -0.032899 -0.241005 0.064969
v -0.013759 -0.235481 0.042483
v -0.064792 -0.073162 0.095662
v -0.099964 -0.054725 0.086907
v -0.101901 -0.078327 0.088842
v -0.072147 -0.095671 0.094617
v -0.032545 0.089334 0.134802
v -0.050699 0.093013 0.130310
v -0.068698 0.072976 0.122654
v -0.068680 0.096309 0.121573
v -0.087193 0.099497 0.107311
v -0.044224 0.186989 0.119958
v -0.065825 0.187086 0.109510
v -0.065231 0.165506 0.113410
v -0.044023 0.164757 0.123968
v -0.044626 0.209254 0.114876
v -0.066389 0.208997 0.105349
v -0.043140 0.251462 0.102140
v -0.066062 0.264140 0.099347
v -0.064783 0.247795 0.095720
v -0.032779 0.407986 0.062719
v -0.032077 0.393431 0.073101
v -0.173589 -0.047867 0.038014
v -0.011992 -0.181927 -0.062356
v -0.001238 -0.191320 -0.032645
v -0.005920 -0.217757 -0.041016
v -0.021391 -0.213250 -0.068059
v -0.174984 0.011523 0.014510
v -0.151062 0.099931 0.032302
v -0.152446 0.080967 0.033997
v -0.141874 0.256495 0.027041
v -0.141537 0.234852 0.021205
v -0.078122 0.325232 0.111349
v -0.079428 0.312434 0.113012
v -0.176642 -0.166303 -0.053156
v -0.123670 -0.286410 0.076403
v -0.117557 -0.315761 0.070579
v -0.084441 -0.313754 0.076193
v -0.089027 -0.283960 0.083615
v -0.007355 -0.258116 0.005847
v -0.015049 -0.263074 0.031612
v -0.017610 -0.291759 0.021076
v -0.011929 -0.287873 -0.004143
v -0.016597 -0.317815 -0.011846
v -0.020623 -0.322547 0.013125
v -0.021056 -0.351978 0.004134
v -0.019083 -0.346580 -0.019859
v -0.156604 -0.253120 0.055344
v -0.160452 -0.308790 0.017235
v -0.145348 -0.314786 0.049109
v -0.151205 -0.285075 0.052240
v -0.166532 -0.278469 0.018777
v -0.117188 -0.227477 -0.087469
v -0.003465 -0.230335 0.016762
v -0.001977 -0.207272 0.028024
v -0.021444 -0.282373 -0.052987
v -0.038473 -0.281126 -0.073647
v -0.030738 -0.248523 -0.071391
v -0.013319 -0.250256 -0.047670
v -0.141008 -0.288094 -0.069821
v -0.156835 -0.292834 -0.046578
v -0.160880 -0.263564 -0.048107
v -0.142613 -0.259344 -0.071350
v -0.169309 -0.270242 -0.016563
v -0.163198 -0.300371 -0.016267
v -0.149154 -0.366447 0.014923
v -0.132277 -0.371221 0.041987
v -0.139167 -0.343336 0.045616
v -0.154577 -0.337895 0.016113
v -0.153564 -0.357942 -0.016541
v -0.158049 -0.329394 -0.016337
v -0.153345 -0.321652 -0.045734
v -0.150068 -0.349924 -0.044453
v -0.136430 -0.343598 -0.065694
v -0.139114 -0.315787 -0.068127
v -0.118173 -0.312583 -0.083150
v -0.117813 -0.339544 -0.080377
v -0.093293 -0.310548 -0.088960
v -0.067807 -0.309674 -0.085682
v -0.072709 -0.336899 -0.083950
v -0.095679 -0.337556 -0.086229
v -0.034167 -0.340005 -0.061227
v -0.051015 -0.337912 -0.076198
v -0.044941 -0.310533 -0.075068
v -0.028509 -0.312360 -0.057137
v -0.054025 -0.447584 -0.075344
v -0.072018 -0.445203 -0.079003
v -0.066071 -0.417487 -0.078885
v -0.047015 -0.419693 -0.073845
v -0.089041 -0.443492 -0.083680
v -0.107084 -0.443048 -0.083826
v -0.102417 -0.416492 -0.081259
v -0.084461 -0.416634 -0.081045
v -0.133198 -0.422857 -0.059861
v -0.119502 -0.418308 -0.074797
v -0.123573 -0.444772 -0.076822
v -0.136289 -0.449384 -0.061630
v -0.147994 -0.455445 -0.042882
v -0.147434 -0.429420 -0.041890
v -0.146405 -0.462837 -0.018914
v -0.149051 -0.437520 -0.017927
v -0.134311 -0.444290 0.008090
v -0.133504 -0.469188 0.006727
v -0.023693 -0.434043 -0.025217
v -0.027974 -0.461494 -0.031343
v -0.028644 -0.455474 -0.050843
v -0.022847 -0.428240 -0.044121
v -0.048778 -0.443620 0.015954
v -0.064940 -0.446480 0.038832
v -0.065620 -0.471767 0.028115
v -0.051236 -0.469481 0.005864
v -0.150228 -0.384929 -0.017064
v -0.144021 -0.393364 0.013438
v -0.133634 -0.370596 -0.062688
v -0.147317 -0.376975 -0.043057
v -0.038359 -0.366541 -0.065832
v -0.056137 -0.364328 -0.077345
v -0.021849 -0.380117 -0.005264
v -0.020010 -0.374538 -0.027852
v -0.095246 -0.424291 0.051183
v -0.099445 -0.398171 0.054148
v -0.126093 -0.397881 0.039575
v -0.121325 -0.423752 0.037109
v -0.149929 -0.411504 -0.017202
v -0.146345 -0.403245 -0.042320
v -0.132495 -0.396812 -0.060423
v -0.117757 -0.392263 -0.075114
v -0.099724 -0.390305 -0.081139
v -0.080662 -0.389829 -0.080668
v -0.061079 -0.390467 -0.078172
v -0.042478 -0.392789 -0.070010
v -0.021051 -0.401446 -0.036314
v -0.022799 -0.407649 -0.015481
v -0.091127 -0.473218 0.037258
v -0.092366 -0.449925 0.046687
v -0.118521 -0.448612 0.033086
v -0.117342 -0.472696 0.028360
v -0.091136 -0.494393 0.025544
v -0.069951 -0.493729 0.016561
v -0.094061 -0.471228 -0.087600
v -0.111564 -0.470945 -0.086190
v -0.127690 -0.472594 -0.079145
v -0.149821 -0.481716 -0.044492
v -0.144837 -0.489193 -0.018524
v -0.130738 -0.494838 0.005783
v -0.113896 -0.494057 0.021753
v -0.042939 -0.511039 -0.057399
v -0.037352 -0.482631 -0.053584
v -0.036162 -0.487302 -0.036081
v -0.042617 -0.514720 -0.040159
v -0.063600 -0.504983 -0.084296
v -0.079708 -0.501921 -0.093589
v -0.077305 -0.473432 -0.081719
v -0.061331 -0.475766 -0.075013
v -0.098914 -0.500163 -0.096966
v -0.117461 -0.500030 -0.093609
v -0.134493 -0.500721 -0.085495
v -0.152571 -0.509829 -0.045455
v -0.142034 -0.475902 -0.064903
v -0.147947 -0.503878 -0.069183
v -0.145773 -0.517183 -0.015500
v -0.124591 -0.553118 0.003943
v -0.122859 -0.523194 0.006975
v -0.148625 -0.546942 -0.015605
v -0.099160 -0.650894 -0.009064
v -0.125335 -0.648936 -0.008925
v -0.122103 -0.683697 -0.015334
v -0.099368 -0.685874 -0.015185
v -0.044960 -0.544120 -0.044341
v -0.043712 -0.541449 -0.064524
v -0.063259 -0.536033 -0.094558
v -0.081974 -0.532802 -0.103592
v -0.160872 -0.570571 -0.050456
v -0.157380 -0.539523 -0.046028
v -0.153166 -0.534054 -0.072190
v -0.156319 -0.565648 -0.076696
v -0.044897 -0.642142 -0.056443
v -0.044258 -0.640688 -0.076257
v -0.041488 -0.606493 -0.074602
v -0.042345 -0.608513 -0.053044
v -0.080399 -0.565695 -0.111467
v -0.061581 -0.568913 -0.101478
v -0.061841 -0.602328 -0.105807
v -0.080678 -0.599829 -0.115105
v -0.156868 -0.640008 -0.055210
v -0.160677 -0.604141 -0.053383
v -0.157083 -0.599951 -0.079278
v -0.154059 -0.636786 -0.079660
v -0.126522 -0.582893 0.000953
v -0.151470 -0.577234 -0.019784
v -0.151094 -0.609438 -0.024118
v -0.127972 -0.615106 -0.003916
v -0.097760 -0.584621 -0.000108
v -0.099312 -0.616507 -0.004129
v -0.057927 -0.714354 -0.074730
v -0.050874 -0.676750 -0.075753
v -0.051508 -0.679198 -0.058087
v -0.058662 -0.717794 -0.059177
v -0.082964 -0.635548 -0.114116
v -0.064515 -0.637360 -0.105129
v -0.069140 -0.674221 -0.101618
v -0.085422 -0.672858 -0.109381
v -0.144805 -0.717296 -0.057752
v -0.151233 -0.677932 -0.056883
v -0.148335 -0.675669 -0.079123
v -0.141392 -0.714961 -0.078552
v -0.119275 -0.721521 -0.021664
v -0.143152 -0.680698 -0.031198
v -0.138338 -0.719560 -0.035593
v -0.114999 -0.759079 -0.024947
v -0.097619 -0.760645 -0.024223
v -0.098664 -0.723104 -0.021144
v -0.065124 -0.753821 -0.059689
v -0.062958 -0.751236 -0.073837
v -0.073615 -0.748442 -0.094480
v -0.086260 -0.746318 -0.101706
v -0.086704 -0.710072 -0.104808
v -0.072614 -0.711773 -0.097603
v -0.120345 -0.712803 -0.103079
v -0.103699 -0.710585 -0.106865
v -0.101918 -0.746670 -0.103513
v -0.116874 -0.748869 -0.099238
v -0.133780 -0.750870 -0.077112
v -0.133192 -0.713671 -0.093731
v -0.127036 -0.749760 -0.090480
v -0.137969 -0.752865 -0.057957
v -0.132391 -0.756516 -0.036839
v -0.000661 -0.155723 -0.036958
v 0.001768 -0.165891 -0.006273
v 0.000647 -0.174542 -0.020521
v -0.005362 -0.161889 -0.051439
v -0.032431 -0.300005 0.046765
v -0.032529 -0.269465 0.056390
v -0.032058 -0.358746 0.028341
v -0.033003 -0.330568 0.038159
v -0.032346 -0.386605 0.017813
v -0.032938 -0.413732 0.006560
v -0.032977 -0.440793 -0.004326
v -0.036289 -0.466952 -0.012923
v -0.043608 -0.492477 -0.017995
v -0.049792 -0.519771 -0.020474
v -0.054116 -0.577776 -0.027473
v -0.043677 -0.575659 -0.049460
v -0.054081 -0.547880 -0.023944
v -0.055315 -0.645082 -0.033795
v -0.053462 -0.610174 -0.030435
v -0.060354 -0.682846 -0.038307
v -0.066321 -0.721275 -0.042191
v -0.072272 -0.757108 -0.044084
v -0.070069 -0.162040 0.097308
v -0.041059 -0.168245 0.086688
v -0.044915 -0.149651 0.090588
v -0.072982 -0.138130 0.097991
v -0.001495 -0.148573 0.023447
v -0.003791 -0.147681 0.038409
v -0.003788 -0.152156 0.035923
v -0.000917 -0.151698 0.019985
v -0.139391 -0.419023 0.011475
v -0.117395 -0.366198 -0.077023
v -0.097582 -0.364127 -0.082713
v -0.076790 -0.363520 -0.081905
v -0.046321 -0.418975 0.029027
v -0.048427 -0.392291 0.038925
v -0.070489 -0.395934 0.053189
v -0.067157 -0.421478 0.046312
v -0.095409 -0.557356 0.003686
v -0.073728 -0.581942 -0.011542
v -0.071776 -0.553158 -0.007064
v -0.094412 -0.532581 0.008491
v -0.123060 -0.529894 -0.102401
v -0.140918 -0.530594 -0.091759
v -0.103342 -0.562850 -0.114154
v -0.125812 -0.561487 -0.110525
v -0.102670 -0.530611 -0.105278
v -0.053155 -0.338671 0.057980
v -0.079970 -0.342445 0.068014
v -0.075204 -0.369800 0.059922
v -0.050077 -0.365484 0.048432
v -0.126094 0.171413 -0.071621
v -0.111059 0.175074 -0.087653
v -0.134921 0.283896 0.065772
v -0.137833 0.271178 0.049593
v -0.125953 0.263785 0.061556
v -0.125163 0.276523 0.074284
v -0.146148 0.282335 0.040942
v -0.142234 0.294323 0.058029
v -0.147194 0.307456 0.049753
v -0.151264 0.295679 0.033395
v -0.164801 0.349413 0.002723
v -0.168331 0.356545 -0.001364
v -0.044226 0.230868 0.108918
v -0.020809 0.229827 0.113425
v -0.020322 0.250128 0.106432
v -0.067504 0.050112 0.122002
v -0.073883 -0.041786 0.098786
v -0.041746 -0.072655 0.105207
v -0.050329 -0.045587 0.107656
v -0.005115 -0.128442 0.081732
v -0.055139 0.229673 -0.124037
v -0.057348 0.253249 -0.128243
v -0.033731 0.431070 -0.133445
v -0.015534 0.426907 -0.130506
v -0.032500 0.458404 -0.126202
v -0.031700 0.470721 -0.122355
v -0.014718 0.465368 -0.120823
v -0.015017 0.453372 -0.124624
v -0.015762 0.519499 -0.095861
v -0.016925 0.509657 -0.102596
v 0.000380 -0.148997 0.003391
v 0.000137 -0.155608 0.014905
v 0.000952 -0.150403 -0.006882
v -0.016007 -0.190363 0.062308
v -0.002904 -0.189135 0.038849
v -0.005117 -0.174985 0.046654
v -0.018818 -0.173194 0.069331
v -0.181493 -0.141295 0.028202
v -0.189856 -0.133742 -0.011093
v -0.086695 -0.168549 -0.104882
v -0.230021 0.270074 -0.078453
v -0.237719 0.273797 -0.088649
v -0.222022 0.289734 -0.089048
v -0.214278 0.286253 -0.077854
v -0.061557 0.329048 -0.141778
v -0.069434 0.302518 -0.136666
v -0.079714 0.507782 -0.023475
v -0.151524 0.515141 -0.028858
v -0.150515 0.501985 -0.002973
v -0.137813 0.503948 -0.005868
v -0.137781 0.517470 -0.031452
v -0.143112 0.467656 -0.109296
v -0.144876 0.484469 -0.096788
v -0.130969 0.484872 -0.103155
v -0.128810 0.466208 -0.115262
v -0.028755 -0.026149 -0.147802
v -0.059677 -0.026695 -0.148938
v -0.036821 0.163658 -0.108238
v -0.057739 0.161384 -0.108162
v -0.054586 0.183337 -0.113786
v -0.034242 0.186471 -0.113987
v -0.092363 0.316731 -0.134676
v -0.108209 0.301207 -0.125325
v -0.030425 0.326388 0.109184
v -0.030066 0.346734 0.102254
v -0.046951 0.350459 0.101954
v -0.047141 0.332220 0.109634
v -0.223140 0.328425 -0.102434
v -0.203272 0.336793 -0.100968
v -0.198542 0.326721 -0.095499
v -0.215420 0.313706 -0.097643
v -0.179756 -0.126792 -0.056005
v -0.154108 -0.143219 -0.087966
v -0.140173 0.204128 -0.057709
v -0.127615 0.208119 -0.080323
v -0.125235 0.189608 -0.076427
v -0.138404 0.185724 -0.054921
v -0.149152 0.252905 -0.056291
v -0.145627 0.237895 -0.057612
v -0.154142 0.266566 -0.056058
v -0.171534 0.354002 -0.077570
v -0.173028 0.349307 -0.067767
v -0.175393 0.354520 -0.070849
v -0.037438 -0.189859 0.081222
v -0.046657 -0.116339 0.093050
v -0.040320 -0.102692 0.094584
v -0.000169 -0.146286 0.009320
v -0.059318 0.524474 -0.022843
v -0.054144 0.519903 -0.006983
v -0.180062 0.342088 -0.052095
v -0.181802 0.330259 -0.057106
v -0.170457 0.329180 -0.049299
v -0.169254 0.333113 -0.032193
v -0.172112 0.339113 -0.034235
v -0.172801 0.335728 -0.051554
v -0.171622 0.336258 -0.066358
v -0.169358 0.329031 -0.064960
v -0.138408 0.409903 0.042436
v -0.126943 0.413691 0.044790
v -0.128189 0.433557 0.034391
v -0.139778 0.429432 0.033047
v -0.114327 0.415029 0.047651
v -0.100047 0.415655 0.051325
v -0.101980 0.434500 0.039424
v -0.115941 0.434474 0.036393
v -0.076425 0.489070 -0.000504
v -0.059994 0.479905 0.014008
v -0.041193 0.472966 0.023200
v -0.025106 0.468930 0.028935
v -0.016998 0.499398 -0.108705
v -0.015857 0.487312 -0.112948
v -0.033975 0.491885 -0.113648
v -0.038517 0.504158 -0.107125
v -0.046916 0.506121 0.004233
v -0.033002 0.502276 0.015627
v -0.020815 0.488639 0.021915
v -0.285587 0.320985 -0.030593
v -0.272207 0.341231 -0.030391
v -0.059113 0.536442 -0.055883
v -0.061780 0.531377 -0.038812
v -0.277713 0.344165 -0.048073
v -0.290688 0.323590 -0.047521
v -0.122347 0.480435 0.010494
v -0.125136 0.503427 -0.007780
v -0.135150 0.481857 0.011339
v -0.044485 0.515955 0.007153
v -0.031150 0.512401 0.018261
v -0.189061 -0.099525 -0.003400
v -0.179694 -0.107312 0.031453
v -0.145583 0.157339 0.023560
v -0.149858 0.161099 -0.001270
v -0.021390 0.186292 0.125538
v -0.021431 0.163788 0.129678
v -0.005872 0.517479 0.030907
v -0.047310 0.117613 0.128939
v -0.025113 0.113243 0.133389
v -0.022606 0.139621 0.131970
v -0.044996 0.141863 0.126903
v -0.018148 0.087176 0.135768
v -0.016784 0.075338 0.136555
v -0.019666 -0.090229 0.106968
v -0.008648 -0.089509 0.110357
v -0.220288 0.380099 0.000539
v -0.212110 0.396434 0.003381
v -0.221271 0.411998 -0.006108
v -0.230351 0.393745 -0.009801
v -0.066976 0.120566 0.119287
v -0.086022 0.122660 0.104190
v -0.159199 0.350550 0.022444
v -0.161173 0.341209 0.006325
v -0.019609 0.271407 0.106645
v -0.062922 0.337076 0.108471
v -0.063067 0.352780 0.100356
v -0.078327 0.354146 0.097448
v -0.077884 0.339725 0.105729
v 0.000366 -0.147153 0.001980
v -0.218324 0.404426 -0.098573
v -0.209921 0.414018 -0.100813
v -0.205855 0.404061 -0.104775
v -0.214611 0.395401 -0.102541
v 0.001926 -0.184631 0.010421
v 0.001058 -0.200972 -0.001273
v -0.013786 -0.148279 -0.075317
v -0.002463 -0.145084 -0.058118
v -0.060035 -0.248056 0.082811
v -0.063588 -0.217519 0.089536
v -0.057158 -0.278960 0.075434
v -0.055144 -0.309660 0.066867
v -0.057315 -0.494899 -0.001674
v -0.068070 -0.523400 -0.000930
v -0.075173 -0.614041 -0.015545
v -0.076532 -0.648421 -0.020232
v -0.078975 -0.685414 -0.025053
v -0.081241 -0.723574 -0.030282
v -0.083230 -0.760045 -0.031724
v -0.290908 0.321420 -0.064581
v -0.277607 0.343634 -0.066836
v -0.273168 0.335825 -0.081186
v -0.287265 0.315065 -0.078609
v -0.198553 0.303710 -0.049273
v -0.202709 0.309469 -0.034070
v -0.214111 0.292182 -0.036140
v -0.210792 0.287848 -0.051074
v -0.223907 0.270830 -0.052776
v -0.225165 0.269226 -0.066349
v -0.210637 0.285840 -0.065004
v -0.247756 0.281248 -0.096024
v -0.258706 0.290203 -0.099044
v -0.242283 0.308508 -0.100447
v -0.232070 0.297251 -0.096945
v -0.279971 0.307371 -0.089821
v -0.265801 0.326583 -0.091434
v -0.255302 0.317705 -0.098339
v -0.270110 0.298705 -0.097055
v -0.239917 0.286724 -0.013937
v -0.231367 0.279662 -0.024774
v -0.219680 0.298674 -0.022152
v -0.227938 0.306214 -0.011138
v -0.230147 0.424280 -0.021689
v -0.238912 0.403801 -0.025059
v -0.171435 0.378477 0.008757
v -0.174888 0.392862 0.018069
v -0.181315 0.387372 0.014817
v -0.176851 0.378063 0.003906
v -0.249767 0.355422 -0.013896
v -0.239372 0.374858 -0.011811
v -0.248360 0.382969 -0.027535
v -0.259507 0.361849 -0.029553
v -0.215426 0.324903 -0.007494
v -0.208087 0.317019 -0.019258
v -0.197639 0.334543 -0.015752
v -0.204440 0.342256 -0.003056
v -0.206142 0.305363 -0.088244
v -0.191192 0.319676 -0.085521
v -0.201571 0.380006 0.008658
v -0.208092 0.365618 0.004788
v -0.155721 0.341236 0.026673
v -0.165543 0.318450 -0.027012
v -0.167225 0.326510 -0.029968
v -0.125208 0.291376 0.083429
v -0.126067 0.306523 0.086903
v -0.154945 0.287145 0.012056
v -0.158148 0.301185 0.004393
v -0.132628 0.297337 0.076309
v -0.130870 0.307427 0.080936
v -0.084187 0.228297 0.089277
v -0.022095 0.478548 0.023002
v -0.228350 0.363059 -0.002050
v -0.215499 0.351785 0.001302
v -0.190058 0.345308 -0.098225
v -0.180638 0.353151 -0.094996
v -0.177553 0.347002 -0.087893
v -0.185444 0.338054 -0.091720
v -0.124623 0.339541 -0.124501
v -0.110037 0.328622 -0.130349
v -0.122269 0.314809 -0.120866
v -0.134007 0.326972 -0.115560
v -0.227573 0.414271 -0.086435
v -0.234045 0.415094 -0.076583
v -0.224927 0.431518 -0.076125
v -0.219071 0.427262 -0.087273
v -0.230541 0.433619 -0.061401
v -0.240257 0.414097 -0.062624
v -0.242884 0.410187 -0.044409
v -0.233484 0.431380 -0.042231
v -0.174949 -0.057863 -0.053971
v -0.184384 -0.061633 -0.025250
v -0.140397 0.073155 0.055470
v -0.124475 0.066286 0.074678
v -0.101460 -0.030840 0.088010
v -0.023754 -0.147228 0.077222
v -0.007949 -0.156365 0.053195
v -0.001613 -0.224592 -0.011815
v -0.185689 -0.067002 0.003634
v -0.006800 -0.253922 -0.020928
v -0.013415 -0.284582 -0.028796
v -0.063309 -0.281227 -0.086189
v -0.090836 -0.282761 -0.090210
v -0.088275 -0.253051 -0.090999
v -0.057760 -0.249418 -0.086672
v -0.118076 -0.285049 -0.084544
v -0.117914 -0.256335 -0.085558
v -0.105199 -0.371380 0.058198
v -0.103329 -0.597872 -0.118016
v -0.124785 -0.634583 -0.111975
v -0.125952 -0.596357 -0.113863
v -0.103973 -0.634891 -0.116541
v -0.144625 -0.597051 -0.100332
v -0.144222 -0.562244 -0.097482
v -0.147761 -0.643863 -0.027131
v -0.104484 -0.672542 -0.111774
v -0.123138 -0.673637 -0.107190
v -0.142720 -0.634680 -0.099118
v -0.138501 -0.674163 -0.096337
v 0.000719 -0.173077 0.021434
v -0.162252 -0.146916 0.062458
v -0.160395 -0.115933 0.064857
v -0.103405 -0.102795 0.093640
v -0.074026 -0.116337 0.096726
v -0.102711 0.145842 0.082488
v -0.120319 0.148746 0.065119
v -0.117231 0.189731 0.060546
v -0.131821 0.192593 0.041857
v -0.133391 0.172766 0.043496
v -0.118684 0.169029 0.062552
v -0.148193 0.198053 -0.005850
v -0.147462 0.200907 -0.032573
v -0.146764 0.182450 -0.030317
v -0.148298 0.179457 -0.004045
v -0.148083 0.164476 -0.026921
v -0.139695 0.167711 -0.050990
v -0.074350 0.202247 -0.113943
v -0.092903 0.198167 -0.105453
v -0.094393 0.219272 -0.110480
v -0.075502 0.224700 -0.118784
v -0.030097 -0.093770 0.100961
v -0.002098 -0.158218 0.033146
v -0.067184 -0.188410 0.094558
v -0.102289 -0.157134 0.099556
v -0.135336 -0.153821 0.088079
v -0.181765 0.347167 -0.037952
v -0.153676 0.362145 -0.112500
v -0.155898 0.349669 -0.105883
v -0.249972 0.393965 -0.065147
v -0.252634 0.389462 -0.046708
v -0.196227 0.356472 0.001916
v -0.213307 0.427899 -0.002758
v -0.203977 0.410503 0.007033
v -0.196301 0.423917 0.010866
v -0.128262 -0.042224 0.075028
v -0.155109 -0.056488 0.061556
v -0.130553 -0.066423 0.078617
v 0.000144 -0.145247 -0.040148
v -0.047333 -0.132438 0.092405
v -0.018805 -0.314547 -0.035372
v -0.022866 -0.342935 -0.041865
v -0.025701 -0.369945 -0.048694
v -0.028412 -0.396535 -0.055332
v -0.031874 -0.423248 -0.061488
v -0.038590 -0.450261 -0.066203
v -0.047077 -0.478190 -0.066763
v -0.051300 -0.507670 -0.072164
v -0.042265 -0.573457 -0.070182
v -0.048934 -0.571069 -0.087870
v -0.050353 -0.538542 -0.081470
v -0.048756 -0.604671 -0.091949
v -0.051187 -0.639209 -0.092660
v -0.057711 -0.675427 -0.090120
v -0.063182 -0.712552 -0.087363
v -0.066150 -0.749323 -0.085025
v 0.000462 -0.143955 -0.011499
v 0.000378 -0.144482 -0.024662
v -0.107818 0.477097 0.009240
v -0.166699 0.340786 -0.014674
v -0.169923 0.346929 -0.017522
v -0.190499 0.368118 0.006550
v -0.251617 0.343913 -0.094459
v -0.258589 0.355040 -0.085711
v -0.189303 0.349845 -0.011371
v -0.172292 0.366934 -0.004282
v -0.176049 0.372880 -0.010226
v -0.398543 0.153988 -0.050918
v -0.400441 0.157135 -0.064957
v -0.408434 0.137457 -0.063907
v -0.405567 0.134248 -0.050838
v -0.391114 0.148627 -0.039723
v -0.397836 0.129257 -0.041319
v -0.336712 0.117482 -0.055268
v -0.344154 0.122917 -0.043655
v -0.355080 0.105629 -0.048490
v -0.348367 0.100827 -0.060383
v -0.394361 0.104719 -0.038110
v -0.383453 0.099253 -0.038921
v -0.375087 0.117166 -0.035233
v -0.387144 0.123166 -0.035756
v -0.336864 0.117769 -0.086013
v -0.343944 0.123787 -0.097145
v -0.330341 0.138578 -0.093971
v -0.323776 0.132868 -0.081568
v -0.294498 0.192314 -0.033437
v -0.287598 0.183992 -0.044315
v -0.279224 0.198899 -0.038543
v -0.287326 0.208050 -0.029099
v -0.383288 0.194660 -0.050522
v -0.382253 0.196798 -0.065664
v -0.391757 0.177016 -0.065379
v -0.391117 0.174242 -0.050606
v -0.349922 0.175959 -0.026422
v -0.335392 0.168229 -0.028803
v -0.326193 0.190158 -0.027473
v -0.340896 0.198251 -0.025932
v -0.374619 0.216099 -0.051868
v -0.371312 0.216144 -0.066579
v -0.367028 0.135526 -0.031495
v -0.354316 0.129226 -0.035719
v -0.344938 0.148058 -0.031565
v -0.358842 0.154900 -0.028386
v -0.363480 0.088274 -0.090825
v -0.371122 0.094137 -0.099643
v -0.357699 0.109049 -0.098905
v -0.350144 0.103036 -0.089035
v -0.373930 0.094132 -0.044330
v -0.366125 0.089061 -0.053037
v -0.364072 0.111429 -0.040202
v -0.411449 0.117927 -0.087835
v -0.415746 0.119210 -0.075958
v -0.406934 0.138554 -0.077815
v -0.401001 0.136561 -0.090115
v -0.314450 0.153703 -0.044613
v -0.323069 0.160587 -0.034838
v -0.333328 0.141098 -0.038800
v -0.325419 0.135142 -0.049870
v -0.376945 0.190379 -0.036984
v -0.384136 0.168926 -0.038330
v -0.389916 0.154304 -0.091465
v -0.397538 0.157914 -0.079097
v -0.386959 0.176738 -0.079694
v -0.378191 0.172825 -0.092435
v -0.352588 0.181060 -0.100109
v -0.338480 0.171189 -0.100657
v -0.352711 0.156521 -0.102689
v -0.366079 0.165445 -0.100620
v -0.304108 0.173188 -0.039353
v -0.298147 0.166565 -0.051856
v -0.311153 0.148433 -0.075796
v -0.316882 0.153400 -0.089458
v -0.303467 0.168209 -0.083706
v -0.298036 0.164157 -0.068830
v -0.340120 0.243009 -0.031279
v -0.350528 0.247832 -0.041775
v -0.359420 0.232296 -0.038915
v -0.347470 0.226534 -0.029147
v -0.363899 0.235748 -0.054150
v -0.353570 0.251305 -0.057284
v -0.329655 0.265932 -0.073593
v -0.319668 0.259828 -0.081178
v -0.326865 0.250558 -0.079080
v -0.338110 0.257292 -0.072455
v -0.323945 0.208095 -0.098277
v -0.309324 0.198928 -0.094784
v -0.323951 0.185539 -0.097992
v -0.338477 0.195187 -0.099403
v -0.285655 0.201131 -0.083823
v -0.278587 0.193509 -0.071440
v -0.289990 0.181685 -0.077458
v -0.298048 0.189582 -0.088432
v -0.250267 0.240138 -0.070043
v -0.247135 0.239054 -0.057307
v -0.255198 0.226005 -0.059305
v -0.259024 0.228323 -0.072124
v -0.260168 0.233915 -0.030985
v -0.252327 0.246632 -0.029393
v -0.261091 0.253182 -0.019272
v -0.269126 0.240962 -0.021337
v -0.312349 0.283697 -0.033176
v -0.318143 0.287560 -0.049109
v -0.327370 0.277927 -0.047735
v -0.320543 0.273127 -0.033181
v -0.311563 0.218635 -0.096672
v -0.295732 0.211651 -0.091636
v -0.266465 0.222679 -0.032557
v -0.275589 0.230665 -0.023485
v -0.281281 0.220376 -0.026137
v -0.272472 0.211856 -0.035130
v -0.299747 0.249140 -0.022780
v -0.313961 0.257043 -0.025868
v -0.319448 0.247361 -0.027050
v -0.305405 0.238918 -0.025468
v -0.327203 0.264576 -0.032686
v -0.335071 0.269270 -0.045951
v -0.342846 0.260623 -0.044168
v -0.333398 0.254944 -0.032088
v -0.304150 0.226886 -0.095965
v -0.314499 0.233964 -0.092973
v -0.306536 0.240210 -0.092825
v -0.296476 0.233178 -0.095393
v -0.275382 0.210265 -0.078645
v -0.269785 0.204304 -0.065968
v -0.311289 0.226638 -0.027445
v -0.298539 0.217211 -0.025588
v -0.293010 0.229521 -0.022766
v -0.344744 0.262177 -0.059652
v -0.255933 0.242745 -0.080433
v -0.262728 0.247263 -0.089213
v -0.252248 0.258378 -0.088635
v -0.245162 0.254062 -0.079417
v -0.240183 0.252089 -0.068487
v -0.237758 0.252562 -0.055406
v -0.243239 0.261015 -0.027379
v -0.251894 0.267896 -0.016919
v -0.263503 0.276358 -0.011326
v -0.276194 0.285869 -0.011627
v -0.286207 0.270514 -0.015482
v -0.273265 0.261389 -0.014406
v -0.299199 0.300958 -0.031464
v -0.304443 0.303630 -0.048150
v -0.317030 0.286746 -0.063639
v -0.304562 0.301148 -0.063923
v -0.261412 0.216443 -0.046500
v -0.255130 0.228160 -0.044504
v -0.378969 0.148891 -0.100630
v -0.366288 0.140719 -0.103747
v -0.379366 0.124584 -0.103475
v -0.391183 0.131993 -0.099331
v -0.380949 0.101085 -0.103187
v -0.367796 0.116716 -0.103472
v -0.380118 0.142206 -0.032963
v -0.372601 0.162066 -0.030673
v -0.404612 0.110195 -0.042300
v -0.325341 0.234876 -0.028170
v -0.332359 0.219642 -0.027300
v -0.309462 0.253748 -0.087956
v -0.312044 0.268150 -0.083302
v -0.302343 0.261529 -0.090669
v -0.325063 0.227719 -0.092771
v -0.338709 0.218186 -0.092452
v -0.349060 0.226824 -0.079310
v -0.333930 0.238425 -0.080286
v -0.288945 0.239187 -0.095000
v -0.299323 0.246754 -0.093801
v -0.291888 0.253845 -0.095226
v -0.281286 0.245938 -0.095015
v -0.300121 0.277547 -0.021539
v -0.307551 0.265792 -0.024091
v -0.293050 0.289259 -0.087817
v -0.303325 0.277409 -0.085215
v -0.311383 0.282538 -0.075447
v -0.300439 0.295044 -0.077172
v -0.320688 0.273856 -0.074490
v -0.283324 0.282322 -0.095159
v -0.293937 0.270713 -0.093019
v -0.288943 0.294732 -0.018314
v -0.272293 0.254690 -0.095216
v -0.283352 0.262800 -0.096449
v -0.272585 0.274140 -0.097676
v -0.261467 0.265685 -0.095220
v -0.354328 0.132154 -0.102720
v -0.340496 0.147186 -0.100588
v -0.275836 0.192646 -0.054321
v -0.285522 0.179052 -0.060970
v -0.267870 0.205092 -0.049531
v -0.333846 0.115179 -0.070798
v -0.346550 0.099684 -0.075319
v -0.309766 0.148619 -0.058815
v -0.321646 0.131466 -0.065197
v -0.365763 0.189135 -0.092174
v -0.272786 0.224731 -0.084060
v -0.267050 0.218639 -0.074589
v -0.281838 0.217889 -0.087607
v -0.238412 0.256051 -0.040744
v -0.247667 0.241412 -0.042875
v -0.295045 0.221520 -0.094533
v -0.225281 0.274221 -0.038160
v -0.347363 0.247633 -0.071081
v -0.335701 0.270075 -0.061184
v -0.326919 0.277794 -0.062599
v -0.416222 0.117973 -0.062459
v -0.364716 0.183193 -0.028588
v -0.317683 0.211221 -0.027511
v -0.304936 0.201708 -0.028578
v -0.279600 0.231437 -0.091616
v -0.271617 0.238292 -0.090312
v -0.264775 0.232776 -0.081996
v -0.293676 0.258447 -0.019317
v -0.281050 0.249331 -0.017256
v -0.359612 0.084829 -0.078363
v -0.287223 0.239200 -0.019866
v -0.359143 0.232620 -0.067808
v -0.015471 0.440525 -0.127846
v -0.150286 0.272438 0.018936
v -0.113006 0.246457 0.063231
v -0.127405 0.250030 0.047817
v -0.162213 0.324415 -0.007352
v -0.164386 0.333567 -0.011353
v -0.174236 0.356775 -0.019749
v -0.176667 0.365792 -0.026337
v -0.154133 0.308466 0.024610
v -0.075684 0.666814 -0.036595
v -0.073912 0.659945 -0.039433
v -0.078055 0.680145 -0.036365
v -0.015519 0.100335 0.133869
v -0.073323 0.652638 -0.025124
v -0.070943 0.644359 -0.027569
v -0.075957 0.648219 -0.025705
v -0.072758 0.653824 -0.023375
v -0.072845 0.654991 -0.022812
v -0.078803 0.682244 -0.025837
v -0.071739 0.651438 -0.040180
v -0.069508 0.642178 -0.038678
v -0.076221 0.668767 -0.019952
v -0.048256 0.093579 -0.105934
v -0.024405 0.092828 -0.105680
v -0.026644 0.074811 -0.112763
v -0.052058 0.075346 -0.111507
v -0.028526 0.056889 -0.120525
v -0.146240 0.022938 -0.092210
v -0.162430 0.025221 -0.068579
v -0.158340 0.046587 -0.066641
v -0.142554 0.044949 -0.088712
v -0.164247 0.062905 -0.041267
v -0.152816 0.064605 -0.065101
v -0.169486 0.046290 -0.040723
v -0.173532 0.041561 -0.012904
v -0.168723 0.059104 -0.014210
v -0.170909 0.033007 0.013785
v -0.166211 0.052182 0.012460
v -0.162256 0.022749 0.037517
v -0.147769 0.012816 0.058794
v -0.127570 -0.018849 0.075058
v -0.103752 -0.006226 0.090610
v -0.127415 0.002848 0.076044
v -0.056395 -0.018902 0.112314
v -0.079336 -0.014389 0.102511
v -0.017215 -0.022990 0.124182
v -0.035813 -0.021606 0.119616
v -0.104376 0.455187 0.025470
v -0.085605 0.517871 -0.083388
v -0.094792 0.514622 -0.083362
v -0.104073 0.520079 -0.060849
v -0.111541 0.461791 -0.121276
v -0.113823 0.481439 -0.110145
v -0.093633 0.472883 -0.120453
v -0.091775 0.454825 -0.127968
v -0.075376 0.509152 -0.097888
v -0.070484 0.511929 -0.096926
v -0.081223 0.505498 -0.100140
v -0.049336 0.487544 -0.116636
v -0.066034 0.495953 -0.111256
v -0.149252 0.513900 -0.056938
v -0.146573 0.501575 -0.080258
v -0.158763 0.498818 -0.075611
v -0.163535 0.510296 -0.053036
v -0.141283 0.450853 -0.118171
v -0.139467 0.433488 -0.123815
v -0.151663 0.435888 -0.120173
v -0.153119 0.451961 -0.114106
v -0.201999 0.481550 -0.042236
v -0.196404 0.478698 -0.063872
v -0.208814 0.466317 -0.061821
v -0.213514 0.466575 -0.041026
v -0.154485 0.467563 -0.104413
v -0.082404 0.336006 -0.140423
v -0.100769 0.344260 -0.136912
v -0.116222 0.353006 -0.131286
v -0.151737 0.375647 -0.117704
v -0.142682 0.368847 -0.121466
v -0.145732 0.354368 -0.116175
v -0.159957 0.382374 -0.114519
v -0.166418 0.385733 -0.109949
v -0.188004 0.404527 0.016689
v -0.180236 0.413028 0.021118
v -0.187836 0.436614 0.013670
v -0.176169 0.381916 -0.100630
v -0.171069 0.383911 -0.101509
v -0.170246 0.376539 -0.097646
v -0.174845 0.375887 -0.097384
v -0.135358 0.516049 -0.060525
v -0.203383 0.459371 -0.077802
v -0.191263 0.469231 -0.079684
v -0.187415 0.457884 -0.092002
v -0.198923 0.449799 -0.089694
v -0.194726 0.440611 -0.099084
v -0.184374 0.446626 -0.102212
v -0.181170 0.435174 -0.108928
v -0.190869 0.430595 -0.105557
v -0.178139 0.389060 -0.103880
v -0.172124 0.391572 -0.105176
v -0.221868 0.442043 -0.019463
v -0.178265 0.501878 -0.021570
v -0.173934 0.486049 0.001663
v -0.162215 0.495845 0.000174
v -0.164948 0.510340 -0.024841
v -0.179911 0.352051 -0.047420
v -0.180760 0.358362 -0.031516
v -0.177383 0.347944 -0.061830
v -0.170657 0.360871 -0.086655
v -0.175685 0.348497 -0.074320
v -0.185928 0.378243 0.010824
v -0.195133 0.393442 0.012284
v -0.167688 0.461096 0.014814
v -0.157231 0.471055 0.014316
v -0.224165 0.449788 -0.041064
v -0.220502 0.450771 -0.061066
v -0.182170 0.375692 -0.101985
v -0.179873 0.369719 -0.099252
v -0.186140 0.364547 -0.101855
v -0.166584 0.355840 -0.094229
v -0.169474 0.369488 -0.093192
v -0.176750 0.504079 -0.049183
v -0.214447 0.446334 -0.077065
v -0.209282 0.438637 -0.088937
v -0.174329 0.450257 -0.106106
v -0.176263 0.463141 -0.095849
v -0.165620 0.466294 -0.100192
v -0.164161 0.451845 -0.110236
v -0.200460 0.423380 -0.103490
v -0.196689 0.412511 -0.106828
v -0.162593 0.437143 -0.116384
v -0.172042 0.437024 -0.112503
v -0.184813 0.382885 -0.104936
v -0.146817 0.478483 0.012879
v -0.142983 0.452712 0.022683
v -0.131146 0.456601 0.022622
v -0.163071 0.434902 0.023640
v -0.153128 0.445181 0.023098
v -0.172222 0.422626 0.023562
v -0.118627 0.455694 0.023448
v -0.287708 0.225748 -0.093327
v -0.183849 0.358964 -0.099391
v -0.192769 0.352886 -0.101514
v -0.193917 0.359684 -0.103317
v -0.239675 0.335656 -0.100243
v 0.000363 0.591092 0.091851
v 0.000954 0.596714 0.094506
v 0.001717 0.617072 0.095657
v 0.001770 0.620764 0.094898
v -0.316081 0.245982 -0.085869
v -0.321612 0.239399 -0.086274
v -0.352451 0.204916 -0.092243
v -0.375380 0.195044 -0.079718
v -0.362774 0.211767 -0.079504
v -0.369162 0.212665 -0.037134
v -0.356525 0.206151 -0.028016
v -0.313398 0.181116 -0.031495
v -0.312122 0.176243 -0.093159
v -0.427563 0.078014 -0.047574
v -0.432595 0.080702 -0.058397
v -0.441235 0.062069 -0.055798
v -0.434704 0.059088 -0.046255
v -0.442332 0.041046 -0.044159
v -0.432965 0.036797 -0.041028
v -0.425911 0.054506 -0.041356
v -0.423833 0.033354 -0.043712
v -0.416410 0.050377 -0.042371
v -0.416037 0.030703 -0.050095
v -0.411433 0.027922 -0.058035
v -0.402536 0.043619 -0.055130
v -0.408160 0.046895 -0.047473
v -0.388107 0.056784 -0.060722
v -0.398794 0.040877 -0.064331
v -0.396925 0.039405 -0.074626
v -0.384789 0.054508 -0.071587
v -0.415202 0.028505 -0.094009
v -0.422321 0.032488 -0.098188
v -0.410549 0.047675 -0.099080
v -0.402697 0.043072 -0.094227
v -0.416817 0.073978 -0.098225
v -0.406943 0.068915 -0.100833
v -0.419824 0.052656 -0.099515
v -0.429295 0.057604 -0.096952
v -0.441150 0.042742 -0.096479
v -0.448383 0.045652 -0.088375
v -0.437071 0.061293 -0.090391
v -0.412497 0.114866 -0.050644
v -0.419993 0.096404 -0.049518
v -0.411650 0.091738 -0.042201
v -0.400011 0.063885 -0.044575
v -0.391724 0.081418 -0.041769
v -0.401584 0.086492 -0.039568
v -0.408953 0.068357 -0.040867
v -0.360515 0.085075 -0.064740
v -0.377159 0.072902 -0.057042
v -0.372701 0.069777 -0.068336
v -0.393236 0.060087 -0.051513
v -0.383721 0.076985 -0.048051
v -0.385148 0.055107 -0.083388
v -0.398195 0.040256 -0.085270
v -0.433941 0.081943 -0.070773
v -0.431640 0.081265 -0.082665
v -0.441801 0.062749 -0.079873
v -0.443255 0.063251 -0.067963
v -0.372569 0.070009 -0.080921
v -0.421544 0.099403 -0.085331
v -0.424767 0.100419 -0.073524
v -0.425638 0.078787 -0.092471
v -0.414249 0.096098 -0.094582
v -0.452197 0.046125 -0.065360
v -0.449627 0.044307 -0.053153
v -0.424578 0.099629 -0.060726
v -0.389602 0.058331 -0.093413
v -0.397486 0.063451 -0.099595
v -0.384312 0.078886 -0.099759
v -0.376645 0.073385 -0.092174
v -0.391965 0.108043 -0.102208
v -0.394050 0.085415 -0.102215
v -0.404379 0.091174 -0.100242
v -0.431501 0.037820 -0.098683
v -0.402755 0.113534 -0.096913
v -0.458364 -0.044902 -0.054884
v -0.450468 -0.038860 -0.053251
v -0.451628 -0.044384 -0.043227
v -0.459827 -0.049635 -0.045452
v -0.433331 -0.032455 -0.035795
v -0.432184 -0.023102 -0.028130
v -0.438189 -0.030965 -0.019401
v -0.438933 -0.039002 -0.026035
v -0.463063 -0.051696 -0.036815
v -0.454244 -0.047717 -0.034762
v -0.466015 -0.048403 -0.030791
v -0.476842 -0.051373 -0.034110
v -0.471336 -0.055419 -0.037969
v -0.484548 -0.056209 -0.035652
v -0.482885 -0.040824 -0.036091
v -0.491257 -0.050054 -0.039582
v -0.489374 -0.030333 -0.060931
v -0.488301 -0.027986 -0.071698
v -0.495652 -0.040709 -0.072261
v -0.495873 -0.043258 -0.060866
v -0.486638 -0.036262 -0.091337
v -0.492009 -0.039227 -0.081971
v -0.485310 -0.026085 -0.080478
v -0.481062 -0.023996 -0.089032
v -0.457068 -0.038334 -0.069704
v -0.449822 -0.031163 -0.069948
v -0.450332 -0.033610 -0.063170
v -0.457639 -0.040185 -0.063669
v -0.466105 -0.044168 -0.019915
v -0.470957 -0.036720 -0.027280
v -0.471412 -0.043404 -0.029099
v -0.464305 -0.047555 -0.021562
v -0.429265 -0.015200 -0.082344
v -0.424584 -0.003990 -0.080726
v -0.425258 -0.004021 -0.071819
v -0.429695 -0.014128 -0.074537
v -0.425463 -0.009150 -0.044084
v -0.425455 -0.002917 -0.051686
v -0.430791 0.007189 -0.041680
v -0.433337 0.000433 -0.036227
v -0.427746 -0.015694 -0.036537
v -0.435589 -0.005999 -0.030319
v -0.439415 -0.014487 -0.023662
v -0.444271 -0.024267 -0.015701
v -0.426250 -0.001645 -0.091311
v -0.429143 -0.009991 -0.094604
v -0.505631 -0.102667 -0.041805
v -0.504380 -0.104139 -0.047360
v -0.501612 -0.099178 -0.046659
v -0.502891 -0.097677 -0.041047
v -0.444854 0.000961 -0.102906
v -0.453987 0.004706 -0.100096
v -0.449304 0.010375 -0.100160
v -0.439873 0.006058 -0.101011
v -0.450622 -0.006038 -0.105490
v -0.459996 -0.002470 -0.100458
v -0.517901 -0.097810 -0.040735
v -0.513545 -0.099145 -0.038026
v -0.511429 -0.093608 -0.038063
v -0.515704 -0.092076 -0.041111
v -0.466816 -0.055494 -0.045885
v -0.464970 -0.051705 -0.054834
v -0.478562 -0.070136 -0.049157
v -0.471650 -0.060600 -0.054088
v -0.473123 -0.061755 -0.044431
v -0.479370 -0.068008 -0.042681
v -0.468477 -0.053951 -0.074116
v -0.462666 -0.045266 -0.073952
v -0.464934 -0.048386 -0.066535
v -0.470751 -0.057477 -0.066881
v -0.457982 -0.044943 -0.086043
v -0.464203 -0.052699 -0.086753
v -0.461631 -0.052695 -0.093403
v -0.456115 -0.045932 -0.092167
v -0.478201 -0.068173 -0.082225
v -0.485924 -0.074350 -0.083121
v -0.485110 -0.072890 -0.088688
v -0.477078 -0.067276 -0.087898
v -0.445218 0.016232 -0.100200
v -0.435682 0.012262 -0.099857
v -0.474891 -0.033474 -0.108374
v -0.465988 -0.034099 -0.113754
v -0.469677 -0.042643 -0.117491
v -0.478904 -0.041840 -0.111929
v -0.462168 0.006757 -0.093343
v -0.458062 0.013324 -0.093978
v -0.520326 -0.097545 -0.046045
v -0.518240 -0.091702 -0.046478
v -0.449666 -0.009518 -0.025843
v -0.453328 -0.020625 -0.017299
v -0.446464 -0.000477 -0.032504
v -0.444267 0.006199 -0.036694
v -0.441928 0.013392 -0.038749
v -0.474949 -0.064799 -0.059201
v -0.462573 -0.046384 -0.062251
v -0.455639 -0.037371 -0.074249
v -0.446602 -0.038551 -0.103370
v -0.442275 -0.032124 -0.102955
v -0.443817 -0.035201 -0.093344
v -0.448484 -0.040192 -0.096082
v -0.457104 -0.037865 -0.114719
v -0.453008 -0.042662 -0.110531
v -0.457842 -0.049585 -0.112495
v -0.461351 -0.045888 -0.117618
v -0.467116 -0.040859 -0.016044
v -0.467843 -0.031256 -0.023308
v -0.435707 -0.004316 -0.101689
v -0.431702 0.002001 -0.098266
v -0.428578 0.008883 -0.095740
v -0.439148 -0.022908 -0.072891
v -0.429731 -0.013856 -0.069489
v -0.429229 -0.015513 -0.063079
v -0.439852 -0.024107 -0.068203
v -0.439633 -0.033465 -0.051091
v -0.429831 -0.025528 -0.046196
v -0.441877 -0.039734 -0.040642
v -0.425112 -0.003568 -0.063533
v -0.422216 0.005049 -0.070309
v -0.422792 0.005720 -0.061014
v -0.422506 0.005069 -0.080009
v -0.424429 0.006391 -0.089152
v -0.417397 0.013847 -0.069181
v -0.418484 0.015219 -0.059997
v -0.418035 0.013916 -0.079163
v -0.420298 0.014939 -0.087959
v -0.449912 0.031043 -0.095543
v -0.439940 0.025940 -0.099430
v -0.454495 0.021013 -0.094899
v -0.429109 0.018846 -0.043313
v -0.425368 0.006865 -0.051283
v -0.422351 0.016839 -0.051456
v -0.438797 0.022849 -0.040224
v -0.443176 -0.043119 -0.019103
v -0.446604 -0.047602 -0.013301
v -0.451244 -0.050739 -0.018490
v -0.449091 -0.046864 -0.024351
v -0.490803 -0.062143 -0.037335
v -0.484229 -0.065522 -0.037882
v -0.477970 -0.059948 -0.037779
v -0.433809 -0.022698 -0.088151
v -0.433397 -0.017989 -0.098856
v -0.480627 -0.072036 -0.054817
v -0.512448 -0.085434 -0.041318
v -0.507985 -0.087290 -0.038063
v -0.501040 -0.076514 -0.038081
v -0.506484 -0.074588 -0.041461
v -0.489813 -0.077514 -0.058580
v -0.486096 -0.076899 -0.053150
v -0.490931 -0.083632 -0.052691
v -0.495506 -0.083536 -0.057363
v -0.481027 -0.070798 -0.095056
v -0.474555 -0.066143 -0.094619
v -0.498806 -0.058071 -0.061370
v -0.500451 -0.055645 -0.049756
v -0.495490 -0.044811 -0.048995
v -0.466424 -0.052843 -0.080801
v -0.471994 -0.060883 -0.081539
v -0.470431 -0.060399 -0.087387
v -0.477592 -0.067267 -0.061849
v -0.482267 -0.072288 -0.059834
v -0.480821 -0.070136 -0.065945
v -0.475385 -0.064095 -0.066952
v -0.461633 -0.023781 -0.110636
v -0.450200 -0.029257 -0.111880
v -0.509098 -0.100798 -0.038531
v -0.506745 -0.095618 -0.038008
v -0.430705 0.021077 -0.098231
v -0.424152 0.017055 -0.094406
v -0.460346 -0.044444 -0.079877
v -0.488041 -0.033482 -0.048816
v -0.453486 -0.036978 -0.079093
v -0.488336 -0.055219 -0.101818
v -0.482357 -0.058375 -0.106305
v -0.486538 -0.064581 -0.104107
v -0.492548 -0.061579 -0.102542
v -0.503262 -0.092307 -0.056704
v -0.498908 -0.093436 -0.052191
v -0.503596 -0.099256 -0.052510
v -0.507746 -0.097936 -0.056522
v -0.484293 -0.075264 -0.047800
v -0.485138 -0.073293 -0.042210
v -0.490875 -0.080799 -0.041787
v -0.489356 -0.082653 -0.047153
v -0.489825 -0.071130 -0.038591
v -0.495476 -0.078659 -0.038362
v -0.509439 -0.089724 -0.057812
v -0.514224 -0.086454 -0.053749
v -0.507859 -0.076171 -0.054848
v -0.502568 -0.080901 -0.058424
v -0.475531 -0.012211 -0.087135
v -0.471140 -0.011599 -0.095132
v -0.476138 -0.023252 -0.097765
v -0.481004 -0.034778 -0.100653
v -0.483846 -0.046469 -0.102877
v -0.491968 -0.047329 -0.093394
v -0.470686 -0.022714 -0.104636
v -0.496836 -0.071373 -0.063969
v -0.501185 -0.068361 -0.057546
v -0.501024 -0.067246 -0.065497
v -0.450326 -0.037406 -0.086177
v -0.503021 -0.089477 -0.037889
v -0.462448 0.011692 -0.049739
v -0.466988 0.013663 -0.061489
v -0.471444 0.004706 -0.062031
v -0.465509 0.003452 -0.048441
v -0.497179 -0.093104 -0.046533
v -0.498614 -0.091892 -0.041023
v -0.474124 -0.065412 -0.101458
v -0.480225 -0.069286 -0.100608
v -0.481869 -0.068203 -0.104660
v -0.477208 -0.064721 -0.106898
v -0.465940 -0.011692 -0.101914
v -0.472553 -0.049155 -0.120545
v -0.481530 -0.047202 -0.115438
v -0.466520 -0.001100 -0.093681
v -0.471030 -0.001246 -0.085388
v -0.467508 0.007481 -0.084108
v -0.496767 -0.054244 -0.082876
v -0.479040 -0.013737 -0.079223
v -0.473922 -0.002342 -0.077421
v -0.469834 0.007078 -0.074832
v -0.466657 0.014927 -0.073818
v -0.464201 0.014960 -0.083956
v -0.515174 -0.084962 -0.047048
v -0.517474 -0.092978 -0.052926
v -0.460488 0.023719 -0.084574
v -0.456005 0.033889 -0.086146
v -0.458393 0.033738 -0.075122
v -0.463032 0.023370 -0.073902
v -0.475751 -0.004245 -0.068695
v -0.476143 -0.006128 -0.059457
v -0.481454 -0.015578 -0.070807
v -0.482580 -0.018153 -0.060770
v -0.500937 -0.053224 -0.072502
v -0.520139 -0.108494 -0.055318
v -0.516129 -0.101110 -0.055997
v -0.511158 -0.103233 -0.056633
v -0.515939 -0.110386 -0.056399
v -0.513127 -0.095556 -0.056824
v -0.519883 -0.098701 -0.052217
v -0.480583 -0.021634 -0.048360
v -0.487779 -0.075226 -0.065358
v -0.470484 -0.009275 -0.044997
v -0.477918 -0.028477 -0.035594
v -0.470152 -0.020445 -0.032065
v -0.457065 0.002566 -0.037786
v -0.459546 -0.006813 -0.032458
v -0.451886 0.017157 -0.042440
v -0.454463 0.009859 -0.040762
v -0.448337 0.027016 -0.043189
v -0.461995 -0.018478 -0.023724
v -0.508827 -0.109869 -0.042883
v -0.508092 -0.111022 -0.048668
v -0.459430 0.019684 -0.050722
v -0.455564 0.029858 -0.051596
v -0.445718 -0.044424 -0.031525
v -0.443525 -0.030349 -0.083356
v -0.446498 -0.029979 -0.078093
v -0.438120 -0.025676 -0.101654
v -0.439108 -0.029832 -0.090960
v -0.459006 0.032491 -0.063171
v -0.409075 0.025564 -0.067243
v -0.409002 0.025245 -0.077186
v -0.451586 0.046382 -0.077360
v -0.512214 -0.108418 -0.039241
v -0.492859 -0.073825 -0.085103
v -0.492802 -0.072203 -0.087590
v -0.442586 -0.036899 -0.013106
v -0.447033 -0.043194 -0.008415
v -0.458379 -0.038396 -0.006322
v -0.451660 -0.040199 -0.005886
v -0.447904 -0.032085 -0.009633
v -0.455901 -0.029546 -0.010843
v -0.438101 -0.022916 -0.076607
v -0.436621 -0.023482 -0.081510
v -0.456412 -0.014245 -0.108034
v -0.445607 -0.019636 -0.109292
v -0.495843 -0.068416 -0.038189
v -0.496836 -0.058459 -0.041415
v -0.501207 -0.065925 -0.042083
v -0.509185 -0.073777 -0.047895
v -0.493907 -0.074962 -0.063520
v -0.496884 -0.075524 -0.059659
v -0.428945 -0.019728 -0.055490
v -0.439847 -0.027644 -0.060881
v -0.456555 -0.048270 -0.028004
v -0.458898 -0.050053 -0.022402
v -0.473387 -0.061689 -0.074301
v -0.502385 -0.064916 -0.080617
v -0.504888 -0.063084 -0.072571
v -0.478950 -0.068440 -0.074207
v -0.520953 -0.105866 -0.040929
v -0.516504 -0.107218 -0.038455
v -0.504226 -0.064754 -0.049201
v -0.467836 -0.059814 -0.094324
v -0.496906 -0.062705 -0.087489
v -0.498445 -0.069523 -0.084140
v -0.465084 -0.051024 -0.118928
v -0.463391 0.021979 -0.062085
v -0.506387 -0.104423 -0.053406
v -0.510431 -0.111320 -0.054321
v -0.522803 -0.106402 -0.051846
v -0.523322 -0.105185 -0.046170
v -0.440635 -0.011498 -0.105875
v -0.448540 -0.030207 -0.074067
v -0.411189 0.026275 -0.086673
v -0.463356 -0.028521 -0.016051
v -0.464588 -0.038459 -0.010354
v -0.484924 -0.074230 -0.074429
v -0.483153 -0.051842 -0.109281
v -0.495673 -0.055117 -0.095325
v -0.498988 -0.060902 -0.097052
v -0.500003 -0.065296 -0.090596
v -0.497622 -0.070468 -0.088947
v -0.525575 -0.112356 -0.051833
v -0.526149 -0.111417 -0.046255
v -0.524013 -0.112343 -0.041063
v -0.519371 -0.113288 -0.038878
v -0.514917 -0.113825 -0.039969
v -0.523094 -0.114184 -0.055061
v -0.518875 -0.115650 -0.056057
v -0.513484 -0.116211 -0.054146
v -0.525208 -0.119224 -0.055176
v -0.528257 -0.118531 -0.051876
v -0.528153 -0.124805 -0.040751
v -0.527208 -0.118995 -0.041395
v -0.529226 -0.121489 -0.043604
v -0.530468 -0.124944 -0.043269
v -0.532131 -0.129037 -0.043709
v -0.529455 -0.129515 -0.041711
v -0.529854 -0.120309 -0.046608
v -0.531700 -0.124213 -0.047071
v -0.530886 -0.124359 -0.051042
v -0.532801 -0.128341 -0.051551
v -0.533670 -0.128391 -0.047641
v -0.529648 -0.120970 -0.049937
v -0.528607 -0.116766 -0.046349
v -0.531152 -0.133100 -0.043993
v -0.533316 -0.131832 -0.044591
v -0.534857 -0.132242 -0.047924
v -0.532916 -0.134592 -0.048332
v -0.522045 -0.118628 -0.039304
v -0.524380 -0.124879 -0.040253
v -0.526267 -0.130159 -0.041984
v -0.528168 -0.133917 -0.044669
v -0.521019 -0.125844 -0.041869
v -0.523664 -0.130831 -0.043974
v -0.525524 -0.133792 -0.046395
v -0.518762 -0.127079 -0.045321
v -0.522100 -0.131499 -0.046797
v -0.514483 -0.119815 -0.044005
v -0.517563 -0.118908 -0.040448
v -0.524071 -0.133374 -0.047831
v -0.529813 -0.135205 -0.049095
v -0.529384 -0.124081 -0.053741
v -0.531162 -0.128857 -0.054004
v -0.527115 -0.124759 -0.055526
v -0.528878 -0.129741 -0.055329
v -0.532780 -0.132836 -0.052800
v -0.534327 -0.131458 -0.051395
v -0.511480 -0.114748 -0.043633
v -0.511125 -0.115737 -0.049319
v -0.513903 -0.120754 -0.049532
v -0.517924 -0.127737 -0.050387
v -0.516287 -0.120713 -0.054113
v -0.521219 -0.120398 -0.056012
v -0.523969 -0.125704 -0.055948
v -0.520253 -0.126778 -0.054567
v -0.526058 -0.130463 -0.055316
v -0.523521 -0.131227 -0.053867
v -0.522167 -0.131840 -0.050494
v -0.527219 -0.133656 -0.053443
v -0.530138 -0.133642 -0.053457
v -0.527048 -0.134711 -0.049857
v -0.525260 -0.133198 -0.052755
v -0.524763 -0.133604 -0.050267
v -0.510763 -0.107188 -0.074885
v -0.509418 -0.107517 -0.080220
v -0.506117 -0.100901 -0.078626
v -0.507481 -0.100692 -0.073411
v -0.522053 -0.100823 -0.071697
v -0.517317 -0.103887 -0.069747
v -0.514833 -0.097419 -0.068533
v -0.519502 -0.094384 -0.070802
v -0.523931 -0.098742 -0.077534
v -0.521408 -0.092310 -0.076944
v -0.515790 -0.087191 -0.069440
v -0.510928 -0.090383 -0.067288
v -0.502375 -0.079103 -0.065968
v -0.507464 -0.075775 -0.067261
v -0.492812 -0.081682 -0.081562
v -0.497225 -0.080436 -0.084820
v -0.513467 -0.106138 -0.071283
v -0.510528 -0.099654 -0.069914
v -0.505578 -0.091507 -0.085791
v -0.502049 -0.093359 -0.082417
v -0.507111 -0.100232 -0.083536
v -0.510264 -0.098583 -0.086955
v -0.493747 -0.081968 -0.069336
v -0.491765 -0.082056 -0.075401
v -0.497918 -0.081072 -0.066753
v -0.510682 -0.088817 -0.086759
v -0.515545 -0.086189 -0.083407
v -0.508599 -0.074160 -0.081343
v -0.503510 -0.077536 -0.085106
v -0.506262 -0.092556 -0.068545
v -0.500897 -0.093925 -0.077165
v -0.502540 -0.093796 -0.071847
v -0.517714 -0.085079 -0.075926
v -0.518974 -0.093522 -0.084274
v -0.522776 -0.110548 -0.088260
v -0.518070 -0.102368 -0.087821
v -0.513782 -0.104859 -0.088262
v -0.518968 -0.113182 -0.089268
v -0.514619 -0.096199 -0.087351
v -0.521990 -0.099778 -0.084434
v -0.515464 -0.116496 -0.076906
v -0.514526 -0.116675 -0.082312
v -0.517858 -0.115360 -0.073228
v -0.510944 -0.072857 -0.073794
v -0.525770 -0.109875 -0.073142
v -0.521277 -0.113104 -0.071754
v -0.510413 -0.106812 -0.085209
v -0.515382 -0.115476 -0.087041
v -0.526198 -0.108193 -0.084886
v -0.527703 -0.107357 -0.078497
v -0.529293 -0.115338 -0.085599
v -0.530769 -0.114854 -0.079758
v -0.529229 -0.117080 -0.074551
v -0.524534 -0.119488 -0.073244
v -0.521025 -0.120924 -0.074741
v -0.526309 -0.117065 -0.088750
v -0.522682 -0.118872 -0.089668
v -0.518852 -0.120526 -0.087806
v -0.529602 -0.123299 -0.089760
v -0.532974 -0.122585 -0.086972
v -0.536737 -0.135240 -0.078464
v -0.534673 -0.130091 -0.076706
v -0.536651 -0.129660 -0.079400
v -0.539242 -0.134024 -0.080134
v -0.533095 -0.124062 -0.076362
v -0.535321 -0.126184 -0.079263
v -0.535630 -0.125167 -0.082293
v -0.537995 -0.128737 -0.083254
v -0.536572 -0.128727 -0.087021
v -0.539271 -0.132846 -0.088202
v -0.541065 -0.133023 -0.084199
v -0.534990 -0.125361 -0.085638
v -0.541168 -0.137262 -0.081452
v -0.539092 -0.138820 -0.081576
v -0.533906 -0.121165 -0.081268
v -0.527885 -0.124837 -0.074453
v -0.530905 -0.130957 -0.076051
v -0.533533 -0.136310 -0.078846
v -0.535933 -0.139821 -0.082535
v -0.527418 -0.132175 -0.077850
v -0.530759 -0.137231 -0.080584
v -0.533354 -0.139831 -0.083743
v -0.524887 -0.133028 -0.081392
v -0.529012 -0.137744 -0.083415
v -0.520996 -0.125986 -0.079426
v -0.523779 -0.125536 -0.075887
v -0.531640 -0.139361 -0.084842
v -0.541287 -0.139759 -0.085960
v -0.537986 -0.140613 -0.086687
v -0.543602 -0.137393 -0.084941
v -0.534609 -0.128832 -0.088957
v -0.537202 -0.133500 -0.090015
v -0.532720 -0.129145 -0.090924
v -0.535600 -0.134242 -0.091632
v -0.540212 -0.137423 -0.089757
v -0.541728 -0.136076 -0.088510
v -0.518559 -0.121586 -0.078247
v -0.517634 -0.121485 -0.083262
v -0.519857 -0.126043 -0.084433
v -0.523956 -0.133021 -0.086371
v -0.521363 -0.124912 -0.088717
v -0.525793 -0.124120 -0.090520
v -0.529506 -0.130093 -0.091463
v -0.525845 -0.131543 -0.090219
v -0.532782 -0.135077 -0.091690
v -0.529746 -0.136192 -0.090550
v -0.528342 -0.137369 -0.087332
v -0.534720 -0.138653 -0.090489
v -0.537789 -0.138432 -0.090640
v -0.534627 -0.140308 -0.087191
v -0.532170 -0.138516 -0.089866
v -0.531836 -0.139327 -0.087441
v -0.504114 -0.097331 -0.100389
v -0.500675 -0.097468 -0.104708
v -0.498194 -0.092064 -0.102827
v -0.501499 -0.092274 -0.098487
v -0.514426 -0.091561 -0.100736
v -0.512117 -0.093874 -0.098794
v -0.509514 -0.088531 -0.096418
v -0.512004 -0.085358 -0.098261
v -0.514860 -0.089600 -0.105459
v -0.511999 -0.082952 -0.103522
v -0.509075 -0.079510 -0.095985
v -0.506183 -0.083395 -0.094033
v -0.500262 -0.075381 -0.091200
v -0.503860 -0.071096 -0.093034
v -0.508504 -0.096019 -0.098711
v -0.505761 -0.090926 -0.096567
v -0.494441 -0.083553 -0.108181
v -0.492957 -0.085364 -0.105129
v -0.497284 -0.090903 -0.107241
v -0.498837 -0.089125 -0.110049
v -0.490313 -0.077754 -0.092917
v -0.486774 -0.076819 -0.097216
v -0.495261 -0.077457 -0.091264
v -0.499080 -0.080606 -0.109632
v -0.504881 -0.077230 -0.107747
v -0.498231 -0.068509 -0.104838
v -0.492006 -0.071583 -0.106000
v -0.502066 -0.086109 -0.094290
v -0.493727 -0.086895 -0.100548
v -0.497383 -0.087261 -0.096173
v -0.508717 -0.076597 -0.101693
v -0.508272 -0.083392 -0.109211
v -0.511839 -0.100644 -0.115230
v -0.506405 -0.091881 -0.112990
v -0.501861 -0.094557 -0.112414
v -0.507745 -0.102910 -0.115250
v -0.502955 -0.086294 -0.111419
v -0.511595 -0.089798 -0.110691
v -0.508126 -0.105439 -0.103480
v -0.505184 -0.105550 -0.107858
v -0.512133 -0.104240 -0.101873
v -0.503508 -0.067842 -0.099094
v -0.486918 -0.074297 -0.105133
v -0.518120 -0.100676 -0.103565
v -0.515728 -0.102560 -0.101801
v -0.499694 -0.096337 -0.109449
v -0.504831 -0.104511 -0.112567
v -0.516242 -0.098779 -0.112876
v -0.518933 -0.098513 -0.107828
v -0.519376 -0.104830 -0.114697
v -0.521770 -0.104836 -0.109676
v -0.521348 -0.106949 -0.105416
v -0.518359 -0.108631 -0.103788
v -0.514600 -0.109706 -0.104052
v -0.515347 -0.106670 -0.116966
v -0.511691 -0.108320 -0.116637
v -0.508292 -0.109269 -0.114016
v -0.517692 -0.111091 -0.118468
v -0.521975 -0.110419 -0.116199
v -0.528190 -0.123064 -0.109585
v -0.526072 -0.118750 -0.107965
v -0.526829 -0.118164 -0.110154
v -0.529370 -0.121929 -0.111292
v -0.524332 -0.112810 -0.107340
v -0.525660 -0.114692 -0.109640
v -0.525555 -0.113069 -0.112361
v -0.527685 -0.116657 -0.113597
v -0.524984 -0.116023 -0.116965
v -0.527239 -0.119778 -0.118282
v -0.529910 -0.120573 -0.114858
v -0.524288 -0.112854 -0.115438
v -0.530918 -0.124406 -0.112669
v -0.529899 -0.126007 -0.112096
v -0.524049 -0.109790 -0.111281
v -0.520694 -0.113704 -0.105146
v -0.523072 -0.119369 -0.106658
v -0.525465 -0.124200 -0.108945
v -0.526858 -0.126921 -0.111980
v -0.519427 -0.119878 -0.107333
v -0.522010 -0.124563 -0.109613
v -0.523456 -0.126840 -0.112323
v -0.516099 -0.119957 -0.109354
v -0.519328 -0.124412 -0.111453
v -0.513165 -0.114262 -0.107480
v -0.516705 -0.114219 -0.105573
v -0.521289 -0.126134 -0.112957
v -0.529997 -0.126116 -0.116281
v -0.526718 -0.127193 -0.116492
v -0.531508 -0.123901 -0.115869
v -0.522851 -0.115614 -0.118742
v -0.525005 -0.119966 -0.119841
v -0.519838 -0.116194 -0.119642
v -0.522525 -0.120835 -0.120481
v -0.527625 -0.123482 -0.119512
v -0.529179 -0.122513 -0.118554
v -0.510927 -0.110151 -0.105858
v -0.508324 -0.109849 -0.109563
v -0.510756 -0.113876 -0.110924
v -0.514027 -0.119800 -0.113003
v -0.510680 -0.113148 -0.115100
v -0.513994 -0.112382 -0.117691
v -0.516806 -0.117308 -0.119103
v -0.514149 -0.118587 -0.116924
v -0.519850 -0.121786 -0.119905
v -0.517674 -0.122997 -0.118136
v -0.517661 -0.124142 -0.114673
v -0.522233 -0.124983 -0.119149
v -0.524972 -0.124423 -0.119827
v -0.523414 -0.126951 -0.116080
v -0.520111 -0.125007 -0.118044
v -0.520713 -0.126063 -0.115484
v -0.485786 -0.075377 -0.101759
v -0.485160 -0.078943 -0.125893
v -0.481935 -0.078374 -0.128288
v -0.480337 -0.074732 -0.125468
v -0.483363 -0.075190 -0.123151
v -0.494668 -0.074024 -0.128034
v -0.492822 -0.076665 -0.125448
v -0.491111 -0.072578 -0.122157
v -0.493311 -0.069506 -0.124759
v -0.492835 -0.071703 -0.132480
v -0.491446 -0.066984 -0.129500
v -0.490778 -0.064958 -0.120706
v -0.488487 -0.068471 -0.118090
v -0.483915 -0.061837 -0.112327
v -0.486371 -0.057375 -0.114329
v -0.467834 -0.055331 -0.120198
v -0.466580 -0.057843 -0.116475
v -0.470487 -0.063169 -0.120233
v -0.470601 -0.060453 -0.123586
v -0.489177 -0.078382 -0.124977
v -0.487323 -0.074575 -0.121830
v -0.475518 -0.067568 -0.128642
v -0.475587 -0.070080 -0.125413
v -0.478484 -0.073480 -0.128547
v -0.478418 -0.071418 -0.131673
v -0.467934 -0.060427 -0.112637
v -0.471310 -0.062653 -0.109054
v -0.475648 -0.065374 -0.113686
v -0.472374 -0.064972 -0.116854
v -0.479489 -0.064672 -0.112556
v -0.478204 -0.064646 -0.130456
v -0.483587 -0.062434 -0.129590
v -0.478313 -0.054270 -0.124352
v -0.473387 -0.057406 -0.125126
v -0.484625 -0.070747 -0.118307
v -0.477525 -0.071423 -0.122144
v -0.480873 -0.071715 -0.119431
v -0.489130 -0.061996 -0.125656
v -0.486290 -0.067185 -0.132919
v -0.485331 -0.078464 -0.140250
v -0.482890 -0.072793 -0.136557
v -0.479865 -0.074957 -0.134923
v -0.482452 -0.080145 -0.138817
v -0.481143 -0.068962 -0.133558
v -0.487871 -0.071517 -0.135808
v -0.487695 -0.084261 -0.129376
v -0.484171 -0.083473 -0.131839
v -0.491437 -0.083647 -0.128676
v -0.485174 -0.053512 -0.119570
v -0.496652 -0.080012 -0.131723
v -0.494796 -0.082348 -0.129299
v -0.479966 -0.077032 -0.131522
v -0.482292 -0.081993 -0.135453
v -0.490097 -0.077401 -0.139393
v -0.494834 -0.077671 -0.135870
v -0.492238 -0.082049 -0.142377
v -0.496900 -0.082233 -0.138803
v -0.498387 -0.084557 -0.134404
v -0.496482 -0.086455 -0.131806
v -0.493047 -0.087132 -0.131087
v -0.487494 -0.083049 -0.143049
v -0.484956 -0.084280 -0.141220
v -0.484658 -0.085424 -0.137818
v -0.489854 -0.086974 -0.144866
v -0.494766 -0.086623 -0.144557
v -0.502136 -0.097723 -0.139838
v -0.501080 -0.094150 -0.137892
v -0.501332 -0.093388 -0.140022
v -0.502773 -0.096433 -0.141386
v -0.499874 -0.089019 -0.136934
v -0.500499 -0.090188 -0.139346
v -0.499377 -0.088536 -0.141728
v -0.500852 -0.091563 -0.143036
v -0.498114 -0.090935 -0.145936
v -0.499254 -0.094476 -0.147501
v -0.502532 -0.094723 -0.144685
v -0.497479 -0.088510 -0.144359
v -0.503986 -0.098384 -0.142935
v -0.503109 -0.100067 -0.142495
v -0.498374 -0.086050 -0.140620
v -0.497900 -0.090158 -0.134204
v -0.499497 -0.094881 -0.136435
v -0.500665 -0.099049 -0.139137
v -0.500826 -0.101293 -0.142323
v -0.496650 -0.094911 -0.135975
v -0.498139 -0.099145 -0.138973
v -0.498399 -0.101072 -0.141959
v -0.493326 -0.094544 -0.136538
v -0.495431 -0.098606 -0.139493
v -0.491131 -0.090087 -0.133962
v -0.494816 -0.090303 -0.133348
v -0.496682 -0.100336 -0.141586
v -0.501984 -0.099925 -0.146280
v -0.499620 -0.101057 -0.145572
v -0.503572 -0.097570 -0.146207
v -0.495276 -0.090992 -0.147005
v -0.496926 -0.095200 -0.148560
v -0.492012 -0.091232 -0.146634
v -0.494522 -0.096029 -0.147958
v -0.499300 -0.098169 -0.148488
v -0.500813 -0.096725 -0.148211
v -0.489425 -0.087303 -0.131862
v -0.486254 -0.086593 -0.134291
v -0.487909 -0.089494 -0.136271
v -0.490285 -0.093883 -0.138630
v -0.486423 -0.088666 -0.139739
v -0.486970 -0.087776 -0.143042
v -0.489763 -0.092311 -0.145075
v -0.488898 -0.093275 -0.142034
v -0.492834 -0.096912 -0.146352
v -0.492222 -0.097618 -0.143901
v -0.493248 -0.098137 -0.141199
v -0.495706 -0.099798 -0.145994
v -0.497305 -0.099362 -0.147597
v -0.497521 -0.101075 -0.144378
v -0.494646 -0.099710 -0.144523
v -0.495688 -0.100377 -0.143129
v -0.470638 -0.053518 -0.121982
v -0.469647 -0.049915 -0.009224
v -0.468798 -0.052946 -0.013332
v -0.453412 -0.057249 -0.012249
v -0.459438 -0.057593 -0.015207
v -0.450339 -0.054586 -0.007094
v -0.455431 -0.049027 -0.000384
v -0.451644 -0.051693 -0.002785
v -0.465525 -0.055918 -0.015609
v -0.467591 -0.047433 -0.004153
v -0.461602 -0.047094 -0.000511
v -0.471070 -0.054923 0.001882
v -0.465043 -0.054923 0.005881
v -0.458168 -0.056857 0.005934
v -0.453898 -0.058890 0.002259
v -0.452237 -0.060734 -0.002845
v -0.473213 -0.056566 -0.003931
v -0.471660 -0.058858 -0.008823
v -0.466846 -0.061160 -0.011358
v -0.476410 -0.063105 0.001103
v -0.475489 -0.063895 0.008616
v -0.465056 -0.074560 0.017377
v -0.462807 -0.070586 0.015035
v -0.466667 -0.069573 0.016891
v -0.468162 -0.072432 0.019450
v -0.462051 -0.065339 0.012421
v -0.466363 -0.067093 0.015092
v -0.470987 -0.066181 0.014669
v -0.472288 -0.068123 0.017059
v -0.475135 -0.066217 0.013127
v -0.477278 -0.068242 0.014503
v -0.473739 -0.070917 0.019995
v -0.470387 -0.075095 0.021258
v -0.474776 -0.074531 0.021391
v -0.468853 -0.077583 0.019623
v -0.469141 -0.063100 0.011546
v -0.456559 -0.065551 0.007365
v -0.459627 -0.071723 0.011422
v -0.463297 -0.076857 0.014272
v -0.468116 -0.079964 0.015875
v -0.458688 -0.073451 0.006146
v -0.463676 -0.078410 0.009578
v -0.468197 -0.080389 0.011527
v -0.461343 -0.074370 0.001041
v -0.465918 -0.078653 0.005816
v -0.456763 -0.067297 -0.004523
v -0.454525 -0.066655 0.001411
v -0.468639 -0.080126 0.008484
v -0.474720 -0.078508 0.019771
v -0.473809 -0.080380 0.015360
v -0.478921 -0.068898 0.010405
v -0.478541 -0.071065 0.017000
v -0.480124 -0.072867 0.013253
v -0.478845 -0.069559 0.005393
v -0.479481 -0.074701 0.009219
v -0.479286 -0.076180 0.016599
v -0.478649 -0.073682 0.019331
v -0.454605 -0.062066 -0.008107
v -0.460274 -0.062387 -0.010972
v -0.462865 -0.067103 -0.007555
v -0.466432 -0.073833 -0.002124
v -0.469523 -0.066026 -0.007727
v -0.474812 -0.064430 -0.004514
v -0.477030 -0.071279 0.000878
v -0.472490 -0.072833 -0.002008
v -0.477448 -0.076297 0.005795
v -0.473969 -0.077303 0.003708
v -0.469695 -0.078222 0.003879
v -0.475908 -0.079064 0.009306
v -0.478063 -0.078260 0.012787
v -0.472590 -0.080427 0.011327
v -0.473991 -0.079037 0.007133
v -0.471411 -0.079802 0.007928
v -0.462026 -0.054466 -0.114301
v -0.463130 -0.057195 -0.108845
v -0.458153 -0.051909 -0.106760
v -0.452254 -0.045317 -0.104950
v -0.448696 -0.037114 -0.109013
v -0.453976 -0.046235 -0.098425
v -0.459924 -0.052906 -0.100518
v -0.466846 -0.059995 -0.102761
v -0.451465 -0.041181 -0.091388
v -0.038318 0.674596 0.067310
v -0.035119 0.675662 0.069143
v -0.037011 0.668392 0.066456
v -0.039561 0.668689 0.064845
v -0.030070 0.668552 0.069343
v -0.034034 0.668195 0.068375
v -0.030499 0.676332 0.070573
v -0.025056 0.676029 0.070467
v -0.017218 0.671965 0.067758
v -0.015501 0.670555 0.067832
v -0.016302 0.669599 0.068304
v -0.018567 0.669570 0.068459
v -0.022224 0.669204 0.069425
v -0.042601 0.671011 0.062379
v -0.041844 0.672251 0.063469
v -0.040379 0.673457 0.065372
v -0.026062 0.668867 0.069747
v -0.041417 0.669222 0.063200
v -0.042413 0.669956 0.062233
v -0.020458 0.674603 0.069147
v -0.030386 0.670913 0.069611
v -0.034235 0.670677 0.068421
v -0.030617 0.673705 0.070034
v -0.025919 0.673712 0.070309
v -0.020187 0.670814 0.068872
v -0.022666 0.670969 0.069605
v -0.037160 0.670450 0.066647
v -0.026316 0.671097 0.069990
v -0.034777 0.673196 0.068688
v -0.021969 0.672928 0.069654
v -0.019693 0.671919 0.068711
v -0.041845 0.670874 0.062965
v -0.041789 0.670434 0.062930
v -0.014764 0.437721 0.046064
v -0.015927 0.420648 0.055684
v -0.037639 0.672546 0.066853
v -0.040921 0.670351 0.063803
v -0.039362 0.670385 0.065074
v -0.039706 0.671935 0.065157
v -0.041077 0.671354 0.063794
v -0.225775 0.334525 -0.002307
v -0.238048 0.345152 -0.004431
v -0.264491 0.366850 -0.048567
v -0.261269 0.369761 -0.071045
v -0.065718 0.143647 0.116663
v -0.109579 0.193795 -0.093325
v -0.111970 0.213233 -0.098218
v -0.033773 0.210299 -0.119688
v -0.054197 0.206308 -0.118802
v -0.143721 0.176397 0.020998
v -0.142837 0.195402 0.019613
v -0.101894 0.166497 0.079725
v -0.101324 0.187639 0.077379
v -0.135494 0.153077 0.045775
v -0.078467 0.159395 -0.104593
v -0.097819 0.157773 -0.097148
v -0.093822 0.177866 -0.100469
v -0.075264 0.180468 -0.109158
v -0.014484 0.212920 -0.115304
v -0.014914 0.189719 -0.109039
v -0.149534 0.217027 -0.006026
v -0.149851 0.219020 -0.033293
v -0.131454 0.226004 -0.081799
v -0.116093 0.231649 -0.100337
v -0.098144 0.239125 -0.113338
v -0.078361 0.246348 -0.122280
v -0.085094 0.208528 0.091940
v -0.065776 0.229546 0.100640
v -0.142461 0.215083 0.019906
v -0.021361 0.208673 0.119994
v -0.061401 0.276857 -0.133084
v -0.037455 0.280857 -0.135490
v -0.143182 0.221771 -0.058789
v -0.030580 0.379514 0.083546
v -0.047825 0.381959 0.081893
v -0.047154 0.366504 0.092211
v -0.029863 0.363666 0.093148
v -0.063570 0.368021 0.090458
v -0.079301 0.368489 0.087587
v -0.093692 0.368218 0.083719
v -0.127447 0.362539 0.068090
v -0.117740 0.365142 0.073749
v -0.143513 0.352577 0.054778
v -0.136013 0.358688 0.061884
v -0.149287 0.342630 0.045419
v -0.152794 0.331285 0.032659
v -0.158195 0.331489 0.010555
v -0.156039 0.319972 0.017499
v -0.150327 0.319888 0.040506
v -0.145905 0.331924 0.052844
v -0.140036 0.341285 0.061996
v -0.015800 0.295434 0.108158
v -0.013241 0.320588 0.106630
v -0.012959 0.453813 0.037338
v -0.326341 0.162044 -0.097255
v -0.418736 0.073363 -0.041453
v -0.014849 0.476628 -0.116661
v -0.031933 0.481283 -0.117761
v -0.088181 0.499508 -0.104136
v -0.103569 0.510387 -0.085977
v -0.068306 0.488087 -0.115659
v -0.049700 0.477889 -0.121085
v -0.129016 0.231866 0.042920
v -0.033556 0.445222 -0.129817
v -0.050917 0.466328 -0.125885
v -0.070649 0.477061 -0.121284
v -0.092687 0.489005 -0.110639
v -0.115155 0.502743 -0.092197
v -0.132722 0.503172 -0.085486
v -0.156181 0.483251 -0.091962
v -0.167474 0.480570 -0.087553
v -0.178939 0.475980 -0.083320
v -0.183988 0.488196 -0.067434
v -0.171441 0.494647 -0.071561
v -0.241891 0.398541 -0.078754
v -0.246364 0.382362 -0.083629
v -0.244947 0.368987 -0.091165
v -0.238800 0.357938 -0.097737
v -0.228614 0.350286 -0.102312
v -0.216355 0.345806 -0.104250
v -0.203844 0.347974 -0.103145
v -0.177834 0.364826 -0.096478
v -0.173913 0.370726 -0.094146
v -0.162808 0.347371 -0.095809
v -0.158627 0.339506 -0.097855
v -0.143021 0.315966 -0.104707
v -0.134720 0.303372 -0.108694
v -0.124088 0.289415 -0.112950
v -0.098655 0.061041 -0.109892
v -0.118492 0.062885 -0.099957
v -0.113828 0.079902 -0.095239
v -0.093534 0.078354 -0.104079
v -0.044280 0.115631 -0.102578
v -0.021972 0.114681 -0.100457
v -0.159776 0.079181 -0.041281
v -0.164709 0.075529 -0.015631
v -0.132611 0.081406 -0.081633
v -0.148320 0.080788 -0.063741
v -0.162671 0.069963 0.011013
v -0.105835 0.038671 0.093071
v -0.085648 0.032653 0.108441
v -0.043566 0.024866 0.129141
v -0.022622 0.022841 0.133960
v -0.154403 0.062084 0.035125
v -0.064671 0.028087 0.120676
v -0.142023 0.053362 0.056431
v -0.125114 0.045315 0.075653
v -0.065652 0.116286 -0.101961
v -0.069497 0.095320 -0.104762
v -0.089365 0.096789 -0.100625
v -0.036430 0.346929 -0.143961
v -0.056323 0.350010 -0.144617
v -0.075582 0.354511 -0.144014
v -0.090173 0.379521 -0.142362
v -0.093710 0.361201 -0.140755
v -0.110461 0.368840 -0.135729
v -0.107551 0.386573 -0.137296
v -0.138513 0.399533 -0.126771
v -0.139465 0.383886 -0.124926
v -0.150295 0.389694 -0.121335
v -0.149908 0.404273 -0.123424
v -0.159722 0.394712 -0.118430
v -0.167100 0.398348 -0.114025
v -0.173231 0.400272 -0.108143
v -0.180718 0.397383 -0.107195
v -0.186993 0.419909 -0.108880
v -0.177869 0.423282 -0.111626
v -0.138343 0.416385 -0.126445
v -0.123560 0.410795 -0.131202
v -0.034076 0.382758 -0.140762
v -0.015770 0.379576 -0.137049
v -0.160046 0.312879 -0.001587
v -0.163951 0.307756 -0.022974
v -0.165792 0.305591 -0.043036
v -0.164041 0.306584 -0.060453
v -0.160691 0.310534 -0.076546
v -0.155294 0.316397 -0.090352
v -0.153863 0.332091 -0.100057
v -0.148813 0.324620 -0.102122
v -0.149498 0.342385 -0.108920
v -0.142525 0.334795 -0.111775
v -0.136395 0.346775 -0.119850
v -0.130534 0.360315 -0.126294
v -0.126298 0.376278 -0.130134
v -0.124128 0.393193 -0.131746
v -0.106516 0.405242 -0.136422
v -0.089088 0.398936 -0.141360
v -0.071032 0.411378 -0.141989
v -0.071254 0.429262 -0.137878
v -0.070732 0.392516 -0.144649
v -0.071653 0.373222 -0.145610
v -0.073075 0.520023 -0.086208
v -0.056143 0.512886 -0.098553
v -0.205715 0.364613 -0.105436
v -0.200835 0.361615 -0.104950
v -0.202179 0.356011 -0.104372
v -0.211165 0.357107 -0.104749
v -0.220181 0.361378 -0.103946
v -0.218444 0.377837 -0.103436
v -0.212456 0.369955 -0.105044
v -0.227985 0.368948 -0.100909
v -0.233093 0.378870 -0.096430
v -0.223176 0.387103 -0.100162
v -0.235113 0.389860 -0.091408
v -0.226054 0.396256 -0.096027
v -0.233364 0.401700 -0.087588
v -0.227248 0.403453 -0.092470
v -0.204651 0.431715 -0.097346
v -0.213799 0.422078 -0.095312
v -0.221772 0.411546 -0.093606
v -0.188221 0.391204 -0.107137
v -0.196513 0.384618 -0.107141
v -0.204451 0.377419 -0.106462
v -0.209594 0.386056 -0.105597
v -0.201210 0.393835 -0.106897
v -0.192574 0.401252 -0.108214
v -0.034459 0.365163 -0.143062
v -0.053353 0.369065 -0.145124
v -0.160078 0.408319 -0.120157
v -0.168348 0.410661 -0.116236
v -0.175696 0.410662 -0.111231
v -0.184126 0.407822 -0.109065
v -0.170125 0.423725 -0.115868
v -0.161222 0.422609 -0.119798
v -0.150437 0.419931 -0.123118
v -0.052596 0.387246 -0.143928
v -0.016464 0.362518 -0.140336
v -0.178236 0.449284 0.014562
v -0.185407 0.472719 0.001628
v -0.190656 0.489012 -0.019371
v -0.189692 0.494363 -0.044880
v -0.261955 0.214693 -0.062053
v -0.016744 0.166098 -0.103682
v -0.019232 0.141386 -0.100408
v -0.040671 0.140263 -0.103945
v -0.016272 0.281971 -0.133872
v -0.017361 0.345111 -0.142813
v -0.103289 0.339135 0.097761
v -0.091449 0.340111 0.102292
v -0.092314 0.354273 0.093695
v -0.104483 0.353294 0.088837
v -0.122402 0.336822 0.085208
v -0.113613 0.338095 0.091854
v -0.115270 0.351956 0.083172
v -0.124553 0.349871 0.076766
v -0.130105 0.334179 0.077904
v -0.132720 0.346944 0.069953
v -0.112517 0.322631 0.098800
v -0.102327 0.323476 0.104551
v -0.090649 0.324674 0.108523
v -0.127911 0.320436 0.084498
v -0.120915 0.321884 0.091766
v -0.003174 0.552877 0.067414
v -0.003598 0.558591 0.082416
v 0.001387 0.601569 0.095106
v 0.001671 0.605893 0.093047
v -0.009807 0.476967 0.024153
v -0.008665 0.487605 0.022865
v -0.012973 0.341582 0.101637
v -0.013679 0.375856 0.084776
v -0.015196 0.388578 0.073986
v -0.015858 0.404058 0.064907
v -0.011718 0.466578 0.029834
v -0.013148 0.359529 0.094118
v -0.164885 -0.108479 -0.081246
v -0.146079 -0.124925 -0.100800
v -0.152241 -0.097913 -0.097640
v -0.138349 -0.109951 -0.111397
v -0.163247 -0.028432 -0.072980
v -0.162087 -0.055622 -0.079348
v -0.163988 -0.001306 -0.070029
v -0.118209 -0.116773 -0.124497
v -0.092386 -0.118884 -0.133875
v -0.090016 -0.098895 -0.140619
v -0.148160 -0.002756 -0.094065
v -0.148292 -0.029038 -0.096704
v -0.143820 -0.091437 -0.106682
v -0.159249 -0.079001 -0.087395
v -0.145991 -0.076759 -0.104353
v -0.114482 -0.098470 -0.130471
v -0.132997 -0.095637 -0.117610
v -0.055831 0.057286 -0.119170
v -0.031504 0.037968 -0.128443
v -0.059581 0.037875 -0.126887
v -0.137262 0.064424 -0.084736
v -0.123973 0.043770 -0.104694
v -0.131439 -0.077512 -0.119571
v -0.112212 -0.077838 -0.133723
v -0.087602 -0.076975 -0.144743
v -0.087276 -0.003878 -0.138078
v -0.086940 -0.027465 -0.143434
v -0.110286 -0.029527 -0.132539
v -0.110421 -0.004278 -0.127732
v -0.128255 0.021257 -0.109723
v -0.130611 -0.004124 -0.113153
v -0.086085 0.018485 -0.131007
v -0.108287 0.019601 -0.122349
v -0.103735 0.041527 -0.116029
v -0.130794 -0.030330 -0.116597
v -0.057447 -0.050553 -0.151231
v -0.086345 -0.052239 -0.146063
v -0.026744 -0.049104 -0.149091
v -0.082575 0.039324 -0.123056
v -0.078146 0.059325 -0.115494
v -0.073517 0.077188 -0.108757
v -0.061990 0.139151 -0.103684
v -0.111293 -0.344190 0.063841
v 0.001439 -0.160223 0.006659
v 0.001088 -0.152857 -0.020320
v -0.177434 -0.076403 0.036625
v -0.185359 -0.092032 -0.037288
v -0.173060 -0.084329 -0.065105
v -0.021888 -0.159316 0.074219
v -0.006871 -0.164637 0.051352
v -0.158518 -0.084826 0.063613
v -0.103469 -0.128654 0.097730
v -0.000621 -0.164627 0.029248
v -0.147236 -0.054329 -0.100419
v -0.131202 -0.055256 -0.118808
v -0.110961 -0.054522 -0.134503
v -0.058416 -0.074698 -0.150322
v -0.026537 -0.071754 -0.147656
v -0.017911 -0.109175 0.096468
v -0.014759 -0.101494 0.103460
v -0.006611 -0.103001 0.103957
v -0.006558 -0.115104 0.094378
v -0.104914 0.016443 0.092603
v -0.082961 0.010144 0.106128
v -0.039732 0.002409 0.124807
v -0.019860 0.000794 0.129416
v -0.157865 0.043015 0.036246
v -0.060854 0.005509 0.117135
v -0.144779 0.033450 0.057631
v -0.126212 0.024126 0.076332
v -0.070593 -0.785697 -0.057005
v -0.071484 -0.814206 -0.052594
v -0.072450 -0.812497 -0.067451
v -0.068441 -0.783634 -0.071686
v -0.084744 -0.779099 -0.099446
v -0.073244 -0.781141 -0.091876
v -0.099277 -0.778828 -0.101185
v -0.097382 -0.808905 -0.100486
v -0.108949 -0.809976 -0.093496
v -0.112713 -0.780204 -0.096439
v -0.121633 -0.781210 -0.086935
v -0.124017 -0.811663 -0.072950
v -0.126147 -0.811947 -0.054815
v -0.130993 -0.783885 -0.056219
v -0.127534 -0.782243 -0.074653
v -0.125934 -0.788251 -0.036182
v -0.121518 -0.815174 -0.034841
v -0.110577 -0.790918 -0.025377
v -0.076101 -0.788539 -0.040777
v -0.074789 -0.816036 -0.035542
v -0.083392 -0.808928 -0.099192
v -0.073995 -0.810712 -0.088677
v -0.067847 -0.782822 -0.081853
v -0.073013 -0.811571 -0.077650
v -0.070875 -0.840905 -0.062485
v -0.065965 -0.841142 -0.046623
v -0.082041 -0.837471 -0.098963
v -0.076948 -0.838880 -0.085054
v -0.105088 -0.838158 -0.090860
v -0.095467 -0.837096 -0.101459
v -0.124215 -0.839875 -0.071918
v -0.117153 -0.810766 -0.084181
v -0.115387 -0.839185 -0.082132
v -0.126315 -0.839072 -0.053635
v -0.120549 -0.840645 -0.030608
v -0.070246 -0.841602 -0.028386
v -0.074781 -0.839858 -0.073350
v -0.125046 -0.933686 0.127528
v -0.117873 -0.934412 0.128966
v -0.119163 -0.928993 0.127739
v -0.123769 -0.929097 0.126859
v -0.085324 -0.932897 0.136470
v -0.073466 -0.936328 0.134668
v -0.074562 -0.924004 0.136959
v -0.083145 -0.922273 0.138615
v -0.103660 -0.934248 0.136602
v -0.111737 -0.934294 0.136103
v -0.109500 -0.938051 0.132817
v -0.104418 -0.937814 0.133219
v -0.146181 -0.931247 0.097606
v -0.151672 -0.931846 0.094601
v -0.150495 -0.935470 0.093387
v -0.146241 -0.935811 0.094759
v -0.133211 -0.934292 0.116249
v -0.139052 -0.934809 0.113511
v -0.137514 -0.938253 0.111540
v -0.133709 -0.938874 0.113142
v -0.086946 -0.917713 0.116382
v -0.086107 -0.918824 0.130325
v -0.072754 -0.920997 0.127827
v -0.072065 -0.916100 0.114059
v -0.066695 -0.930624 0.123730
v -0.074695 -0.936417 0.120925
v -0.073311 -0.936368 0.106879
v -0.065787 -0.927709 0.108669
v -0.087309 -0.937067 0.123011
v -0.087221 -0.936995 0.109998
v -0.094804 -0.929100 0.114067
v -0.095849 -0.928666 0.128865
v -0.113846 -0.928760 0.116369
v -0.116698 -0.931674 0.128287
v -0.110778 -0.925165 0.129547
v -0.108788 -0.920973 0.117675
v -0.102245 -0.925442 0.130718
v -0.097339 -0.921162 0.118830
v -0.093857 -0.931513 0.116778
v -0.096149 -0.932306 0.130602
v -0.101111 -0.937623 0.126519
v -0.098698 -0.937062 0.113391
v -0.108136 -0.936642 0.113382
v -0.110508 -0.938098 0.125686
v -0.126050 -0.921951 0.110227
v -0.125083 -0.926964 0.121116
v -0.117442 -0.927127 0.122031
v -0.115599 -0.922414 0.112400
v -0.112900 -0.934933 0.122176
v -0.118303 -0.938457 0.120249
v -0.116514 -0.937172 0.109831
v -0.111581 -0.932621 0.112396
v -0.126266 -0.936523 0.108756
v -0.125810 -0.938821 0.119448
v -0.130851 -0.928562 0.110901
v -0.130014 -0.932699 0.120677
v -0.145483 -0.929181 0.097212
v -0.143008 -0.933523 0.106493
v -0.140139 -0.927816 0.107878
v -0.141975 -0.922439 0.097709
v -0.134204 -0.926913 0.109707
v -0.133955 -0.922698 0.101774
v -0.129773 -0.931658 0.110513
v -0.132073 -0.938834 0.107835
v -0.132861 -0.936907 0.099635
v -0.130608 -0.928931 0.103865
v -0.139115 -0.939072 0.105963
v -0.141141 -0.936764 0.096087
v -0.155088 -0.922418 0.080467
v -0.156768 -0.929456 0.077376
v -0.155482 -0.930792 0.087855
v -0.153399 -0.925233 0.089218
v -0.147861 -0.924485 0.091848
v -0.148625 -0.921497 0.085729
v -0.143959 -0.929273 0.092275
v -0.144851 -0.936349 0.089716
v -0.145792 -0.935561 0.083609
v -0.145913 -0.927576 0.087408
v -0.151771 -0.936285 0.087812
v -0.152314 -0.934965 0.079158
v -0.072278 -0.912439 0.100026
v -0.091144 -0.917044 0.102990
v -0.076592 -0.936502 0.130336
v -0.065984 -0.925888 0.094245
v -0.083589 -0.936894 0.131121
v -0.090879 -0.936703 0.098177
v -0.074267 -0.935620 0.092502
v -0.093203 -0.929288 0.107958
v -0.110240 -0.928605 0.135557
v -0.111294 -0.930130 0.106859
v -0.110720 -0.936782 0.097490
v -0.105363 -0.928726 0.136132
v -0.110035 -0.917997 0.101481
v -0.128080 -0.919320 0.093007
v -0.119819 -0.938450 0.126369
v -0.123865 -0.938621 0.125789
v -0.129507 -0.936972 0.091379
v -0.131402 -0.927676 0.101573
v -0.138450 -0.930421 0.113278
v -0.146748 -0.927209 0.087449
v -0.144058 -0.936598 0.080244
v -0.135038 -0.929791 0.114434
v -0.144558 -0.918473 0.081635
v -0.150704 -0.928190 0.093665
v -0.158418 -0.927966 0.064772
v -0.153527 -0.935710 0.068020
v -0.147863 -0.927386 0.095497
v -0.156025 -0.919236 0.069625
v -0.084209 -0.791269 -0.029118
v -0.083276 -0.817493 -0.023411
v -0.095841 -0.792688 -0.023727
v -0.107784 -0.817706 -0.022867
v -0.094826 -0.819126 -0.019577
v -0.081127 -0.841946 -0.014444
v -0.106986 -0.842895 -0.017392
v -0.094167 -0.842835 -0.011589
v -0.125668 -0.861070 -0.074595
v -0.129426 -0.861318 -0.054900
v -0.114245 -0.860202 -0.084017
v -0.094988 -0.858664 -0.105106
v -0.105118 -0.859274 -0.094701
v -0.079681 -0.861671 -0.003745
v -0.069742 -0.863557 -0.022151
v -0.094251 -0.861233 0.001328
v -0.110305 -0.861243 -0.005994
v -0.068060 -0.907419 0.083685
v -0.068728 -0.906778 0.062404
v -0.083578 -0.896256 0.066153
v -0.087262 -0.905754 0.085122
v -0.103358 -0.897542 0.061896
v -0.106088 -0.908896 0.081357
v -0.121050 -0.900876 0.053937
v -0.124168 -0.910404 0.073715
v -0.136691 -0.904903 0.044349
v -0.140685 -0.912425 0.063623
v -0.149646 -0.912302 0.034400
v -0.154247 -0.916021 0.054062
v -0.157569 -0.922713 0.028568
v -0.160461 -0.925919 0.048668
v -0.062648 -0.924696 0.077520
v -0.064591 -0.922634 0.057024
v -0.072920 -0.936549 0.074316
v -0.074167 -0.936529 0.053588
v -0.090278 -0.937308 0.073538
v -0.090518 -0.937019 0.051775
v -0.152437 -0.935380 0.030391
v -0.154057 -0.937275 0.051231
v -0.109272 -0.937516 0.069796
v -0.108802 -0.936262 0.047551
v -0.126906 -0.938764 0.063929
v -0.125878 -0.937403 0.041526
v -0.141811 -0.939279 0.057213
v -0.140433 -0.938141 0.035316
v -0.079816 -0.889572 0.042290
v -0.099888 -0.884527 0.041252
v -0.117092 -0.888755 0.032002
v -0.131619 -0.895808 0.021103
v -0.143344 -0.906931 0.010796
v -0.152183 -0.917777 0.005671
v -0.130087 -0.883208 -0.007117
v -0.137279 -0.903435 -0.015369
v -0.144111 -0.915788 -0.018084
v -0.133431 -0.900781 -0.041738
v -0.137488 -0.914197 -0.042116
v -0.124677 -0.899484 -0.084093
v -0.129867 -0.914400 -0.085959
v -0.133297 -0.912980 -0.066104
v -0.128879 -0.899212 -0.065691
v -0.129098 -0.882227 -0.036398
v -0.126482 -0.880448 -0.061146
v -0.121418 -0.879748 -0.078858
v -0.113890 -0.914669 -0.109372
v -0.123982 -0.914968 -0.099449
v -0.120011 -0.899378 -0.097221
v -0.112106 -0.898287 -0.108784
v -0.096098 -0.898678 -0.116150
v -0.097233 -0.915584 -0.113370
v -0.079694 -0.900788 -0.105660
v -0.080184 -0.917262 -0.105183
v -0.108118 -0.878289 -0.101468
v -0.114809 -0.879448 -0.090642
v -0.095850 -0.877842 -0.109969
v -0.081205 -0.879667 -0.101249
v -0.078058 -0.881357 -0.084360
v -0.075343 -0.902573 -0.086712
v -0.072631 -0.918254 -0.087484
v -0.069577 -0.905429 0.037129
v -0.069506 -0.918733 0.032648
v -0.114502 -0.874581 0.011535
v -0.095883 -0.872629 0.020055
v -0.076611 -0.879853 0.012837
v -0.068411 -0.902350 0.009704
v -0.072845 -0.916813 0.005557
v -0.074212 -0.916070 -0.019024
v -0.067847 -0.903033 -0.016571
v -0.077541 -0.929707 0.029020
v -0.081497 -0.924088 0.002791
v -0.081666 -0.922892 -0.021243
v -0.072637 -0.916607 -0.040489
v -0.068470 -0.903274 -0.038969
v -0.072499 -0.916782 -0.057731
v -0.071421 -0.902276 -0.056707
v -0.073521 -0.902134 -0.070960
v -0.071869 -0.917466 -0.071993
v -0.071559 -0.882327 -0.057176
v -0.074703 -0.881307 -0.070058
v -0.068115 -0.884101 -0.039133
v -0.068159 -0.883303 -0.015976
v -0.148624 -0.931124 0.006745
v -0.142256 -0.927289 -0.017127
v -0.135502 -0.924112 -0.040879
v -0.130783 -0.924416 -0.064517
v -0.124830 -0.925766 -0.082847
v -0.118856 -0.926063 -0.094351
v -0.096719 -0.925007 -0.105522
v -0.110270 -0.925356 -0.102950
v -0.084504 -0.926197 -0.099932
v -0.078998 -0.927843 -0.085644
v -0.077769 -0.928573 -0.072513
v -0.079569 -0.925033 -0.042477
v -0.078005 -0.927619 -0.058890
v -0.065039 -0.864228 -0.042549
v -0.068355 -0.863251 -0.060313
v -0.073299 -0.861902 -0.071676
v -0.081498 -0.859334 -0.098376
v -0.077377 -0.860689 -0.083183
v -0.091630 -0.933705 0.026149
v -0.108703 -0.933436 0.021806
v -0.124655 -0.934206 0.016074
v -0.137871 -0.934508 0.010730
v -0.133805 -0.931256 -0.014007
v -0.121917 -0.931352 -0.010025
v -0.107035 -0.931127 -0.005208
v -0.092454 -0.928551 -0.000371
v -0.127568 -0.929238 -0.037640
v -0.117075 -0.930323 -0.033758
v -0.103686 -0.930370 -0.029946
v -0.091290 -0.928171 -0.024669
v -0.088239 -0.930426 -0.046101
v -0.099063 -0.931256 -0.051702
v -0.110946 -0.930716 -0.055306
v -0.121093 -0.929091 -0.059968
v -0.115720 -0.929326 -0.077064
v -0.106181 -0.930340 -0.071703
v -0.095506 -0.931172 -0.067579
v -0.086638 -0.930997 -0.062759
v -0.111137 -0.929023 -0.087110
v -0.097377 -0.928586 -0.097545
v -0.105441 -0.928599 -0.093853
v -0.089350 -0.929515 -0.094490
v -0.086423 -0.930385 -0.084513
v -0.085993 -0.931001 -0.074072
v -0.094050 -0.930652 -0.077225
v -0.093283 -0.930078 -0.084816
v -0.103452 -0.929824 -0.081012
v -0.100540 -0.929231 -0.087833
v -0.093440 -0.929450 -0.090651
v -0.097141 -0.929043 -0.092025
v -0.121953 -0.863810 -0.026240
v -0.092804 -0.511866 0.014488
v -0.077824 -0.509009 0.009544
v -0.109714 -0.510252 0.015404
v -0.132740 -0.093515 0.083596
v -0.085115 0.144824 0.100752
v -0.085056 0.187079 0.094159
v -0.084718 0.165765 0.097350
v -0.134280 -0.122992 0.087460
v -0.130624 0.212370 0.041837
v -0.106467 0.367087 0.078920
v -0.076485 0.653916 -0.014747
v -0.074470 0.650701 -0.015760
v -0.073316 0.647593 -0.017657
v -0.072636 0.645180 -0.020550
v -0.071924 0.643181 -0.023642
v -0.070192 0.642950 -0.026812
v -0.075181 0.648734 -0.020470
v -0.072555 0.651303 -0.023440
v -0.072977 0.652853 -0.021602
v -0.075496 0.651044 -0.018756
f 2 3 1
f 1 3 4
f 3 2 5
f 5 2 6
f 3 7 4
f 4 7 8
f 10 11 9
f 9 11 12
f 14 15 13
f 13 15 16
f 18 19 17
f 17 19 20
f 22 23 21
f 21 23 24
f 26 18 25
f 25 18 17
f 27 28 17
f 17 28 25
f 30 31 29
f 29 31 32
f 34 35 33
f 33 35 36
f 21 24 37
f 37 24 38
f 40 31 39
f 39 31 38
f 34 33 28
f 28 33 25
f 41 42 44
f 44 42 43
f 36 45 33
f 33 45 25
f 46 47 49
f 49 47 48
f 51 52 50
f 50 52 53
f 55 53 54
f 54 53 52
f 57 58 56
f 56 58 59
f 61 62 60
f 60 62 63
f 65 66 64
f 64 66 67
f 69 70 68
f 68 70 71
f 65 73 72
f 72 73 74
f 64 75 65
f 65 75 73
f 77 78 76
f 76 78 79
f 80 81 83
f 83 81 82
f 81 85 84
f 84 85 86
f 88 89 87
f 87 89 69
f 88 87 90
f 90 87 91
f 93 94 92
f 92 94 95
f 96 84 43
f 43 84 44
f 51 98 97
f 97 98 86
f 97 99 51
f 51 99 52
f 54 52 100
f 100 52 99
f 58 101 59
f 59 101 102
f 62 103 63
f 63 103 104
f 105 106 6
f 6 106 5
f 108 109 107
f 107 109 110
f 112 113 111
f 111 113 114
f 116 117 115
f 115 117 118
f 120 121 119
f 119 121 122
f 124 125 123
f 123 125 126
f 128 129 127
f 127 129 130
f 130 131 127
f 127 131 132
f 134 1 133
f 133 1 135
f 1 4 135
f 135 4 136
f 4 8 136
f 136 8 137
f 138 139 15
f 15 139 140
f 140 139 141
f 141 139 142
f 144 57 143
f 143 57 56
f 145 146 141
f 141 146 147
f 146 149 148
f 148 149 150
f 152 153 151
f 151 153 154
f 141 147 140
f 140 147 155
f 157 11 156
f 156 11 158
f 160 161 159
f 159 161 162
f 164 165 163
f 163 165 166
f 165 160 166
f 166 160 159
f 168 169 167
f 167 169 170
f 169 171 170
f 170 171 172
f 149 173 150
f 150 173 174
f 175 176 149
f 149 176 173
f 178 172 177
f 177 172 171
f 180 181 179
f 179 181 182
f 184 180 183
f 183 180 179
f 186 187 185
f 185 187 188
f 190 191 189
f 189 191 192
f 7 193 8
f 8 193 194
f 196 162 195
f 195 162 161
f 197 168 198
f 198 168 167
f 181 199 182
f 182 199 200
f 202 203 201
f 201 203 204
f 187 186 205
f 205 186 206
f 208 209 207
f 207 209 210
f 212 213 211
f 211 213 214
f 215 216 218
f 218 216 217
f 220 209 219
f 219 209 208
f 204 186 221
f 221 186 185
f 201 204 222
f 222 204 221
f 223 211 220
f 220 211 209
f 224 225 214
f 214 225 210
f 203 206 204
f 204 206 186
f 227 187 226
f 226 187 205
f 27 228 21
f 21 228 22
f 230 231 229
f 229 231 232
f 234 235 233
f 233 235 236
f 238 239 237
f 237 239 240
f 119 122 118
f 118 122 115
f 112 242 241
f 241 242 243
f 98 51 244
f 244 51 50
f 245 138 14
f 14 138 15
f 11 10 158
f 158 10 246
f 89 85 69
f 69 85 70
f 11 157 12
f 12 157 247
f 249 164 248
f 248 164 163
f 177 250 178
f 178 250 251
f 253 254 252
f 252 254 255
f 187 227 188
f 188 227 256
f 212 257 213
f 213 257 258
f 260 134 259
f 259 134 133
f 165 164 135
f 135 164 133
f 160 165 136
f 136 165 135
f 136 137 160
f 160 137 161
f 137 261 161
f 161 261 195
f 263 264 262
f 262 264 265
f 13 16 266
f 266 16 267
f 268 267 155
f 155 267 16
f 147 269 155
f 155 269 268
f 162 196 167
f 167 196 198
f 167 170 162
f 162 170 159
f 170 172 159
f 159 172 166
f 172 178 166
f 166 178 163
f 178 251 163
f 163 251 248
f 168 270 169
f 169 270 271
f 272 273 171
f 171 273 177
f 271 272 169
f 169 272 171
f 168 197 270
f 270 197 274
f 250 177 275
f 275 177 273
f 277 45 276
f 276 45 278
f 280 281 279
f 279 281 282
f 284 104 283
f 283 104 103
f 285 215 286
f 286 215 218
f 288 289 287
f 287 289 290
f 291 80 66
f 66 80 83
f 293 294 292
f 292 294 295
f 73 91 74
f 74 91 87
f 91 73 92
f 92 73 75
f 279 77 280
f 280 77 76
f 80 291 70
f 70 291 71
f 277 47 96
f 96 47 82
f 297 175 296
f 296 175 149
f 299 154 298
f 298 154 153
f 225 300 210
f 210 300 207
f 224 301 206
f 206 301 205
f 210 209 214
f 214 209 211
f 226 205 302
f 302 205 301
f 304 305 303
f 303 305 306
f 308 309 307
f 307 309 310
f 72 291 65
f 65 291 66
f 66 83 67
f 67 83 46
f 312 313 311
f 311 313 314
f 316 317 315
f 315 317 36
f 29 318 35
f 35 318 319
f 321 32 320
f 320 32 322
f 311 314 323
f 323 314 324
f 315 325 316
f 316 325 326
f 318 287 319
f 319 287 290
f 328 321 327
f 327 321 320
f 329 330 39
f 39 330 331
f 332 333 40
f 40 333 322
f 309 334 285
f 285 334 335
f 236 2 134
f 134 2 1
f 260 336 233
f 233 336 337
f 237 14 265
f 265 14 13
f 84 86 44
f 44 86 98
f 189 192 7
f 7 192 193
f 44 98 41
f 41 98 244
f 237 240 14
f 14 240 245
f 7 3 189
f 189 3 5
f 338 71 72
f 72 71 291
f 262 265 266
f 266 265 13
f 124 123 339
f 339 123 105
f 123 109 105
f 105 109 106
f 189 5 190
f 190 5 106
f 111 114 12
f 12 114 9
f 264 340 265
f 265 340 237
f 342 343 341
f 341 343 344
f 6 235 105
f 105 235 339
f 234 346 345
f 345 346 347
f 349 350 348
f 348 350 351
f 107 352 108
f 108 352 353
f 355 356 354
f 354 356 357
f 237 340 238
f 238 340 358
f 12 247 111
f 111 247 359
f 264 263 116
f 116 263 360
f 361 362 222
f 222 362 201
f 364 365 363
f 363 365 366
f 368 369 367
f 367 369 370
f 372 373 371
f 371 373 374
f 375 376 372
f 372 376 377
f 378 379 381
f 381 379 380
f 382 383 269
f 269 383 268
f 150 174 365
f 365 174 384
f 380 377 381
f 381 377 376
f 271 270 180
f 180 270 181
f 273 272 252
f 252 272 184
f 272 271 184
f 184 271 180
f 181 270 274
f 252 255 273
f 273 255 275
f 254 385 255
f 255 385 386
f 387 388 179
f 179 388 183
f 389 387 182
f 182 387 179
f 182 200 389
f 389 200 390
f 388 391 183
f 183 391 253
f 391 392 253
f 253 392 254
f 394 379 393
f 393 379 378
f 185 188 395
f 395 188 396
f 221 185 397
f 397 185 395
f 222 221 398
f 398 221 397
f 188 256 396
f 396 256 399
f 400 401 256
f 256 401 399
f 402 403 405
f 405 403 404
f 148 150 364
f 364 150 365
f 393 406 394
f 394 406 407
f 158 246 393
f 393 246 406
f 342 19 238
f 238 19 239
f 23 22 350
f 350 22 354
f 244 50 245
f 245 50 138
f 55 142 53
f 53 142 139
f 145 144 296
f 296 144 143
f 355 228 341
f 341 228 20
f 41 240 42
f 42 240 239
f 283 308 284
f 284 308 307
f 349 409 408
f 408 409 410
f 244 245 41
f 41 245 240
f 268 383 406
f 406 383 407
f 346 411 349
f 349 411 409
f 251 412 248
f 248 412 413
f 275 414 250
f 250 414 415
f 25 45 26
f 26 45 277
f 43 26 96
f 96 26 277
f 416 417 61
f 61 417 62
f 329 24 408
f 408 24 23
f 31 40 32
f 32 40 322
f 39 38 329
f 329 38 24
f 37 38 30
f 30 38 31
f 418 419 421
f 421 419 420
f 78 295 79
f 79 295 294
f 124 339 422
f 422 339 345
f 232 131 357
f 357 131 351
f 2 236 6
f 6 236 235
f 252 184 253
f 253 184 183
f 227 423 256
f 256 423 400
f 423 227 305
f 305 227 226
f 424 258 425
f 425 258 257
f 426 427 212
f 212 427 257
f 259 133 249
f 249 133 164
f 419 418 428
f 428 418 429
f 327 430 328
f 328 430 288
f 49 431 46
f 46 431 67
f 306 302 424
f 424 302 258
f 313 432 314
f 314 432 433
f 32 321 29
f 29 321 318
f 324 314 433
f 287 318 328
f 328 318 321
f 134 260 236
f 236 260 233
f 345 339 234
f 234 339 235
f 357 351 354
f 354 351 350
f 408 23 349
f 349 23 350
f 317 278 36
f 36 278 45
f 432 313 429
f 429 313 428
f 435 428 434
f 434 428 313
f 42 239 18
f 18 239 19
f 43 42 26
f 26 42 18
f 121 120 436
f 436 120 437
f 302 301 258
f 258 301 213
f 110 109 126
f 126 109 123
f 238 358 342
f 342 358 343
f 341 20 342
f 342 20 19
f 322 438 320
f 320 438 439
f 320 439 327
f 327 439 430
f 333 440 322
f 322 440 438
f 289 288 323
f 323 288 430
f 115 340 116
f 116 340 264
f 146 145 149
f 149 145 296
f 15 140 16
f 16 140 155
f 441 442 152
f 152 442 153
f 225 224 203
f 203 224 206
f 175 297 154
f 154 297 151
f 293 443 294
f 294 443 444
f 248 413 249
f 249 413 445
f 446 447 400
f 400 447 401
f 388 387 396
f 396 387 395
f 387 389 395
f 395 389 397
f 391 388 399
f 399 388 396
f 401 392 399
f 399 392 391
f 255 386 275
f 275 386 414
f 449 450 448
f 448 450 451
f 335 452 285
f 285 452 215
f 453 298 442
f 442 298 153
f 211 223 212
f 212 223 426
f 425 257 454
f 454 257 427
f 266 10 262
f 262 10 9
f 360 113 456
f 456 113 455
f 8 194 137
f 137 194 261
f 10 266 246
f 246 266 267
f 203 202 225
f 225 202 300
f 262 9 263
f 263 9 114
f 108 353 190
f 190 353 191
f 389 390 397
f 397 390 398
f 457 422 128
f 128 422 129
f 156 158 378
f 378 158 393
f 347 346 348
f 348 346 349
f 447 458 401
f 401 458 392
f 364 382 148
f 148 382 269
f 55 54 57
f 57 54 58
f 75 64 459
f 459 64 460
f 100 90 101
f 101 90 95
f 101 58 100
f 100 58 54
f 142 55 144
f 144 55 57
f 147 146 269
f 269 146 148
f 459 93 75
f 75 93 92
f 144 145 142
f 142 145 141
f 228 27 20
f 20 27 17
f 154 299 175
f 175 299 176
f 214 213 224
f 224 213 301
f 424 461 306
f 306 461 303
f 285 286 309
f 309 286 310
f 462 334 308
f 308 334 309
f 302 306 226
f 226 306 305
f 37 28 21
f 21 28 27
f 29 35 30
f 30 35 34
f 30 34 37
f 37 34 28
f 344 436 356
f 356 436 229
f 325 290 326
f 326 290 289
f 311 439 312
f 312 439 438
f 35 319 36
f 36 319 315
f 439 311 430
f 430 311 323
f 315 319 325
f 325 319 290
f 440 463 438
f 438 463 312
f 341 344 355
f 355 344 356
f 360 456 116
f 116 456 117
f 354 22 355
f 355 22 228
f 326 289 324
f 324 289 323
f 74 87 68
f 68 87 69
f 50 53 138
f 138 53 139
f 268 406 267
f 267 406 246
f 190 106 108
f 108 106 109
f 241 455 112
f 112 455 113
f 358 122 343
f 343 122 121
f 129 347 130
f 130 347 348
f 348 351 130
f 130 351 131
f 229 232 356
f 356 232 357
f 340 115 358
f 358 115 122
f 111 359 112
f 112 359 242
f 125 124 457
f 457 124 422
f 231 132 232
f 232 132 131
f 343 121 344
f 344 121 436
f 263 114 360
f 360 114 113
f 347 129 345
f 345 129 422
f 230 229 437
f 437 229 436
f 464 446 423
f 423 446 400
f 465 466 468
f 468 466 467
f 470 471 469
f 469 471 472
f 469 472 373
f 373 472 374
f 474 469 473
f 473 469 373
f 471 475 472
f 472 475 476
f 472 477 374
f 374 477 478
f 477 472 476
f 479 480 476
f 476 480 477
f 473 373 377
f 377 373 372
f 481 482 479
f 479 482 480
f 483 484 481
f 481 484 482
f 403 402 485
f 485 402 486
f 487 488 483
f 483 488 484
f 487 489 488
f 488 489 490
f 489 491 490
f 490 491 492
f 491 493 492
f 492 493 494
f 493 495 494
f 494 495 496
f 497 498 481
f 481 498 483
f 484 499 482
f 482 499 367
f 370 480 367
f 367 480 482
f 480 370 477
f 477 370 478
f 500 497 479
f 479 497 481
f 451 473 380
f 380 473 377
f 448 451 379
f 379 451 380
f 501 502 504
f 504 502 503
f 449 505 507
f 507 505 506
f 486 508 505
f 505 508 506
f 508 509 506
f 506 509 510
f 511 507 510
f 510 507 506
f 509 508 512
f 512 508 513
f 515 509 514
f 514 509 512
f 509 515 510
f 510 515 516
f 510 516 511
f 511 516 517
f 486 505 485
f 485 505 518
f 505 449 518
f 518 449 448
f 383 382 403
f 403 382 404
f 363 404 364
f 364 404 382
f 403 485 383
f 383 485 407
f 519 520 361
f 361 520 362
f 522 496 521
f 521 496 495
f 450 474 451
f 451 474 473
f 363 366 523
f 523 366 524
f 525 499 488
f 488 499 484
f 488 490 525
f 525 490 526
f 496 522 520
f 520 522 527
f 494 496 519
f 519 496 520
f 492 494 528
f 528 494 519
f 529 530 495
f 495 530 521
f 490 492 526
f 526 492 528
f 529 495 531
f 531 495 493
f 533 534 532
f 532 534 535
f 523 524 533
f 533 524 534
f 486 402 532
f 532 402 533
f 529 536 530
f 530 536 537
f 536 538 537
f 537 538 539
f 540 541 539
f 539 541 537
f 530 537 535
f 535 537 541
f 542 539 543
f 543 539 538
f 539 542 540
f 540 542 544
f 541 540 513
f 513 540 512
f 540 544 512
f 512 544 514
f 546 547 545
f 545 547 548
f 549 550 531
f 531 550 551
f 550 549 552
f 552 549 553
f 546 550 554
f 554 550 552
f 547 546 555
f 555 546 554
f 498 556 558
f 558 556 557
f 559 557 560
f 560 557 556
f 561 562 560
f 560 562 559
f 557 559 552
f 552 559 554
f 559 562 554
f 554 562 555
f 558 557 553
f 553 557 552
f 475 471 563
f 563 471 564
f 565 563 567
f 567 563 566
f 471 470 564
f 564 470 466
f 564 466 568
f 568 466 465
f 568 465 569
f 569 465 570
f 572 573 571
f 571 573 574
f 569 575 567
f 567 575 576
f 577 565 576
f 576 565 567
f 578 579 581
f 581 579 580
f 575 561 576
f 576 561 560
f 556 577 560
f 560 577 576
f 577 556 497
f 497 556 498
f 565 577 500
f 500 577 497
f 563 565 475
f 475 565 500
f 553 489 558
f 558 489 487
f 531 493 549
f 549 493 491
f 489 553 491
f 491 553 549
f 394 407 518
f 518 407 485
f 518 448 394
f 394 448 379
f 545 548 538
f 538 548 543
f 551 545 536
f 536 545 538
f 536 529 551
f 551 529 531
f 507 582 449
f 449 582 450
f 511 583 507
f 507 583 582
f 511 517 583
f 583 517 584
f 585 586 588
f 588 586 587
f 590 591 589
f 589 591 592
f 591 590 593
f 593 590 594
f 596 597 595
f 595 597 598
f 599 600 602
f 602 600 601
f 604 605 603
f 603 605 606
f 608 609 607
f 607 609 610
f 612 613 611
f 611 613 614
f 615 616 618
f 618 616 617
f 620 621 619
f 619 621 622
f 624 625 623
f 623 625 626
f 628 629 627
f 627 629 630
f 632 633 631
f 631 633 634
f 635 636 638
f 638 636 637
f 639 640 642
f 642 640 641
f 644 645 643
f 643 645 646
f 619 622 647
f 647 622 648
f 650 651 649
f 649 651 652
f 601 653 602
f 602 653 654
f 656 657 655
f 655 657 658
f 660 661 659
f 659 661 662
f 664 665 663
f 663 665 666
f 593 594 667
f 667 594 668
f 669 670 672
f 672 670 671
f 673 674 676
f 676 674 675
f 633 632 677
f 677 632 678
f 663 666 679
f 679 666 680
f 681 682 684
f 684 682 683
f 686 687 685
f 685 687 688
f 690 661 689
f 689 661 691
f 693 686 692
f 692 686 685
f 695 597 694
f 694 597 668
f 594 696 668
f 668 696 694
f 697 698 696
f 696 698 699
f 700 701 697
f 697 701 698
f 702 585 703
f 703 585 588
f 671 690 672
f 672 690 689
f 640 639 704
f 704 639 705
f 679 706 663
f 663 706 658
f 708 709 707
f 707 709 710
f 711 712 610
f 610 712 607
f 713 714 716
f 716 714 715
f 717 718 720
f 720 718 719
f 722 634 721
f 721 634 633
f 724 725 723
f 723 725 726
f 728 729 727
f 727 729 730
f 732 733 731
f 731 733 734
f 707 710 735
f 735 710 736
f 643 737 644
f 644 737 738
f 740 741 739
f 739 741 742
f 608 744 743
f 743 744 745
f 747 748 746
f 746 748 749
f 751 752 750
f 750 752 753
f 754 755 757
f 757 755 756
f 758 759 761
f 761 759 760
f 763 764 762
f 762 764 765
f 767 768 766
f 766 768 769
f 771 772 770
f 770 772 773
f 775 776 774
f 774 776 777
f 779 780 778
f 778 780 781
f 783 712 782
f 782 712 784
f 785 786 788
f 788 786 787
f 790 628 789
f 789 628 627
f 792 793 791
f 791 793 794
f 795 796 726
f 726 796 723
f 798 799 797
f 797 799 800
f 721 633 801
f 801 633 677
f 797 800 802
f 802 800 803
f 805 806 804
f 804 806 807
f 809 810 808
f 808 810 811
f 813 814 812
f 812 814 815
f 809 808 817
f 817 808 816
f 818 819 804
f 804 819 805
f 820 821 818
f 818 821 819
f 821 820 587
f 587 820 822
f 809 823 810
f 810 823 824
f 814 807 815
f 815 807 806
f 826 426 825
f 825 426 223
f 426 826 427
f 427 826 827
f 828 829 454
f 454 829 830
f 831 832 677
f 677 832 801
f 834 835 833
f 833 835 836
f 838 839 837
f 837 839 840
f 841 842 844
f 844 842 843
f 845 846 803
f 803 846 802
f 847 831 678
f 678 831 677
f 848 849 851
f 851 849 850
f 853 854 852
f 852 854 855
f 857 858 856
f 856 858 680
f 860 861 859
f 859 861 862
f 864 865 863
f 863 865 866
f 868 869 867
f 867 869 870
f 839 871 840
f 840 871 872
f 849 848 874
f 874 848 873
f 876 877 875
f 875 877 878
f 880 881 879
f 879 881 882
f 883 884 886
f 886 884 885
f 846 887 802
f 802 887 888
f 890 891 889
f 889 891 888
f 893 894 892
f 892 894 895
f 896 897 728
f 728 897 729
f 899 900 898
f 898 900 901
f 902 852 904
f 904 852 903
f 849 905 850
f 850 905 906
f 875 878 907
f 907 878 908
f 910 911 909
f 909 911 912
f 914 915 913
f 913 915 916
f 917 918 862
f 862 918 859
f 919 920 856
f 856 920 921
f 923 924 922
f 922 924 925
f 926 927 925
f 925 927 922
f 929 930 928
f 928 930 693
f 932 695 931
f 931 695 694
f 823 867 824
f 824 867 933
f 935 936 934
f 934 936 937
f 938 868 823
f 823 868 867
f 940 847 939
f 939 847 678
f 632 655 678
f 678 655 939
f 941 942 619
f 619 942 620
f 687 943 688
f 688 943 944
f 851 850 945
f 945 850 903
f 850 906 903
f 903 906 904
f 946 947 949
f 949 947 948
f 951 952 950
f 950 952 953
f 955 956 954
f 954 956 957
f 907 958 875
f 875 958 874
f 960 961 959
f 959 961 962
f 963 853 902
f 902 853 852
f 909 964 910
f 910 964 965
f 967 968 966
f 966 968 969
f 971 972 970
f 970 972 973
f 974 960 975
f 975 960 959
f 977 978 976
f 976 978 979
f 981 977 980
f 980 977 976
f 980 982 981
f 981 982 983
f 985 983 984
f 984 983 982
f 984 986 985
f 985 986 987
f 989 990 988
f 988 990 991
f 993 994 992
f 992 994 995
f 997 998 996
f 996 998 999
f 1001 1002 1000
f 1000 1002 1003
f 1005 1006 1004
f 1004 1006 1007
f 1004 1008 1005
f 1005 1008 1009
f 1008 1010 1009
f 1009 1010 1011
f 1013 1011 1012
f 1012 1011 1010
f 1014 1015 1017
f 1017 1015 1016
f 1019 1020 1018
f 1018 1020 1021
f 1022 1023 976
f 976 1023 980
f 1024 1025 982
f 982 1025 984
f 992 995 1026
f 1026 995 1027
f 956 955 1028
f 1028 955 1029
f 1030 1031 1033
f 1033 1031 1032
f 1010 1008 1034
f 1034 1008 1035
f 1008 1004 1035
f 1035 1004 1036
f 1037 1038 1002
f 1002 1038 1007
f 1002 1001 1037
f 1037 1001 1039
f 1040 1041 997
f 997 1041 998
f 1015 1014 1043
f 1043 1014 1042
f 1044 1045 1047
f 1047 1045 1046
f 1044 1020 1048
f 1048 1020 1049
f 1050 1051 1003
f 1003 1051 1000
f 1052 1050 1006
f 1006 1050 1003
f 1053 1054 1011
f 1011 1054 1009
f 1013 1045 1055
f 1055 1045 1056
f 1058 1059 1057
f 1057 1059 1060
f 1062 1063 1061
f 1061 1063 1064
f 1065 1066 1050
f 1050 1066 1051
f 1067 1065 1052
f 1052 1065 1050
f 1068 1069 1054
f 1054 1069 1070
f 1071 1068 1053
f 1053 1068 1054
f 1073 1071 1072
f 1072 1071 1074
f 1074 1071 1055
f 1055 1071 1053
f 1076 1077 1075
f 1075 1077 1078
f 1079 1080 1057
f 1057 1080 1058
f 1081 1082 1064
f 1064 1082 1061
f 1084 1085 1083
f 1083 1085 1086
f 1088 1089 1087
f 1087 1089 1090
f 1092 1093 1091
f 1091 1093 1094
f 1096 1097 1095
f 1095 1097 1098
f 1099 1100 1102
f 1102 1100 1101
f 1103 1104 1099
f 1099 1104 1100
f 1106 1107 1105
f 1105 1107 1108
f 1110 1111 1109
f 1109 1111 1112
f 1114 1115 1113
f 1113 1115 1116
f 1118 1119 1117
f 1117 1119 1077
f 1117 1120 1122
f 1122 1120 1121
f 1105 1123 1106
f 1106 1123 1124
f 1125 1126 1128
f 1128 1126 1127
f 1130 1131 1129
f 1129 1131 1132
f 1134 1135 1133
f 1133 1135 1114
f 1113 1136 1114
f 1114 1136 1133
f 1118 1137 1113
f 1113 1137 1136
f 1118 1117 1137
f 1137 1117 1122
f 1139 1140 1138
f 1138 1140 1141
f 1143 953 1142
f 1142 953 952
f 1145 957 1144
f 1144 957 956
f 1028 1146 956
f 956 1146 1144
f 1014 1147 1042
f 1042 1147 1148
f 1014 1017 1147
f 1147 1017 1149
f 1059 1058 1150
f 1150 1058 1151
f 1153 1080 1152
f 1152 1080 1154
f 1156 1088 1155
f 1155 1088 1087
f 1157 1158 1106
f 1106 1158 1107
f 1106 1124 1157
f 1157 1124 1159
f 1161 1162 1160
f 1160 1162 1163
f 1165 1166 1164
f 1164 1166 1167
f 1168 1031 1012
f 1012 1031 1046
f 1024 1023 1035
f 1035 1023 1034
f 1036 1038 1025
f 1025 1038 1169
f 1170 1171 1039
f 1039 1171 1037
f 1028 1029 1042
f 1042 1029 1043
f 1172 1173 1175
f 1175 1173 1174
f 1055 1053 1013
f 1013 1053 1011
f 1005 1009 1070
f 1070 1009 1054
f 996 999 1062
f 1062 999 1063
f 1016 1060 1017
f 1017 1060 1059
f 1017 1059 1149
f 1149 1059 1150
f 1177 1178 1176
f 1176 1178 1103
f 1176 1072 1179
f 1179 1072 1074
f 1073 1102 1086
f 1086 1102 1083
f 1180 1181 1067
f 1067 1181 1065
f 1182 1183 1184
f 1184 1183 1181
f 1186 1187 1185
f 1185 1187 1188
f 1189 1190 798
f 798 1190 799
f 1192 1193 1191
f 1191 1193 1194
f 1195 1196 1194
f 1194 1196 1191
f 1196 1195 1198
f 1198 1195 1197
f 1200 674 1199
f 1199 674 673
f 928 1201 1203
f 1203 1201 1202
f 861 1204 862
f 862 1204 921
f 1205 1206 913
f 913 1206 1207
f 882 1208 879
f 879 1208 1209
f 1210 1211 1167
f 1167 1211 1164
f 1212 769 1213
f 1213 769 768
f 727 1214 728
f 728 1214 1215
f 1217 1218 1216
f 1216 1218 1219
f 1220 813 1221
f 1221 813 812
f 827 828 427
f 427 828 454
f 1223 1224 1222
f 1222 1224 1165
f 1226 1227 1225
f 1225 1227 1228
f 851 1229 848
f 848 1229 1230
f 834 854 835
f 835 854 1231
f 1233 1234 1232
f 1232 1234 1235
f 1237 751 1236
f 1236 751 750
f 743 819 1238
f 1238 819 821
f 1240 1241 1239
f 1239 1241 1242
f 1244 1245 1243
f 1243 1245 1246
f 844 1247 841
f 841 1247 1248
f 1250 1251 1249
f 1249 1251 1252
f 1254 893 1253
f 1253 893 1237
f 1255 1256 1258
f 1258 1256 1257
f 1260 1261 1259
f 1259 1261 1262
f 945 903 855
f 855 903 852
f 855 1263 945
f 945 1263 1264
f 832 845 801
f 801 845 803
f 800 721 803
f 803 721 801
f 721 800 722
f 722 800 799
f 1266 1267 1265
f 1265 1267 1268
f 1270 795 1269
f 1269 795 726
f 725 1271 726
f 726 1271 1269
f 737 765 738
f 738 765 764
f 759 740 760
f 760 740 739
f 717 1272 1274
f 1274 1272 1273
f 1163 1226 1275
f 1275 1226 1225
f 1277 882 1276
f 1276 882 881
f 1041 1040 1027
f 1027 1040 1026
f 900 935 901
f 901 935 934
f 1164 1278 1165
f 1165 1278 1222
f 1211 1279 1164
f 1164 1279 1278
f 442 1280 453
f 453 1280 1281
f 788 1282 785
f 785 1282 1283
f 1285 1286 1284
f 1284 1286 1287
f 1284 1288 1285
f 1285 1288 1289
f 757 1289 754
f 754 1289 1288
f 605 604 675
f 675 604 676
f 1290 1291 1293
f 1293 1291 1292
f 1295 1296 1294
f 1294 1296 1297
f 696 699 694
f 694 699 931
f 1298 1299 592
f 592 1299 589
f 1299 1300 589
f 589 1300 700
f 1300 1301 700
f 700 1301 701
f 743 745 819
f 819 745 805
f 1303 1304 1302
f 1302 1304 1305
f 1306 1307 1305
f 1305 1307 1302
f 609 1298 610
f 610 1298 592
f 587 822 588
f 588 822 1308
f 703 588 1309
f 1309 588 1308
f 1310 703 571
f 571 703 1309
f 1311 1312 789
f 789 1312 790
f 825 223 1313
f 1313 223 220
f 219 1314 220
f 220 1314 1313
f 1315 1316 1311
f 1311 1316 1312
f 1317 1318 1319
f 1319 1318 1241
f 441 1320 442
f 442 1320 1280
f 1321 217 572
f 572 217 216
f 1323 1230 1322
f 1322 1230 1229
f 1324 1325 631
f 631 1325 656
f 1034 1168 1010
f 1010 1168 1012
f 1327 1328 1326
f 1326 1328 1329
f 1331 1202 1330
f 1330 1202 1201
f 571 1309 572
f 572 1309 1321
f 573 572 1332
f 1332 572 216
f 1334 1335 1333
f 1333 1335 1336
f 1337 1338 918
f 918 1338 859
f 1339 863 1340
f 1340 863 866
f 1341 1342 1344
f 1344 1342 1343
f 1345 1346 919
f 919 1346 920
f 1347 1348 673
f 673 1348 1199
f 693 1349 928
f 928 1349 1201
f 1351 1257 1350
f 1350 1257 1256
f 1350 1352 1351
f 1351 1352 1353
f 653 930 654
f 654 930 662
f 1279 1354 1278
f 1278 1354 1355
f 1357 1358 1356
f 1356 1358 1359
f 937 1360 1140
f 1140 1360 1361
f 1225 1228 909
f 909 1228 964
f 901 934 1362
f 1362 934 1139
f 1364 1365 1363
f 1363 1365 1362
f 1367 912 1366
f 1366 912 911
f 1143 1142 1368
f 1368 1142 1369
f 1144 1186 1145
f 1145 1186 1185
f 1146 1175 1144
f 1144 1175 1186
f 1175 1146 1172
f 1172 1146 1148
f 1147 1018 1148
f 1148 1018 1172
f 1018 1147 1019
f 1019 1147 1149
f 1149 1150 1019
f 1019 1150 1370
f 1150 1151 1370
f 1370 1151 1371
f 1151 1153 1371
f 1371 1153 1177
f 1152 1156 1178
f 1178 1156 1372
f 1155 1158 1373
f 1373 1158 1374
f 1157 1159 1376
f 1376 1159 1375
f 1378 1379 1377
f 1377 1379 1380
f 1382 1383 1381
f 1381 1383 1384
f 1382 1386 1385
f 1385 1386 1387
f 1386 1233 1387
f 1387 1233 1232
f 1389 1390 1388
f 1388 1390 1391
f 1393 1394 1392
f 1392 1394 1395
f 1397 1398 1396
f 1396 1398 1399
f 629 1397 630
f 630 1397 1396
f 1342 1400 1343
f 1343 1400 1401
f 1403 1404 1402
f 1402 1404 1405
f 1407 1408 1406
f 1406 1408 1409
f 1411 1412 1410
f 1410 1412 1413
f 793 1414 794
f 794 1414 1415
f 1417 1341 1416
f 1416 1341 1344
f 704 705 1347
f 1347 705 1418
f 741 1419 742
f 742 1419 1420
f 1422 669 1421
f 1421 669 672
f 645 1423 646
f 646 1423 1424
f 1196 1198 614
f 614 1198 611
f 613 1425 614
f 614 1425 1426
f 1427 616 659
f 659 616 660
f 614 1426 1196
f 1196 1426 1191
f 696 594 697
f 697 594 590
f 697 590 700
f 700 590 589
f 703 1310 702
f 702 1310 1428
f 1421 672 1192
f 1192 672 689
f 1271 648 1269
f 1269 648 622
f 621 1270 622
f 622 1270 1269
f 1429 1430 1417
f 1417 1430 1341
f 1431 1432 1434
f 1434 1432 1433
f 1436 1437 1435
f 1435 1437 1438
f 1440 1441 1439
f 1439 1441 1442
f 1443 1444 1446
f 1446 1444 1445
f 823 809 938
f 938 809 817
f 810 1447 811
f 811 1447 1448
f 1449 1450 679
f 679 1450 706
f 913 916 1205
f 1205 916 1451
f 1275 1225 912
f 912 1225 909
f 1452 1453 880
f 880 1453 881
f 1444 1401 1445
f 1445 1401 1400
f 936 1454 937
f 937 1454 1360
f 824 1455 810
f 810 1455 1447
f 631 656 632
f 632 656 655
f 966 1456 967
f 967 1456 1457
f 1459 1460 1458
f 1458 1460 1461
f 1460 1462 1461
f 1461 1462 1463
f 972 974 973
f 973 974 975
f 990 995 991
f 991 995 994
f 1464 1187 1033
f 1033 1187 1174
f 1018 1021 1172
f 1172 1021 1173
f 1000 999 1001
f 1001 999 998
f 976 979 1022
f 1022 979 1032
f 1023 1024 980
f 980 1024 982
f 989 986 1171
f 1171 986 1169
f 1171 1170 989
f 989 1170 990
f 1170 1027 990
f 990 1027 995
f 1041 1039 998
f 998 1039 1001
f 1051 1063 1000
f 1000 1063 999
f 1066 1064 1051
f 1051 1064 1063
f 1183 1081 1066
f 1066 1081 1064
f 1178 1372 1103
f 1103 1372 1104
f 1092 1091 1465
f 1465 1091 1182
f 1467 1465 1466
f 1466 1465 1468
f 1469 1470 1184
f 1184 1470 1468
f 1095 1098 1471
f 1471 1098 1101
f 1076 1374 1120
f 1120 1374 1376
f 1110 1472 1127
f 1127 1472 1132
f 1472 1473 1132
f 1132 1473 1129
f 1474 1475 1466
f 1466 1475 1473
f 1119 1118 1116
f 1116 1118 1113
f 1375 1121 1376
f 1376 1121 1120
f 1127 1132 1128
f 1128 1132 1131
f 1227 1476 1228
f 1228 1476 1361
f 1365 1477 1362
f 1362 1477 872
f 1478 1479 1323
f 1323 1479 1230
f 1480 1481 914
f 914 1481 915
f 913 1277 914
f 914 1277 1276
f 1168 1034 1022
f 1022 1034 1023
f 1035 1036 1024
f 1024 1036 1025
f 1039 1041 1170
f 1170 1041 1027
f 1042 1148 1028
f 1028 1148 1146
f 968 1459 969
f 969 1459 1458
f 1482 1483 664
f 664 1483 665
f 1485 1486 1484
f 1484 1486 1487
f 1489 1490 1488
f 1488 1490 1491
f 1492 1493 722
f 722 1493 634
f 1495 1496 1494
f 1494 1496 1497
f 1498 1207 1339
f 1339 1207 863
f 1224 1499 1165
f 1165 1499 1166
f 1160 1163 1500
f 1500 1163 1275
f 1500 877 1160
f 1160 877 1501
f 876 873 1502
f 1502 873 1479
f 945 1264 851
f 851 1264 1229
f 835 1231 839
f 839 1231 871
f 1503 1283 778
f 778 1283 1282
f 716 715 1505
f 1505 715 1504
f 1446 1445 1507
f 1507 1445 1506
f 779 792 1381
f 1381 792 791
f 1430 1409 1341
f 1341 1409 1342
f 1411 1429 1508
f 1508 1429 1417
f 635 1510 1509
f 1509 1510 1511
f 1377 1380 1315
f 1315 1380 1316
f 1445 1400 1506
f 1506 1400 1408
f 918 917 1336
f 1336 917 1333
f 1513 1514 1512
f 1512 1514 870
f 1515 1516 1363
f 1363 1516 1364
f 1453 1517 881
f 881 1517 1276
f 992 1518 993
f 993 1518 1519
f 1520 1029 1518
f 1518 1029 955
f 1520 1026 1521
f 1521 1026 1040
f 1522 1015 1521
f 1521 1015 1043
f 996 1523 997
f 997 1523 1522
f 1060 1016 1524
f 1524 1016 1523
f 1061 1525 1062
f 1062 1525 1524
f 1079 1527 1526
f 1526 1527 1528
f 1093 1529 1094
f 1094 1529 1528
f 1111 1530 1112
f 1112 1530 1531
f 1532 1533 1105
f 1105 1533 1123
f 934 937 1139
f 1139 937 1140
f 1138 1363 1139
f 1139 1363 1362
f 1534 1222 1355
f 1355 1222 1278
f 1535 1223 1534
f 1534 1223 1222
f 821 587 1238
f 1238 587 586
f 1319 711 1317
f 1317 711 1536
f 1538 1200 1537
f 1537 1200 1199
f 1508 1417 1539
f 1539 1417 1416
f 1540 1541 840
f 840 1541 837
f 1231 898 871
f 871 898 901
f 1500 1275 1367
f 1367 1275 912
f 1543 1379 1542
f 1542 1379 1395
f 1539 772 1508
f 1508 772 1544
f 1546 1403 1545
f 1545 1403 1402
f 1548 1549 1547
f 1547 1549 1550
f 1552 1548 1551
f 1551 1548 1547
f 1554 1555 1553
f 1553 1555 1556
f 1558 1559 1557
f 1557 1559 1560
f 1562 1563 1561
f 1561 1563 1564
f 1566 1567 1565
f 1565 1567 1568
f 1570 1571 1569
f 1569 1571 1572
f 1574 1575 1573
f 1573 1575 1576
f 1577 1578 1572
f 1572 1578 1569
f 1580 1581 1579
f 1579 1581 1582
f 1584 1585 1583
f 1583 1585 1586
f 1588 1555 1587
f 1587 1555 1589
f 1591 1592 1590
f 1590 1592 1593
f 1595 1596 1594
f 1594 1596 1597
f 1596 1581 1597
f 1597 1581 1576
f 1599 1570 1598
f 1598 1570 1569
f 1601 1602 1600
f 1600 1602 1603
f 1605 1606 1604
f 1604 1606 1607
f 1608 1609 1568
f 1568 1609 1565
f 1611 1612 1610
f 1610 1612 1613
f 1615 1616 1614
f 1614 1616 1617
f 1619 1617 1618
f 1618 1617 1616
f 1621 1622 1620
f 1620 1622 1623
f 1625 1626 1624
f 1624 1626 1627
f 1629 1630 1628
f 1628 1630 1631
f 1633 1634 1632
f 1632 1634 1635
f 1636 1637 1639
f 1639 1637 1638
f 1641 1642 1640
f 1640 1642 1643
f 1624 1627 1644
f 1644 1627 1645
f 1647 1648 1646
f 1646 1648 1649
f 1651 1652 1650
f 1650 1652 1653
f 1655 1656 1654
f 1654 1656 1657
f 1659 1660 1658
f 1658 1660 1661
f 1662 1663 1631
f 1631 1663 1628
f 1651 1665 1664
f 1664 1665 1666
f 1667 1656 1619
f 1619 1656 1617
f 1669 1670 1668
f 1668 1670 1671
f 1632 1635 1672
f 1672 1635 1673
f 1674 1675 1638
f 1638 1675 1639
f 1677 1678 1676
f 1676 1678 1679
f 1680 1640 1681
f 1681 1640 1643
f 1682 1683 1643
f 1643 1683 1681
f 1670 1669 1235
f 1235 1669 1232
f 1396 1399 1674
f 1674 1399 1675
f 627 630 1679
f 1679 630 1676
f 1681 1315 1680
f 1680 1315 1311
f 1683 1377 1681
f 1681 1377 1315
f 1672 1673 1387
f 1387 1673 1385
f 1636 1684 1646
f 1646 1684 1685
f 1687 1688 1686
f 1686 1688 1689
f 1585 1690 1586
f 1586 1690 1691
f 1599 1692 1551
f 1551 1692 1693
f 1552 1558 1694
f 1694 1558 1557
f 1696 1615 1695
f 1695 1615 1614
f 1698 1699 1697
f 1697 1699 1623
f 1700 1701 1703
f 1703 1701 1702
f 1705 1706 1704
f 1704 1706 1707
f 1708 1709 1640
f 1640 1709 1641
f 1710 1711 1713
f 1713 1711 1712
f 1652 1655 1653
f 1653 1655 1654
f 1714 1699 1712
f 1712 1699 1713
f 1715 1710 1716
f 1716 1710 1713
f 1717 1708 1680
f 1680 1708 1640
f 1393 1392 1715
f 1715 1392 1710
f 1719 1720 1718
f 1718 1720 1721
f 1680 1311 1717
f 1717 1311 789
f 1378 1711 1392
f 1392 1711 1710
f 1388 1391 1719
f 1719 1391 1720
f 1723 1606 1722
f 1722 1606 1689
f 1725 1568 1724
f 1724 1568 1567
f 1726 1647 1685
f 1685 1647 1646
f 1728 1554 1727
f 1727 1554 1553
f 1591 1687 1600
f 1600 1687 1686
f 1730 1595 1729
f 1729 1595 1594
f 1601 1605 1731
f 1731 1605 1604
f 1733 1663 1732
f 1732 1663 1734
f 1736 1639 1735
f 1735 1639 1675
f 1658 1644 1737
f 1737 1644 1645
f 1726 1662 1724
f 1724 1662 1631
f 1399 1738 1675
f 1675 1738 1735
f 1621 1667 1739
f 1739 1667 1619
f 1714 1740 1620
f 1620 1740 1741
f 1592 1549 1593
f 1593 1549 1742
f 1602 1571 1603
f 1603 1571 1550
f 1688 1690 1689
f 1689 1690 1722
f 1588 1559 1582
f 1582 1559 1579
f 1673 1735 1385
f 1385 1735 1738
f 1387 1232 1672
f 1672 1232 1669
f 1580 1692 1573
f 1573 1692 1743
f 1377 1683 1378
f 1378 1683 1711
f 1664 1666 1744
f 1744 1666 1745
f 1744 1696 1664
f 1664 1696 1695
f 1746 1747 1732
f 1732 1747 1748
f 1749 1750 1677
f 1677 1750 1678
f 1709 1708 1750
f 1750 1708 1678
f 1668 1632 1669
f 1669 1632 1672
f 1633 1746 1734
f 1734 1746 1732
f 1679 1678 1717
f 1717 1678 1708
f 789 627 1717
f 1717 627 1679
f 1563 1723 1564
f 1564 1723 1722
f 1728 1584 1751
f 1751 1584 1583
f 1674 1676 1396
f 1396 1676 630
f 1666 1566 1745
f 1745 1566 1565
f 1627 1629 1645
f 1645 1629 1628
f 1637 1749 1638
f 1638 1749 1677
f 1648 1665 1649
f 1649 1665 1752
f 1740 1642 1741
f 1741 1642 1657
f 1676 1674 1677
f 1677 1674 1638
f 1683 1682 1711
f 1711 1682 1712
f 1618 1753 1619
f 1619 1753 1739
f 1701 1739 1702
f 1702 1739 1753
f 1754 1214 1756
f 1756 1214 1755
f 647 1757 619
f 619 1757 941
f 1759 1193 1758
f 1758 1193 691
f 1419 1760 1420
f 1420 1760 1761
f 682 1762 683
f 683 1762 1763
f 1412 780 1413
f 1413 780 1384
f 1383 1398 1384
f 1384 1398 1413
f 1197 1424 1764
f 1764 1424 1423
f 1537 1287 1538
f 1538 1287 1286
f 1634 1684 1635
f 1635 1684 1736
f 1724 1631 1725
f 1725 1631 1630
f 1562 1730 1610
f 1610 1730 1729
f 1735 1673 1736
f 1736 1673 1635
f 1757 1195 941
f 941 1195 1194
f 1766 200 1765
f 1765 200 199
f 475 500 476
f 476 500 479
f 498 558 483
f 483 558 487
f 545 551 546
f 546 551 550
f 453 1281 219
f 219 1281 1314
f 298 453 208
f 208 453 219
f 368 1765 1767
f 1767 1765 199
f 523 405 363
f 363 405 404
f 523 533 405
f 405 533 402
f 298 208 299
f 299 208 207
f 299 207 176
f 176 207 300
f 176 300 173
f 173 300 202
f 173 202 174
f 174 202 201
f 1337 918 1768
f 1768 918 1336
f 1769 1770 1338
f 1338 1770 859
f 581 570 578
f 578 570 1771
f 555 562 580
f 580 562 561
f 504 1772 501
f 501 1772 548
f 517 542 584
f 584 542 543
f 515 514 516
f 516 514 544
f 542 517 544
f 544 517 516
f 561 575 580
f 580 575 581
f 575 569 581
f 581 569 570
f 501 548 1773
f 1773 548 547
f 1774 1775 570
f 570 1775 1771
f 369 368 1776
f 1776 368 1767
f 372 369 375
f 375 369 1776
f 822 1280 1308
f 1308 1280 1320
f 820 1281 822
f 822 1281 1280
f 818 1314 820
f 820 1314 1281
f 1314 818 1313
f 1313 818 804
f 807 814 825
f 825 814 826
f 814 813 826
f 826 813 827
f 813 1220 827
f 827 1220 828
f 580 579 555
f 555 579 547
f 1477 1540 872
f 872 1540 840
f 367 499 368
f 368 499 1765
f 1766 1765 525
f 525 1765 499
f 1777 1766 526
f 526 1766 525
f 520 527 362
f 362 527 384
f 361 1778 519
f 519 1778 528
f 371 1779 372
f 372 1779 369
f 369 1779 370
f 370 1779 478
f 1779 371 478
f 478 371 374
f 1778 1777 528
f 528 1777 526
f 1781 1782 1780
f 1780 1782 1783
f 431 460 67
f 67 460 64
f 68 338 74
f 74 338 72
f 1785 1782 1784
f 1784 1782 1786
f 1787 1788 1790
f 1790 1788 1789
f 1792 1789 1791
f 1791 1789 1793
f 1791 1794 1792
f 1792 1794 1795
f 1794 1796 1795
f 1795 1796 1797
f 1797 1798 938
f 938 1798 868
f 1798 1799 868
f 868 1799 869
f 1801 1802 1800
f 1800 1802 1451
f 1803 1804 1205
f 1205 1804 1206
f 1805 1806 864
f 864 1806 865
f 1806 1807 865
f 865 1807 1808
f 68 71 338
f 287 328 288
f 1320 1321 1308
f 1308 1321 1309
f 1320 441 1321
f 1321 441 217
f 441 152 217
f 217 152 218
f 151 286 152
f 152 286 218
f 297 310 151
f 151 310 286
f 296 307 297
f 297 307 310
f 296 143 307
f 307 143 284
f 143 56 284
f 284 56 104
f 56 59 104
f 104 59 63
f 59 102 63
f 63 102 60
f 102 94 60
f 60 94 282
f 93 459 279
f 279 459 77
f 459 460 77
f 77 460 78
f 460 431 78
f 78 431 295
f 431 49 295
f 295 49 292
f 48 421 49
f 49 421 292
f 276 278 418
f 418 278 429
f 317 432 278
f 278 432 429
f 432 317 433
f 433 317 316
f 326 324 316
f 316 324 433
f 1536 592 1809
f 1809 592 591
f 1810 744 1812
f 1812 744 1811
f 1814 1815 1813
f 1813 1815 1816
f 1817 748 1818
f 1818 748 747
f 1812 1819 1810
f 1810 1819 1817
f 1820 1821 748
f 748 1821 749
f 1823 1824 1822
f 1822 1824 1825
f 1827 1828 1826
f 1826 1828 1829
f 1831 1832 1830
f 1830 1832 1833
f 1834 1827 1243
f 1243 1827 1826
f 1313 804 825
f 825 804 807
f 1835 1253 1236
f 1236 1253 1237
f 1836 1837 1438
f 1438 1837 1435
f 1838 1505 1840
f 1840 1505 1839
f 1841 1842 716
f 716 1842 713
f 1843 1844 1510
f 1510 1844 1845
f 1847 1848 1846
f 1846 1848 1849
f 1850 1240 1822
f 1822 1240 1239
f 636 1831 637
f 637 1831 1830
f 1852 1853 1851
f 1851 1853 1854
f 1855 1856 1858
f 1858 1856 1857
f 1846 1849 1859
f 1859 1849 1860
f 1343 1401 1509
f 1509 1401 1861
f 1509 1861 635
f 635 1861 636
f 1863 1864 1862
f 1862 1864 1865
f 1283 1503 1867
f 1867 1503 1866
f 1868 1867 681
f 681 1867 682
f 1286 1285 683
f 683 1285 684
f 757 756 1274
f 1274 756 1869
f 1274 1869 717
f 717 1869 718
f 1434 1433 719
f 719 1433 720
f 1200 1538 1545
f 1545 1538 1763
f 1285 1289 684
f 684 1289 1273
f 684 1273 681
f 681 1273 1272
f 785 1283 1868
f 1868 1283 1867
f 786 785 1870
f 1870 785 1868
f 1289 757 1273
f 1273 757 1274
f 1539 1416 1871
f 1871 1416 1872
f 773 1871 1403
f 1403 1871 1404
f 675 674 1405
f 1405 674 1402
f 1864 1873 1865
f 1865 1873 1874
f 638 1843 635
f 635 1843 1510
f 1344 1343 1511
f 1511 1343 1509
f 772 1539 773
f 773 1539 1871
f 674 1200 1402
f 1402 1200 1545
f 1538 1286 1763
f 1763 1286 683
f 1444 1443 1875
f 1875 1443 1876
f 1875 1876 1831
f 1831 1876 1832
f 1416 1344 1872
f 1872 1344 1511
f 1877 1878 774
f 774 1878 1879
f 1878 1847 1879
f 1879 1847 1846
f 1880 714 1881
f 1881 714 1848
f 1401 1444 1861
f 1861 1444 1875
f 1861 1875 636
f 636 1875 1831
f 1823 1863 1882
f 1882 1863 1862
f 1441 1440 1884
f 1884 1440 1883
f 1883 1852 1884
f 1884 1852 1851
f 1886 1887 1885
f 1885 1887 1888
f 1358 1889 1359
f 1359 1889 1890
f 1891 1886 1892
f 1892 1886 1885
f 774 1879 775
f 775 1879 1893
f 1859 1893 1846
f 1846 1893 1879
f 713 1842 1849
f 1849 1842 1860
f 1318 1895 1894
f 1894 1895 1896
f 1873 1897 1874
f 1874 1897 1898
f 1898 605 1899
f 1899 605 675
f 1405 1844 675
f 675 1844 1899
f 1404 1845 1405
f 1405 1845 1844
f 593 1296 591
f 591 1296 1809
f 1295 1292 1900
f 1900 1292 1895
f 606 1897 1291
f 1291 1897 1896
f 1510 1845 1511
f 1511 1845 1872
f 1871 1872 1404
f 1404 1872 1845
f 1866 770 1762
f 1762 770 1546
f 1762 682 1866
f 1866 682 1867
f 1870 1868 1272
f 1272 1868 681
f 1272 717 1870
f 1870 717 720
f 1870 720 786
f 786 720 1433
f 786 1433 787
f 787 1433 1432
f 1261 1414 1432
f 1432 1414 787
f 1389 1234 1260
f 1260 1234 1415
f 1719 1670 1388
f 1388 1670 1235
f 1718 1671 1719
f 1719 1671 1670
f 1705 1747 1718
f 1718 1747 1671
f 1659 1901 1704
f 1704 1901 1748
f 1877 1903 1902
f 1902 1903 1904
f 1259 1905 1390
f 1390 1905 1394
f 1715 1720 1393
f 1393 1720 1391
f 1716 1721 1715
f 1715 1721 1720
f 1698 1706 1716
f 1716 1706 1721
f 277 276 47
f 47 276 48
f 84 96 81
f 81 96 82
f 80 70 81
f 81 70 85
f 99 97 88
f 88 97 89
f 90 100 88
f 88 100 99
f 101 95 102
f 102 95 94
f 1906 1907 280
f 280 1907 281
f 97 86 89
f 89 86 85
f 60 282 61
f 61 282 281
f 83 82 46
f 46 82 47
f 293 292 420
f 420 292 421
f 419 1908 420
f 420 1908 1909
f 92 95 91
f 91 95 90
f 279 282 93
f 93 282 94
f 276 418 48
f 48 418 421
f 1910 1660 1697
f 1697 1660 1707
f 1703 1624 1700
f 1700 1624 1644
f 1622 1910 1623
f 1623 1910 1697
f 1701 1700 1911
f 1911 1700 1661
f 1700 1644 1661
f 1661 1644 1658
f 1901 1737 1733
f 1733 1737 1645
f 1625 1912 1604
f 1604 1912 1731
f 1912 1913 1731
f 1731 1913 1914
f 1913 1577 1914
f 1914 1577 1572
f 1915 1578 1616
f 1616 1578 1618
f 1915 1916 1598
f 1598 1916 1743
f 1916 1574 1743
f 1743 1574 1573
f 1575 1917 1576
f 1576 1917 1597
f 1917 1609 1597
f 1597 1609 1594
f 1608 1611 1729
f 1729 1611 1610
f 1918 1612 1629
f 1629 1612 1630
f 1626 1918 1627
f 1627 1918 1629
f 1920 1921 1919
f 1919 1921 1922
f 1920 1924 1923
f 1923 1924 1925
f 1926 1927 1924
f 1924 1927 1925
f 1929 1930 1928
f 1928 1930 1931
f 1932 1933 1935
f 1935 1933 1934
f 1937 1938 1936
f 1936 1938 1939
f 1941 1942 1940
f 1940 1942 1943
f 1941 1945 1944
f 1944 1945 1946
f 1947 1948 1694
f 1694 1948 1949
f 1950 1951 1953
f 1953 1951 1952
f 1955 1956 1954
f 1954 1956 1589
f 1958 1956 1957
f 1957 1956 1932
f 1960 1934 1959
f 1959 1934 1933
f 1962 1963 1961
f 1961 1963 1964
f 1965 1955 1751
f 1751 1955 1954
f 1935 1930 1932
f 1932 1930 1957
f 1951 1950 1926
f 1926 1950 1929
f 1966 1967 1593
f 1593 1967 1590
f 1969 1967 1968
f 1968 1967 1964
f 1962 1921 1970
f 1970 1921 1971
f 1963 1945 1964
f 1964 1945 1968
f 1972 1948 1922
f 1922 1948 1919
f 1966 1972 1961
f 1961 1972 1922
f 1958 1953 1587
f 1587 1953 1560
f 1974 1975 1973
f 1973 1975 1976
f 1978 1979 1977
f 1977 1979 1691
f 1979 1975 1691
f 1691 1975 1586
f 1938 1942 1939
f 1939 1942 1980
f 1952 1947 1557
f 1557 1947 1694
f 1969 1978 1981
f 1981 1978 1977
f 1983 1984 1982
f 1982 1984 1985
f 1986 1987 1989
f 1989 1987 1988
f 1990 1991 1983
f 1983 1991 1984
f 1990 1993 1992
f 1992 1993 1994
f 1995 1996 1994
f 1994 1996 1997
f 1999 2000 1998
f 1998 2000 2001
f 2003 2004 2002
f 2002 2004 2005
f 2007 2008 2006
f 2006 2008 2009
f 2011 2012 2010
f 2010 2012 2013
f 2014 2015 2017
f 2017 2015 2016
f 2018 2019 2021
f 2021 2019 2020
f 2022 1989 2024
f 2024 1989 2023
f 1989 1988 2023
f 2023 1988 2025
f 2026 2027 2017
f 2017 2027 2014
f 2029 2030 2028
f 2028 2030 2031
f 2033 2034 2032
f 2032 2034 2035
f 2032 2035 2036
f 2036 2035 2037
f 2039 2040 2038
f 2038 2040 2041
f 1982 2042 1983
f 1983 2042 2043
f 2045 2046 2044
f 2044 2046 2047
f 2049 2050 2048
f 2048 2050 2051
f 2053 2054 2052
f 2052 2054 2055
f 2057 2058 2056
f 2056 2058 2059
f 2060 2061 2033
f 2033 2061 2034
f 2063 2064 2062
f 2062 2064 2065
f 2066 2035 2067
f 2067 2035 2034
f 2069 2039 2068
f 2068 2039 2038
f 2025 2070 2023
f 2023 2070 2071
f 2072 2024 2071
f 2071 2024 2023
f 2074 2020 2073
f 2073 2020 2019
f 2050 2049 2047
f 2047 2049 2075
f 1983 2043 1990
f 1990 2043 1993
f 2006 2050 2007
f 2007 2050 2076
f 2050 2006 2051
f 2051 2006 2077
f 2079 2080 2078
f 2078 2080 2081
f 2082 2083 2085
f 2085 2083 2084
f 2010 2013 2086
f 2086 2013 2087
f 2089 2033 2088
f 2088 2033 2032
f 2090 2060 2089
f 2089 2060 2033
f 2092 2093 2091
f 2091 2093 2094
f 2096 1986 2095
f 2095 1986 2097
f 2097 1986 2022
f 2022 1986 1989
f 2015 2094 2016
f 2016 2094 2098
f 2016 2098 2100
f 2100 2098 2099
f 2017 2016 2101
f 2101 2016 2100
f 2017 2101 2026
f 2026 2101 2102
f 2100 2099 2104
f 2104 2099 2103
f 2104 2105 2100
f 2100 2105 2101
f 2105 2106 2101
f 2101 2106 2102
f 2108 2061 2107
f 2107 2061 2109
f 2111 2112 2110
f 2110 2112 2020
f 2020 2074 2110
f 2110 2074 2113
f 2115 2116 2114
f 2114 2116 2117
f 2118 2119 1995
f 1995 2119 2120
f 2121 2122 2027
f 2027 2122 2014
f 2047 2075 2044
f 2044 2075 2123
f 2124 2125 2127
f 2127 2125 2126
f 2129 2130 2128
f 2128 2130 2131
f 2132 2133 2057
f 2057 2133 2058
f 2134 1999 2136
f 2136 1999 2135
f 2055 2138 2137
f 2137 2138 2139
f 2141 2142 2140
f 2140 2142 2143
f 2083 2082 2064
f 2064 2082 2065
f 2082 2144 2065
f 2065 2144 2145
f 2040 2146 2041
f 2041 2146 2147
f 2060 2090 2148
f 2148 2090 2149
f 2048 2051 2137
f 2137 2051 2150
f 2151 1997 2135
f 2135 1997 1996
f 2152 2150 2077
f 2077 2150 2051
f 2046 2045 2118
f 2118 2045 2119
f 2154 2155 2153
f 2153 2155 2156
f 2158 2159 2157
f 2157 2159 2160
f 2162 2163 2161
f 2161 2163 2164
f 2164 2163 2165
f 2165 2163 2166
f 2168 2169 2167
f 2167 2169 2170
f 2003 2172 2171
f 2171 2172 2173
f 2174 2175 2002
f 2002 2175 2176
f 2145 2177 2065
f 2065 2177 2062
f 2178 2179 2180
f 2180 2179 2134
f 2181 2052 2152
f 2152 2052 2150
f 2040 2127 2146
f 2146 2127 2182
f 2130 2162 2131
f 2131 2162 2161
f 2052 2055 2150
f 2150 2055 2137
f 2184 2185 2183
f 2183 2185 2186
f 2159 2030 2160
f 2160 2030 2187
f 2146 2182 2029
f 2029 2182 2188
f 2189 2190 2192
f 2192 2190 2191
f 2172 2003 2176
f 2176 2003 2002
f 1998 2151 1999
f 1999 2151 2135
f 2177 2172 2062
f 2062 2172 2176
f 2172 2177 2173
f 2173 2177 2193
f 2063 2194 2064
f 2064 2194 2195
f 2066 2197 2196
f 2196 2197 2198
f 2002 2005 2174
f 2174 2005 2199
f 2004 2003 2200
f 2200 2003 2171
f 2198 2201 2171
f 2171 2201 2200
f 2197 2202 2198
f 2198 2202 2201
f 2202 2197 2203
f 2203 2197 2204
f 2196 2198 2173
f 2173 2198 2171
f 2205 2069 2170
f 2170 2069 2206
f 2197 2066 2204
f 2204 2066 2067
f 2107 2207 2108
f 2108 2207 2208
f 2210 2208 2209
f 2209 2208 2207
f 2185 2211 2212
f 2213 2214 2211
f 2211 2214 2212
f 1998 2001 2213
f 2213 2001 2214
f 2134 2215 1999
f 1999 2215 2000
f 2216 2217 2219
f 2219 2217 2218
f 2206 2220 2170
f 2170 2220 2167
f 2069 2068 2206
f 2206 2068 2221
f 2151 1998 2222
f 2222 1998 2213
f 2124 2039 2205
f 2205 2039 2069
f 2142 2223 2143
f 2143 2223 2128
f 2203 2186 2202
f 2202 2186 2185
f 2185 2184 2211
f 2211 2184 2224
f 2224 2225 2222
f 2222 2225 2226
f 2071 2227 2072
f 2072 2227 2228
f 2229 2074 2230
f 2230 2074 2073
f 2074 2229 2113
f 2113 2229 2231
f 2232 2225 2227
f 2227 2225 2224
f 2233 2234 2031
f 2031 2234 2028
f 2236 2231 2235
f 2235 2231 2229
f 2230 2183 2229
f 2229 2183 2235
f 2237 1987 2096
f 2096 1987 1986
f 2152 2238 2181
f 2181 2238 2239
f 2080 2240 2081
f 2081 2240 2241
f 2236 2242 1971
f 1971 2242 1970
f 1925 2113 1923
f 1923 2113 2231
f 2110 1927 2111
f 2111 1927 1928
f 2103 2111 1931
f 1931 2111 1928
f 1931 2243 2103
f 2103 2243 2104
f 2105 2104 2244
f 2244 2104 2243
f 1939 1980 2148
f 2148 1980 2109
f 1980 1944 2109
f 2109 1944 2107
f 1946 2245 2207
f 2207 2245 2209
f 2245 1970 2209
f 2209 1970 2242
f 2231 2236 1923
f 1923 2236 1971
f 2113 1925 2110
f 2110 1925 1927
f 2234 2246 2028
f 2028 2246 2147
f 2247 2248 2058
f 2058 2248 2059
f 2114 2117 2249
f 2249 2117 2250
f 2252 2253 2251
f 2251 2253 2254
f 2094 2015 2091
f 2091 2015 2255
f 2256 2255 2014
f 2014 2255 2015
f 2257 2145 2258
f 2258 2145 2144
f 2131 2161 2123
f 2123 2161 2044
f 2045 2044 2164
f 2164 2044 2161
f 2045 2164 2119
f 2119 2164 2165
f 2259 2120 2165
f 2165 2120 2119
f 2260 2261 2259
f 2259 2261 2120
f 2205 2262 2124
f 2124 2262 2125
f 2180 2263 2178
f 2178 2263 2264
f 2265 2266 2092
f 2092 2266 2093
f 1992 2267 2268
f 2184 2228 2224
f 2224 2228 2227
f 2048 2269 2049
f 2049 2269 2141
f 2129 2168 2157
f 2157 2168 2167
f 2049 2141 2075
f 2075 2141 2140
f 2199 2215 2270
f 2270 2215 2271
f 2142 2141 2272
f 2272 2141 2269
f 2089 2026 2090
f 2090 2026 2102
f 2146 2029 2147
f 2147 2029 2028
f 2111 2103 2112
f 2112 2103 2099
f 2061 2060 2109
f 2109 2060 2148
f 2273 2274 2041
f 2041 2274 2038
f 2260 2275 2261
f 2261 2275 2136
f 2057 2138 2132
f 2132 2138 2276
f 2272 2269 2056
f 2056 2269 2139
f 2277 2278 2270
f 2270 2278 2199
f 2029 2188 2030
f 2030 2188 2187
f 2040 2039 2127
f 2127 2039 2124
f 2064 2195 2083
f 2083 2195 2279
f 2056 2139 2057
f 2057 2139 2138
f 2278 2277 2247
f 2247 2277 2248
f 2062 2176 2063
f 2063 2176 2175
f 2280 2210 2242
f 2242 2210 2209
f 2282 2233 2281
f 2281 2233 2031
f 2216 2219 2283
f 2283 2219 2221
f 2158 2220 2218
f 2218 2220 2219
f 2217 2282 2218
f 2218 2282 2281
f 2220 2158 2167
f 2167 2158 2157
f 2223 2264 2128
f 2128 2264 2263
f 2261 1996 2120
f 2120 1996 1995
f 2213 2211 2222
f 2222 2211 2224
f 2283 2221 2284
f 2284 2221 2068
f 2135 1996 2136
f 2136 1996 2261
f 2144 2081 2258
f 2258 2081 2241
f 2235 2280 2236
f 2236 2280 2242
f 2246 2273 2147
f 2147 2273 2041
f 2036 2285 2032
f 2032 2285 2088
f 2077 2286 2152
f 2152 2286 2238
f 1937 1960 1973
f 1973 1960 1959
f 2070 2232 2071
f 2071 2232 2227
f 2244 2287 2105
f 2105 2287 2106
f 1936 1939 2149
f 2149 1939 2148
f 1944 1946 2107
f 2107 1946 2207
f 2285 2121 2088
f 2088 2121 2027
f 2253 2249 2254
f 2254 2249 2250
f 2006 2009 2077
f 2077 2009 2286
f 2289 2086 2288
f 2288 2086 2087
f 2223 2142 2290
f 2290 2142 2272
f 2128 2131 2143
f 2143 2131 2123
f 2156 2291 2153
f 2153 2291 2175
f 2292 2293 2278
f 2278 2293 2294
f 2075 2140 2123
f 2123 2140 2143
f 2262 2169 2275
f 2275 2169 2180
f 2275 2180 2136
f 2136 2180 2134
f 2274 2284 2038
f 2038 2284 2068
f 2127 2126 2182
f 2182 2126 2166
f 2094 2093 2098
f 2098 2093 2021
f 2098 2021 2099
f 2099 2021 2112
f 2018 2021 2266
f 2266 2021 2093
f 2251 2289 2252
f 2252 2289 2288
f 1997 2151 2226
f 2226 2151 2222
f 2206 2221 2220
f 2220 2221 2219
f 2269 2048 2139
f 2139 2048 2137
f 2159 2158 2281
f 2281 2158 2218
f 2156 2155 2190
f 2190 2155 2191
f 1974 1965 1583
f 1583 1965 1751
f 2088 2027 2089
f 2089 2027 2026
f 2030 2159 2031
f 2031 2159 2281
f 2106 2149 2102
f 2102 2149 2090
f 2287 1936 2106
f 2106 1936 2149
f 2293 2154 2294
f 2294 2154 2153
f 2021 2020 2112
f 2247 2295 2278
f 2278 2295 2292
f 2284 2296 2283
f 2283 2296 2297
f 2298 2296 2274
f 2274 2296 2284
f 2273 2299 2274
f 2274 2299 2298
f 2246 2300 2273
f 2273 2300 2299
f 2283 2297 2216
f 2216 2297 2301
f 2216 2301 2217
f 2217 2301 2302
f 2302 2303 2217
f 2217 2303 2282
f 2304 2301 2305
f 2305 2301 2297
f 2307 2308 2306
f 2306 2308 2309
f 2306 2310 2307
f 2307 2310 2311
f 2307 2312 2308
f 2308 2312 2313
f 2314 2315 2312
f 2312 2315 2316
f 2316 2317 2312
f 2312 2317 2313
f 2317 2305 2313
f 2313 2305 2318
f 2314 2312 2311
f 2311 2312 2307
f 2319 2320 2322
f 2322 2320 2321
f 2322 2311 2319
f 2319 2311 2310
f 2313 2318 2308
f 2308 2318 2309
f 2296 2298 2318
f 2318 2298 2309
f 2309 2298 2323
f 2323 2298 2299
f 2306 2309 2324
f 2324 2309 2323
f 2310 2306 2325
f 2325 2306 2324
f 2296 2318 2297
f 2297 2318 2305
f 2319 2310 2326
f 2326 2310 2325
f 2328 2325 2327
f 2327 2325 2324
f 2325 2328 2326
f 2326 2328 2329
f 2331 2328 2330
f 2330 2328 2327
f 2332 2333 2327
f 2327 2333 2330
f 2328 2331 2329
f 2329 2331 2334
f 2324 2323 2327
f 2327 2323 2332
f 2300 2332 2299
f 2299 2332 2323
f 2326 2335 2319
f 2319 2335 2320
f 2305 2317 2336
f 2336 2317 2316
f 2336 2316 2337
f 2337 2316 2315
f 2338 2304 2336
f 2336 2304 2305
f 2337 2339 2336
f 2336 2339 2338
f 2337 2315 2341
f 2341 2315 2340
f 2342 2300 2234
f 2234 2300 2246
f 2303 2343 2282
f 2282 2343 2233
f 2234 2233 2342
f 2342 2233 2343
f 2342 2343 2333
f 2333 2343 2344
f 2333 2344 2330
f 2330 2344 2345
f 2346 2344 2303
f 2303 2344 2343
f 2332 2300 2333
f 2333 2300 2342
f 2347 2346 2302
f 2302 2346 2303
f 2301 2304 2302
f 2302 2304 2347
f 2304 2338 2347
f 2347 2338 2348
f 2348 2349 2347
f 2347 2349 2346
f 2350 2351 2348
f 2348 2351 2349
f 2349 2345 2346
f 2346 2345 2344
f 2345 2349 2352
f 2352 2349 2351
f 2338 2339 2348
f 2348 2339 2350
f 2350 2339 2353
f 2353 2339 2354
f 2356 2357 2355
f 2355 2357 2353
f 2351 2350 2357
f 2357 2350 2353
f 2353 2354 2355
f 2355 2354 2335
f 2320 2335 2341
f 2341 2335 2354
f 2339 2337 2354
f 2354 2337 2341
f 2352 2331 2345
f 2345 2331 2330
f 2356 2334 2352
f 2352 2334 2331
f 2356 2352 2357
f 2357 2352 2351
f 2355 2329 2356
f 2356 2329 2334
f 2335 2326 2355
f 2355 2326 2329
f 2321 2314 2322
f 2322 2314 2311
f 2321 2320 2340
f 2340 2320 2341
f 2315 2314 2340
f 2340 2314 2321
f 2125 2260 2126
f 2126 2260 2259
f 2157 2160 2129
f 2129 2160 2130
f 2188 2163 2187
f 2187 2163 2162
f 2182 2166 2188
f 2188 2166 2163
f 2180 2169 2263
f 2263 2169 2168
f 2160 2187 2130
f 2130 2187 2162
f 2275 2260 2262
f 2262 2260 2125
f 2128 2263 2129
f 2129 2263 2168
f 2262 2205 2169
f 2169 2205 2170
f 2165 2166 2259
f 2259 2166 2126
f 2359 2360 2358
f 2358 2360 2361
f 2363 2364 2362
f 2362 2364 2365
f 2367 2363 2366
f 2366 2363 2362
f 2368 2369 2371
f 2371 2369 2370
f 2372 2373 2248
f 2248 2373 2059
f 2364 2374 2365
f 2365 2374 2375
f 2377 2378 2376
f 2376 2378 2379
f 2290 2380 2223
f 2223 2380 2381
f 2223 2381 2264
f 2264 2381 2382
f 2384 2385 2383
f 2383 2385 2386
f 2364 2371 2374
f 2374 2371 2387
f 2059 2373 2290
f 2290 2373 2380
f 2378 2360 2379
f 2379 2360 2388
f 2374 2387 2359
f 2359 2387 2389
f 2390 2367 2386
f 2386 2367 2391
f 2393 2394 2392
f 2392 2394 2395
f 2386 2391 2383
f 2383 2391 2396
f 2367 2366 2391
f 2391 2366 2397
f 2363 2367 2368
f 2368 2367 2390
f 2398 2399 2361
f 2361 2399 2358
f 2399 2400 2358
f 2358 2400 2375
f 2390 2401 2368
f 2368 2401 2369
f 2372 2384 2376
f 2376 2384 2383
f 2374 2359 2375
f 2375 2359 2358
f 2402 2403 2365
f 2365 2403 2362
f 2359 2389 2360
f 2360 2389 2388
f 2364 2363 2371
f 2371 2363 2368
f 2405 2398 2404
f 2404 2398 2361
f 2392 2395 2406
f 2406 2395 2397
f 2377 2396 2394
f 2394 2396 2395
f 2394 2393 2404
f 2404 2393 2405
f 2396 2377 2383
f 2383 2377 2376
f 2406 2397 2407
f 2407 2397 2366
f 2400 2402 2375
f 2375 2402 2365
f 2385 2270 2401
f 2401 2270 2271
f 2403 2407 2362
f 2362 2407 2366
f 2371 2370 2387
f 2387 2370 2382
f 2391 2397 2396
f 2396 2397 2395
f 2378 2377 2404
f 2404 2377 2394
f 2360 2378 2361
f 2361 2378 2404
f 2407 2408 2406
f 2406 2408 2409
f 2410 2408 2403
f 2403 2408 2407
f 2411 2410 2402
f 2402 2410 2403
f 2412 2411 2400
f 2400 2411 2402
f 2406 2409 2392
f 2392 2409 2413
f 2392 2413 2393
f 2393 2413 2414
f 2415 2405 2414
f 2414 2405 2393
f 2416 2413 2417
f 2417 2413 2409
f 2419 2420 2418
f 2418 2420 2421
f 2420 2422 2421
f 2421 2422 2423
f 2420 2424 2422
f 2422 2424 2425
f 2426 2427 2424
f 2424 2427 2428
f 2428 2429 2424
f 2424 2429 2425
f 2426 2424 2419
f 2419 2424 2420
f 2419 2418 2431
f 2431 2418 2430
f 2425 2432 2422
f 2422 2432 2423
f 2408 2410 2432
f 2432 2410 2423
f 2423 2410 2433
f 2433 2410 2411
f 2421 2423 2434
f 2434 2423 2433
f 2435 2418 2434
f 2434 2418 2421
f 2429 2417 2425
f 2425 2417 2432
f 2408 2432 2409
f 2409 2432 2417
f 2418 2435 2430
f 2430 2435 2436
f 2438 2435 2437
f 2437 2435 2434
f 2435 2438 2436
f 2436 2438 2439
f 2441 2438 2440
f 2440 2438 2437
f 2442 2443 2437
f 2437 2443 2440
f 2439 2438 2444
f 2444 2438 2441
f 2433 2442 2434
f 2434 2442 2437
f 2412 2442 2411
f 2411 2442 2433
f 2436 2445 2430
f 2430 2445 2446
f 2430 2446 2431
f 2431 2446 2447
f 2417 2429 2448
f 2448 2429 2428
f 2427 2449 2428
f 2428 2449 2448
f 2450 2416 2448
f 2448 2416 2417
f 2451 2450 2449
f 2449 2450 2448
f 2427 2452 2449
f 2449 2452 2453
f 2447 2446 2452
f 2452 2446 2453
f 2454 2412 2399
f 2399 2412 2400
f 2415 2455 2405
f 2405 2455 2398
f 2399 2398 2454
f 2454 2398 2455
f 2454 2455 2443
f 2443 2455 2456
f 2443 2456 2440
f 2440 2456 2457
f 2458 2456 2415
f 2415 2456 2455
f 2443 2442 2454
f 2454 2442 2412
f 2459 2458 2414
f 2414 2458 2415
f 2413 2416 2414
f 2414 2416 2459
f 2459 2416 2460
f 2460 2416 2450
f 2460 2461 2459
f 2459 2461 2458
f 2462 2463 2460
f 2460 2463 2461
f 2461 2457 2458
f 2458 2457 2456
f 2457 2461 2464
f 2464 2461 2463
f 2451 2462 2450
f 2450 2462 2460
f 2462 2451 2465
f 2465 2451 2466
f 2468 2469 2467
f 2467 2469 2465
f 2463 2462 2469
f 2469 2462 2465
f 2465 2466 2467
f 2467 2466 2445
f 2446 2445 2453
f 2453 2445 2466
f 2451 2449 2466
f 2466 2449 2453
f 2464 2441 2457
f 2457 2441 2440
f 2468 2444 2464
f 2464 2444 2441
f 2468 2464 2469
f 2469 2464 2463
f 2467 2439 2468
f 2468 2439 2444
f 2445 2436 2467
f 2467 2436 2439
f 2447 2426 2431
f 2431 2426 2419
f 2427 2426 2452
f 2452 2426 2447
f 2369 2179 2370
f 2370 2179 2178
f 2376 2379 2372
f 2372 2379 2373
f 2389 2381 2388
f 2388 2381 2380
f 2387 2382 2389
f 2389 2382 2381
f 2270 2385 2277
f 2277 2385 2384
f 2379 2388 2373
f 2373 2388 2380
f 2401 2271 2369
f 2369 2271 2179
f 2248 2277 2372
f 2372 2277 2384
f 2401 2390 2385
f 2385 2390 2386
f 2264 2382 2178
f 2178 2382 2370
f 2215 2134 2271
f 2271 2134 2179
f 2005 2000 2199
f 2199 2000 2215
f 2004 2001 2005
f 2005 2001 2000
f 2200 2214 2004
f 2004 2214 2001
f 2470 2471 2473
f 2473 2471 2472
f 2475 2476 2474
f 2474 2476 2477
f 2479 2475 2478
f 2478 2475 2474
f 2481 2482 2480
f 2480 2482 2483
f 2476 2484 2477
f 2477 2484 2485
f 2487 2488 2486
f 2486 2488 2489
f 2133 2490 2058
f 2058 2490 2491
f 2058 2491 2247
f 2247 2491 2492
f 2494 2495 2493
f 2493 2495 2496
f 2476 2483 2484
f 2484 2483 2497
f 2472 2498 2488
f 2488 2498 2489
f 2484 2497 2471
f 2471 2497 2499
f 2500 2479 2496
f 2496 2479 2501
f 2502 2503 2505
f 2505 2503 2504
f 2496 2501 2493
f 2493 2501 2506
f 2479 2478 2501
f 2501 2478 2507
f 2475 2479 2480
f 2480 2479 2500
f 2508 2509 2473
f 2473 2509 2470
f 2509 2510 2470
f 2470 2510 2485
f 2511 2481 2500
f 2500 2481 2480
f 2512 2494 2486
f 2486 2494 2493
f 2485 2484 2470
f 2470 2484 2471
f 2513 2514 2477
f 2477 2514 2474
f 2471 2499 2472
f 2472 2499 2498
f 2476 2475 2483
f 2483 2475 2480
f 2516 2508 2515
f 2515 2508 2473
f 2502 2505 2517
f 2517 2505 2507
f 2504 2487 2505
f 2505 2487 2506
f 2503 2516 2504
f 2504 2516 2515
f 2506 2487 2493
f 2493 2487 2486
f 2517 2507 2518
f 2518 2507 2478
f 2510 2513 2485
f 2485 2513 2477
f 2511 2495 2293
f 2293 2495 2154
f 2514 2518 2474
f 2474 2518 2478
f 2483 2482 2497
f 2497 2482 2492
f 2501 2507 2506
f 2506 2507 2505
f 2488 2487 2515
f 2515 2487 2504
f 2472 2488 2473
f 2473 2488 2515
f 2518 2519 2517
f 2517 2519 2520
f 2521 2519 2514
f 2514 2519 2518
f 2522 2521 2513
f 2513 2521 2514
f 2523 2522 2510
f 2510 2522 2513
f 2517 2520 2502
f 2502 2520 2524
f 2502 2524 2503
f 2503 2524 2525
f 2525 2526 2503
f 2503 2526 2516
f 2527 2524 2528
f 2528 2524 2520
f 2530 2531 2529
f 2529 2531 2532
f 2531 2533 2532
f 2532 2533 2534
f 2531 2535 2533
f 2533 2535 2536
f 2537 2538 2535
f 2535 2538 2539
f 2539 2540 2535
f 2535 2540 2536
f 2537 2535 2530
f 2530 2535 2531
f 2529 2541 2530
f 2530 2541 2542
f 2543 2534 2536
f 2536 2534 2533
f 2519 2521 2543
f 2543 2521 2534
f 2534 2521 2544
f 2544 2521 2522
f 2532 2534 2545
f 2545 2534 2544
f 2529 2532 2546
f 2546 2532 2545
f 2536 2540 2543
f 2543 2540 2528
f 2519 2543 2520
f 2520 2543 2528
f 2541 2529 2547
f 2547 2529 2546
f 2548 2549 2545
f 2545 2549 2546
f 2549 2550 2546
f 2546 2550 2547
f 2551 2552 2548
f 2548 2552 2549
f 2548 2553 2551
f 2551 2553 2554
f 2550 2549 2555
f 2555 2549 2552
f 2545 2544 2548
f 2548 2544 2553
f 2523 2553 2522
f 2522 2553 2544
f 2547 2556 2541
f 2541 2556 2557
f 2541 2557 2542
f 2542 2557 2558
f 2528 2540 2559
f 2559 2540 2539
f 2538 2560 2539
f 2539 2560 2559
f 2561 2527 2559
f 2559 2527 2528
f 2560 2562 2559
f 2559 2562 2561
f 2560 2538 2564
f 2564 2538 2563
f 2558 2557 2563
f 2563 2557 2564
f 2565 2523 2509
f 2509 2523 2510
f 2526 2566 2516
f 2516 2566 2508
f 2509 2508 2565
f 2565 2508 2566
f 2565 2566 2554
f 2554 2566 2567
f 2554 2567 2551
f 2551 2567 2568
f 2569 2567 2526
f 2526 2567 2566
f 2553 2523 2554
f 2554 2523 2565
f 2570 2569 2525
f 2525 2569 2526
f 2524 2527 2525
f 2525 2527 2570
f 2527 2561 2570
f 2570 2561 2571
f 2571 2572 2570
f 2570 2572 2569
f 2573 2574 2571
f 2571 2574 2572
f 2572 2568 2569
f 2569 2568 2567
f 2568 2572 2575
f 2575 2572 2574
f 2562 2573 2561
f 2561 2573 2571
f 2573 2562 2576
f 2576 2562 2577
f 2579 2580 2578
f 2578 2580 2576
f 2574 2573 2580
f 2580 2573 2576
f 2576 2577 2578
f 2578 2577 2556
f 2557 2556 2564
f 2564 2556 2577
f 2562 2560 2577
f 2577 2560 2564
f 2575 2552 2568
f 2568 2552 2551
f 2579 2555 2575
f 2575 2555 2552
f 2579 2575 2580
f 2580 2575 2574
f 2550 2555 2578
f 2578 2555 2579
f 2556 2547 2578
f 2578 2547 2550
f 2558 2537 2542
f 2542 2537 2530
f 2538 2537 2563
f 2563 2537 2558
f 2292 2295 2481
f 2481 2295 2482
f 2486 2489 2512
f 2512 2489 2581
f 2499 2491 2498
f 2498 2491 2490
f 2497 2492 2499
f 2499 2492 2491
f 2155 2154 2494
f 2494 2154 2495
f 2581 2489 2490
f 2490 2489 2498
f 2293 2292 2511
f 2511 2292 2481
f 2191 2155 2512
f 2512 2155 2494
f 2500 2496 2511
f 2511 2496 2495
f 2247 2492 2295
f 2295 2492 2482
f 2583 2584 2582
f 2582 2584 2585
f 2587 2588 2586
f 2586 2588 2589
f 2591 2587 2590
f 2590 2587 2586
f 2593 2594 2592
f 2592 2594 2595
f 2596 2597 2599
f 2599 2597 2598
f 2588 2600 2589
f 2589 2600 2601
f 2602 2603 2605
f 2605 2603 2604
f 2606 2607 2609
f 2609 2607 2608
f 2609 2608 2190
f 2190 2608 2610
f 2611 2612 2614
f 2614 2612 2613
f 2600 2588 2615
f 2615 2588 2595
f 2599 2598 2606
f 2606 2598 2607
f 2584 2616 2604
f 2604 2616 2605
f 2600 2615 2583
f 2583 2615 2617
f 2591 2619 2618
f 2618 2619 2614
f 2621 2622 2620
f 2620 2622 2623
f 2619 2624 2614
f 2614 2624 2611
f 2591 2590 2619
f 2619 2590 2625
f 2587 2591 2592
f 2592 2591 2618
f 2626 2627 2585
f 2585 2627 2582
f 2627 2628 2582
f 2582 2628 2601
f 2629 2593 2618
f 2618 2593 2592
f 2602 2597 2611
f 2611 2597 2612
f 2600 2583 2601
f 2601 2583 2582
f 2630 2631 2589
f 2589 2631 2586
f 2583 2617 2584
f 2584 2617 2616
f 2588 2587 2595
f 2595 2587 2592
f 2633 2626 2632
f 2632 2626 2585
f 2620 2623 2634
f 2634 2623 2625
f 2622 2603 2623
f 2623 2603 2624
f 2621 2633 2622
f 2622 2633 2632
f 2611 2624 2602
f 2602 2624 2603
f 2634 2625 2635
f 2635 2625 2590
f 2628 2630 2601
f 2601 2630 2589
f 2613 2195 2629
f 2629 2195 2194
f 2631 2635 2586
f 2586 2635 2590
f 2595 2594 2615
f 2615 2594 2610
f 2619 2625 2624
f 2624 2625 2623
f 2632 2604 2622
f 2622 2604 2603
f 2585 2584 2632
f 2632 2584 2604
f 2635 2636 2634
f 2634 2636 2637
f 2638 2636 2631
f 2631 2636 2635
f 2639 2638 2630
f 2630 2638 2631
f 2640 2639 2628
f 2628 2639 2630
f 2634 2637 2620
f 2620 2637 2641
f 2620 2641 2621
f 2621 2641 2642
f 2642 2643 2621
f 2621 2643 2633
f 2641 2637 2644
f 2644 2637 2645
f 2646 2647 2649
f 2649 2647 2648
f 2648 2650 2649
f 2649 2650 2651
f 2648 2652 2650
f 2650 2652 2653
f 2652 2654 2656
f 2656 2654 2655
f 2656 2657 2652
f 2652 2657 2653
f 2654 2652 2647
f 2647 2652 2648
f 2647 2646 2659
f 2659 2646 2658
f 2660 2651 2653
f 2653 2651 2650
f 2636 2638 2660
f 2660 2638 2651
f 2651 2638 2661
f 2661 2638 2639
f 2651 2661 2649
f 2649 2661 2662
f 2663 2646 2662
f 2662 2646 2649
f 2653 2657 2660
f 2660 2657 2645
f 2636 2660 2637
f 2637 2660 2645
f 2646 2663 2658
f 2658 2663 2664
f 2665 2666 2662
f 2662 2666 2663
f 2666 2667 2663
f 2663 2667 2664
f 2668 2669 2665
f 2665 2669 2666
f 2665 2670 2668
f 2668 2670 2671
f 2667 2666 2672
f 2672 2666 2669
f 2662 2661 2665
f 2665 2661 2670
f 2640 2670 2639
f 2639 2670 2661
f 2673 2674 2664
f 2664 2674 2658
f 2658 2674 2659
f 2659 2674 2675
f 2645 2657 2676
f 2676 2657 2656
f 2677 2676 2655
f 2655 2676 2656
f 2676 2678 2645
f 2645 2678 2644
f 2677 2679 2676
f 2676 2679 2678
f 2655 2680 2677
f 2677 2680 2681
f 2675 2674 2680
f 2680 2674 2681
f 2682 2640 2627
f 2627 2640 2628
f 2643 2683 2633
f 2633 2683 2626
f 2682 2627 2683
f 2683 2627 2626
f 2683 2684 2682
f 2682 2684 2671
f 2684 2685 2671
f 2671 2685 2668
f 2686 2684 2643
f 2643 2684 2683
f 2670 2640 2671
f 2671 2640 2682
f 2687 2686 2642
f 2642 2686 2643
f 2642 2641 2687
f 2687 2641 2644
f 2687 2644 2688
f 2688 2644 2678
f 2688 2689 2687
f 2687 2689 2686
f 2690 2691 2688
f 2688 2691 2689
f 2689 2685 2686
f 2686 2685 2684
f 2685 2689 2692
f 2692 2689 2691
f 2679 2690 2678
f 2678 2690 2688
f 2690 2679 2693
f 2693 2679 2694
f 2696 2697 2695
f 2695 2697 2693
f 2691 2690 2697
f 2697 2690 2693
f 2693 2694 2695
f 2695 2694 2673
f 2674 2673 2681
f 2681 2673 2694
f 2679 2677 2694
f 2694 2677 2681
f 2685 2692 2668
f 2668 2692 2669
f 2696 2672 2692
f 2692 2672 2669
f 2696 2692 2697
f 2697 2692 2691
f 2695 2667 2696
f 2696 2667 2672
f 2673 2664 2695
f 2695 2664 2667
f 2675 2654 2659
f 2659 2654 2647
f 2655 2654 2680
f 2680 2654 2675
f 2291 2156 2593
f 2593 2156 2594
f 2597 2602 2598
f 2598 2602 2605
f 2616 2617 2607
f 2607 2617 2608
f 2615 2610 2617
f 2617 2610 2608
f 2597 2596 2612
f 2612 2596 2698
f 2598 2605 2607
f 2607 2605 2616
f 2194 2291 2629
f 2629 2291 2593
f 2629 2618 2613
f 2613 2618 2614
f 2190 2610 2156
f 2156 2610 2594
f 2700 2010 2699
f 2699 2010 2086
f 2267 2701 2116
f 2116 2701 2702
f 2116 2702 2117
f 2117 2702 2703
f 2704 2705 2250
f 2250 2705 2254
f 2011 2706 2267
f 2267 2706 2701
f 2699 2086 2707
f 2707 2086 2289
f 2010 2700 2011
f 2011 2700 2706
f 2708 2707 2251
f 2251 2707 2289
f 2703 2704 2117
f 2117 2704 2250
f 2705 2708 2254
f 2254 2708 2251
f 2709 2710 2708
f 2708 2710 2707
f 2711 2709 2705
f 2705 2709 2708
f 2712 2711 2704
f 2704 2711 2705
f 2713 2712 2703
f 2703 2712 2704
f 2707 2710 2699
f 2699 2710 2714
f 2699 2714 2700
f 2700 2714 2715
f 2716 2706 2715
f 2715 2706 2700
f 2714 2710 2717
f 2717 2710 2718
f 2720 2721 2719
f 2719 2721 2722
f 2721 2723 2722
f 2722 2723 2724
f 2721 2725 2723
f 2723 2725 2726
f 2727 2728 2725
f 2725 2728 2726
f 2729 2725 2720
f 2720 2725 2721
f 2731 2729 2730
f 2730 2729 2720
f 2719 2732 2720
f 2720 2732 2730
f 2726 2733 2723
f 2723 2733 2724
f 2709 2711 2733
f 2733 2711 2724
f 2724 2711 2734
f 2734 2711 2712
f 2722 2724 2735
f 2735 2724 2734
f 2719 2722 2736
f 2736 2722 2735
f 2726 2728 2733
f 2733 2728 2718
f 2709 2733 2710
f 2710 2733 2718
f 2732 2719 2737
f 2737 2719 2736
f 2738 2739 2735
f 2735 2739 2736
f 2739 2740 2736
f 2736 2740 2737
f 2741 2742 2738
f 2738 2742 2739
f 2738 2743 2741
f 2741 2743 2744
f 2740 2739 2745
f 2745 2739 2742
f 2735 2734 2738
f 2738 2734 2743
f 2713 2743 2712
f 2712 2743 2734
f 2737 2746 2732
f 2732 2746 2747
f 2732 2747 2730
f 2730 2747 2731
f 2718 2728 2748
f 2748 2728 2727
f 2749 2750 2727
f 2727 2750 2748
f 2748 2751 2718
f 2718 2751 2717
f 2750 2752 2748
f 2748 2752 2751
f 2750 2749 2754
f 2754 2749 2753
f 2731 2747 2753
f 2753 2747 2754
f 2727 2725 2749
f 2749 2725 2729
f 2749 2729 2753
f 2753 2729 2731
f 2702 2755 2703
f 2703 2755 2713
f 2706 2716 2701
f 2701 2716 2756
f 2755 2702 2756
f 2756 2702 2701
f 2756 2757 2755
f 2755 2757 2744
f 2757 2758 2744
f 2744 2758 2741
f 2759 2757 2716
f 2716 2757 2756
f 2743 2713 2744
f 2744 2713 2755
f 2760 2759 2715
f 2715 2759 2716
f 2715 2714 2760
f 2760 2714 2717
f 2760 2717 2761
f 2761 2717 2751
f 2761 2762 2760
f 2760 2762 2759
f 2763 2764 2761
f 2761 2764 2762
f 2762 2758 2759
f 2759 2758 2757
f 2758 2762 2765
f 2765 2762 2764
f 2752 2763 2751
f 2751 2763 2761
f 2763 2752 2766
f 2766 2752 2767
f 2768 2769 2766
f 2766 2769 2770
f 2764 2763 2770
f 2770 2763 2766
f 2766 2767 2768
f 2768 2767 2746
f 2747 2746 2754
f 2754 2746 2767
f 2752 2750 2767
f 2767 2750 2754
f 2758 2765 2741
f 2741 2765 2742
f 2769 2745 2765
f 2765 2745 2742
f 2769 2765 2770
f 2770 2765 2764
f 2768 2740 2769
f 2769 2740 2745
f 2746 2737 2768
f 2768 2737 2740
f 2201 2212 2200
f 2200 2212 2214
f 2201 2202 2212
f 2212 2202 2185
f 2512 2581 2191
f 2191 2581 2192
f 2059 2290 2056
f 2056 2290 2272
f 2174 2199 2294
f 2294 2199 2278
f 2063 2175 2194
f 2194 2175 2291
f 2192 2581 2133
f 2133 2581 2490
f 2133 2132 2192
f 2192 2132 2189
f 2054 2276 2055
f 2055 2276 2138
f 2083 2279 2084
f 2084 2279 2771
f 2771 2279 2599
f 2599 2279 2596
f 2606 2772 2599
f 2599 2772 2771
f 2772 2773 2771
f 2771 2773 2084
f 2773 2774 2084
f 2084 2774 2085
f 2085 2775 2082
f 2082 2775 2144
f 2774 2078 2085
f 2085 2078 2775
f 2078 2774 2079
f 2079 2774 2776
f 2774 2773 2776
f 2776 2773 2777
f 2773 2772 2777
f 2777 2772 2778
f 2190 2189 2609
f 2609 2189 2778
f 2053 2052 2779
f 2779 2052 2181
f 2144 2775 2081
f 2081 2775 2078
f 2294 2153 2174
f 2174 2153 2175
f 2132 2276 2189
f 2189 2276 2778
f 2606 2609 2772
f 2772 2609 2778
f 2195 2613 2698
f 2698 2613 2612
f 2596 2279 2698
f 2698 2279 2195
f 2054 2777 2276
f 2276 2777 2778
f 2777 2054 2776
f 2776 2054 2053
f 2053 2779 2776
f 2776 2779 2079
f 2779 2181 2079
f 2079 2181 2080
f 2181 2239 2080
f 2080 2239 2240
f 2122 2256 2014
f 2042 1982 2076
f 2076 1982 2007
f 1982 1985 2007
f 2007 1985 2008
f 2095 2097 2265
f 2265 2097 2266
f 2076 2050 2042
f 2042 2050 2047
f 2046 2043 2047
f 2047 2043 2042
f 2118 1993 2046
f 2046 1993 2043
f 1995 1994 2118
f 2118 1994 1993
f 2267 1992 2011
f 2011 1992 2012
f 1997 2012 1994
f 1994 2012 1992
f 2226 2013 1997
f 1997 2013 2012
f 2225 2087 2226
f 2226 2087 2013
f 2225 2232 2087
f 2087 2232 2288
f 2232 2070 2288
f 2288 2070 2252
f 2070 2025 2252
f 2252 2025 2253
f 1988 2249 2025
f 2025 2249 2253
f 2116 2115 2267
f 2267 2115 2268
f 2096 1984 2237
f 2237 1984 1991
f 2095 1985 2096
f 2096 1985 1984
f 2265 2008 2095
f 2095 2008 1985
f 2092 2009 2265
f 2265 2009 2008
f 2091 2286 2092
f 2092 2286 2009
f 2255 2238 2091
f 2091 2238 2286
f 2256 2239 2255
f 2255 2239 2238
f 2122 2240 2256
f 2256 2240 2239
f 2121 2241 2122
f 2122 2241 2240
f 2022 2018 2097
f 2097 2018 2266
f 2022 2024 2018
f 2018 2024 2019
f 2024 2072 2019
f 2019 2072 2073
f 2072 2228 2073
f 2073 2228 2230
f 2228 2184 2230
f 2230 2184 2183
f 2121 2285 2241
f 2241 2285 2258
f 2285 2036 2258
f 2258 2036 2257
f 2177 2145 2193
f 2193 2145 2257
f 2173 2193 2196
f 2196 2193 2037
f 2036 2037 2257
f 2257 2037 2193
f 2196 2037 2066
f 2066 2037 2035
f 2061 2108 2034
f 2034 2108 2067
f 2108 2208 2067
f 2067 2208 2204
f 2208 2210 2204
f 2204 2210 2203
f 2210 2280 2203
f 2203 2280 2186
f 2183 2186 2235
f 2235 2186 2280
f 1987 2114 1988
f 1988 2114 2249
f 2237 2115 1987
f 1987 2115 2114
f 1991 2268 2237
f 2237 2268 2115
f 1991 1990 2268
f 2268 1990 1992
f 107 110 2781
f 2781 110 2780
f 117 2782 118
f 118 2782 2783
f 119 2784 120
f 120 2784 2785
f 125 2786 126
f 126 2786 2787
f 127 2788 128
f 128 2788 2789
f 127 132 2788
f 2788 132 2790
f 231 230 2792
f 2792 230 2791
f 118 2783 119
f 119 2783 2784
f 241 243 2794
f 2794 243 2793
f 2781 2795 107
f 107 2795 352
f 120 2785 437
f 437 2785 2796
f 126 2787 110
f 110 2787 2780
f 455 2797 456
f 456 2797 2798
f 128 2789 457
f 457 2789 2799
f 456 2798 117
f 117 2798 2782
f 2794 2797 241
f 241 2797 455
f 457 2799 125
f 125 2799 2786
f 132 231 2790
f 2790 231 2792
f 230 437 2791
f 2791 437 2796
f 2792 2789 2790
f 2790 2789 2788
f 2785 2784 2801
f 2801 2784 2800
f 2786 2802 2787
f 2787 2802 2803
f 2792 2791 2805
f 2805 2791 2804
f 2784 2783 2800
f 2800 2783 2806
f 2785 2801 2796
f 2796 2801 2807
f 2787 2803 2780
f 2780 2803 2808
f 2789 2809 2799
f 2799 2809 2810
f 2799 2810 2786
f 2786 2810 2802
f 2791 2796 2804
f 2804 2796 2807
f 2789 2792 2809
f 2809 2792 2805
f 2812 2797 2811
f 2811 2797 2794
f 2809 2805 2810
f 2810 2805 2804
f 2810 2804 2802
f 2802 2804 2807
f 2802 2807 2803
f 2803 2807 2801
f 2808 2803 2800
f 2800 2803 2801
f 2814 699 2813
f 2813 699 698
f 2808 2815 2780
f 2780 2815 2781
f 2817 2782 2816
f 2816 2782 2798
f 2815 2818 2781
f 2781 2818 2795
f 2797 2812 2798
f 2798 2812 2816
f 2783 2782 2806
f 2806 2782 2817
f 2800 2806 2808
f 2808 2806 2815
f 2794 2793 2811
f 2811 2793 2819
f 174 201 384
f 384 201 362
f 200 1766 390
f 390 1766 1777
f 1777 1778 390
f 390 1778 398
f 1778 361 398
f 398 361 222
f 2820 2821 628
f 628 2821 629
f 1406 2820 790
f 790 2820 628
f 794 1415 1233
f 1233 1415 1234
f 1406 790 1407
f 1407 790 1312
f 1407 1312 2822
f 2822 1312 1316
f 2823 1380 1543
f 1543 1380 1379
f 1385 1738 1382
f 1382 1738 1383
f 1381 791 1382
f 1382 791 1386
f 791 794 1386
f 1386 794 1233
f 1259 1390 1260
f 1260 1390 1389
f 1905 1542 1394
f 1394 1542 1395
f 1410 1413 1397
f 1397 1413 1398
f 2821 1410 629
f 629 1410 1397
f 2823 2822 1380
f 1380 2822 1316
f 1392 1395 1378
f 1378 1395 1379
f 1738 1399 1383
f 1383 1399 1398
f 1388 1235 1389
f 1389 1235 1234
f 1393 1391 1394
f 1394 1391 1390
f 1381 1384 779
f 779 1384 780
f 1282 788 792
f 792 788 793
f 1431 1262 1432
f 1432 1262 1261
f 1400 1342 1408
f 1408 1342 1409
f 1508 1544 1411
f 1411 1544 1412
f 788 787 793
f 793 787 1414
f 2821 2820 1429
f 1429 2820 1430
f 2822 2823 1506
f 1506 2823 1507
f 778 1282 779
f 779 1282 792
f 2820 1406 1430
f 1430 1406 1409
f 1410 2821 1411
f 1411 2821 1429
f 1407 2822 1408
f 1408 2822 1506
f 1544 781 1412
f 1412 781 780
f 1260 1415 1261
f 1261 1415 1414
f 1334 2824 923
f 923 2824 924
f 2826 1268 2825
f 2825 1268 1267
f 769 1212 2827
f 2827 1212 2828
f 1492 1190 1266
f 1266 1190 1267
f 1488 2829 1489
f 1489 2829 2830
f 922 1329 923
f 923 1329 1328
f 1484 2831 1485
f 1485 2831 2832
f 1482 2833 1485
f 1485 2833 1486
f 1324 1493 1489
f 1489 1493 1490
f 1265 1491 1266
f 1266 1491 1490
f 2835 2836 2834
f 2834 2836 2837
f 1250 2838 2827
f 2827 2838 2839
f 1488 1491 2840
f 2840 1491 2841
f 1268 2826 2842
f 2842 2826 2843
f 2844 2845 1495
f 1495 2845 1496
f 1427 2847 2846
f 2846 2847 926
f 2829 1488 2848
f 2848 1488 2840
f 1329 922 2849
f 2849 922 927
f 2850 2851 768
f 768 2851 1213
f 1265 1268 2852
f 2852 1268 2842
f 1491 1265 2841
f 2841 1265 2852
f 2854 2855 2853
f 2853 2855 2856
f 2855 2857 2856
f 2856 2857 598
f 2857 2858 598
f 598 2858 595
f 2858 2859 595
f 595 2859 626
f 649 652 2860
f 2860 652 2861
f 639 642 2862
f 2862 642 2863
f 2864 705 2862
f 2862 705 639
f 2865 1418 2864
f 2864 1418 705
f 2866 2867 2865
f 2865 2867 1418
f 1760 1348 1761
f 1761 1348 2867
f 1764 2868 1197
f 1197 2868 1198
f 2869 611 2868
f 2868 611 1198
f 2870 612 2869
f 2869 612 611
f 1352 1350 944
f 944 1350 688
f 1350 1256 688
f 688 1256 685
f 1256 1255 685
f 685 1255 692
f 1255 2871 692
f 692 2871 2872
f 701 2873 698
f 698 2873 2813
f 2872 1349 692
f 692 1349 693
f 1696 1744 1574
f 1574 1744 1575
f 1753 1618 1577
f 1577 1618 1578
f 1729 1594 1608
f 1608 1594 1609
f 1725 1630 1611
f 1611 1630 1612
f 1604 1607 1625
f 1625 1607 1626
f 1624 1703 1625
f 1625 1703 1912
f 1703 1702 1912
f 1912 1702 1913
f 1702 1753 1913
f 1913 1753 1577
f 1598 1569 1915
f 1915 1569 1578
f 1616 1615 1915
f 1915 1615 1916
f 1615 1696 1916
f 1916 1696 1574
f 1744 1745 1575
f 1575 1745 1917
f 1745 1565 1917
f 1917 1565 1609
f 1568 1725 1608
f 1608 1725 1611
f 2874 1613 1918
f 1918 1613 1612
f 1607 2874 1626
f 1626 2874 1918
f 1610 1613 1562
f 1562 1613 1563
f 1547 1550 1570
f 1570 1550 1571
f 1573 1576 1580
f 1580 1576 1581
f 1553 1556 1595
f 1595 1556 1596
f 1556 1582 1596
f 1596 1582 1581
f 1551 1547 1599
f 1599 1547 1570
f 1731 1914 1601
f 1601 1914 1602
f 1686 1689 1605
f 1605 1689 1606
f 1598 1743 1599
f 1599 1743 1692
f 2874 1607 1723
f 1723 1607 1606
f 1727 1553 1730
f 1730 1553 1595
f 1600 1686 1601
f 1601 1686 1605
f 1914 1572 1602
f 1602 1572 1571
f 1579 1693 1580
f 1580 1693 1692
f 1613 2874 1563
f 1563 2874 1723
f 1561 1727 1562
f 1562 1727 1730
f 1949 1742 1548
f 1548 1742 1549
f 1694 1949 1552
f 1552 1949 1548
f 1954 1589 1554
f 1554 1589 1555
f 1693 1579 1558
f 1558 1579 1559
f 1561 1564 1584
f 1584 1564 1585
f 1582 1556 1588
f 1588 1556 1555
f 1600 1603 1591
f 1591 1603 1592
f 1981 1977 1687
f 1687 1977 1688
f 1564 1722 1585
f 1585 1722 1690
f 1551 1693 1552
f 1552 1693 1558
f 1751 1954 1728
f 1728 1954 1554
f 1590 1981 1591
f 1591 1981 1687
f 1603 1550 1592
f 1592 1550 1549
f 1977 1691 1688
f 1688 1691 1690
f 1587 1560 1588
f 1588 1560 1559
f 1727 1561 1728
f 1728 1561 1584
f 2875 1919 1947
f 1947 1919 1948
f 1557 1560 1952
f 1952 1560 1953
f 1933 1932 1955
f 1955 1932 1956
f 1587 1589 1958
f 1958 1589 1956
f 1959 1933 1965
f 1965 1933 1955
f 1961 1964 1966
f 1966 1964 1967
f 1981 1590 1969
f 1969 1590 1967
f 1742 1949 1972
f 1972 1949 1948
f 1593 1742 1966
f 1966 1742 1972
f 1957 1950 1958
f 1958 1950 1953
f 1583 1586 1974
f 1974 1586 1975
f 1940 1943 1978
f 1978 1943 1979
f 1943 1976 1979
f 1979 1976 1975
f 1951 2875 1952
f 1952 2875 1947
f 1968 1940 1969
f 1969 1940 1978
f 1973 1959 1974
f 1974 1959 1965
f 1923 1971 1920
f 1920 1971 1921
f 1919 2875 1920
f 1920 2875 1924
f 2875 1951 1924
f 1924 1951 1926
f 1950 1957 1929
f 1929 1957 1930
f 2244 2243 1934
f 1934 2243 1935
f 1973 1976 1937
f 1937 1976 1938
f 1944 1980 1941
f 1941 1980 1942
f 1940 1968 1941
f 1941 1968 1945
f 2287 2244 1960
f 1960 2244 1934
f 1970 2245 1962
f 1962 2245 1963
f 2243 1931 1935
f 1935 1931 1930
f 1927 1926 1928
f 1928 1926 1929
f 1961 1922 1962
f 1962 1922 1921
f 2245 1946 1963
f 1963 1946 1945
f 1976 1943 1938
f 1938 1943 1942
f 1936 2287 1937
f 1937 2287 1960
f 743 1238 608
f 608 1238 609
f 607 1811 608
f 608 1811 744
f 1304 2876 1305
f 1305 2876 2877
f 586 585 1298
f 1298 585 1299
f 585 702 1299
f 1299 702 1300
f 702 1428 1300
f 1300 1428 1301
f 1238 586 609
f 609 586 1298
f 2878 2879 1218
f 1218 2879 2877
f 2880 2881 1812
f 1812 2881 1819
f 2883 1821 2882
f 2882 1821 1820
f 2840 2841 620
f 620 2841 621
f 2842 2843 795
f 795 2843 796
f 892 895 2844
f 2844 895 2845
f 2848 2840 942
f 942 2840 620
f 2849 927 1202
f 1202 927 1203
f 2852 2842 1270
f 1270 2842 795
f 2841 2852 621
f 621 2852 1270
f 941 1759 942
f 942 1759 2884
f 659 929 1427
f 1427 929 2847
f 1237 2851 751
f 751 2851 2850
f 1216 2885 1217
f 1217 2885 1754
f 2887 734 2886
f 2886 734 733
f 2889 1816 2888
f 2888 1816 1815
f 2890 1245 2889
f 2889 1245 1816
f 1824 2891 1825
f 1825 2891 1246
f 2892 2893 2895
f 2895 2893 2894
f 1854 1833 1851
f 1851 1833 1832
f 1851 1832 1884
f 1884 1832 1876
f 1884 1876 1441
f 1441 1876 1443
f 1441 1443 1442
f 1442 1443 1446
f 1442 1446 2896
f 2896 1446 1507
f 2897 2823 2898
f 2898 2823 1543
f 1542 2899 1543
f 1543 2899 2898
f 1542 1905 2899
f 2899 1905 2900
f 1905 1259 2900
f 2900 1259 2901
f 1262 1431 2902
f 2902 1431 1904
f 1431 1434 1904
f 1904 1434 1902
f 1902 1434 2903
f 2903 1434 719
f 2903 719 2904
f 2904 719 718
f 1869 1881 718
f 718 1881 2904
f 1881 1869 1880
f 1880 1869 756
f 1880 756 2905
f 2905 756 755
f 2905 755 2906
f 2906 755 758
f 762 2907 763
f 763 2907 2908
f 724 723 2909
f 2909 723 894
f 796 895 723
f 723 895 894
f 2843 2845 796
f 796 2845 895
f 2826 1496 2843
f 2843 1496 2845
f 2825 1497 2826
f 2826 1497 1496
f 1189 2836 2825
f 2825 2836 1497
f 797 891 798
f 798 891 2837
f 802 888 797
f 797 888 891
f 2910 2911 2913
f 2913 2911 2912
f 1780 1783 2915
f 2915 1783 2914
f 2916 2917 831
f 831 2917 832
f 2918 2919 845
f 845 2919 846
f 2920 2916 847
f 847 2916 831
f 2921 2922 857
f 857 2922 858
f 2923 2924 860
f 860 2924 861
f 2919 2912 846
f 846 2912 887
f 2925 2920 940
f 940 2920 847
f 2924 2926 861
f 861 2926 1204
f 2917 2918 832
f 832 2918 845
f 2927 2928 1449
f 1449 2928 1450
f 2929 2930 889
f 889 2930 2931
f 2896 1507 2897
f 2897 1507 2823
f 2902 2901 1262
f 1262 2901 1259
f 2932 2933 750
f 750 2933 1236
f 2933 2934 1236
f 1236 2934 1835
f 2936 2937 2935
f 2935 2937 2938
f 2940 2941 2939
f 2939 2941 2942
f 2943 2944 1841
f 1841 2944 1842
f 2945 1860 2944
f 2944 1860 1842
f 2945 2946 1860
f 1860 2946 1859
f 1889 2947 1890
f 1890 2947 1856
f 1856 2947 1857
f 1857 2947 2948
f 2950 709 2949
f 2949 709 1829
f 2952 730 2951
f 2951 730 729
f 2866 2953 2867
f 2867 2953 1761
f 2953 2954 1761
f 1761 2954 1420
f 2954 2955 1420
f 1420 2955 742
f 2955 2956 742
f 742 2956 739
f 2956 2957 739
f 739 2957 760
f 2957 2958 760
f 760 2958 761
f 2958 2959 761
f 761 2959 2960
f 2959 2961 2960
f 2960 2961 2962
f 2963 2964 1839
f 1839 2964 1840
f 2964 2965 1840
f 1840 2965 2942
f 2966 2950 2939
f 2939 2950 2949
f 2935 2967 2936
f 2936 2967 2968
f 2969 2970 736
f 736 2970 735
f 734 2887 1815
f 1815 2887 2888
f 2887 2882 2888
f 2888 2882 2881
f 1819 1820 1817
f 1817 1820 748
f 1195 1757 1197
f 1197 1757 1424
f 1757 647 1424
f 1424 647 646
f 647 648 646
f 646 648 643
f 648 1271 643
f 643 1271 737
f 1271 725 737
f 737 725 765
f 725 724 765
f 765 724 762
f 762 724 2907
f 2907 724 2909
f 1254 1437 2909
f 2909 1437 2907
f 1438 1253 1836
f 1836 1253 1835
f 1836 1835 2938
f 2938 1835 2934
f 2971 2972 2935
f 2935 2972 2967
f 897 896 2969
f 2969 896 2970
f 1815 1814 734
f 734 1814 731
f 728 1215 896
f 896 1215 732
f 2885 1216 733
f 733 1216 2886
f 1216 1219 2886
f 2886 1219 2883
f 2876 1304 1821
f 1821 1304 749
f 1304 1303 749
f 749 1303 746
f 1818 2973 1817
f 1817 2973 1810
f 747 2974 1818
f 1818 2974 2973
f 747 746 2974
f 2974 746 1303
f 2976 2977 2975
f 2975 2977 2978
f 2976 2979 2901
f 2901 2979 2900
f 2980 2981 2982
f 2982 2981 2979
f 2981 2980 2983
f 2983 2980 2984
f 2985 2897 2983
f 2983 2897 2898
f 2987 2988 2986
f 2986 2988 2985
f 2896 2988 1442
f 1442 2988 1439
f 1903 2977 1904
f 1904 2977 2902
f 1856 1855 1890
f 1890 1855 2989
f 2989 2990 1890
f 1890 2990 1359
f 2990 2991 1359
f 1359 2991 1356
f 2946 2992 1859
f 1859 2992 1893
f 2992 2993 1893
f 1893 2993 775
f 2993 2994 775
f 775 2994 776
f 2986 1356 2987
f 2987 1356 2991
f 2975 2978 776
f 776 2978 777
f 2982 2994 2980
f 2980 2994 2995
f 1357 2984 2995
f 2995 2984 2980
f 2995 2996 1357
f 1357 2996 1358
f 2996 2997 1358
f 1358 2997 1889
f 2998 2999 2932
f 2932 2999 2933
f 2999 2971 2933
f 2933 2971 2934
f 1837 1836 2937
f 2937 1836 2938
f 2943 1841 2941
f 2941 1841 1838
f 3001 2944 3000
f 3000 2944 2943
f 3001 3002 2944
f 2944 3002 2945
f 3002 3003 2945
f 2945 3003 2946
f 2997 3003 1889
f 1889 3003 2947
f 2947 3003 2948
f 2948 3003 3002
f 3001 3004 3002
f 3002 3004 2948
f 3000 3005 3001
f 3001 3005 3004
f 2940 3006 3000
f 3000 3006 3005
f 2999 3007 2971
f 2971 3007 2972
f 2998 2951 2999
f 2999 2951 3007
f 3008 2952 2998
f 2998 2952 2951
f 2966 2965 2936
f 2936 2965 2937
f 2935 2938 2971
f 2971 2938 2934
f 3003 2997 2946
f 2946 2997 2992
f 2997 2996 2992
f 2992 2996 2993
f 2996 2995 2993
f 2993 2995 2994
f 1356 2986 1357
f 1357 2986 2984
f 2982 2975 2994
f 2994 2975 776
f 1844 1843 1899
f 1899 1843 3009
f 1843 638 3009
f 3009 638 3010
f 638 637 3010
f 3010 637 3011
f 637 1830 3011
f 3011 1830 3012
f 1830 1833 3012
f 3012 1833 2894
f 1833 1854 2894
f 2894 1854 2895
f 1854 1853 2895
f 2895 1853 1888
f 1858 1857 1885
f 1885 1857 1892
f 1899 3009 1898
f 1898 3009 1874
f 3009 3010 1874
f 1874 3010 1865
f 3010 3011 1865
f 1865 3011 1862
f 3011 3012 1862
f 1862 3012 1882
f 3012 2894 1882
f 1882 2894 2893
f 1850 2890 782
f 782 2890 2889
f 783 2880 1811
f 1811 2880 1812
f 744 1810 745
f 745 1810 2973
f 745 2973 805
f 805 2973 806
f 2973 2974 806
f 806 2974 815
f 1303 812 2974
f 2974 812 815
f 1303 1302 812
f 812 1302 1221
f 1307 3013 1302
f 1302 3013 1221
f 1734 3014 1633
f 1633 3014 1634
f 1646 1649 1636
f 1636 1649 1637
f 1654 1657 1641
f 1641 1657 1642
f 1639 1736 1636
f 1636 1736 1684
f 1716 1713 1698
f 1698 1713 1699
f 1718 1721 1705
f 1705 1721 1706
f 1653 1654 1709
f 1709 1654 1641
f 1620 1623 1714
f 1714 1623 1699
f 1712 1682 1714
f 1714 1682 1740
f 1668 1671 1746
f 1746 1671 1747
f 1752 1650 1749
f 1749 1650 1750
f 1750 1650 1709
f 1709 1650 1653
f 1632 1668 1633
f 1633 1668 1746
f 1649 1752 1637
f 1637 1752 1749
f 1682 1643 1740
f 1740 1643 1642
f 3014 1685 1634
f 1634 1685 1684
f 1704 1748 1705
f 1705 1748 1747
f 1697 1707 1698
f 1698 1707 1706
f 1739 1701 1621
f 1621 1701 1622
f 1567 1566 1647
f 1647 1566 1648
f 1664 1695 1651
f 1651 1695 1652
f 1614 1617 1655
f 1655 1617 1656
f 1704 1707 1659
f 1659 1707 1660
f 3014 1734 1662
f 1662 1734 1663
f 1650 1752 1651
f 1651 1752 1665
f 1741 1657 1667
f 1667 1657 1656
f 1695 1614 1652
f 1652 1614 1655
f 1724 1567 1726
f 1726 1567 1647
f 1645 1628 1733
f 1733 1628 1663
f 1685 3014 1726
f 1726 3014 1662
f 1620 1741 1621
f 1621 1741 1667
f 1566 1666 1648
f 1648 1666 1665
f 1658 1737 1659
f 1659 1737 1901
f 1911 1661 1910
f 1910 1661 1660
f 1701 1911 1622
f 1622 1911 1910
f 1732 1748 1733
f 1733 1748 1901
f 1857 2948 1892
f 1892 2948 3004
f 1892 3004 1891
f 1891 3004 3005
f 1828 3006 1829
f 1829 3006 2949
f 2967 736 2968
f 2968 736 710
f 2972 2969 2967
f 2967 2969 736
f 2969 2972 897
f 897 2972 3007
f 897 3007 729
f 729 3007 2951
f 3016 753 3015
f 3015 753 752
f 3018 767 3017
f 3017 767 766
f 3019 3020 1249
f 1249 3020 3021
f 2915 2914 3019
f 3019 2914 3020
f 3023 2914 3022
f 3022 2914 1783
f 2827 2839 769
f 769 2839 766
f 3025 2838 3024
f 3024 2838 3021
f 768 767 2850
f 2850 767 3026
f 2850 3026 751
f 751 3026 752
f 750 753 2932
f 2932 753 3027
f 3008 2998 3027
f 3027 2998 2932
f 3028 3029 3008
f 3008 3029 2952
f 3029 3030 2952
f 2952 3030 730
f 3032 3033 3031
f 3031 3033 3034
f 3036 3037 3035
f 3035 3037 3038
f 2870 3039 612
f 612 3039 3040
f 3041 3042 3031
f 3031 3042 3038
f 3034 1352 3043
f 3043 1352 944
f 612 3040 613
f 613 3040 3044
f 613 3044 1425
f 1425 3044 1422
f 3045 3042 669
f 669 3042 670
f 3041 3043 599
f 599 3043 600
f 772 771 1544
f 1544 771 781
f 1503 771 1866
f 1866 771 770
f 771 1503 781
f 781 1503 778
f 61 281 416
f 416 281 1907
f 283 103 3046
f 3046 103 3047
f 76 79 3048
f 3048 79 3049
f 280 76 1906
f 1906 76 3048
f 3051 335 3050
f 3050 335 334
f 3053 417 3052
f 3052 417 416
f 3055 435 3054
f 3054 435 434
f 428 435 419
f 419 435 1908
f 420 1909 293
f 293 1909 443
f 79 294 3049
f 3049 294 444
f 3057 444 3056
f 3056 444 443
f 3051 3058 335
f 335 3058 452
f 216 215 1332
f 1332 215 452
f 308 283 462
f 462 283 3046
f 3050 334 3059
f 3059 334 462
f 103 62 3047
f 3047 62 417
f 313 312 434
f 434 312 463
f 3061 574 3060
f 3060 574 573
f 1310 3062 1428
f 1428 3062 3063
f 1258 3064 1255
f 1255 3064 2871
f 932 3065 2853
f 2853 3065 3066
f 699 2814 931
f 931 2814 3067
f 3068 1301 3063
f 3063 1301 1428
f 571 574 1310
f 1310 574 3062
f 3060 573 3069
f 3069 573 1332
f 3070 3071 1906
f 1906 3071 1907
f 3072 3073 1908
f 1908 3073 1909
f 3075 2814 3074
f 3074 2814 2813
f 2854 3076 1258
f 1258 3076 3064
f 2871 3077 2872
f 2872 3077 3078
f 3074 2813 3079
f 3079 2813 2873
f 2872 3078 1349
f 1349 3078 3080
f 2873 701 3068
f 3068 701 1301
f 1330 1201 3080
f 3080 1201 1349
f 1264 1263 3081
f 3081 1263 3082
f 3083 3084 3082
f 3082 3084 3081
f 811 1448 3086
f 3086 1448 3085
f 808 811 3087
f 3087 811 3086
f 3088 3083 833
f 833 3083 3082
f 884 3089 885
f 885 3089 3090
f 3087 1790 808
f 808 1790 816
f 1790 3087 1787
f 1787 3087 3091
f 3092 3091 3086
f 3086 3091 3087
f 3093 3094 3084
f 3084 3094 3095
f 3089 3096 3090
f 3090 3096 3088
f 3097 3093 3083
f 3083 3093 3084
f 3099 3100 3098
f 3098 3100 1786
f 3101 1788 2913
f 2913 1788 3102
f 838 837 885
f 885 837 886
f 886 837 3103
f 3103 837 1541
f 3094 3093 3104
f 3104 3093 3097
f 3105 3106 3089
f 3089 3106 3096
f 3108 3109 3107
f 3107 3109 3110
f 3111 3112 3091
f 3091 3112 1787
f 3114 3108 3113
f 3113 3108 3107
f 3114 3115 3112
f 3112 3115 3102
f 3091 3092 3111
f 3111 3092 3116
f 839 838 835
f 835 838 836
f 885 3090 838
f 838 3090 836
f 3110 3117 1247
f 1247 3117 3118
f 1247 3118 1248
f 1248 3118 3119
f 3120 3121 3119
f 3119 3121 1248
f 1247 844 3110
f 3110 844 3107
f 844 843 3107
f 3107 843 3113
f 843 3099 3113
f 3113 3099 3122
f 1781 3123 3098
f 3098 3123 3124
f 2915 2931 1780
f 1780 2931 2930
f 3019 3125 2915
f 2915 3125 2931
f 890 3125 2834
f 2834 3125 1252
f 3125 3019 1252
f 1252 3019 1249
f 907 908 946
f 946 908 947
f 1185 1188 1369
f 1369 1188 948
f 954 957 951
f 951 957 952
f 910 965 953
f 953 965 950
f 905 958 960
f 960 958 961
f 3126 978 949
f 949 978 962
f 936 935 967
f 967 935 968
f 994 993 969
f 969 993 966
f 902 904 971
f 971 904 972
f 983 985 973
f 973 985 970
f 906 905 974
f 974 905 960
f 977 981 959
f 959 981 975
f 911 910 1143
f 1143 910 953
f 952 957 1142
f 1142 957 1145
f 911 1143 1366
f 1366 1143 1368
f 1185 1369 1145
f 1145 1369 1142
f 993 1519 966
f 966 1519 1456
f 965 1454 950
f 950 1454 1457
f 900 899 1459
f 1459 899 1460
f 988 991 1461
f 1461 991 1458
f 899 963 1460
f 1460 963 1462
f 985 987 970
f 970 987 1463
f 904 906 972
f 972 906 974
f 981 983 975
f 975 983 973
f 935 900 968
f 968 900 1459
f 991 994 1458
f 1458 994 969
f 1154 1526 1088
f 1088 1526 1089
f 1109 1112 1092
f 1092 1112 1093
f 1083 1098 1084
f 1084 1098 1097
f 1078 1471 1100
f 1100 1471 1101
f 1075 1078 1104
f 1104 1078 1100
f 1152 1154 1156
f 1156 1154 1088
f 1156 1155 1372
f 1372 1155 1373
f 1372 1373 1104
f 1104 1373 1075
f 1467 1109 1465
f 1465 1109 1092
f 1465 1182 1468
f 1468 1182 1184
f 1474 1470 1096
f 1096 1470 1097
f 1102 1101 1083
f 1083 1101 1098
f 1112 1531 1093
f 1093 1531 1529
f 1102 1073 1099
f 1099 1073 1072
f 1526 1154 1079
f 1079 1154 1080
f 1081 1091 1082
f 1082 1091 1094
f 1069 1068 1085
f 1085 1068 1086
f 1153 1151 1080
f 1080 1151 1058
f 1371 1177 1179
f 1179 1177 1176
f 1099 1072 1103
f 1103 1072 1176
f 1068 1071 1086
f 1086 1071 1073
f 1085 1084 1180
f 1180 1084 1469
f 1066 1065 1183
f 1183 1065 1181
f 1153 1152 1177
f 1177 1152 1178
f 1091 1081 1182
f 1182 1081 1183
f 1057 1525 1079
f 1079 1525 1527
f 1120 1117 1076
f 1076 1117 1077
f 1087 1090 1107
f 1107 1090 1108
f 1127 1126 1110
f 1110 1126 1111
f 1095 1116 1096
f 1096 1116 1115
f 1471 1078 1119
f 1119 1078 1077
f 1087 1107 1155
f 1155 1107 1158
f 1376 1374 1157
f 1157 1374 1158
f 1076 1075 1374
f 1374 1075 1373
f 1109 1467 1110
f 1110 1467 1472
f 1467 1466 1472
f 1472 1466 1473
f 1135 1475 1114
f 1114 1475 1115
f 1471 1119 1095
f 1095 1119 1116
f 1126 1532 1111
f 1111 1532 1530
f 914 1276 1480
f 1480 1276 1517
f 3127 3128 1223
f 1223 3128 1224
f 824 933 1455
f 1455 933 3129
f 3131 1448 3130
f 3130 1448 1447
f 3132 3133 1452
f 1452 3133 1453
f 3130 1447 1322
f 1322 1447 1455
f 933 1514 3129
f 3129 1514 3134
f 1161 3135 1480
f 1480 3135 1481
f 3128 3136 1224
f 1224 3136 1499
f 3133 1162 1453
f 1453 1162 1517
f 1515 3127 1535
f 1535 3127 1223
f 3095 3085 3131
f 3131 3085 1448
f 3137 3092 3085
f 3085 3092 3086
f 3138 3116 3137
f 3137 3116 3092
f 3110 3109 3117
f 3117 3109 3139
f 3105 3140 3117
f 3117 3140 3118
f 3140 3141 3118
f 3118 3141 3119
f 3142 3120 3141
f 3141 3120 3119
f 1498 3143 1277
f 1277 3143 882
f 3144 3145 1340
f 1340 3145 1339
f 1340 3146 3144
f 3144 3146 3147
f 3145 3144 3143
f 3143 3144 3148
f 871 901 872
f 872 901 1362
f 3149 3148 3147
f 3147 3148 3144
f 1208 3150 1209
f 3098 1786 1781
f 1781 1786 1782
f 2930 2929 3123
f 3123 2929 2911
f 1794 1791 2916
f 2916 1791 2917
f 1793 3101 2918
f 2918 3101 2919
f 1796 1794 2920
f 2920 1794 2916
f 3151 3152 2921
f 2921 3152 2922
f 3153 3154 2923
f 2923 3154 2924
f 2919 3101 2912
f 2912 3101 2913
f 3155 1796 2925
f 2925 1796 2920
f 3154 3156 2924
f 2924 3156 2926
f 1791 1793 2917
f 2917 1793 2918
f 3157 3158 2927
f 2927 3158 2928
f 1780 2930 1781
f 1781 2930 3123
f 2825 1267 1189
f 1189 1267 1190
f 2827 2828 1250
f 1250 2828 1251
f 1489 2830 1324
f 1324 2830 1325
f 923 1328 1334
f 1334 1328 1335
f 1485 2832 1482
f 1482 2832 1483
f 1266 1490 1492
f 1492 1490 1493
f 1333 1346 1334
f 1334 1346 2824
f 722 799 1492
f 1492 799 1190
f 664 657 1482
f 1482 657 2833
f 631 634 1324
f 1324 634 1493
f 2828 1494 1251
f 1251 1494 2835
f 1249 3021 1250
f 1250 3021 2838
f 798 2837 1189
f 1189 2837 2836
f 3100 842 3160
f 3160 842 3159
f 1788 3101 1789
f 1789 3101 1793
f 1792 816 1789
f 1789 816 1790
f 817 816 1795
f 1795 816 1792
f 938 817 1797
f 1797 817 1795
f 1796 3155 1797
f 1797 3155 1798
f 3155 3158 1798
f 1798 3158 1799
f 3157 3152 1801
f 1801 3152 1802
f 3151 3156 1803
f 1803 3156 1804
f 3154 3153 1805
f 1805 3153 1806
f 3153 3161 1806
f 1806 3161 1807
f 3099 843 3100
f 3100 843 842
f 1788 1787 3102
f 3102 1787 3112
f 2910 3115 3124
f 3124 3115 3122
f 3099 3098 3122
f 3122 3098 3124
f 416 1907 3052
f 3052 1907 3071
f 3046 3047 3163
f 3163 3047 3162
f 249 445 259
f 259 445 3164
f 425 3165 424
f 424 3165 461
f 408 410 329
f 329 410 330
f 39 331 40
f 40 331 332
f 305 304 423
f 423 304 464
f 385 254 458
f 458 254 392
f 250 415 251
f 251 415 412
f 233 337 234
f 234 337 3166
f 435 3055 1908
f 1908 3055 3072
f 443 1909 3056
f 3056 1909 3073
f 3167 3049 3057
f 3057 3049 444
f 452 3058 1332
f 1332 3058 3069
f 234 3166 346
f 346 3166 411
f 3046 3163 462
f 462 3163 3059
f 259 3164 260
f 260 3164 336
f 3047 417 3162
f 3162 417 3053
f 463 3168 434
f 434 3168 3054
f 454 830 425
f 425 830 3165
f 3062 3169 3063
f 3063 3169 3170
f 1355 1354 1534
f 1534 1354 3171
f 3063 3170 3068
f 3068 3170 3172
f 574 3061 3062
f 3062 3061 3169
f 1534 3171 1535
f 1535 3171 3173
f 3079 2873 3172
f 3172 2873 3068
f 2838 3025 2839
f 2839 3025 3174
f 3176 3177 3175
f 3175 3177 3178
f 3180 1125 3179
f 3179 1125 1128
f 3182 3183 3181
f 3181 3183 3184
f 1134 3185 1130
f 1130 3185 3182
f 3186 3187 3189
f 3189 3187 3188
f 3191 3189 3190
f 3190 3189 3188
f 1137 1122 3190
f 3190 1122 3192
f 3175 3178 3193
f 3193 3178 3194
f 3181 3184 3179
f 3179 3184 3195
f 3197 3198 3196
f 3196 3198 3180
f 3200 3178 3199
f 3199 3178 3177
f 3202 3196 3201
f 3201 3196 3195
f 3204 3184 3203
f 3203 3184 3183
f 3206 3207 3205
f 3205 3207 3186
f 3205 3186 3208
f 3208 3186 3189
f 3209 3208 3191
f 3191 3208 3189
f 3210 3194 3200
f 3200 3194 3178
f 3201 3195 3204
f 3204 3195 3184
f 3197 3211 3177
f 3177 3211 3199
f 3213 3214 3212
f 3212 3214 3215
f 3217 3218 3216
f 3216 3218 3219
f 3221 3222 3220
f 3220 3222 3223
f 3225 3226 3224
f 3224 3226 3227
f 3229 3230 3228
f 3228 3230 3231
f 3233 3234 3232
f 3232 3234 3235
f 3237 3238 3236
f 3236 3238 3239
f 3238 3240 3239
f 3239 3240 3241
f 3232 3235 3242
f 3242 3235 3243
f 3245 3246 3244
f 3244 3246 3247
f 3248 3249 3245
f 3245 3249 3246
f 3251 3252 3250
f 3250 3252 3253
f 3255 3252 3254
f 3254 3252 3251
f 3256 3257 3259
f 3259 3257 3258
f 3261 3262 3260
f 3260 3262 3263
f 3265 3263 3264
f 3264 3263 3262
f 3256 3259 3266
f 3266 3259 3267
f 3269 3270 3268
f 3268 3270 3271
f 3269 3272 3270
f 3270 3272 3273
f 3274 3275 3277
f 3277 3275 3276
f 3278 3279 3276
f 3276 3279 3277
f 3281 3282 3280
f 3280 3282 3283
f 3280 3284 3281
f 3281 3284 3285
f 3287 3288 3286
f 3286 3288 3289
f 3290 3291 3288
f 3288 3291 3289
f 3234 3218 3235
f 3235 3218 3217
f 3232 3292 3233
f 3233 3292 3293
f 3239 3294 3236
f 3236 3294 3219
f 3233 3293 3237
f 3237 3293 3295
f 3296 3294 3241
f 3241 3294 3239
f 3240 3238 3297
f 3297 3238 3298
f 3217 3216 3235
f 3235 3216 3243
f 3297 3299 3240
f 3240 3299 3242
f 3246 3300 3247
f 3247 3300 3223
f 3301 3302 3254
f 3254 3302 3244
f 3249 3303 3246
f 3246 3303 3300
f 3245 3304 3248
f 3248 3304 3292
f 3252 3221 3253
f 3253 3221 3220
f 3250 3248 3299
f 3299 3248 3292
f 3222 3221 3255
f 3255 3221 3252
f 3297 3301 3251
f 3251 3301 3254
f 3258 3214 3259
f 3259 3214 3213
f 3257 3256 3304
f 3304 3256 3305
f 3263 3306 3260
f 3260 3306 3215
f 3261 3257 3302
f 3302 3257 3304
f 3307 3306 3265
f 3265 3306 3263
f 3262 3301 3264
f 3264 3301 3308
f 3259 3213 3267
f 3267 3213 3212
f 3308 3309 3264
f 3264 3309 3266
f 3270 3310 3271
f 3271 3310 3231
f 3311 3312 3278
f 3278 3312 3268
f 3270 3273 3310
f 3310 3273 3313
f 3272 3269 3305
f 3305 3269 3314
f 3277 3229 3274
f 3274 3229 3228
f 3275 3272 3309
f 3309 3272 3305
f 3279 3230 3277
f 3277 3230 3229
f 3276 3308 3278
f 3278 3308 3311
f 3281 3315 3282
f 3282 3315 3227
f 3290 3316 3283
f 3283 3316 3317
f 3281 3285 3315
f 3315 3285 3318
f 3284 3280 3314
f 3314 3280 3319
f 3289 3225 3286
f 3286 3225 3224
f 3287 3284 3312
f 3284 3314 3312
f 3291 3226 3289
f 3289 3226 3225
f 3288 3311 3290
f 3290 3311 3316
f 3212 3215 3307
f 3307 3215 3306
f 3294 3296 3219
f 3219 3296 3216
f 3303 3220 3300
f 3300 3220 3223
f 3224 3227 3318
f 3318 3227 3315
f 3228 3231 3313
f 3313 3231 3310
f 3234 3233 3236
f 3236 3233 3237
f 3243 3241 3242
f 3242 3241 3240
f 3247 3255 3244
f 3244 3255 3254
f 3253 3249 3250
f 3250 3249 3248
f 3260 3258 3261
f 3261 3258 3257
f 3266 3267 3264
f 3264 3267 3265
f 3268 3271 3278
f 3278 3271 3279
f 3274 3273 3275
f 3275 3273 3272
f 3283 3282 3290
f 3290 3282 3291
f 3286 3285 3287
f 3287 3285 3284
f 3218 3234 3219
f 3219 3234 3236
f 3295 3298 3237
f 3237 3298 3238
f 3216 3296 3243
f 3243 3296 3241
f 3242 3299 3232
f 3232 3299 3292
f 3223 3222 3247
f 3247 3222 3255
f 3244 3302 3245
f 3245 3302 3304
f 3303 3249 3220
f 3220 3249 3253
f 3297 3251 3299
f 3299 3251 3250
f 3215 3214 3260
f 3260 3214 3258
f 3301 3262 3302
f 3302 3262 3261
f 3212 3307 3267
f 3267 3307 3265
f 3266 3309 3256
f 3256 3309 3305
f 3271 3231 3279
f 3279 3231 3230
f 3268 3312 3269
f 3269 3312 3314
f 3228 3313 3274
f 3274 3313 3273
f 3308 3276 3309
f 3309 3276 3275
f 3282 3227 3291
f 3291 3227 3226
f 3317 3319 3283
f 3283 3319 3280
f 3224 3318 3286
f 3286 3318 3285
f 3312 3311 3287
f 3311 3288 3287
f 3320 3321 3194
f 3194 3321 3193
f 1375 3321 1121
f 1121 3321 3322
f 3323 3324 3322
f 3322 3324 3192
f 3175 1124 3176
f 3176 1124 1123
f 3179 3195 3180
f 3180 3195 3196
f 3181 1131 3182
f 3182 1131 1130
f 3207 3185 3186
f 3186 3185 3187
f 1136 3188 1133
f 1133 3188 3187
f 3190 3188 1137
f 1137 3188 1136
f 3193 1159 3175
f 3175 1159 1124
f 3179 1128 3181
f 3181 1128 1131
f 1533 3198 1123
f 1123 3198 3176
f 3321 1375 3193
f 3193 1375 1159
f 3321 3320 3322
f 3322 3320 3323
f 1122 1121 3192
f 3192 1121 3322
f 3194 3210 3320
f 3320 3210 3325
f 3324 3323 3327
f 3327 3323 3326
f 3320 3325 3323
f 3323 3325 3326
f 3208 3328 3205
f 3205 3328 3329
f 3330 3206 3329
f 3329 3206 3205
f 3203 3331 3204
f 3204 3331 3332
f 3210 3333 3325
f 3325 3333 3334
f 3325 3334 3326
f 3326 3334 3335
f 3327 3326 3336
f 3336 3326 3335
f 3327 3209 3324
f 3324 3209 3191
f 3190 3192 3191
f 3191 3192 3324
f 3338 3339 3337
f 3337 3339 3340
f 3338 3341 3339
f 3339 3341 3342
f 3341 3343 3342
f 3342 3343 3344
f 3343 3345 3344
f 3344 3345 3346
f 3345 3347 3346
f 3346 3347 3348
f 3347 3349 3348
f 3348 3349 3350
f 3337 3340 3351
f 3351 3340 3352
f 3351 3352 3353
f 3353 3352 3354
f 3353 3354 3355
f 3355 3354 3356
f 3350 3349 3357
f 3357 3349 3358
f 3355 3356 3359
f 3359 3356 3360
f 3359 3360 3361
f 3361 3360 3362
f 3361 3362 3363
f 3363 3362 3364
f 3363 3364 3358
f 3358 3364 3357
f 3339 3342 3365
f 3365 3342 3366
f 3342 3344 3366
f 3366 3344 3367
f 3344 3346 3367
f 3367 3346 3368
f 3346 3348 3368
f 3368 3348 3369
f 3348 3350 3369
f 3369 3350 3370
f 3368 3369 3371
f 3371 3369 3372
f 3369 3370 3372
f 3372 3370 3373
f 3373 3374 3372
f 3372 3374 3375
f 3377 3378 3376
f 3376 3378 3379
f 3377 3375 3378
f 3378 3375 3374
f 3375 3380 3372
f 3372 3380 3371
f 3377 3381 3375
f 3375 3381 3380
f 3376 3382 3377
f 3377 3382 3381
f 3384 3385 3383
f 3383 3385 3386
f 3384 3383 3388
f 3388 3383 3387
f 3388 3387 3389
f 3389 3387 3390
f 3392 3385 3391
f 3391 3385 3384
f 3388 3393 3384
f 3384 3393 3391
f 3389 3394 3388
f 3388 3394 3393
f 3389 3395 3394
f 3394 3395 3396
f 3395 3389 3397
f 3397 3389 3390
f 3339 3365 3340
f 3340 3365 3398
f 3340 3398 3352
f 3352 3398 3399
f 3371 3400 3368
f 3368 3400 3367
f 3400 3401 3367
f 3367 3401 3366
f 3366 3401 3365
f 3365 3401 3402
f 3398 3365 3403
f 3403 3365 3402
f 3398 3403 3399
f 3399 3403 3404
f 3403 3405 3404
f 3404 3405 3406
f 3352 3399 3354
f 3354 3399 3407
f 3399 3404 3407
f 3407 3404 3408
f 3404 3406 3408
f 3408 3406 3409
f 3405 3410 3406
f 3406 3410 3411
f 3410 3412 3411
f 3411 3412 3413
f 3397 3414 3395
f 3395 3414 3415
f 3417 3415 3416
f 3416 3415 3412
f 3410 3418 3412
f 3412 3418 3416
f 3410 3405 3418
f 3418 3405 3419
f 3405 3403 3419
f 3419 3403 3402
f 3370 3350 3420
f 3420 3350 3357
f 3373 3370 3421
f 3421 3370 3420
f 3374 3373 3422
f 3422 3373 3421
f 3378 3374 3423
f 3423 3374 3422
f 3378 3423 3379
f 3379 3423 3424
f 3424 3425 3379
f 3379 3425 3386
f 3383 3426 3387
f 3387 3426 3427
f 3387 3427 3390
f 3390 3427 3428
f 3390 3428 3397
f 3397 3428 3429
f 3429 3430 3397
f 3397 3430 3414
f 3411 3413 3431
f 3431 3413 3432
f 3406 3411 3409
f 3409 3411 3431
f 3401 3400 3335
f 3335 3400 3336
f 3401 3335 3402
f 3402 3335 3334
f 3402 3334 3419
f 3419 3334 3333
f 3419 3333 3418
f 3418 3333 3433
f 3418 3433 3416
f 3416 3433 3434
f 3435 3417 3434
f 3434 3417 3416
f 3394 3396 3436
f 3436 3396 3437
f 3393 3394 3332
f 3332 3394 3436
f 3393 3332 3391
f 3391 3332 3331
f 3330 3392 3331
f 3331 3392 3391
f 3382 3329 3381
f 3381 3329 3328
f 3354 3407 3356
f 3356 3407 3438
f 3356 3438 3360
f 3360 3438 3439
f 3360 3439 3362
f 3362 3439 3440
f 3362 3440 3364
f 3364 3440 3441
f 3364 3441 3357
f 3357 3441 3420
f 3421 3420 3442
f 3442 3420 3441
f 3442 3441 3443
f 3443 3441 3440
f 3443 3440 3444
f 3444 3440 3439
f 3444 3439 3445
f 3445 3439 3438
f 3445 3438 3408
f 3408 3438 3407
f 3422 3421 3446
f 3446 3421 3442
f 3446 3442 3447
f 3447 3442 3443
f 3447 3443 3448
f 3448 3443 3444
f 3448 3444 3449
f 3449 3444 3445
f 3449 3445 3409
f 3409 3445 3408
f 3409 3431 3449
f 3449 3431 3450
f 3449 3450 3448
f 3448 3450 3451
f 3451 3452 3448
f 3448 3452 3447
f 3447 3452 3446
f 3446 3452 3453
f 3446 3453 3422
f 3422 3453 3423
f 3424 3423 3454
f 3454 3423 3453
f 3452 3455 3453
f 3453 3455 3454
f 3452 3451 3455
f 3455 3451 3456
f 3450 3457 3451
f 3451 3457 3456
f 3431 3432 3450
f 3450 3432 3457
f 3454 3458 3424
f 3424 3458 3425
f 3427 3426 3459
f 3459 3426 3460
f 3428 3427 3461
f 3461 3427 3459
f 3428 3461 3429
f 3429 3461 3462
f 3462 3463 3429
f 3429 3463 3430
f 3464 3465 3462
f 3462 3465 3463
f 3455 3466 3454
f 3454 3466 3458
f 3465 3464 3466
f 3466 3464 3467
f 3461 3459 3468
f 3468 3459 3469
f 3468 3469 3464
f 3464 3469 3467
f 3464 3462 3468
f 3468 3462 3461
f 3459 3460 3469
f 3469 3460 3467
f 3295 3351 3298
f 3298 3351 3353
f 3353 3355 3298
f 3298 3355 3297
f 3297 3355 3301
f 3301 3355 3359
f 3301 3359 3308
f 3308 3359 3361
f 3308 3361 3311
f 3311 3361 3363
f 3311 3363 3316
f 3316 3363 3358
f 3316 3358 3317
f 3317 3358 3349
f 3349 3347 3317
f 3317 3347 3319
f 3347 3345 3319
f 3319 3345 3314
f 3345 3343 3314
f 3314 3343 3305
f 3343 3341 3305
f 3305 3341 3304
f 3304 3341 3292
f 3292 3341 3338
f 3292 3338 3293
f 3293 3338 3337
f 3293 3337 3295
f 3295 3337 3351
f 3437 3202 3436
f 3436 3202 3201
f 3436 3201 3332
f 3332 3201 3204
f 3433 3200 3434
f 3434 3200 3199
f 3211 3435 3199
f 3199 3435 3434
f 3333 3210 3433
f 3433 3210 3200
f 3380 3470 3371
f 3400 3371 3336
f 3336 3371 3470
f 3381 3328 3380
f 3380 3328 3470
f 3470 3328 3209
f 3209 3328 3208
f 3336 3470 3327
f 3327 3470 3209
f 1545 1763 1546
f 1546 1763 1762
f 1403 1546 773
f 773 1546 770
f 1221 3013 1220
f 1220 3013 3471
f 1305 2877 1306
f 1306 2877 2879
f 1220 3471 828
f 828 3471 829
f 1217 1754 3472
f 3472 1754 1756
f 1049 3473 1048
f 1048 3473 3474
f 1371 1179 3473
f 3473 1179 3474
f 1074 3475 1179
f 1179 3475 3474
f 3474 3475 1048
f 1048 3475 1056
f 919 666 1345
f 1345 666 665
f 856 680 919
f 919 680 666
f 679 680 1449
f 1449 680 858
f 1367 878 1500
f 1500 878 877
f 1366 908 1367
f 1367 908 878
f 1512 916 1513
f 1513 916 915
f 947 1368 948
f 948 1368 1369
f 1047 1021 1044
f 1044 1021 1020
f 1370 1049 1019
f 1019 1049 1020
f 1173 1030 1174
f 1174 1030 1033
f 3126 1188 1464
f 1464 1188 1187
f 1800 1451 1512
f 1512 1451 916
f 1175 1174 1186
f 1186 1174 1187
f 1030 1173 1047
f 1047 1173 1021
f 1513 915 3476
f 3476 915 1481
f 1345 665 3477
f 3477 665 1483
f 1502 1501 876
f 876 1501 877
f 1205 1451 1803
f 1803 1451 1802
f 3479 2832 3478
f 3478 2832 2831
f 1449 858 2927
f 2927 858 2922
f 908 1366 947
f 947 1366 1368
f 949 948 3126
f 3126 948 1188
f 3480 3135 1502
f 1502 3135 1501
f 2927 2922 3157
f 3157 2922 3152
f 3477 1483 3479
f 3479 1483 2832
f 1803 1802 3151
f 3151 1802 3152
f 663 658 664
f 664 658 657
f 655 658 939
f 939 658 706
f 1512 870 1800
f 1800 870 869
f 875 874 876
f 876 874 873
f 849 874 905
f 905 874 958
f 949 962 946
f 946 962 961
f 978 3126 979
f 979 3126 1464
f 1031 1168 1032
f 1032 1168 1022
f 1045 1013 1046
f 1046 1013 1012
f 1045 1044 1056
f 1056 1044 1048
f 1047 1046 1030
f 1030 1046 1031
f 939 706 940
f 940 706 1450
f 979 1464 1032
f 1032 1464 1033
f 3480 1478 3476
f 3476 1478 3134
f 2829 1487 2830
f 2830 1487 1486
f 848 1230 873
f 873 1230 1479
f 867 870 933
f 933 870 1514
f 1800 869 1801
f 1801 869 1799
f 2830 1486 1325
f 1325 1486 2833
f 940 1450 2925
f 2925 1450 2928
f 946 961 907
f 907 961 958
f 959 962 977
f 977 962 978
f 3476 3134 1513
f 1513 3134 1514
f 2925 2928 3155
f 3155 2928 3158
f 1325 2833 656
f 656 2833 657
f 1801 1799 3157
f 3157 1799 3158
f 1074 1055 3475
f 3475 1055 1056
f 1371 3473 1370
f 1370 3473 1049
f 2884 615 3481
f 3481 615 618
f 3478 2831 2846
f 2846 2831 617
f 2831 1484 617
f 617 1484 618
f 1484 1487 618
f 618 1487 3481
f 2848 3481 2829
f 2829 3481 1487
f 1480 1517 1161
f 1161 1517 1162
f 3129 1323 1455
f 1455 1323 1322
f 3129 3134 1323
f 1323 3134 1478
f 1535 3173 1515
f 1515 3173 1516
f 3085 3095 3137
f 3137 3095 3094
f 3137 3094 3138
f 3138 3094 3104
f 3117 3139 3105
f 3105 3139 3106
f 1138 1141 3127
f 3127 1141 3128
f 3081 3131 1264
f 1264 3131 3130
f 1227 1226 3132
f 3132 1226 3133
f 1264 3130 1229
f 1229 3130 1322
f 1160 1501 1161
f 1161 1501 3135
f 1141 1476 3128
f 3128 1476 3136
f 1226 1163 3133
f 3133 1163 1162
f 1363 1138 1515
f 1515 1138 3127
f 3084 3095 3081
f 3081 3095 3131
f 3089 884 3105
f 3105 884 3140
f 884 883 3140
f 3140 883 3141
f 883 3482 3141
f 3141 3482 3142
f 3476 1481 3480
f 3480 1481 3135
f 1502 1479 3480
f 3480 1479 1478
f 3168 463 440
f 714 1880 715
f 715 1880 2905
f 896 732 2970
f 2970 732 731
f 1263 834 3082
f 3082 834 833
f 898 1231 853
f 853 1231 854
f 3125 890 2931
f 2931 890 889
f 1237 893 2851
f 2851 893 892
f 898 853 899
f 899 853 963
f 988 987 989
f 989 987 986
f 1002 1007 1003
f 1003 1007 1006
f 1038 1036 1007
f 1007 1036 1004
f 1070 1052 1005
f 1005 1052 1006
f 1069 1067 1070
f 1070 1067 1052
f 1130 1129 1134
f 1134 1129 1135
f 879 1167 880
f 880 1167 1166
f 1171 1169 1037
f 1037 1169 1038
f 1085 1180 1069
f 1069 1180 1067
f 1209 1210 879
f 879 1210 1167
f 2885 1215 1754
f 1754 1215 1214
f 1263 855 834
f 834 855 854
f 708 1244 1826
f 1826 1244 1243
f 2909 894 1254
f 1254 894 893
f 1228 1361 964
f 964 1361 1360
f 2908 2907 1436
f 1436 2907 1437
f 2990 1440 2991
f 2991 1440 1439
f 964 1360 965
f 965 1360 1454
f 950 1457 951
f 951 1457 1456
f 970 1463 971
f 971 1463 1462
f 1025 1169 984
f 984 1169 986
f 1084 1097 1469
f 1469 1097 1470
f 1096 1115 1474
f 1474 1115 1475
f 1140 1361 1141
f 1141 1361 1476
f 1212 1495 2828
f 2828 1495 1494
f 880 1166 1452
f 1452 1166 1499
f 715 2905 1504
f 1504 2905 2906
f 954 1519 955
f 955 1519 1518
f 1026 1520 992
f 992 1520 1518
f 1029 1520 1043
f 1043 1520 1521
f 997 1522 1040
f 1040 1522 1521
f 1015 1522 1016
f 1016 1522 1523
f 1523 996 1524
f 1524 996 1062
f 1057 1060 1525
f 1525 1060 1524
f 1094 1528 1082
f 1082 1528 1527
f 1526 1528 1089
f 1089 1528 1529
f 1090 1531 1108
f 1108 1531 1530
f 1125 1533 1126
f 1126 1533 1532
f 3483 1755 727
f 727 1755 1214
f 735 1814 707
f 707 1814 1813
f 2891 1834 1246
f 1246 1834 1243
f 2904 1881 1847
f 1847 1881 1848
f 1852 1855 1853
f 1853 1855 1858
f 1902 2903 1877
f 1877 2903 1878
f 2903 2904 1878
f 1878 2904 1847
f 714 713 1848
f 1848 713 1849
f 1440 2990 1883
f 1883 2990 2989
f 1883 2989 1852
f 1852 2989 1855
f 2895 1888 2892
f 2892 1888 1887
f 774 777 1877
f 1877 777 1903
f 1251 2835 1252
f 1252 2835 2834
f 1213 2844 1212
f 1212 2844 1495
f 2851 892 1213
f 1213 892 2844
f 3123 2911 3124
f 3124 2911 2910
f 887 2929 888
f 888 2929 889
f 1435 2963 1436
f 1436 2963 2961
f 1253 1438 1254
f 1254 1438 1437
f 2970 731 735
f 735 731 1814
f 733 732 2885
f 2885 732 1215
f 2901 2902 2976
f 2976 2902 2977
f 2975 2982 2976
f 2976 2982 2979
f 2899 2900 2981
f 2981 2900 2979
f 2899 2981 2898
f 2898 2981 2983
f 2986 2985 2984
f 2984 2985 2983
f 2897 2985 2896
f 2896 2985 2988
f 2991 1439 2987
f 2987 1439 2988
f 777 2978 1903
f 1903 2978 2977
f 1885 1888 1858
f 1858 1888 1853
f 3090 3088 836
f 836 3088 833
f 3083 3088 3097
f 3097 3088 3096
f 3097 3096 3104
f 3104 3096 3106
f 3111 3116 3108
f 3108 3116 3109
f 3112 3111 3114
f 3114 3111 3108
f 3113 3122 3114
f 3114 3122 3115
f 891 890 2837
f 2837 890 2834
f 951 1456 954
f 954 1456 1519
f 967 1457 936
f 936 1457 1454
f 971 1462 902
f 902 1462 963
f 1461 1463 988
f 988 1463 987
f 1466 1468 1474
f 1474 1468 1470
f 1089 1529 1090
f 1090 1529 1531
f 1184 1181 1469
f 1469 1181 1180
f 1082 1527 1061
f 1061 1527 1525
f 1129 1473 1135
f 1135 1473 1475
f 1108 1530 1105
f 1105 1530 1532
f 1452 1499 3132
f 3132 1499 3136
f 3109 3116 3139
f 3139 3116 3138
f 2912 2911 887
f 887 2911 2929
f 2836 2835 1497
f 1497 2835 1494
f 2913 3102 2910
f 2910 3102 3115
f 1133 3187 1134
f 1134 3187 3185
f 3177 3176 3197
f 3197 3176 3198
f 3203 3183 3206
f 3206 3183 3207
f 3196 3202 3197
f 3197 3202 3211
f 3183 3182 3207
f 3207 3182 3185
f 1125 3180 1533
f 1533 3180 3198
f 3331 3203 3330
f 3330 3203 3206
f 3376 3379 3385
f 3385 3379 3386
f 3382 3376 3392
f 3392 3376 3385
f 3412 3415 3413
f 3413 3415 3414
f 3417 3396 3415
f 3415 3396 3395
f 3383 3386 3426
f 3426 3386 3425
f 3413 3414 3432
f 3432 3414 3430
f 3437 3396 3435
f 3435 3396 3417
f 3329 3382 3330
f 3330 3382 3392
f 3426 3425 3460
f 3460 3425 3458
f 3432 3430 3457
f 3457 3430 3463
f 3457 3463 3456
f 3456 3463 3465
f 3460 3458 3467
f 3467 3458 3466
f 3466 3455 3465
f 3465 3455 3456
f 3202 3437 3211
f 3211 3437 3435
f 3104 3106 3138
f 3138 3106 3139
f 3132 3136 1227
f 1227 3136 1476
f 943 687 600
f 600 687 601
f 596 625 667
f 667 625 1297
f 687 686 601
f 601 686 653
f 1319 784 711
f 711 784 712
f 1811 607 783
f 783 607 712
f 862 921 917
f 917 921 920
f 3478 925 3479
f 3479 925 924
f 2846 926 3478
f 3478 926 925
f 659 662 929
f 929 662 930
f 856 921 857
f 857 921 1204
f 1206 864 1207
f 1207 864 863
f 2876 1219 2877
f 2877 1219 1218
f 667 1297 593
f 593 1297 1296
f 917 920 1333
f 1333 920 1346
f 686 693 653
f 653 693 930
f 1277 913 1498
f 1498 913 1207
f 592 1536 610
f 610 1536 711
f 864 1206 1805
f 1805 1206 1804
f 1317 1536 1900
f 1900 1536 1809
f 1900 1809 1295
f 1295 1809 1296
f 3479 924 3477
f 3477 924 2824
f 927 926 1203
f 1203 926 2847
f 3484 2859 3032
f 3032 2859 3033
f 3472 2878 1217
f 1217 2878 1218
f 2889 2888 2880
f 2880 2888 2881
f 2886 2883 2887
f 2887 2883 2882
f 929 928 2847
f 2847 928 1203
f 857 1204 2921
f 2921 1204 2926
f 1820 1819 2882
f 2882 1819 2881
f 1821 2883 2876
f 2876 2883 1219
f 782 2889 783
f 783 2889 2880
f 1352 3034 1353
f 1353 3034 3033
f 3031 3034 3041
f 3041 3034 3043
f 944 943 3043
f 3043 943 600
f 1339 3145 1498
f 1498 3145 3143
f 1208 882 3148
f 3148 882 3143
f 2921 2926 3151
f 3151 2926 3156
f 3477 2824 1345
f 1345 2824 1346
f 1805 1804 3154
f 3154 1804 3156
f 886 3103 883
f 883 3103 3482
f 841 1248 3485
f 3485 1248 3121
f 2811 2819 2812
f 2812 2819 2816
f 2818 2815 2817
f 2817 2815 2806
f 2817 2816 2818
f 2818 2816 2819
f 2793 2795 2819
f 2819 2795 2818
f 243 352 2793
f 2793 352 2795
f 242 353 243
f 243 353 352
f 359 191 242
f 242 191 353
f 247 192 359
f 359 192 191
f 157 193 247
f 247 193 192
f 156 194 157
f 157 194 193
f 378 261 156
f 156 261 194
f 378 381 261
f 261 381 195
f 195 381 196
f 196 381 376
f 196 376 198
f 198 376 375
f 375 1776 198
f 198 1776 197
f 1776 1767 197
f 197 1767 274
f 181 274 199
f 199 274 1767
f 568 566 564
f 564 566 563
f 568 569 566
f 566 569 567
f 501 1773 1771
f 1771 1773 578
f 547 579 1773
f 1773 579 578
f 3486 470 474
f 474 470 469
f 450 582 3487
f 3487 582 3488
f 582 583 3488
f 3488 583 3489
f 583 584 3489
f 3489 584 3490
f 3490 584 3491
f 3491 584 543
f 470 3486 466
f 466 3486 467
f 3489 3490 503
f 503 3490 504
f 503 3492 3489
f 3489 3492 3488
f 3492 503 3493
f 3493 503 502
f 3495 3492 3494
f 3494 3492 3493
f 3487 3488 3495
f 3495 3488 3492
f 468 1774 465
f 465 1774 570
f 3494 3493 1775
f 1775 3493 1771
f 3490 3491 504
f 504 3491 1772
f 3491 543 1772
f 1772 543 548
f 450 3487 474
f 474 3487 3486
f 3495 467 3487
f 3487 467 3486
f 3494 468 3495
f 3495 468 467
f 468 3494 1774
f 1774 3494 1775
f 501 1771 502
f 502 1771 3493
f 527 366 384
f 384 366 365
f 522 524 527
f 527 524 366
f 521 534 522
f 522 534 524
f 530 535 521
f 521 535 534
f 508 486 513
f 513 486 532
f 513 532 541
f 541 532 535
f 667 668 596
f 596 668 597
f 1294 1297 624
f 624 1297 625
f 603 641 604
f 604 641 640
f 1290 1293 650
f 650 1293 651
f 1758 691 660
f 660 691 661
f 602 671 599
f 599 671 670
f 654 662 690
f 690 662 661
f 2856 598 695
f 695 598 597
f 602 654 671
f 671 654 690
f 604 640 676
f 676 640 704
f 1826 1829 708
f 708 1829 709
f 1288 1284 740
f 740 1284 741
f 755 754 758
f 758 754 759
f 2853 2856 932
f 932 2856 695
f 689 691 1192
f 1192 691 1193
f 784 1319 1240
f 1240 1319 1241
f 1813 1816 1244
f 1244 1816 1245
f 754 1288 759
f 759 1288 740
f 1894 1242 1318
f 1318 1242 1241
f 2867 1348 1418
f 1418 1348 1347
f 676 704 673
f 673 704 1347
f 1284 1287 741
f 741 1287 1419
f 1421 1426 1422
f 1422 1426 1425
f 1758 660 615
f 615 660 616
f 1192 1191 1421
f 1421 1191 1426
f 2962 1839 1504
f 1504 1839 1505
f 941 1194 1759
f 1759 1194 1193
f 1287 1537 1419
f 1419 1537 1760
f 1882 2893 1823
f 1823 2893 1824
f 1886 1891 1827
f 1827 1891 1828
f 1887 1886 1834
f 1834 1886 1827
f 1841 716 1838
f 1838 716 1505
f 782 784 1850
f 1850 784 1240
f 1239 1242 1863
f 1863 1242 1864
f 1242 1894 1864
f 1864 1894 1873
f 1822 1239 1823
f 1823 1239 1863
f 1318 1317 1895
f 1895 1317 1900
f 1894 1896 1873
f 1873 1896 1897
f 1291 1896 1292
f 1292 1896 1895
f 605 1898 606
f 606 1898 1897
f 1258 1257 2854
f 2854 1257 2855
f 1257 1351 2855
f 2855 1351 2857
f 1351 1353 2857
f 2857 1353 2858
f 1353 3033 2858
f 2858 3033 2859
f 2860 2861 3036
f 3036 2861 3037
f 2862 2863 2870
f 2870 2863 3039
f 2870 2869 2862
f 2862 2869 2864
f 2868 2865 2869
f 2869 2865 2864
f 1764 2866 2868
f 2868 2866 2865
f 1537 1199 1760
f 1760 1199 1348
f 615 2884 1758
f 1758 2884 1759
f 1825 1246 2890
f 2890 1246 1245
f 2893 2892 1824
f 1824 2892 2891
f 761 2960 758
f 758 2960 2906
f 3000 2943 2940
f 2940 2943 2941
f 2968 710 2950
f 2950 710 709
f 1764 1423 2866
f 2866 1423 2953
f 1423 645 2953
f 2953 645 2954
f 645 644 2954
f 2954 644 2955
f 644 738 2955
f 2955 738 2956
f 738 764 2956
f 2956 764 2957
f 764 763 2957
f 2957 763 2958
f 763 2908 2958
f 2958 2908 2959
f 2908 1436 2959
f 2959 1436 2961
f 1837 2964 1435
f 1435 2964 2963
f 1837 2937 2964
f 2964 2937 2965
f 2936 2968 2966
f 2966 2968 2950
f 1840 2942 1838
f 1838 2942 2941
f 2939 2949 2940
f 2940 2949 3006
f 2939 2942 2966
f 2966 2942 2965
f 1822 1825 1850
f 1850 1825 2890
f 1891 3005 1828
f 1828 3005 3006
f 3035 3038 3045
f 3045 3038 3042
f 3045 3044 3035
f 3035 3044 3040
f 669 1422 3045
f 3045 1422 3044
f 599 670 3041
f 3041 670 3042
f 931 3067 932
f 932 3067 3065
f 2853 3066 2854
f 2854 3066 3076
f 3067 3496 3065
f 3065 3496 3497
f 3066 3498 3076
f 3076 3498 3499
f 707 1813 708
f 708 1813 1244
f 2960 2962 2906
f 2906 2962 1504
f 2892 1887 2891
f 2891 1887 1834
f 1839 2962 2963
f 2963 2962 2961
f 595 626 596
f 596 626 625
f 623 626 3484
f 3484 626 2859
f 1291 1290 606
f 606 1290 603
f 1290 650 603
f 603 650 641
f 641 650 642
f 642 650 649
f 2860 2863 649
f 649 2863 642
f 3036 3039 2860
f 2860 3039 2863
f 3035 3040 3036
f 3036 3040 3039
f 1294 1293 1295
f 1295 1293 1292
f 624 651 1294
f 1294 651 1293
f 623 652 624
f 624 652 651
f 3484 2861 623
f 623 2861 652
f 3032 3037 3484
f 3484 3037 2861
f 3031 3038 3032
f 3032 3038 3037
f 3481 2848 2884
f 2884 2848 942
f 2846 617 1427
f 1427 617 616
f 3049 3167 3048
f 3048 3167 3500
f 1906 3048 3070
f 3070 3048 3500
f 1337 1768 3501
f 3501 1768 3502
f 3020 3503 3021
f 3021 3503 3024
f 2914 3023 3020
f 3020 3023 3503
f 859 1770 860
f 860 1770 3504
f 1336 3505 1768
f 1768 3505 3502
f 3065 3497 3066
f 3066 3497 3498
f 2814 3075 3067
f 3067 3075 3496
f 2839 3174 766
f 766 3174 3017
f 1337 3501 1338
f 1338 3501 1769
f 767 3018 3026
f 3026 3018 3506
f 3076 3499 3064
f 3064 3499 3507
f 727 730 3483
f 3483 730 3030
f 3064 3507 2871
f 2871 3507 3077
f 3100 3160 1786
f 1786 3160 1784
f 3026 3506 752
f 752 3506 3015
f 860 3504 2923
f 2923 3504 3508
f 753 3016 3027
f 3027 3016 3509
f 3027 3509 3008
f 3008 3509 3028
f 1782 1785 1783
f 1783 1785 3022
f 2923 3508 3153
f 3153 3508 3161
f 3148 3149 1208
f 1208 3149 3150
f 1335 1328 3510
f 3510 1328 1327
f 1336 1335 3505
f 3505 1335 3510
f 866 3511 1340
f 1340 3511 3146
f 865 1808 866
f 866 1808 3511
f 842 841 3159
f 3159 841 3485
f 2849 3512 1329
f 1329 3512 1326
f 1202 1331 2849
f 2849 1331 3512
f 3514 3515 3513
f 3513 3515 3516
f 3518 3516 3517
f 3517 3516 3515
f 3519 3520 3514
f 3514 3520 3515
f 3522 3523 3521
f 3521 3523 3524
f 3526 3527 3525
f 3525 3527 3528
f 3530 3531 3529
f 3529 3531 3532
f 3534 3535 3533
f 3533 3535 3536
f 3529 3532 3537
f 3537 3532 3538
f 3537 3539 3529
f 3529 3539 3540
f 3542 3543 3541
f 3541 3543 3544
f 3546 3547 3545
f 3545 3547 3548
f 3550 3534 3549
f 3549 3534 3533
f 3550 3543 3551
f 3551 3543 3552
f 3537 3545 3539
f 3539 3545 3548
f 3553 3554 3556
f 3556 3554 3555
f 3537 3557 3545
f 3545 3557 3546
f 3558 3559 3561
f 3561 3559 3560
f 3563 3564 3562
f 3562 3564 3565
f 3564 3563 3566
f 3566 3563 3567
f 3569 3570 3568
f 3568 3570 3571
f 3573 3574 3572
f 3572 3574 3575
f 3577 3578 3576
f 3576 3578 3579
f 3581 3582 3580
f 3580 3582 3583
f 3585 3586 3584
f 3584 3586 3579
f 3586 3587 3579
f 3579 3587 3576
f 3589 3590 3588
f 3588 3590 3591
f 3592 3593 3595
f 3595 3593 3594
f 3597 3598 3596
f 3596 3598 3595
f 3583 3600 3599
f 3599 3600 3601
f 3603 3599 3602
f 3602 3599 3601
f 3605 3606 3604
f 3604 3606 3607
f 3608 3555 3596
f 3596 3555 3554
f 3597 3610 3609
f 3609 3610 3565
f 3564 3611 3565
f 3565 3611 3609
f 3611 3564 3612
f 3612 3564 3566
f 3613 3614 3569
f 3569 3614 3570
f 3615 3616 3573
f 3573 3616 3574
f 3517 3617 3518
f 3518 3617 3618
f 3620 3621 3619
f 3619 3621 3622
f 3624 3625 3623
f 3623 3625 3626
f 3628 3629 3627
f 3627 3629 3630
f 3632 3633 3631
f 3631 3633 3634
f 3636 3637 3635
f 3635 3637 3638
f 3640 3641 3639
f 3639 3641 3642
f 3643 3644 3639
f 3639 3644 3640
f 3646 3513 3645
f 3645 3513 3647
f 3648 3514 3646
f 3646 3514 3513
f 3649 3519 3648
f 3648 3519 3514
f 3650 3651 3527
f 3527 3651 3652
f 3654 3651 3653
f 3653 3651 3650
f 3568 3571 3655
f 3655 3571 3656
f 3657 3658 3653
f 3653 3658 3659
f 3661 3662 3660
f 3660 3662 3658
f 3664 3665 3663
f 3663 3665 3666
f 3667 3657 3650
f 3650 3657 3653
f 3669 3523 3668
f 3668 3523 3670
f 3672 3673 3671
f 3671 3673 3674
f 3676 3677 3675
f 3675 3677 3678
f 3671 3674 3676
f 3676 3674 3677
f 3680 3681 3679
f 3679 3681 3682
f 3683 3684 3680
f 3680 3684 3681
f 3685 3686 3661
f 3661 3686 3662
f 3686 3687 3662
f 3662 3687 3688
f 3684 3683 3689
f 3689 3683 3690
f 3692 3693 3691
f 3691 3693 3694
f 3691 3694 3695
f 3695 3694 3696
f 3698 3699 3697
f 3697 3699 3700
f 3702 3703 3701
f 3701 3703 3704
f 3705 3706 3519
f 3519 3706 3520
f 3673 3672 3707
f 3707 3672 3708
f 3709 3710 3682
f 3682 3710 3679
f 3711 3712 3692
f 3692 3712 3693
f 3714 3715 3713
f 3713 3715 3716
f 3718 3700 3717
f 3717 3700 3699
f 3720 3721 3719
f 3719 3721 3722
f 3724 3725 3723
f 3723 3725 3726
f 3727 3728 3730
f 3730 3728 3729
f 3722 3721 3731
f 3731 3721 3732
f 3697 3700 3733
f 3733 3700 3714
f 3733 3714 3734
f 3734 3714 3713
f 3721 3723 3732
f 3732 3723 3735
f 3720 3736 3724
f 3724 3736 3737
f 3700 3718 3714
f 3714 3718 3715
f 3717 3699 3738
f 3738 3699 3739
f 3536 3740 3533
f 3533 3740 3540
f 3742 3743 3741
f 3741 3743 3744
f 3746 3747 3745
f 3745 3747 3748
f 3750 3751 3749
f 3749 3751 3752
f 3627 3632 3628
f 3628 3632 3631
f 3754 3755 3753
f 3753 3755 3626
f 3562 3565 3756
f 3756 3565 3610
f 3527 3652 3528
f 3528 3652 3757
f 3758 3524 3669
f 3669 3524 3523
f 3582 3598 3583
f 3583 3598 3600
f 3759 3670 3522
f 3522 3670 3523
f 3675 3678 3760
f 3760 3678 3761
f 3762 3763 3690
f 3690 3763 3689
f 3765 3766 3764
f 3764 3766 3767
f 3768 3739 3698
f 3698 3739 3699
f 3726 3725 3770
f 3770 3725 3769
f 3645 3647 3771
f 3771 3647 3772
f 3645 3678 3646
f 3646 3678 3677
f 3646 3677 3648
f 3648 3677 3674
f 3673 3649 3674
f 3674 3649 3648
f 3707 3773 3673
f 3673 3773 3649
f 3775 3776 3774
f 3774 3776 3777
f 3779 3526 3778
f 3778 3526 3525
f 3526 3779 3667
f 3667 3779 3780
f 3780 3781 3667
f 3667 3781 3657
f 3672 3679 3708
f 3708 3679 3710
f 3671 3680 3672
f 3672 3680 3679
f 3676 3683 3671
f 3671 3683 3680
f 3675 3690 3676
f 3676 3690 3683
f 3760 3762 3675
f 3675 3762 3690
f 3682 3681 3783
f 3783 3681 3782
f 3689 3784 3684
f 3684 3784 3785
f 3684 3785 3681
f 3681 3785 3782
f 3786 3709 3783
f 3783 3709 3682
f 3784 3689 3787
f 3787 3689 3763
f 3789 3557 3788
f 3788 3557 3790
f 3792 3793 3791
f 3791 3793 3794
f 3616 3615 3795
f 3795 3615 3796
f 3797 3798 3727
f 3727 3798 3728
f 3800 3801 3799
f 3799 3801 3802
f 3803 3578 3592
f 3592 3578 3593
f 3805 3806 3804
f 3804 3806 3807
f 3599 3603 3585
f 3585 3603 3586
f 3587 3586 3604
f 3604 3586 3603
f 3588 3591 3794
f 3794 3591 3791
f 3581 3803 3582
f 3582 3803 3592
f 3594 3561 3608
f 3608 3561 3790
f 3662 3688 3808
f 3808 3688 3809
f 3665 3664 3810
f 3810 3664 3811
f 3719 3812 3720
f 3720 3812 3736
f 3717 3813 3718
f 3718 3813 3737
f 3723 3721 3724
f 3724 3721 3720
f 3813 3717 3814
f 3814 3717 3738
f 3815 3816 303
f 303 3816 304
f 3818 3819 3817
f 3817 3819 3820
f 3578 3803 3579
f 3579 3803 3584
f 3558 3593 3577
f 3577 3593 3578
f 3822 3823 3821
f 3821 3823 3824
f 3546 3826 3825
f 3825 3826 3827
f 3828 3829 3547
f 3547 3829 3541
f 3831 3542 3830
f 3830 3542 3832
f 3834 3822 3833
f 3833 3822 3821
f 3835 3836 3827
f 3827 3836 3825
f 3800 3799 3828
f 3828 3799 3829
f 3830 3832 3837
f 3837 3832 3838
f 331 330 3551
f 3551 330 3839
f 3831 333 3552
f 3552 333 332
f 3819 3797 3841
f 3841 3797 3840
f 3513 3516 3647
f 3647 3516 3746
f 337 336 3745
f 3745 336 3772
f 3525 3528 3775
f 3775 3528 3749
f 3610 3597 3554
f 3554 3597 3596
f 3706 3702 3520
f 3520 3702 3701
f 3756 3610 3553
f 3553 3610 3554
f 3757 3750 3528
f 3528 3750 3749
f 3517 3515 3701
f 3701 3515 3520
f 3842 3584 3581
f 3581 3584 3803
f 3525 3775 3778
f 3778 3775 3774
f 3638 3843 3635
f 3635 3843 3618
f 3617 3621 3618
f 3618 3621 3635
f 3617 3517 3704
f 3704 3517 3701
f 3521 3624 3522
f 3522 3624 3623
f 3749 3844 3775
f 3775 3844 3776
f 3846 3847 3845
f 3845 3847 3848
f 3843 3747 3618
f 3618 3747 3518
f 3850 3851 3849
f 3849 3851 3748
f 3853 3854 3852
f 3852 3854 3855
f 3856 3857 3622
f 3622 3857 3619
f 3859 3860 3858
f 3858 3860 3861
f 3862 3844 3752
f 3752 3844 3749
f 3863 3759 3623
f 3623 3759 3522
f 3864 3777 3630
f 3630 3777 3776
f 3713 3865 3734
f 3734 3865 3866
f 3868 3869 3867
f 3867 3869 3870
f 3872 3873 3871
f 3871 3873 3874
f 3876 3877 3875
f 3875 3877 3878
f 3879 3880 3878
f 3878 3880 3881
f 3882 3883 3885
f 3885 3883 3884
f 3780 3886 3781
f 3781 3886 3887
f 3888 3685 3869
f 3869 3685 3661
f 3880 3879 3883
f 3883 3879 3884
f 3693 3783 3694
f 3694 3783 3782
f 3696 3785 3764
f 3764 3785 3784
f 3694 3782 3696
f 3696 3782 3785
f 3693 3786 3783
f 3787 3765 3784
f 3784 3765 3764
f 386 385 3765
f 3765 385 3766
f 3695 3889 3691
f 3691 3889 3890
f 3691 3890 3692
f 3692 3890 3891
f 3892 3711 3891
f 3891 3711 3692
f 3767 3893 3695
f 3695 3893 3889
f 3766 3894 3767
f 3767 3894 3893
f 3882 3885 3895
f 3895 3885 3896
f 3898 3698 3897
f 3897 3698 3697
f 3897 3697 3899
f 3899 3697 3733
f 3899 3733 3900
f 3900 3733 3734
f 3901 3768 3898
f 3898 3768 3698
f 3901 3902 3768
f 3768 3902 3903
f 3904 3905 3907
f 3907 3905 3906
f 3869 3661 3870
f 3870 3661 3660
f 3908 3909 3896
f 3896 3909 3895
f 3909 3758 3895
f 3895 3758 3669
f 3751 3531 3752
f 3752 3531 3848
f 3858 3536 3854
f 3854 3536 3535
f 3652 3562 3757
f 3757 3562 3756
f 3651 3654 3563
f 3563 3654 3567
f 3655 3656 3808
f 3808 3656 3659
f 3530 3740 3845
f 3845 3740 3861
f 3751 3750 3556
f 3556 3750 3553
f 3817 3820 3796
f 3796 3820 3795
f 410 409 3910
f 3910 409 3855
f 3750 3757 3553
f 3553 3757 3756
f 3908 3886 3909
f 3909 3886 3780
f 409 411 3855
f 3855 411 3851
f 413 412 3760
f 3760 412 3762
f 415 414 3763
f 3763 414 3787
f 3790 3557 3538
f 3538 3557 3537
f 3555 3608 3538
f 3538 3608 3790
f 3574 3911 3575
f 3575 3911 3912
f 3535 3534 3910
f 3910 3534 3839
f 3831 3552 3542
f 3542 3552 3543
f 3534 3550 3839
f 3839 3550 3551
f 3543 3550 3544
f 3544 3550 3549
f 3913 3914 3916
f 3916 3914 3915
f 3806 3805 3589
f 3589 3805 3590
f 3849 3843 3917
f 3917 3843 3638
f 3853 3644 3859
f 3859 3644 3742
f 3747 3746 3518
f 3518 3746 3516
f 3695 3696 3767
f 3767 3696 3764
f 3903 3918 3768
f 3768 3918 3739
f 3738 3739 3816
f 3816 3739 3918
f 3919 3920 3769
f 3769 3920 3770
f 3921 3726 3922
f 3922 3726 3770
f 3678 3645 3761
f 3761 3645 3771
f 3924 3913 3923
f 3923 3913 3916
f 3802 3925 3838
f 3838 3925 3837
f 3577 3926 3558
f 3558 3926 3559
f 3815 3919 3814
f 3814 3919 3769
f 3927 3928 3822
f 3822 3928 3823
f 3829 3832 3541
f 3541 3832 3542
f 3834 3927 3822
f 3832 3829 3838
f 3838 3829 3799
f 3745 3772 3746
f 3746 3772 3647
f 3849 3748 3843
f 3843 3748 3747
f 3854 3853 3858
f 3858 3853 3859
f 3854 3535 3855
f 3855 3535 3910
f 3557 3789 3546
f 3546 3789 3826
f 3923 3823 3924
f 3924 3823 3928
f 3823 3923 3929
f 3929 3923 3930
f 3531 3751 3532
f 3532 3751 3556
f 3532 3556 3538
f 3538 3556 3555
f 3932 3634 3931
f 3931 3634 3633
f 3814 3769 3813
f 3813 3769 3725
f 3620 3636 3621
f 3621 3636 3635
f 3847 3862 3848
f 3848 3862 3752
f 3531 3530 3848
f 3848 3530 3845
f 3933 3934 3830
f 3830 3934 3831
f 3925 3933 3837
f 3837 3933 3830
f 3934 440 3831
f 3831 440 333
f 3925 3802 3833
f 3833 3802 3801
f 3776 3844 3630
f 3630 3844 3627
f 3808 3659 3662
f 3662 3659 3658
f 3667 3650 3526
f 3526 3650 3527
f 3935 3666 3936
f 3936 3666 3665
f 3718 3737 3715
f 3715 3737 3736
f 3663 3809 3664
f 3664 3809 3688
f 3807 3806 3938
f 3938 3806 3937
f 445 413 3761
f 3761 413 3760
f 3902 447 3903
f 3903 447 446
f 3897 3890 3898
f 3898 3890 3889
f 3899 3891 3897
f 3897 3891 3890
f 3898 3889 3901
f 3901 3889 3893
f 3893 3894 3901
f 3901 3894 3902
f 414 386 3787
f 3787 386 3765
f 3940 3941 3939
f 3939 3941 3942
f 3840 3797 3943
f 3943 3797 3727
f 3665 3810 3936
f 3936 3810 3944
f 3921 3735 3726
f 3726 3735 3723
f 3920 3945 3770
f 3770 3945 3922
f 3521 3524 3774
f 3774 3524 3778
f 3864 3946 3625
f 3625 3946 3947
f 3773 3705 3649
f 3649 3705 3519
f 3779 3778 3758
f 3758 3778 3524
f 3812 3716 3736
f 3736 3716 3715
f 3624 3521 3777
f 3777 3521 3774
f 3703 3856 3704
f 3704 3856 3622
f 3900 3892 3899
f 3899 3892 3891
f 3641 3917 3642
f 3642 3917 3948
f 3895 3669 3882
f 3882 3669 3668
f 3855 3851 3852
f 3852 3851 3850
f 3894 458 3902
f 3902 458 447
f 3781 3887 3660
f 3660 3887 3870
f 3570 3566 3571
f 3571 3566 3567
f 3950 3576 3949
f 3949 3576 3587
f 3605 3602 3614
f 3614 3602 3612
f 3614 3612 3570
f 3570 3612 3566
f 3571 3567 3656
f 3656 3567 3654
f 3660 3658 3781
f 3781 3658 3657
f 3604 3607 3587
f 3587 3607 3949
f 3653 3659 3654
f 3654 3659 3656
f 3529 3540 3530
f 3530 3540 3740
f 3687 3811 3688
f 3688 3811 3664
f 3813 3725 3737
f 3737 3725 3724
f 3919 3815 461
f 461 3815 303
f 3818 3798 3819
f 3819 3798 3797
f 3819 3841 3820
f 3820 3841 3951
f 3816 3815 3738
f 3738 3815 3814
f 3540 3539 3533
f 3533 3539 3549
f 3548 3547 3544
f 3544 3547 3541
f 3539 3548 3549
f 3549 3548 3544
f 3741 3931 3860
f 3860 3931 3846
f 3801 3800 3835
f 3835 3800 3836
f 3934 3933 3824
f 3824 3933 3821
f 3825 3828 3546
f 3546 3828 3547
f 3833 3821 3925
f 3925 3821 3933
f 3800 3828 3836
f 3836 3828 3825
f 3824 3952 3934
f 3934 3952 440
f 3860 3846 3861
f 3861 3846 3845
f 3629 3946 3630
f 3630 3946 3864
f 3740 3536 3861
f 3861 3536 3858
f 3833 3801 3834
f 3834 3801 3835
f 3583 3599 3580
f 3580 3599 3585
f 3651 3563 3652
f 3652 3563 3562
f 3758 3909 3779
f 3779 3909 3780
f 3621 3617 3622
f 3622 3617 3704
f 3625 3947 3626
f 3626 3947 3753
f 3633 3632 3847
f 3847 3632 3862
f 3852 3850 3640
f 3640 3850 3641
f 3644 3853 3640
f 3640 3853 3852
f 3859 3742 3860
f 3860 3742 3741
f 3632 3627 3862
f 3862 3627 3844
f 3755 3863 3626
f 3626 3863 3623
f 3917 3638 3948
f 3948 3638 3637
f 3644 3643 3742
f 3742 3643 3743
f 3931 3633 3846
f 3846 3633 3847
f 3625 3624 3864
f 3864 3624 3777
f 3917 3641 3849
f 3849 3641 3850
f 3744 3932 3741
f 3741 3932 3931
f 3903 446 3918
f 3918 446 464
f 3953 3954 3956
f 3956 3954 3955
f 3958 3959 3957
f 3957 3959 3960
f 3876 3958 3877
f 3877 3958 3957
f 3877 3957 3961
f 3961 3957 3962
f 3963 3964 3958
f 3958 3964 3959
f 3965 3966 3876
f 3876 3966 3958
f 3966 3963 3958
f 3966 3967 3963
f 3963 3967 3968
f 3878 3877 3879
f 3879 3877 3961
f 3967 3969 3968
f 3968 3969 3970
f 3969 3971 3970
f 3970 3971 3972
f 3974 3904 3973
f 3973 3904 3907
f 3971 3975 3972
f 3972 3975 3976
f 3976 3975 3978
f 3978 3975 3977
f 3979 3980 3977
f 3977 3980 3978
f 3981 3982 3979
f 3979 3982 3980
f 3983 3984 3981
f 3981 3984 3982
f 3972 3985 3970
f 3970 3985 3986
f 3871 3987 3969
f 3969 3987 3971
f 3872 3871 3967
f 3967 3871 3969
f 3965 3872 3966
f 3966 3872 3967
f 3970 3986 3968
f 3968 3986 3988
f 3879 3961 3884
f 3884 3961 3940
f 3884 3940 3885
f 3885 3940 3939
f 3989 3990 3992
f 3992 3990 3991
f 3942 3993 3995
f 3995 3993 3994
f 3994 3996 3995
f 3995 3996 3974
f 3997 3998 3994
f 3994 3998 3996
f 3999 3997 3993
f 3993 3997 3994
f 4001 3996 4000
f 4000 3996 3998
f 4000 3998 4002
f 4002 3998 4003
f 4004 4003 3997
f 3997 4003 3998
f 3997 3999 4004
f 4004 3999 4005
f 4006 3995 3973
f 3973 3995 3974
f 3939 3942 4006
f 4006 3942 3995
f 3906 3887 3907
f 3907 3887 3886
f 3887 3906 3870
f 3870 3906 3867
f 3908 3973 3886
f 3886 3973 3907
f 3865 4007 3866
f 3866 4007 4008
f 3984 3983 4009
f 4009 3983 4010
f 3961 3962 3940
f 3940 3962 3941
f 4012 3868 4011
f 4011 3868 3867
f 4013 3975 3987
f 3987 3975 3971
f 4014 3977 4013
f 4013 3977 3975
f 4015 4010 4007
f 4007 4010 3983
f 4007 3983 4008
f 4008 3983 3981
f 4008 3981 4016
f 4016 3981 3979
f 4017 3984 4018
f 4018 3984 4009
f 3977 4014 3979
f 3979 4014 4016
f 3982 3984 4019
f 4019 3984 4017
f 4021 4022 4020
f 4020 4022 4023
f 4022 4012 4023
f 4023 4012 4011
f 4023 3904 4020
f 4020 3904 3974
f 4024 4025 4018
f 4018 4025 4017
f 4026 4027 4024
f 4024 4027 4025
f 4028 4026 4029
f 4029 4026 4024
f 4018 4021 4024
f 4024 4021 4029
f 4030 4031 4026
f 4026 4031 4027
f 4032 4030 4028
f 4028 4030 4026
f 4029 4001 4028
f 4028 4001 4000
f 4028 4000 4032
f 4032 4000 4002
f 4034 4035 4033
f 4033 4035 4036
f 4037 4038 4019
f 4019 4038 4039
f 4041 4039 4040
f 4040 4039 4038
f 4040 4038 4042
f 4042 4038 4036
f 4042 4036 4043
f 4043 4036 4035
f 3985 4044 4046
f 4046 4044 4045
f 4047 4048 4045
f 4045 4048 4046
f 4047 4049 4048
f 4048 4049 4050
f 4042 4047 4040
f 4040 4047 4045
f 4043 4049 4042
f 4042 4049 4047
f 4040 4045 4041
f 4041 4045 4044
f 4052 3959 4051
f 4051 3959 3964
f 4053 4054 4051
f 4051 4054 4055
f 3956 3960 4052
f 4052 3960 3959
f 3953 3956 4056
f 4056 3956 4052
f 4058 3953 4057
f 4057 3953 4056
f 4060 4061 4059
f 4059 4061 4062
f 4063 4064 4054
f 4054 4064 4057
f 4054 4053 4063
f 4063 4053 4065
f 4066 4067 4069
f 4069 4067 4068
f 4048 4050 4063
f 4063 4050 4064
f 4063 4065 4048
f 4048 4065 4046
f 3985 4046 3986
f 3986 4046 4065
f 3986 4065 3988
f 3988 4065 4053
f 3988 4053 3964
f 3964 4053 4051
f 3976 3978 4044
f 4044 3978 4041
f 3980 3982 4039
f 4039 3982 4019
f 4039 4041 3980
f 3980 4041 3978
f 3973 3908 4006
f 4006 3908 3896
f 3885 3939 3896
f 3896 3939 4006
f 4031 4034 4027
f 4027 4034 4033
f 4027 4033 4025
f 4025 4033 4037
f 4019 4017 4037
f 4037 4017 4025
f 3993 3942 4070
f 4070 3942 3941
f 3999 3993 4071
f 4071 3993 4070
f 3999 4071 4005
f 4005 4071 4072
f 4073 4074 4076
f 4076 4074 4075
f 4078 4079 4077
f 4077 4079 4080
f 4082 4080 4081
f 4081 4080 4079
f 4084 4085 4083
f 4083 4085 4086
f 4087 4088 4090
f 4090 4088 4089
f 4092 4093 4091
f 4091 4093 4094
f 4096 4097 4095
f 4095 4097 4098
f 4100 4101 4099
f 4099 4101 4102
f 4103 4104 4106
f 4106 4104 4105
f 4108 4109 4107
f 4107 4109 4110
f 4112 4113 4111
f 4111 4113 4114
f 4116 4117 4115
f 4115 4117 4118
f 4120 4121 4119
f 4119 4121 4122
f 4123 4124 4126
f 4126 4124 4125
f 4127 4128 4130
f 4130 4128 4129
f 4132 4133 4131
f 4131 4133 4134
f 4136 4108 4135
f 4135 4108 4107
f 4138 4139 4137
f 4137 4139 4140
f 4141 4142 4088
f 4088 4142 4089
f 4144 4145 4143
f 4143 4145 4146
f 4148 4149 4147
f 4147 4149 4150
f 4152 4153 4151
f 4151 4153 4154
f 4156 4082 4155
f 4155 4082 4081
f 4157 4158 4160
f 4160 4158 4159
f 4161 4162 4164
f 4164 4162 4163
f 4166 4122 4165
f 4165 4122 4121
f 4168 4152 4167
f 4167 4152 4151
f 4169 4170 4172
f 4172 4170 4171
f 4174 4175 4173
f 4173 4175 4176
f 4178 4149 4177
f 4177 4149 4179
f 4173 4176 4180
f 4180 4176 4181
f 4156 4085 4182
f 4182 4085 4183
f 4182 4184 4156
f 4156 4184 4082
f 4185 4186 4184
f 4184 4186 4187
f 4186 4188 4187
f 4187 4188 4189
f 4190 4191 4073
f 4073 4191 4074
f 4177 4179 4158
f 4158 4179 4159
f 4193 4127 4192
f 4192 4127 4130
f 4144 4194 4151
f 4151 4194 4167
f 4196 4197 4195
f 4195 4197 4198
f 4095 4199 4096
f 4096 4199 4200
f 4201 4202 4204
f 4204 4202 4203
f 4205 4206 4208
f 4208 4206 4207
f 4121 4120 4209
f 4209 4120 4210
f 4212 4213 4211
f 4211 4213 4214
f 4216 4217 4215
f 4215 4217 4218
f 4220 4221 4219
f 4219 4221 4222
f 4224 4196 4223
f 4223 4196 4195
f 4225 4226 4134
f 4134 4226 4131
f 4228 4229 4227
f 4227 4229 4230
f 4232 4233 4231
f 4231 4233 4098
f 4235 4236 4234
f 4234 4236 4237
f 4239 4240 4238
f 4238 4240 4241
f 4242 4243 4245
f 4245 4243 4244
f 4246 4247 4249
f 4249 4247 4248
f 4251 4252 4250
f 4250 4252 4253
f 4255 4256 4254
f 4254 4256 4257
f 4259 4260 4258
f 4258 4260 4261
f 4263 4264 4262
f 4262 4264 4265
f 4267 4268 4266
f 4266 4268 4269
f 4271 4199 4270
f 4270 4199 4272
f 4273 4274 4276
f 4276 4274 4275
f 4115 4118 4277
f 4277 4118 4278
f 4280 4281 4279
f 4279 4281 4282
f 4211 4283 4212
f 4212 4283 4284
f 4286 4287 4285
f 4285 4287 4288
f 4165 4121 4289
f 4289 4121 4209
f 4291 4286 4290
f 4290 4286 4285
f 4293 4294 4292
f 4292 4294 4295
f 4297 4298 4296
f 4296 4298 4299
f 4301 4302 4300
f 4300 4302 4303
f 4299 4304 4296
f 4296 4304 4305
f 4306 4292 4307
f 4307 4292 4295
f 4307 4308 4306
f 4306 4308 4309
f 4310 4309 4075
f 4075 4309 4308
f 4299 4298 4312
f 4312 4298 4311
f 4302 4301 4293
f 4293 4301 4294
f 3735 3921 4313
f 4313 3921 4314
f 4315 4314 3922
f 3922 4314 3921
f 4316 3945 829
f 829 3945 830
f 4289 4317 4165
f 4165 4317 4318
f 4320 4321 4319
f 4319 4321 4322
f 4324 4325 4323
f 4323 4325 4326
f 4327 4328 4330
f 4330 4328 4329
f 4290 4331 4291
f 4291 4331 4332
f 4165 4318 4166
f 4166 4318 4333
f 4334 4335 4337
f 4337 4335 4336
f 4339 4340 4338
f 4338 4340 4341
f 4168 4343 4342
f 4342 4343 4344
f 4346 4347 4345
f 4345 4347 4348
f 4350 4351 4349
f 4349 4351 4352
f 4354 4355 4353
f 4353 4355 4356
f 4357 4358 4324
f 4324 4358 4325
f 4337 4359 4334
f 4334 4359 4360
f 4362 4363 4361
f 4361 4363 4364
f 4366 4367 4365
f 4365 4367 4368
f 4369 4370 4372
f 4372 4370 4371
f 4331 4290 4374
f 4374 4290 4373
f 4373 4376 4375
f 4375 4376 4377
f 4379 4380 4378
f 4378 4380 4381
f 4217 4382 4218
f 4218 4382 4383
f 4385 4386 4384
f 4384 4386 4387
f 4388 4389 4338
f 4338 4389 4390
f 4337 4336 4392
f 4392 4336 4391
f 4394 4362 4393
f 4393 4362 4361
f 4396 4397 4395
f 4395 4397 4398
f 4400 4401 4399
f 4399 4401 4402
f 4345 4403 4346
f 4346 4403 4404
f 4405 4406 4342
f 4342 4406 4407
f 4409 4410 4408
f 4408 4410 4411
f 4408 4412 4409
f 4409 4412 4413
f 4181 4415 4414
f 4414 4415 4416
f 4182 4183 4417
f 4417 4183 4418
f 4419 4353 4311
f 4311 4353 4312
f 4421 4422 4420
f 4420 4422 4423
f 4353 4356 4312
f 4312 4356 4424
f 4166 4333 4425
f 4425 4333 4426
f 4425 4143 4166
f 4166 4143 4122
f 4427 4107 4428
f 4428 4107 4110
f 4429 4430 4174
f 4174 4430 4175
f 4335 4431 4336
f 4336 4431 4390
f 4336 4390 4391
f 4391 4390 4389
f 4432 4433 4435
f 4435 4433 4434
f 4437 4438 4436
f 4436 4438 4439
f 4441 4442 4440
f 4440 4442 4443
f 4359 4444 4361
f 4361 4444 4393
f 4446 4447 4445
f 4445 4447 4448
f 4338 4341 4388
f 4388 4341 4449
f 4450 4451 4398
f 4398 4451 4395
f 4453 4454 4452
f 4452 4454 4455
f 4457 4458 4456
f 4456 4458 4459
f 4460 4461 4448
f 4448 4461 4445
f 4463 4464 4462
f 4462 4464 4465
f 4462 4465 4466
f 4466 4465 4467
f 4468 4469 4467
f 4467 4469 4466
f 4469 4468 4470
f 4470 4468 4471
f 4472 4473 4471
f 4471 4473 4470
f 4475 4476 4474
f 4474 4476 4477
f 4479 4480 4478
f 4478 4480 4481
f 4483 4484 4482
f 4482 4484 4485
f 4487 4488 4486
f 4486 4488 4489
f 4491 4492 4490
f 4490 4492 4493
f 4494 4495 4493
f 4493 4495 4490
f 4496 4497 4494
f 4494 4497 4495
f 4497 4496 4498
f 4498 4496 4499
f 4500 4501 4503
f 4503 4501 4502
f 4505 4506 4504
f 4504 4506 4507
f 4466 4508 4462
f 4462 4508 4509
f 4470 4510 4469
f 4469 4510 4511
f 4513 4479 4512
f 4512 4479 4478
f 4515 4443 4514
f 4514 4443 4442
f 4516 4517 4519
f 4519 4517 4518
f 4521 4495 4520
f 4520 4495 4497
f 4522 4490 4521
f 4521 4490 4495
f 4491 4523 4488
f 4488 4523 4524
f 4525 4489 4524
f 4524 4489 4488
f 4484 4526 4485
f 4485 4526 4527
f 4503 4528 4500
f 4500 4528 4529
f 4530 4531 4533
f 4533 4531 4532
f 4535 4506 4534
f 4534 4506 4530
f 4486 4536 4487
f 4487 4536 4537
f 4487 4537 4492
f 4492 4537 4538
f 4494 4539 4496
f 4496 4539 4540
f 4542 4533 4541
f 4541 4533 4499
f 4544 4545 4543
f 4543 4545 4546
f 4548 4549 4547
f 4547 4549 4550
f 4536 4551 4537
f 4537 4551 4552
f 4537 4552 4538
f 4538 4552 4553
f 4554 4539 4556
f 4556 4539 4555
f 4557 4540 4554
f 4554 4540 4539
f 4559 4557 4558
f 4558 4557 4560
f 4540 4557 4541
f 4541 4557 4559
f 4562 4563 4561
f 4561 4563 4564
f 4546 4565 4543
f 4543 4565 4566
f 4547 4567 4548
f 4548 4567 4568
f 4570 4571 4569
f 4569 4571 4572
f 4574 4575 4573
f 4573 4575 4576
f 4578 4579 4577
f 4577 4579 4580
f 4582 4583 4581
f 4581 4583 4584
f 4585 4586 4588
f 4588 4586 4587
f 4589 4585 4590
f 4590 4585 4588
f 4592 4593 4591
f 4591 4593 4594
f 4596 4597 4595
f 4595 4597 4598
f 4600 4601 4599
f 4599 4601 4602
f 4563 4604 4603
f 4603 4604 4605
f 4603 4606 4608
f 4608 4606 4607
f 4609 4610 4594
f 4594 4610 4591
f 4611 4612 4614
f 4614 4612 4613
f 4616 4617 4615
f 4615 4617 4618
f 4602 4620 4619
f 4619 4620 4621
f 4619 4622 4602
f 4602 4622 4599
f 4605 4599 4623
f 4623 4599 4622
f 4605 4623 4603
f 4603 4623 4606
f 4625 4626 4624
f 4624 4626 4627
f 4438 4437 4628
f 4628 4437 4629
f 4442 4441 4630
f 4630 4441 4631
f 4630 4632 4442
f 4442 4632 4514
f 4633 4634 4529
f 4529 4634 4500
f 4500 4634 4501
f 4501 4634 4635
f 4637 4546 4636
f 4636 4546 4545
f 4639 4565 4638
f 4638 4565 4640
f 4573 4576 4641
f 4641 4576 4642
f 4593 4643 4594
f 4594 4643 4644
f 4645 4609 4644
f 4644 4609 4594
f 4647 4648 4646
f 4646 4648 4649
f 4651 4652 4650
f 4650 4652 4653
f 4654 4498 4519
f 4519 4498 4532
f 4520 4508 4521
f 4521 4508 4511
f 4522 4510 4523
f 4523 4510 4655
f 4524 4656 4525
f 4525 4656 4657
f 4514 4529 4515
f 4515 4529 4528
f 4658 4659 4661
f 4661 4659 4660
f 4496 4540 4499
f 4499 4540 4541
f 4493 4555 4494
f 4494 4555 4539
f 4549 4483 4550
f 4550 4483 4482
f 4545 4544 4501
f 4501 4544 4502
f 4636 4545 4635
f 4635 4545 4501
f 4589 4663 4662
f 4662 4663 4664
f 4662 4665 4558
f 4558 4665 4559
f 4569 4586 4570
f 4570 4586 4560
f 4552 4666 4553
f 4553 4666 4667
f 4668 4669 4670
f 4670 4669 4666
f 4672 4673 4671
f 4671 4673 4674
f 4287 4675 4288
f 4288 4675 4676
f 4678 4679 4677
f 4677 4679 4680
f 4681 4678 4682
f 4682 4678 4677
f 4682 4683 4681
f 4681 4683 4684
f 4161 4164 4685
f 4685 4164 4686
f 4414 4687 4689
f 4689 4687 4688
f 4405 4690 4346
f 4346 4690 4347
f 4691 4399 4693
f 4693 4399 4692
f 1209 4694 4365
f 4365 4694 4366
f 4650 1211 4651
f 4651 1211 1210
f 4695 4696 4255
f 4255 4696 4256
f 4697 4698 4218
f 4218 4698 4215
f 4700 4701 4699
f 4699 4701 4702
f 4703 4704 4303
f 4303 4704 4300
f 4315 3922 4316
f 4316 3922 3945
f 4653 4706 4705
f 4705 4706 4707
f 4709 4710 4708
f 4708 4710 4711
f 4335 4334 4713
f 4713 4334 4712
f 4714 4340 4321
f 4321 4340 4322
f 4716 4717 4715
f 4715 4717 4718
f 4238 4241 4719
f 4719 4241 4720
f 4231 4721 4307
f 4307 4721 4308
f 4723 4724 4722
f 4722 4724 4725
f 4727 4728 4726
f 4726 4728 4729
f 4730 4731 4327
f 4327 4731 4328
f 4733 4734 4732
f 4732 4734 4735
f 4720 4381 4736
f 4736 4381 4737
f 4738 4739 4741
f 4741 4739 4740
f 4743 4744 4742
f 4742 4744 4745
f 4338 4390 4339
f 4339 4390 4431
f 4746 4747 4431
f 4431 4747 4339
f 4291 4332 4289
f 4289 4332 4317
f 4289 4209 4291
f 4291 4209 4286
f 4287 4286 4210
f 4210 4286 4209
f 4749 4750 4748
f 4748 4750 4751
f 4212 4284 4752
f 4752 4284 4753
f 4752 4754 4212
f 4212 4754 4213
f 4252 4251 4225
f 4225 4251 4226
f 4227 4230 4248
f 4248 4230 4249
f 4205 4755 4757
f 4757 4755 4756
f 4708 4711 4758
f 4758 4711 4647
f 4367 4366 4759
f 4759 4366 4760
f 4526 4513 4527
f 4527 4513 4512
f 4420 4423 4385
f 4385 4423 4386
f 4705 4761 4653
f 4653 4761 4650
f 4761 1279 4650
f 4650 1279 1211
f 4762 4763 3944
f 3944 4763 3936
f 4274 4273 4765
f 4765 4273 4764
f 4767 4768 4766
f 4766 4768 4769
f 4770 4771 4769
f 4769 4771 4766
f 4771 4770 4242
f 4242 4770 4243
f 4093 4163 4094
f 4094 4163 4162
f 4772 4773 4775
f 4775 4773 4774
f 4777 4778 4776
f 4776 4778 4779
f 4417 4185 4182
f 4182 4185 4184
f 4780 4078 4781
f 4781 4078 4077
f 4781 4077 4782
f 4782 4077 4189
f 4188 4783 4189
f 4189 4783 4782
f 4295 4232 4307
f 4307 4232 4231
f 4785 4786 4784
f 4784 4786 4787
f 4784 1307 4785
f 4785 1307 1306
f 4078 4780 4096
f 4096 4780 4097
f 4075 4074 4310
f 4310 4074 4788
f 4788 4074 4789
f 4789 4074 4191
f 4789 4191 4059
f 4059 4191 4790
f 4791 4277 4792
f 4792 4277 4278
f 3732 3735 4793
f 4793 3735 4313
f 4793 4794 3732
f 3732 4794 3731
f 4792 4795 4791
f 4791 4795 4796
f 4797 4798 4799
f 4799 4798 4724
f 4763 4800 3936
f 3936 4800 3935
f 4801 4062 3729
f 3729 4062 3730
f 4713 4712 4802
f 4802 4712 4803
f 4146 4804 4119
f 4119 4804 4805
f 4498 4654 4497
f 4497 4654 4520
f 4806 4807 1326
f 1326 4807 1327
f 4689 4688 1330
f 1330 4688 1331
f 4801 4789 4062
f 4062 4789 4059
f 3730 4062 4808
f 4808 4062 4061
f 4810 4811 4809
f 4809 4811 4812
f 4813 4403 4814
f 4814 4403 4345
f 4815 4816 4349
f 4349 4816 4350
f 4817 4818 4820
f 4820 4818 4819
f 4406 4821 4407
f 4407 4821 4822
f 4823 4161 4824
f 4824 4161 4685
f 4181 4414 4825
f 4825 4414 4689
f 4741 4740 4826
f 4826 4740 4827
f 4828 4829 4827
f 4827 4829 4826
f 4142 4141 4415
f 4415 4141 4148
f 4830 1354 4761
f 4761 1354 1279
f 4832 4833 4831
f 4831 4833 4834
f 4835 4836 4626
f 4626 4836 4421
f 4451 4709 4395
f 4395 4709 4708
f 4627 4420 4837
f 4837 4420 4385
f 4837 1365 4838
f 4838 1365 1364
f 4397 4396 4839
f 4839 4396 4840
f 4842 4628 4841
f 4841 4628 4629
f 4671 4674 4631
f 4631 4674 4630
f 4674 4659 4630
f 4630 4659 4632
f 4633 4632 4658
f 4658 4632 4659
f 4658 4504 4633
f 4633 4504 4634
f 4635 4634 4507
f 4507 4634 4504
f 4843 4636 4507
f 4507 4636 4635
f 4844 4637 4843
f 4843 4637 4636
f 4637 4844 4640
f 4640 4844 4664
f 4638 4663 4642
f 4642 4663 4845
f 4847 4643 4846
f 4846 4643 4641
f 4644 4848 4645
f 4645 4848 4849
f 4851 4852 4850
f 4850 4852 4853
f 4855 4856 4854
f 4854 4856 4857
f 4859 4860 4858
f 4858 4860 4857
f 4715 4718 4859
f 4859 4718 4860
f 4862 4863 4861
f 4861 4863 4864
f 4866 4867 4865
f 4865 4867 4868
f 4870 4871 4869
f 4869 4871 4872
f 4869 4872 4116
f 4116 4872 4117
f 4820 4819 4874
f 4874 4819 4873
f 4876 4877 4875
f 4875 4877 4878
f 4880 4881 4879
f 4879 4881 4882
f 4884 4885 4883
f 4883 4885 4886
f 4887 4888 4280
f 4280 4888 4281
f 4818 4817 4889
f 4889 4817 4890
f 4891 4193 4823
f 4823 4193 4192
f 4892 4893 4228
f 4228 4893 4229
f 4158 4157 4894
f 4894 4157 4895
f 4896 4897 4132
f 4132 4897 4133
f 4099 4683 4100
f 4100 4683 4682
f 4101 4100 4899
f 4899 4100 4898
f 4150 4106 4147
f 4147 4106 4900
f 4100 4682 4898
f 4898 4682 4677
f 4080 4082 4187
f 4187 4082 4184
f 4077 4080 4189
f 4189 4080 4187
f 4191 4190 4790
f 4790 4190 4901
f 4177 4158 4680
f 4680 4158 4894
f 4108 4136 4752
f 4752 4136 4754
f 4752 4753 4108
f 4108 4753 4109
f 4817 4902 4890
f 4890 4902 4903
f 4904 4905 4907
f 4907 4905 4906
f 4909 4910 4908
f 4908 4910 4911
f 4913 4914 4912
f 4912 4914 4915
f 4916 4917 4919
f 4919 4917 4918
f 4312 4424 4299
f 4299 4424 4304
f 4920 4921 4297
f 4297 4921 4298
f 4194 4922 4167
f 4167 4922 4923
f 4924 4400 4691
f 4691 4400 4399
f 4395 4708 4396
f 4396 4708 4758
f 4367 4925 4368
f 4368 4925 4926
f 4919 4918 4873
f 4873 4918 4874
f 4836 4927 4421
f 4421 4927 4422
f 4921 4928 4298
f 4298 4928 4311
f 4143 4146 4122
f 4122 4146 4119
f 4929 4930 4455
f 4455 4930 4452
f 4932 4933 4931
f 4931 4933 4934
f 4935 4936 4932
f 4932 4936 4933
f 4461 4460 4457
f 4457 4460 4458
f 4480 4479 4475
f 4475 4479 4476
f 4660 4673 4517
f 4517 4673 4937
f 4661 4505 4658
f 4658 4505 4504
f 4484 4483 4489
f 4489 4483 4486
f 4462 4509 4463
f 4463 4509 4518
f 4469 4511 4466
f 4466 4511 4508
f 4655 4473 4656
f 4656 4473 4477
f 4476 4657 4477
f 4477 4657 4656
f 4479 4513 4476
f 4476 4513 4657
f 4489 4525 4484
f 4484 4525 4526
f 4483 4549 4486
f 4486 4549 4536
f 4549 4548 4536
f 4536 4548 4551
f 4548 4568 4551
f 4551 4568 4670
f 4663 4589 4845
f 4845 4589 4590
f 4668 4577 4938
f 4938 4577 4580
f 4940 4938 4939
f 4939 4938 4941
f 4940 4942 4669
f 4669 4942 4943
f 4587 4582 4944
f 4944 4582 4581
f 4848 4847 4608
f 4608 4847 4564
f 4616 4945 4613
f 4613 4945 4598
f 4615 4946 4616
f 4616 4946 4945
f 4947 4939 4948
f 4948 4939 4946
f 4599 4605 4600
f 4600 4605 4604
f 4608 4607 4848
f 4848 4607 4849
f 4613 4612 4616
f 4616 4612 4617
f 4835 4949 4709
f 4709 4949 4710
f 4357 1477 4837
f 4837 1477 1365
f 4712 4950 4803
f 4803 4950 4951
f 4401 4952 4402
f 4402 4952 4953
f 4759 4760 4402
f 4402 4760 4399
f 4508 4520 4509
f 4509 4520 4654
f 4510 4522 4511
f 4511 4522 4521
f 4513 4526 4657
f 4657 4526 4525
f 4632 4633 4514
f 4514 4633 4529
f 4931 4934 4453
f 4453 4934 4454
f 4153 4954 4154
f 4154 4954 4955
f 4957 4958 4956
f 4956 4958 4959
f 4961 4962 4960
f 4960 4962 4963
f 4120 4964 4210
f 4210 4964 4965
f 4967 4968 4966
f 4966 4968 4969
f 4349 4692 4815
f 4815 4692 4970
f 4652 4971 4653
f 4653 4971 4706
f 4758 4647 4972
f 4972 4647 4646
f 4973 4363 4646
f 4646 4363 4972
f 4950 4360 4974
f 4974 4360 4364
f 4431 4335 4746
f 4746 4335 4713
f 4358 4714 4325
f 4325 4714 4321
f 4765 4764 4266
f 4266 4764 4975
f 4202 4976 4203
f 4203 4976 4977
f 4917 4978 4918
f 4918 4978 4979
f 4279 4282 4854
f 4854 4282 4269
f 4820 4880 4817
f 4817 4880 4902
f 4890 4903 4980
f 4980 4903 4886
f 4982 4983 4981
f 4981 4983 4123
f 4795 4851 4796
f 4796 4851 4850
f 4918 4979 4874
f 4874 4979 4881
f 4809 4404 4810
f 4810 4404 4403
f 4354 4985 4984
f 4984 4985 4986
f 1364 1516 4838
f 4838 1516 4987
f 4759 4988 4367
f 4367 4988 4925
f 4989 4990 4481
f 4481 4990 4478
f 4443 4515 4990
f 4990 4515 4991
f 4527 4512 4992
f 4992 4512 4991
f 4528 4503 4992
f 4992 4503 4993
f 4993 4994 4485
f 4485 4994 4482
f 4544 4995 4502
f 4502 4995 4994
f 4995 4996 4550
f 4550 4996 4547
f 4998 4999 4997
f 4997 4999 4566
f 4998 5000 4578
f 4578 5000 4579
f 5001 5002 4596
f 4596 5002 4597
f 5003 4591 5004
f 5004 4591 4610
f 4626 4421 4627
f 4627 4421 4420
f 4837 4838 4627
f 4627 4838 4624
f 4761 4705 4830
f 4830 4705 5005
f 4705 4707 5005
f 5005 4707 5006
f 4308 4721 4075
f 4075 4721 4076
f 5007 4200 4797
f 4797 4200 4798
f 4685 4686 5008
f 5008 4686 5009
f 4889 4890 5010
f 5010 4890 4980
f 4323 1541 4324
f 4324 1541 1540
f 4385 4384 4358
f 4358 4384 4714
f 4396 4758 4840
f 4840 4758 4972
f 4866 4852 5011
f 5011 4852 5012
f 5013 4260 4980
f 4980 4260 5010
f 4875 4878 5014
f 5014 4878 5015
f 5017 5018 5016
f 5016 5018 5019
f 5016 5019 5020
f 5020 5019 5021
f 5023 5024 5022
f 5022 5024 5025
f 5027 5028 5026
f 5026 5028 5029
f 5031 5032 5030
f 5030 5032 5033
f 5035 5036 5034
f 5034 5036 5037
f 5039 5040 5038
f 5038 5040 5041
f 5043 5044 5042
f 5042 5044 5045
f 5038 5046 5039
f 5039 5046 5047
f 5049 5050 5048
f 5048 5050 5051
f 5053 5054 5052
f 5052 5054 5055
f 5057 5024 5056
f 5056 5024 5058
f 5060 5061 5059
f 5059 5061 5062
f 5064 5065 5063
f 5063 5065 5066
f 5043 5050 5064
f 5064 5050 5065
f 5038 5041 5067
f 5067 5041 5068
f 5070 5071 5069
f 5069 5071 5072
f 5074 5075 5073
f 5073 5075 5076
f 5034 5077 5035
f 5035 5077 5078
f 5080 5081 5079
f 5079 5081 5082
f 5084 5085 5083
f 5083 5085 5086
f 5085 5084 5087
f 5087 5084 5088
f 5090 5091 5089
f 5089 5091 5092
f 5094 5095 5093
f 5093 5095 5096
f 5098 5099 5097
f 5097 5099 5100
f 5102 5103 5101
f 5101 5103 5104
f 5105 5106 5108
f 5108 5106 5107
f 5110 5111 5109
f 5109 5111 5112
f 5114 5094 5113
f 5113 5094 5093
f 5116 5117 5115
f 5115 5117 5118
f 5120 5121 5119
f 5119 5121 5122
f 5124 5125 5123
f 5123 5125 5126
f 5128 5129 5127
f 5127 5129 5130
f 5097 5131 5098
f 5098 5131 5132
f 5134 5135 5133
f 5133 5135 5122
f 5084 5125 5088
f 5088 5125 5136
f 5138 5139 5137
f 5137 5139 5140
f 5142 5102 5141
f 5141 5102 5101
f 5106 5143 5107
f 5107 5143 5144
f 5146 5147 5145
f 5145 5147 5148
f 5149 5150 5109
f 5109 5150 5110
f 5151 5110 5152
f 5152 5110 5150
f 4715 5140 4716
f 4716 5140 5139
f 5143 4870 5144
f 5144 4870 4869
f 4115 5146 4116
f 4116 5146 5145
f 4791 4796 5149
f 5149 4796 5150
f 4796 4850 5150
f 5150 4850 5152
f 4858 5142 4859
f 4859 5142 5141
f 5153 5154 5115
f 5115 5154 5105
f 5156 5157 5155
f 5155 5157 5158
f 5159 5160 5053
f 5053 5160 5054
f 5161 5162 5020
f 5020 5162 5068
f 5026 5029 5163
f 5163 5029 5021
f 5083 5086 5164
f 5164 5086 5165
f 5090 5167 5166
f 5166 5167 5168
f 5169 5170 5172
f 5172 5170 5171
f 5174 5175 5173
f 5173 5175 5176
f 5177 5109 5178
f 5178 5109 5112
f 5179 5180 5182
f 5182 5180 5181
f 5123 5126 5120
f 5120 5126 5121
f 5180 5167 5181
f 5181 5167 5183
f 5184 5185 5179
f 5179 5185 5180
f 5186 5149 5177
f 5177 5149 5109
f 4868 5184 4865
f 4865 5184 5179
f 5188 5189 5187
f 5187 5189 5190
f 4277 4791 5186
f 5186 4791 5149
f 5179 5182 4865
f 4865 5182 4853
f 5189 4862 5190
f 5190 4862 4861
f 5156 5075 5191
f 5191 5075 5192
f 5036 5035 5193
f 5193 5035 5194
f 5115 5118 5153
f 5153 5118 5195
f 5022 5025 5196
f 5196 5025 5197
f 5155 5158 5069
f 5069 5158 5062
f 5063 5066 5198
f 5198 5066 5199
f 5073 5076 5200
f 5200 5076 5072
f 5202 5131 5201
f 5201 5131 5203
f 5143 5106 5204
f 5204 5106 5205
f 5114 5113 5206
f 5206 5113 5127
f 5098 5132 5193
f 5193 5132 5195
f 5204 5207 5143
f 5143 5207 4870
f 5088 5136 5208
f 5208 5136 5092
f 5209 5210 5089
f 5089 5210 5183
f 5211 5018 5060
f 5060 5018 5061
f 5017 5040 5070
f 5070 5040 5071
f 5191 5160 5156
f 5156 5160 5157
f 5048 5028 5049
f 5049 5028 5058
f 5207 5204 4858
f 4858 5204 5142
f 4859 5141 4715
f 4715 5141 5140
f 5212 5162 5042
f 5042 5162 5051
f 5182 5152 4853
f 4853 5152 4850
f 5214 5134 5213
f 5213 5134 5133
f 5164 5165 5133
f 5133 5165 5213
f 5215 5216 5201
f 5201 5216 5217
f 5147 5218 5148
f 5148 5218 5219
f 5147 5177 5218
f 5218 5177 5178
f 5141 5101 5140
f 5140 5101 5137
f 5201 5217 5202
f 5202 5217 5104
f 5146 5186 5147
f 5147 5186 5177
f 4277 5186 4115
f 4115 5186 5146
f 5191 5192 5031
f 5031 5192 5032
f 5052 5055 5220
f 5220 5055 5197
f 4116 5145 4869
f 4869 5145 5144
f 5034 5037 5214
f 5214 5037 5134
f 5097 5100 5114
f 5114 5100 5094
f 5108 5107 5219
f 5219 5107 5148
f 5221 5135 5116
f 5116 5135 5117
f 5124 5111 5209
f 5209 5111 5210
f 5107 5144 5148
f 5148 5144 5145
f 5152 5182 5151
f 5151 5182 5181
f 5208 5222 5088
f 5088 5222 5087
f 5222 5208 5171
f 5171 5208 5172
f 5223 1756 4698
f 4698 1756 1755
f 4427 5224 4107
f 4107 5224 4135
f 4178 4679 5225
f 5225 4679 5226
f 5227 5228 4892
f 4892 5228 4893
f 5229 5230 4171
f 4171 5230 4172
f 4855 4268 4884
f 4884 4268 4885
f 4884 4871 4855
f 4855 4871 4856
f 4684 5231 4896
f 4896 5231 4897
f 4768 4767 5009
f 5009 4767 5008
f 5205 5154 5102
f 5102 5154 5103
f 5099 5098 5194
f 5194 5098 5193
f 5198 5199 5079
f 5079 5199 5033
f 5102 5142 5205
f 5205 5142 5204
f 5224 4427 4681
f 4681 4427 4678
f 3712 3711 5232
f 5232 3711 5233
f 3968 3988 3963
f 3963 3988 3964
f 3976 4044 3972
f 3972 4044 3985
f 4038 4037 4036
f 4036 4037 4033
f 4794 4762 3731
f 3731 4762 3944
f 3731 3944 3722
f 3722 3944 3810
f 3874 5234 5232
f 5232 5234 3712
f 3906 3905 3867
f 3867 3905 4011
f 3904 4023 3905
f 3905 4023 4011
f 3719 3722 3811
f 3811 3722 3810
f 3812 3719 3687
f 3687 3719 3811
f 3716 3812 3686
f 3686 3812 3687
f 3713 3716 3685
f 3685 3716 3686
f 4810 4403 5235
f 5235 4403 4813
f 4345 1770 4814
f 4814 1770 1769
f 4067 4066 4058
f 4058 4066 5236
f 4043 4068 4049
f 4049 4068 4050
f 4034 5237 3989
f 3989 5237 3990
f 4031 4030 4072
f 4072 4030 4005
f 4003 4004 4002
f 4002 4004 4032
f 4004 4005 4032
f 4032 4005 4030
f 4067 4064 4068
f 4068 4064 4050
f 4058 4057 4067
f 4067 4057 4064
f 4035 4034 5238
f 5238 4034 3989
f 5236 5239 4058
f 4058 5239 5240
f 5234 3874 5241
f 5241 3874 3873
f 5241 3873 3881
f 3881 3873 3878
f 4800 4763 4788
f 4788 4763 4310
f 4763 4762 4310
f 4310 4762 4309
f 4762 4794 4309
f 4309 4794 4306
f 4794 4793 4306
f 4306 4793 4292
f 4293 4313 4302
f 4302 4313 4314
f 4302 4314 4303
f 4303 4314 4315
f 4303 4315 4703
f 4703 4315 4316
f 4035 4069 4043
f 4043 4069 4068
f 4324 1540 4357
f 4357 1540 1477
f 5232 3987 3874
f 3874 3987 3871
f 3987 5232 4013
f 4013 5232 5233
f 4013 5233 4014
f 4014 5233 5242
f 3888 4015 3865
f 3865 4015 4007
f 3866 4008 5243
f 5243 4008 4016
f 3873 5244 3878
f 3878 5244 3875
f 3965 5244 3872
f 3872 5244 3873
f 3876 3875 3965
f 3965 3875 5244
f 5243 4016 5242
f 5242 4016 4014
f 5246 5247 5245
f 5245 5247 5248
f 3576 3950 3577
f 3577 3950 3926
f 3584 3842 3585
f 3585 3842 3580
f 5249 5247 1784
f 1784 5247 1785
f 5250 5251 5253
f 5253 5251 5252
f 5255 5252 5254
f 5254 5252 5256
f 5254 5256 5258
f 5258 5256 5257
f 5258 5257 5260
f 5260 5257 5259
f 4356 5261 4424
f 4424 5261 5259
f 4355 5262 4356
f 4356 5262 5261
f 4924 5264 5263
f 5263 5264 5265
f 4693 5266 4691
f 4691 5266 5267
f 4351 5268 4352
f 4352 5268 5269
f 1808 1807 4351
f 4351 1807 5268
f 3580 3842 3581
f 3799 3802 3838
f 4800 4788 4801
f 4801 4788 4789
f 3729 3935 4801
f 4801 3935 4800
f 3728 3666 3729
f 3729 3666 3935
f 3728 3798 3666
f 3666 3798 3663
f 3798 3818 3663
f 3663 3818 3809
f 3818 3817 3809
f 3809 3817 3808
f 3796 3655 3817
f 3817 3655 3808
f 3615 3568 3796
f 3796 3568 3655
f 3573 3569 3615
f 3615 3569 3568
f 3572 3613 3573
f 3573 3613 3569
f 3792 3606 3572
f 3572 3606 3613
f 3607 3791 3949
f 3949 3791 3591
f 3590 3950 3591
f 3591 3950 3949
f 3805 3926 3590
f 3590 3926 3950
f 3804 3559 3805
f 3805 3559 3926
f 3804 3914 3559
f 3559 3914 3560
f 3924 3789 3913
f 3913 3789 3788
f 3924 3928 3789
f 3789 3928 3826
f 3928 3927 3826
f 3826 3927 3827
f 3927 3834 3827
f 3827 3834 3835
f 4079 4078 5270
f 5270 4078 5007
f 5271 5272 4233
f 4233 5272 5273
f 5275 5276 5274
f 5274 5276 5277
f 5278 5279 4236
f 4236 5279 4237
f 5278 5280 5271
f 5271 5280 5272
f 4235 5281 4236
f 4236 5281 5282
f 5284 5285 5283
f 5283 5285 5286
f 5288 5289 5287
f 5287 5289 5290
f 5292 5293 5291
f 5291 5293 5294
f 5287 5290 4726
f 4726 5290 5295
f 4293 4292 4313
f 4313 4292 4793
f 4720 4736 4719
f 4719 4736 5296
f 5297 4909 5298
f 5298 4909 4908
f 5299 5300 4976
f 4976 5300 5301
f 5302 4202 5303
f 5303 4202 4201
f 5304 5305 4983
f 4983 5305 5306
f 5308 5309 5307
f 5307 5309 5310
f 4722 4725 5283
f 5283 4725 5311
f 5291 5294 4125
f 4125 5294 4126
f 5313 5314 5312
f 5312 5314 5315
f 5316 5317 5319
f 5319 5317 5318
f 5321 5308 5320
f 5320 5308 5307
f 4819 4981 4873
f 4873 4981 5322
f 4981 4123 5322
f 5322 4123 4126
f 5324 5325 5323
f 5323 5325 5326
f 4764 5327 4975
f 4975 5327 5328
f 4172 5327 4169
f 4169 5327 5329
f 4768 4171 4769
f 4769 4171 4170
f 4243 4755 4244
f 4244 4755 5330
f 4755 4205 5330
f 5330 4205 4208
f 4206 4906 4207
f 4207 4906 4905
f 4686 5014 5009
f 5009 5014 5229
f 4756 4770 4170
f 4170 4770 4769
f 4170 4169 4756
f 4756 4169 4757
f 4273 5329 4764
f 4764 5329 5327
f 4276 5331 4273
f 4273 5331 5329
f 4770 4756 4243
f 4243 4756 4755
f 5333 4889 5332
f 5332 4889 5010
f 4877 5332 4878
f 4878 5332 4259
f 4875 4164 4876
f 4876 4164 4163
f 5334 5335 5324
f 5324 5335 5325
f 4983 5306 4123
f 4123 5306 4124
f 4818 4982 4819
f 4819 4982 4981
f 5332 5010 4259
f 4259 5010 4260
f 5014 4686 4875
f 4875 4686 4164
f 4171 4768 5229
f 5229 4768 5009
f 5337 4916 5336
f 5336 4916 4919
f 5293 5337 5294
f 5294 5337 5336
f 4982 4818 5333
f 5333 4818 4889
f 5338 5339 4262
f 4262 5339 5340
f 5307 5310 5338
f 5338 5310 5339
f 5341 5342 4204
f 4204 5342 5309
f 5336 4919 5322
f 5322 4919 4873
f 5294 5336 4126
f 4126 5336 5322
f 5323 5326 5343
f 5343 5326 5286
f 4914 5344 4915
f 4915 5344 5345
f 5312 5315 5344
f 5344 5315 5345
f 5347 5348 5346
f 5346 5348 5349
f 5350 5351 4832
f 4832 5351 4833
f 5352 5353 5349
f 5349 5353 5346
f 5354 5338 4265
f 4265 5338 4262
f 5320 5307 5354
f 5354 5307 5338
f 4201 5308 5303
f 5303 5308 5321
f 5356 5357 5355
f 5355 5357 4799
f 5358 5359 5334
f 5334 5359 5335
f 5358 5360 4093
f 4093 5360 4163
f 5360 5305 4163
f 4163 5305 4876
f 5305 5304 4876
f 4876 5304 4877
f 5270 4778 4079
f 4079 4778 4081
f 4779 5361 4774
f 4774 5361 5357
f 5356 5359 4775
f 4775 5359 4092
f 5333 5304 4982
f 4982 5304 4983
f 5332 4877 5333
f 5333 4877 5304
f 5015 4258 5230
f 5230 4258 5328
f 5327 4172 5328
f 5328 4172 5230
f 4169 5329 4757
f 4757 5329 5331
f 4757 5331 4205
f 4205 5331 4206
f 5331 4276 4206
f 4206 4276 4906
f 4276 4275 4906
f 4906 4275 4907
f 4275 4888 4907
f 4907 4888 4744
f 4887 4717 4745
f 4745 4717 4864
f 4716 5139 4861
f 4861 5139 5190
f 5139 5138 5190
f 5190 5138 5187
f 5138 5216 5187
f 5187 5216 5176
f 5215 5362 5173
f 5173 5362 5130
f 5364 5365 5363
f 5363 5365 5340
f 4742 4863 5366
f 5366 4863 4867
f 4862 5189 4868
f 4868 5189 5184
f 5189 5188 5184
f 5184 5188 5185
f 5188 5175 5185
f 5185 5175 5168
f 3560 3788 3561
f 3561 3788 3790
f 3596 3595 3608
f 3608 3595 3594
f 3598 3582 3595
f 3595 3582 3592
f 3600 3609 3601
f 3601 3609 3611
f 3602 3601 3612
f 3612 3601 3611
f 3606 3605 3613
f 3613 3605 3614
f 3793 5367 3794
f 3794 5367 5368
f 3598 3597 3600
f 3600 3597 3609
f 3793 3792 3575
f 3575 3792 3572
f 3561 3594 3558
f 3558 3594 3593
f 3807 3915 3804
f 3804 3915 3914
f 3916 3915 5370
f 5370 3915 5369
f 3602 3605 3603
f 3603 3605 3604
f 3606 3792 3607
f 3607 3792 3791
f 3914 3913 3560
f 3560 3913 3788
f 5174 5129 5166
f 5166 5129 5371
f 5170 5169 5093
f 5093 5169 5113
f 5166 5371 5090
f 5090 5371 5091
f 5128 5169 5372
f 5372 5169 5172
f 5127 5113 5128
f 5128 5113 5169
f 5114 5206 5203
f 5203 5206 5362
f 5200 5373 5073
f 5073 5373 5096
f 5374 5375 5200
f 5200 5375 5373
f 5039 5047 5374
f 5374 5047 5375
f 5087 5046 5085
f 5085 5046 5376
f 5212 5377 5067
f 5067 5377 5376
f 5042 5045 5212
f 5212 5045 5377
f 5064 5378 5043
f 5043 5378 5044
f 5063 5077 5064
f 5064 5077 5378
f 5079 5082 5198
f 5198 5082 5078
f 5099 5081 5100
f 5100 5081 5379
f 5100 5379 5094
f 5094 5379 5095
f 5381 5382 5380
f 5380 5382 5383
f 5385 5386 5384
f 5384 5386 5383
f 5385 5387 5386
f 5386 5387 5388
f 5390 5391 5389
f 5389 5391 5392
f 5393 5394 5396
f 5396 5394 5395
f 5398 5399 5397
f 5397 5399 5400
f 5402 5403 5401
f 5401 5403 5404
f 5406 5407 5405
f 5405 5407 5404
f 5408 5409 5163
f 5163 5409 5410
f 5411 5412 5414
f 5414 5412 5413
f 5057 5416 5415
f 5415 5416 5417
f 5393 5416 5418
f 5418 5416 5419
f 5396 5395 5420
f 5420 5395 5421
f 5423 5424 5422
f 5422 5424 5425
f 5415 5417 5220
f 5220 5417 5426
f 5418 5391 5393
f 5393 5391 5394
f 5414 5388 5411
f 5411 5388 5392
f 5059 5427 5060
f 5060 5427 5428
f 5423 5427 5429
f 5429 5427 5430
f 5432 5382 5431
f 5431 5382 5425
f 5429 5407 5423
f 5423 5407 5424
f 5380 5409 5381
f 5381 5409 5433
f 5381 5433 5422
f 5422 5433 5428
f 5027 5412 5056
f 5056 5412 5419
f 5435 5436 5434
f 5434 5436 5437
f 5159 5439 5438
f 5438 5439 5440
f 5053 5436 5159
f 5159 5436 5439
f 5441 5403 5398
f 5398 5403 5399
f 5163 5410 5026
f 5026 5410 5413
f 5438 5440 5442
f 5442 5440 5430
f 5444 5445 5443
f 5443 5445 5446
f 5447 5448 5450
f 5450 5448 5449
f 5451 5446 5452
f 5452 5446 5445
f 5454 5455 5453
f 5453 5455 5451
f 5456 5454 5458
f 5458 5454 5457
f 5460 5461 5459
f 5459 5461 5462
f 5464 5465 5463
f 5463 5465 5466
f 5468 5469 5467
f 5467 5469 5470
f 5472 5473 5471
f 5471 5473 5474
f 5475 5476 5478
f 5478 5476 5477
f 5479 5480 5482
f 5482 5480 5481
f 5483 5484 5448
f 5448 5484 5485
f 5448 5485 5449
f 5449 5485 5486
f 5487 5476 5488
f 5488 5476 5475
f 5490 5491 5489
f 5489 5491 5492
f 5494 5495 5493
f 5493 5495 5496
f 5498 5494 5497
f 5497 5494 5493
f 5500 5501 5499
f 5499 5501 5502
f 5503 5504 5446
f 5446 5504 5443
f 5506 5507 5505
f 5505 5507 5508
f 5510 5511 5509
f 5509 5511 5512
f 5514 5515 5513
f 5513 5515 5516
f 5518 5519 5517
f 5517 5519 5520
f 5495 5521 5496
f 5496 5521 5522
f 5524 5525 5523
f 5523 5525 5526
f 5527 5528 5494
f 5494 5528 5495
f 5499 5502 5529
f 5529 5502 5530
f 5531 5532 5485
f 5485 5532 5486
f 5485 5484 5531
f 5531 5484 5533
f 5482 5481 5534
f 5534 5481 5535
f 5536 5512 5506
f 5506 5512 5511
f 5455 5503 5451
f 5451 5503 5446
f 5467 5470 5511
f 5511 5470 5537
f 5538 5467 5510
f 5510 5467 5511
f 5540 5541 5539
f 5539 5541 5542
f 5543 5544 5546
f 5546 5544 5545
f 5548 5472 5547
f 5547 5472 5471
f 5493 5496 5549
f 5549 5496 5550
f 5496 5522 5550
f 5550 5522 5551
f 5553 5554 5552
f 5552 5554 5555
f 5557 5447 5556
f 5556 5447 5558
f 5557 5483 5447
f 5447 5483 5448
f 5478 5477 5553
f 5553 5477 5559
f 5477 5560 5559
f 5559 5560 5561
f 5476 5562 5477
f 5477 5562 5560
f 5476 5487 5562
f 5562 5487 5563
f 5560 5564 5561
f 5561 5564 5565
f 5564 5560 5566
f 5566 5560 5562
f 5563 5567 5562
f 5562 5567 5566
f 5569 5521 5568
f 5568 5521 5570
f 5481 5572 5571
f 5571 5572 5573
f 5574 5535 5571
f 5571 5535 5481
f 5576 5577 5575
f 5575 5577 5578
f 5579 5580 5456
f 5456 5580 5581
f 5475 5582 5488
f 5488 5582 5583
f 5584 5536 5505
f 5505 5536 5506
f 5585 5586 5588
f 5588 5586 5587
f 5590 5591 5589
f 5589 5591 5592
f 5519 5593 5520
f 5520 5593 5594
f 5595 5596 5462
f 5462 5596 5597
f 5599 5600 5598
f 5598 5600 5514
f 5602 5603 5601
f 5601 5603 5604
f 5524 5543 5525
f 5525 5543 5546
f 5543 5524 5606
f 5606 5524 5605
f 5607 5608 5500
f 5500 5608 5501
f 5610 5551 5609
f 5609 5551 5522
f 5611 5510 5598
f 5598 5510 5509
f 5612 5597 5457
f 5457 5597 5458
f 5510 5611 5538
f 5538 5611 5613
f 5580 5508 5581
f 5581 5508 5507
f 5615 5616 5614
f 5614 5616 5617
f 5619 5620 5618
f 5618 5620 5621
f 5623 5624 5622
f 5622 5624 5625
f 5627 5624 5626
f 5626 5624 5623
f 5629 5630 5628
f 5628 5630 5631
f 5633 5634 5632
f 5632 5634 5466
f 5635 5636 5463
f 5463 5636 5637
f 5523 5638 5524
f 5524 5638 5605
f 5639 5640 5641
f 5641 5640 5595
f 5611 5513 5613
f 5613 5513 5642
f 5643 5586 5608
f 5608 5586 5501
f 5622 5625 5590
f 5590 5625 5591
f 5598 5514 5611
f 5611 5514 5513
f 5645 5646 5644
f 5644 5646 5647
f 5620 5619 5491
f 5491 5619 5648
f 5649 5643 5492
f 5492 5643 5608
f 5650 5651 5653
f 5653 5651 5652
f 5463 5466 5635
f 5635 5466 5634
f 5597 5612 5462
f 5462 5612 5459
f 5635 5634 5523
f 5523 5634 5638
f 5654 5638 5633
f 5633 5638 5634
f 5655 5656 5525
f 5525 5656 5526
f 5658 5659 5657
f 5657 5659 5527
f 5660 5464 5637
f 5637 5464 5463
f 5632 5466 5661
f 5661 5466 5465
f 5661 5662 5632
f 5632 5662 5658
f 5662 5663 5658
f 5658 5663 5659
f 5665 5659 5664
f 5664 5659 5663
f 5632 5658 5633
f 5633 5658 5657
f 5666 5629 5530
f 5530 5629 5667
f 5528 5527 5665
f 5665 5527 5659
f 5668 5669 5570
f 5570 5669 5568
f 5669 5668 5670
f 5670 5668 5671
f 5646 5672 5673
f 5672 5674 5673
f 5673 5674 5675
f 5674 5460 5675
f 5675 5460 5459
f 5461 5676 5462
f 5462 5676 5595
f 5677 5678 5680
f 5680 5678 5679
f 5628 5681 5629
f 5629 5681 5667
f 5682 5529 5667
f 5667 5529 5530
f 5675 5459 5683
f 5683 5459 5612
f 5585 5666 5502
f 5502 5666 5530
f 5589 5684 5602
f 5602 5684 5603
f 5646 5645 5663
f 5663 5645 5664
f 5685 5647 5673
f 5673 5647 5646
f 5686 5687 5683
f 5683 5687 5685
f 5688 5689 5533
f 5533 5689 5531
f 5690 5691 5535
f 5535 5691 5534
f 5692 5690 5574
f 5574 5690 5535
f 5685 5687 5689
f 5689 5687 5693
f 5489 5694 5490
f 5490 5694 5695
f 5690 5692 5696
f 5696 5692 5697
f 5696 5644 5690
f 5690 5644 5691
f 5447 5450 5558
f 5558 5450 5698
f 5699 5700 5642
f 5642 5700 5613
f 5701 5702 5540
f 5540 5702 5541
f 5431 5703 5432
f 5432 5703 5697
f 5385 5384 5574
f 5574 5384 5692
f 5389 5387 5573
f 5573 5387 5571
f 5565 5390 5573
f 5573 5390 5389
f 5390 5565 5704
f 5704 5565 5564
f 5566 5705 5564
f 5564 5705 5704
f 5569 5441 5609
f 5609 5441 5398
f 5568 5405 5569
f 5569 5405 5441
f 5670 5706 5669
f 5669 5706 5406
f 5703 5431 5670
f 5670 5431 5706
f 5432 5697 5384
f 5384 5697 5692
f 5574 5571 5385
f 5385 5571 5387
f 5607 5707 5489
f 5489 5707 5694
f 5518 5708 5519
f 5519 5708 5709
f 5711 5576 5710
f 5710 5576 5575
f 5713 5714 5712
f 5712 5714 5715
f 5553 5552 5478
f 5478 5552 5716
f 5717 5475 5716
f 5716 5475 5478
f 5718 5719 5605
f 5605 5719 5606
f 5505 5622 5584
f 5584 5622 5590
f 5508 5623 5505
f 5505 5623 5622
f 5626 5623 5580
f 5580 5623 5508
f 5580 5579 5626
f 5626 5579 5720
f 5579 5721 5720
f 5720 5721 5722
f 5666 5585 5723
f 5723 5585 5588
f 5724 5725 5639
f 5639 5725 5640
f 5554 5726 5555
f 5555 5726 5727
f 5453 5728 5729
f 5689 5688 5685
f 5685 5688 5647
f 5604 5730 5512
f 5512 5730 5509
f 5628 5631 5618
f 5618 5631 5592
f 5601 5604 5536
f 5536 5604 5512
f 5732 5676 5731
f 5731 5676 5660
f 5730 5604 5733
f 5733 5604 5603
f 5563 5487 5551
f 5551 5487 5550
f 5489 5492 5607
f 5607 5492 5608
f 5573 5572 5565
f 5565 5572 5561
f 5609 5522 5569
f 5569 5522 5521
f 5499 5734 5500
f 5500 5734 5735
f 5596 5736 5721
f 5721 5736 5722
f 5737 5600 5594
f 5594 5600 5520
f 5599 5730 5517
f 5517 5730 5733
f 5660 5738 5731
f 5731 5738 5739
f 5648 5649 5491
f 5491 5649 5492
f 5501 5586 5502
f 5502 5586 5585
f 5525 5546 5655
f 5655 5546 5740
f 5600 5599 5520
f 5520 5599 5517
f 5708 5739 5709
f 5709 5739 5738
f 5636 5635 5526
f 5526 5635 5523
f 5670 5671 5703
f 5703 5671 5741
f 5490 5695 5742
f 5742 5695 5743
f 5682 5678 5744
f 5744 5678 5677
f 5678 5681 5679
f 5679 5681 5621
f 5742 5743 5679
f 5679 5743 5680
f 5618 5621 5628
f 5628 5621 5681
f 5725 5724 5589
f 5589 5724 5684
f 5456 5458 5579
f 5579 5458 5721
f 5675 5683 5673
f 5673 5683 5685
f 5529 5682 5745
f 5745 5682 5744
f 5721 5458 5596
f 5596 5458 5597
f 5701 5540 5719
f 5719 5540 5606
f 5703 5741 5697
f 5697 5741 5696
f 5500 5735 5607
f 5607 5735 5707
f 5549 5746 5493
f 5493 5746 5497
f 5700 5747 5613
f 5613 5747 5538
f 5420 5421 5434
f 5434 5421 5400
f 5689 5693 5531
f 5531 5693 5532
f 5705 5566 5748
f 5748 5566 5567
f 5609 5398 5610
f 5610 5398 5397
f 5669 5406 5568
f 5568 5406 5405
f 5488 5583 5549
f 5549 5583 5746
f 5714 5713 5710
f 5710 5713 5711
f 5747 5468 5538
f 5538 5468 5467
f 5548 5547 5749
f 5749 5547 5750
f 5733 5603 5751
f 5751 5603 5684
f 5589 5602 5590
f 5590 5602 5584
f 5636 5752 5614
f 5614 5752 5615
f 5753 5754 5738
f 5738 5754 5755
f 5602 5601 5584
f 5584 5601 5536
f 5723 5736 5630
f 5630 5736 5640
f 5595 5640 5596
f 5596 5640 5736
f 5734 5499 5745
f 5745 5499 5529
f 5627 5587 5643
f 5643 5587 5586
f 5553 5559 5554
f 5554 5559 5480
f 5559 5561 5480
f 5480 5561 5572
f 5554 5480 5726
f 5726 5480 5479
f 5749 5750 5715
f 5715 5750 5712
f 5683 5612 5686
f 5686 5612 5457
f 5678 5682 5681
f 5681 5682 5667
f 5598 5509 5599
f 5599 5509 5730
f 5679 5621 5742
f 5742 5621 5620
f 5652 5616 5653
f 5653 5616 5615
f 5220 5426 5052
f 5052 5426 5437
f 5487 5488 5550
f 5550 5488 5549
f 5742 5620 5490
f 5490 5620 5491
f 5551 5610 5563
f 5563 5610 5567
f 5610 5397 5567
f 5567 5397 5748
f 5614 5617 5753
f 5753 5617 5754
f 5480 5572 5481
f 5755 5756 5738
f 5738 5756 5709
f 5745 5744 5758
f 5758 5744 5757
f 5745 5758 5734
f 5734 5758 5759
f 5735 5734 5760
f 5760 5734 5759
f 5707 5735 5761
f 5761 5735 5760
f 5744 5677 5757
f 5757 5677 5762
f 5677 5680 5762
f 5762 5680 5763
f 5763 5680 5764
f 5764 5680 5743
f 5765 5766 5762
f 5762 5766 5757
f 5768 5769 5767
f 5767 5769 5770
f 5771 5772 5770
f 5770 5772 5767
f 5770 5769 5774
f 5774 5769 5773
f 5775 5776 5774
f 5774 5776 5777
f 5773 5778 5774
f 5774 5778 5775
f 5779 5766 5773
f 5773 5766 5778
f 5777 5771 5774
f 5774 5771 5770
f 5780 5781 5783
f 5783 5781 5782
f 5781 5780 5771
f 5771 5780 5772
f 5773 5769 5779
f 5779 5769 5768
f 5768 5759 5779
f 5779 5759 5758
f 5768 5784 5759
f 5759 5784 5760
f 5767 5785 5768
f 5768 5785 5784
f 5785 5767 5786
f 5786 5767 5772
f 5766 5779 5757
f 5757 5779 5758
f 5780 5787 5772
f 5772 5787 5786
f 5785 5786 5788
f 5788 5786 5789
f 5786 5787 5789
f 5789 5787 5790
f 5788 5789 5791
f 5791 5789 5792
f 5791 5793 5788
f 5788 5793 5794
f 5795 5792 5790
f 5790 5792 5789
f 5785 5788 5784
f 5784 5788 5794
f 5784 5794 5760
f 5760 5794 5761
f 5787 5780 5796
f 5796 5780 5783
f 5775 5778 5797
f 5797 5778 5766
f 5797 5798 5775
f 5775 5798 5776
f 5766 5765 5797
f 5797 5765 5799
f 5798 5797 5800
f 5800 5797 5799
f 5798 5801 5776
f 5776 5801 5802
f 5707 5761 5694
f 5694 5761 5803
f 5695 5804 5743
f 5743 5804 5764
f 5804 5695 5803
f 5803 5695 5694
f 5803 5793 5804
f 5804 5793 5805
f 5793 5791 5805
f 5805 5791 5806
f 5804 5805 5764
f 5764 5805 5807
f 5803 5761 5793
f 5793 5761 5794
f 5808 5763 5807
f 5807 5763 5764
f 5808 5765 5763
f 5763 5765 5762
f 5809 5799 5808
f 5808 5799 5765
f 5809 5808 5810
f 5810 5808 5807
f 5811 5809 5812
f 5812 5809 5810
f 5805 5806 5807
f 5807 5806 5810
f 5806 5813 5810
f 5810 5813 5812
f 5799 5809 5800
f 5800 5809 5811
f 5815 5800 5814
f 5814 5800 5811
f 5814 5817 5816
f 5816 5817 5818
f 5814 5811 5817
f 5817 5811 5812
f 5814 5816 5815
f 5815 5816 5796
f 5815 5796 5801
f 5801 5796 5783
f 5801 5798 5815
f 5815 5798 5800
f 5791 5792 5806
f 5806 5792 5813
f 5818 5813 5795
f 5795 5813 5792
f 5818 5817 5813
f 5813 5817 5812
f 5816 5818 5790
f 5790 5818 5795
f 5790 5787 5816
f 5816 5787 5796
f 5771 5777 5781
f 5781 5777 5782
f 5782 5802 5783
f 5783 5802 5801
f 5782 5777 5802
f 5802 5777 5776
f 5588 5587 5722
f 5722 5587 5720
f 5591 5619 5592
f 5592 5619 5618
f 5625 5624 5648
f 5648 5624 5649
f 5624 5627 5649
f 5649 5627 5643
f 5631 5630 5725
f 5725 5630 5640
f 5625 5648 5591
f 5591 5648 5619
f 5588 5722 5723
f 5723 5722 5736
f 5631 5725 5592
f 5592 5725 5589
f 5723 5630 5666
f 5666 5630 5629
f 5587 5627 5720
f 5720 5627 5626
f 5820 5821 5819
f 5819 5821 5822
f 5824 5825 5823
f 5823 5825 5826
f 5823 5826 5827
f 5827 5826 5828
f 5829 5830 5832
f 5832 5830 5831
f 5518 5833 5708
f 5708 5833 5834
f 5835 5836 5824
f 5824 5836 5825
f 5838 5839 5837
f 5837 5839 5840
f 5751 5684 5842
f 5842 5684 5841
f 5843 5841 5724
f 5724 5841 5684
f 5845 5846 5844
f 5844 5846 5847
f 5848 5830 5836
f 5836 5830 5825
f 5518 5751 5833
f 5833 5751 5842
f 5839 5838 5821
f 5821 5838 5849
f 5850 5848 5822
f 5822 5848 5836
f 5851 5845 5828
f 5828 5845 5852
f 5854 5855 5853
f 5853 5855 5856
f 5845 5844 5852
f 5852 5844 5857
f 5858 5827 5852
f 5852 5827 5828
f 5851 5828 5829
f 5829 5828 5826
f 5819 5859 5820
f 5820 5859 5860
f 5835 5861 5819
f 5819 5861 5859
f 5851 5829 5862
f 5862 5829 5832
f 5844 5847 5837
f 5837 5847 5834
f 5819 5822 5835
f 5835 5822 5836
f 5823 5863 5824
f 5824 5863 5864
f 5849 5850 5821
f 5821 5850 5822
f 5825 5830 5826
f 5826 5830 5829
f 5820 5860 5865
f 5865 5860 5866
f 5858 5854 5867
f 5867 5854 5853
f 5854 5857 5855
f 5855 5857 5840
f 5855 5865 5856
f 5856 5865 5866
f 5837 5840 5844
f 5844 5840 5857
f 5827 5858 5868
f 5868 5858 5867
f 5824 5864 5835
f 5835 5864 5861
f 5732 5731 5862
f 5862 5731 5846
f 5863 5823 5868
f 5868 5823 5827
f 5843 5831 5848
f 5848 5831 5830
f 5854 5858 5857
f 5857 5858 5852
f 5855 5840 5865
f 5865 5840 5839
f 5865 5839 5820
f 5820 5839 5821
f 5868 5867 5870
f 5870 5867 5869
f 5868 5870 5863
f 5863 5870 5871
f 5863 5871 5864
f 5864 5871 5872
f 5864 5872 5861
f 5861 5872 5873
f 5867 5853 5869
f 5869 5853 5874
f 5853 5856 5874
f 5874 5856 5875
f 5856 5866 5875
f 5875 5866 5876
f 5877 5878 5874
f 5874 5878 5869
f 5880 5881 5879
f 5879 5881 5882
f 5883 5884 5880
f 5880 5884 5881
f 5881 5884 5886
f 5886 5884 5885
f 5887 5888 5886
f 5886 5888 5889
f 5885 5890 5886
f 5886 5890 5887
f 5889 5882 5886
f 5886 5882 5881
f 5882 5891 5879
f 5879 5891 5892
f 5885 5884 5893
f 5893 5884 5883
f 5883 5871 5893
f 5893 5871 5870
f 5883 5894 5871
f 5871 5894 5872
f 5880 5895 5883
f 5883 5895 5894
f 5896 5895 5879
f 5879 5895 5880
f 5893 5878 5885
f 5885 5878 5890
f 5878 5893 5869
f 5869 5893 5870
f 5897 5896 5892
f 5892 5896 5879
f 5895 5896 5898
f 5898 5896 5899
f 5896 5897 5899
f 5899 5897 5900
f 5898 5899 5901
f 5901 5899 5902
f 5901 5903 5898
f 5898 5903 5904
f 5900 5905 5899
f 5899 5905 5902
f 5898 5904 5895
f 5895 5904 5894
f 5894 5904 5872
f 5872 5904 5873
f 5897 5892 5907
f 5907 5892 5906
f 5892 5891 5906
f 5906 5891 5908
f 5887 5890 5909
f 5909 5890 5878
f 5888 5887 5910
f 5910 5887 5909
f 5878 5877 5909
f 5909 5877 5911
f 5909 5911 5910
f 5910 5911 5912
f 5913 5914 5910
f 5910 5914 5888
f 5908 5914 5906
f 5906 5914 5913
f 5861 5873 5859
f 5859 5873 5915
f 5860 5916 5866
f 5866 5916 5876
f 5916 5860 5915
f 5915 5860 5859
f 5915 5903 5916
f 5916 5903 5917
f 5903 5901 5917
f 5917 5901 5918
f 5916 5917 5876
f 5876 5917 5919
f 5903 5915 5904
f 5904 5915 5873
f 5920 5875 5919
f 5919 5875 5876
f 5920 5877 5875
f 5875 5877 5874
f 5920 5921 5877
f 5877 5921 5911
f 5921 5920 5922
f 5922 5920 5919
f 5923 5921 5924
f 5924 5921 5922
f 5917 5918 5919
f 5919 5918 5922
f 5918 5925 5922
f 5922 5925 5924
f 5921 5923 5911
f 5911 5923 5912
f 5927 5912 5926
f 5926 5912 5923
f 5926 5929 5928
f 5928 5929 5930
f 5926 5923 5929
f 5929 5923 5924
f 5926 5928 5927
f 5927 5928 5907
f 5927 5907 5913
f 5913 5907 5906
f 5913 5910 5927
f 5927 5910 5912
f 5901 5902 5918
f 5918 5902 5925
f 5930 5925 5905
f 5905 5925 5902
f 5930 5929 5925
f 5925 5929 5924
f 5928 5930 5900
f 5900 5930 5905
f 5900 5897 5928
f 5928 5897 5907
f 5882 5889 5891
f 5891 5889 5908
f 5908 5889 5914
f 5914 5889 5888
f 5832 5831 5641
f 5641 5831 5639
f 5833 5838 5834
f 5834 5838 5837
f 5842 5841 5849
f 5849 5841 5850
f 5841 5843 5850
f 5850 5843 5848
f 5847 5846 5739
f 5739 5846 5731
f 5842 5849 5833
f 5833 5849 5838
f 5862 5832 5732
f 5732 5832 5641
f 5847 5739 5834
f 5834 5739 5708
f 5862 5846 5851
f 5851 5846 5845
f 5831 5843 5639
f 5639 5843 5724
f 5676 5732 5595
f 5595 5732 5641
f 5676 5461 5660
f 5660 5461 5464
f 5461 5460 5464
f 5464 5460 5465
f 5460 5674 5465
f 5465 5674 5661
f 5931 5932 5934
f 5934 5932 5933
f 5936 5937 5935
f 5935 5937 5938
f 5935 5938 5939
f 5939 5938 5940
f 5942 5943 5941
f 5941 5943 5944
f 5945 5946 5936
f 5936 5946 5937
f 5948 5949 5947
f 5947 5949 5950
f 5951 5952 5519
f 5519 5952 5593
f 5953 5951 5709
f 5709 5951 5519
f 5955 5956 5954
f 5954 5956 5957
f 5958 5942 5946
f 5946 5942 5937
f 5948 5959 5949
f 5949 5959 5933
f 5960 5958 5934
f 5934 5958 5946
f 5961 5955 5940
f 5940 5955 5962
f 5963 5964 5966
f 5966 5964 5965
f 5955 5954 5962
f 5962 5954 5967
f 5968 5939 5962
f 5962 5939 5940
f 5961 5940 5941
f 5941 5940 5938
f 5931 5969 5932
f 5932 5969 5970
f 5945 5971 5931
f 5931 5971 5969
f 5941 5944 5961
f 5961 5944 5972
f 5954 5957 5947
f 5947 5957 5973
f 5945 5931 5946
f 5946 5931 5934
f 5935 5974 5936
f 5936 5974 5975
f 5959 5960 5933
f 5933 5960 5934
f 5937 5942 5938
f 5938 5942 5941
f 5932 5970 5976
f 5976 5970 5977
f 5968 5964 5978
f 5978 5964 5963
f 5965 5964 5950
f 5950 5964 5967
f 5976 5977 5965
f 5965 5977 5966
f 5947 5950 5954
f 5954 5950 5967
f 5939 5968 5979
f 5979 5968 5978
f 5936 5975 5945
f 5945 5975 5971
f 5972 5754 5956
f 5956 5754 5617
f 5974 5935 5979
f 5979 5935 5939
f 5953 5943 5958
f 5958 5943 5942
f 5964 5968 5967
f 5967 5968 5962
f 5965 5950 5976
f 5976 5950 5949
f 5976 5949 5932
f 5932 5949 5933
f 5979 5978 5981
f 5981 5978 5980
f 5979 5981 5974
f 5974 5981 5982
f 5974 5982 5975
f 5975 5982 5983
f 5975 5983 5971
f 5971 5983 5984
f 5978 5963 5980
f 5980 5963 5985
f 5963 5966 5985
f 5985 5966 5986
f 5986 5966 5987
f 5987 5966 5977
f 5988 5989 5985
f 5985 5989 5980
f 5991 5992 5990
f 5990 5992 5993
f 5994 5995 5991
f 5991 5995 5992
f 5992 5995 5997
f 5997 5995 5996
f 5998 5999 5997
f 5997 5999 6000
f 5996 6001 5997
f 5997 6001 5998
f 6000 5993 5997
f 5997 5993 5992
f 6002 6003 5993
f 5993 6003 5990
f 5995 5994 5996
f 5996 5994 6004
f 5994 5982 6004
f 6004 5982 5981
f 5994 6005 5982
f 5982 6005 5983
f 5991 6006 5994
f 5994 6006 6005
f 6006 5991 6007
f 6007 5991 5990
f 5996 6004 6001
f 6001 6004 5989
f 5989 6004 5980
f 5980 6004 5981
f 6003 6008 5990
f 5990 6008 6007
f 6009 6006 6010
f 6010 6006 6007
f 6008 6011 6007
f 6007 6011 6010
f 6012 6009 6013
f 6013 6009 6010
f 6009 6012 6015
f 6015 6012 6014
f 6011 6016 6010
f 6010 6016 6013
f 6006 6009 6005
f 6005 6009 6015
f 6005 6015 5983
f 5983 6015 5984
f 6008 6003 6018
f 6018 6003 6017
f 6003 6002 6017
f 6017 6002 6019
f 5998 6001 6020
f 6020 6001 5989
f 5999 5998 6021
f 6021 5998 6020
f 5989 5988 6020
f 6020 5988 6022
f 6021 6020 6023
f 6023 6020 6022
f 6021 6024 5999
f 5999 6024 6025
f 6019 6025 6017
f 6017 6025 6024
f 5971 5984 5969
f 5969 5984 6026
f 5970 6027 5977
f 5977 6027 5987
f 6027 5970 6026
f 6026 5970 5969
f 6026 6014 6027
f 6027 6014 6028
f 6014 6012 6028
f 6028 6012 6029
f 6027 6028 5987
f 5987 6028 6030
f 6026 5984 6014
f 6014 5984 6015
f 6031 5986 6030
f 6030 5986 5987
f 6031 5988 5986
f 5986 5988 5985
f 6032 6022 6031
f 6031 6022 5988
f 6032 6031 6033
f 6033 6031 6030
f 6034 6032 6035
f 6035 6032 6033
f 6028 6029 6030
f 6030 6029 6033
f 6029 6036 6033
f 6033 6036 6035
f 6032 6034 6022
f 6022 6034 6023
f 6038 6023 6037
f 6037 6023 6034
f 6037 6040 6039
f 6039 6040 6041
f 6037 6034 6040
f 6040 6034 6035
f 6037 6039 6038
f 6038 6039 6018
f 6038 6018 6024
f 6024 6018 6017
f 6024 6021 6038
f 6038 6021 6023
f 6012 6013 6029
f 6029 6013 6036
f 6041 6036 6016
f 6016 6036 6013
f 6041 6040 6036
f 6036 6040 6035
f 6041 6016 6039
f 6039 6016 6011
f 6011 6008 6039
f 6039 6008 6018
f 5993 6000 6002
f 6002 6000 6019
f 6019 6000 6025
f 6025 6000 5999
f 5943 5756 5944
f 5944 5756 5755
f 6042 5948 5973
f 5973 5948 5947
f 5952 5951 5959
f 5959 5951 5960
f 5951 5953 5960
f 5960 5953 5958
f 5616 5957 5617
f 5617 5957 5956
f 6042 5952 5948
f 5948 5952 5959
f 5944 5755 5972
f 5972 5755 5754
f 5957 5616 5973
f 5973 5616 5652
f 5956 5955 5972
f 5972 5955 5961
f 5943 5953 5756
f 5756 5953 5709
f 6044 6045 6043
f 6043 6045 6046
f 6048 6049 6047
f 6047 6049 6050
f 6047 6050 6051
f 6051 6050 6052
f 6054 6055 6053
f 6053 6055 6056
f 6057 6058 6060
f 6060 6058 6059
f 6061 6062 6048
f 6048 6062 6049
f 6063 6064 6066
f 6066 6064 6065
f 6067 6068 6070
f 6070 6068 6069
f 6071 6069 5653
f 5653 6069 6068
f 6072 6073 6075
f 6075 6073 6074
f 6062 6076 6049
f 6049 6076 6054
f 6058 6067 6059
f 6059 6067 6070
f 6064 6077 6065
f 6065 6077 6045
f 6078 6076 6046
f 6046 6076 6062
f 6073 6080 6079
f 6079 6080 6052
f 6082 6083 6081
f 6081 6083 6084
f 6072 6085 6073
f 6073 6085 6080
f 6086 6051 6080
f 6080 6051 6052
f 6079 6052 6053
f 6053 6052 6050
f 6043 6087 6044
f 6044 6087 6088
f 6061 6089 6043
f 6043 6089 6087
f 6053 6056 6079
f 6079 6056 6090
f 6063 6072 6060
f 6060 6072 6075
f 6043 6046 6061
f 6061 6046 6062
f 6047 6091 6048
f 6048 6091 6092
f 6077 6078 6045
f 6045 6078 6046
f 6049 6054 6050
f 6050 6054 6053
f 6044 6088 6093
f 6093 6088 6094
f 6086 6082 6095
f 6095 6082 6081
f 6083 6082 6066
f 6066 6082 6085
f 6093 6094 6083
f 6083 6094 6084
f 6072 6063 6085
f 6085 6063 6066
f 6051 6086 6096
f 6096 6086 6095
f 6048 6092 6061
f 6061 6092 6089
f 5656 5655 6090
f 6090 5655 6074
f 6091 6047 6096
f 6096 6047 6051
f 6071 6055 6076
f 6076 6055 6054
f 6082 6086 6085
f 6085 6086 6080
f 6093 6083 6065
f 6065 6083 6066
f 6044 6093 6045
f 6045 6093 6065
f 6096 6095 6098
f 6098 6095 6097
f 6096 6098 6091
f 6091 6098 6099
f 6091 6099 6092
f 6092 6099 6100
f 6092 6100 6089
f 6089 6100 6101
f 6095 6081 6097
f 6097 6081 6102
f 6081 6084 6102
f 6102 6084 6103
f 6103 6084 6104
f 6104 6084 6094
f 6106 6097 6105
f 6105 6097 6102
f 6107 6108 6110
f 6110 6108 6109
f 6111 6112 6108
f 6108 6112 6109
f 6109 6112 6114
f 6114 6112 6113
f 6114 6115 6117
f 6117 6115 6116
f 6113 6118 6114
f 6114 6118 6115
f 6117 6110 6114
f 6114 6110 6109
f 6110 6119 6107
f 6107 6119 6120
f 6112 6111 6113
f 6113 6111 6121
f 6111 6099 6121
f 6121 6099 6098
f 6111 6122 6099
f 6099 6122 6100
f 6123 6122 6108
f 6108 6122 6111
f 6124 6123 6107
f 6107 6123 6108
f 6113 6121 6118
f 6118 6121 6106
f 6106 6121 6097
f 6097 6121 6098
f 6125 6124 6120
f 6120 6124 6107
f 6126 6123 6127
f 6127 6123 6124
f 6125 6128 6124
f 6124 6128 6127
f 6129 6126 6130
f 6130 6126 6127
f 6126 6129 6132
f 6132 6129 6131
f 6128 6133 6127
f 6127 6133 6130
f 6123 6126 6122
f 6122 6126 6132
f 6122 6132 6100
f 6100 6132 6101
f 6120 6134 6125
f 6125 6134 6135
f 6120 6119 6134
f 6134 6119 6136
f 6115 6118 6137
f 6137 6118 6106
f 6115 6137 6116
f 6116 6137 6138
f 6137 6106 6139
f 6139 6106 6105
f 6138 6137 6140
f 6140 6137 6139
f 6141 6142 6138
f 6138 6142 6116
f 6136 6142 6134
f 6134 6142 6141
f 6089 6101 6087
f 6087 6101 6143
f 6088 6144 6094
f 6094 6144 6104
f 6143 6144 6087
f 6087 6144 6088
f 6131 6145 6143
f 6143 6145 6144
f 6129 6146 6131
f 6131 6146 6145
f 6144 6145 6104
f 6104 6145 6147
f 6143 6101 6131
f 6131 6101 6132
f 6148 6103 6147
f 6147 6103 6104
f 6103 6148 6102
f 6102 6148 6105
f 6148 6149 6105
f 6105 6149 6139
f 6149 6148 6150
f 6150 6148 6147
f 6151 6149 6152
f 6152 6149 6150
f 6145 6146 6147
f 6147 6146 6150
f 6146 6153 6150
f 6150 6153 6152
f 6149 6151 6139
f 6139 6151 6140
f 6155 6140 6154
f 6154 6140 6151
f 6154 6157 6156
f 6156 6157 6158
f 6154 6151 6157
f 6157 6151 6152
f 6154 6156 6155
f 6155 6156 6135
f 6155 6135 6141
f 6141 6135 6134
f 6141 6138 6155
f 6155 6138 6140
f 6146 6129 6153
f 6153 6129 6130
f 6158 6153 6133
f 6133 6153 6130
f 6158 6157 6153
f 6153 6157 6152
f 6156 6158 6128
f 6128 6158 6133
f 6128 6125 6156
f 6156 6125 6135
f 6110 6117 6119
f 6119 6117 6136
f 6136 6117 6142
f 6142 6117 6116
f 6055 5615 6056
f 6056 5615 5752
f 6060 6059 6063
f 6063 6059 6064
f 6077 6070 6078
f 6078 6070 6069
f 6069 6071 6078
f 6078 6071 6076
f 6159 6057 6075
f 6075 6057 6060
f 6059 6070 6064
f 6064 6070 6077
f 6056 5752 6090
f 6090 5752 5656
f 6090 6074 6079
f 6079 6074 6073
f 6055 6071 5615
f 5615 6071 5653
f 5547 5471 6160
f 6160 5471 6161
f 5729 5577 6163
f 6163 5577 6162
f 5577 5576 6162
f 6162 5576 6164
f 5713 6165 5711
f 5711 6165 6166
f 5474 5729 6167
f 6167 5729 6163
f 5750 5547 6168
f 6168 5547 6160
f 5471 5474 6161
f 6161 5474 6167
f 6169 5712 6168
f 6168 5712 5750
f 5711 6166 5576
f 5576 6166 6164
f 6165 5713 6169
f 6169 5713 5712
f 6168 6170 6169
f 6169 6170 6171
f 6169 6171 6165
f 6165 6171 6172
f 6165 6172 6166
f 6166 6172 6173
f 6166 6173 6164
f 6164 6173 6174
f 6168 6160 6170
f 6170 6160 6175
f 6160 6161 6175
f 6175 6161 6176
f 6161 6167 6176
f 6176 6167 6177
f 6179 6170 6178
f 6178 6170 6175
f 6181 6182 6180
f 6180 6182 6183
f 6184 6185 6181
f 6181 6185 6182
f 6186 6187 6185
f 6185 6187 6182
f 6186 6188 6187
f 6187 6188 6189
f 6190 6183 6187
f 6187 6183 6182
f 6183 6190 6191
f 6191 6190 6192
f 6191 6193 6183
f 6183 6193 6180
f 6186 6185 6194
f 6194 6185 6184
f 6184 6172 6194
f 6194 6172 6171
f 6184 6195 6172
f 6172 6195 6173
f 6181 6196 6184
f 6184 6196 6195
f 6196 6181 6197
f 6197 6181 6180
f 6186 6194 6188
f 6188 6194 6179
f 6179 6194 6170
f 6170 6194 6171
f 6193 6198 6180
f 6180 6198 6197
f 6199 6196 6200
f 6200 6196 6197
f 6198 6201 6197
f 6197 6201 6200
f 6202 6199 6203
f 6203 6199 6200
f 6199 6202 6205
f 6205 6202 6204
f 6201 6206 6200
f 6200 6206 6203
f 6196 6199 6195
f 6195 6199 6205
f 6195 6205 6173
f 6173 6205 6174
f 6198 6193 6208
f 6208 6193 6207
f 6193 6191 6207
f 6207 6191 6192
f 6189 6188 6209
f 6209 6188 6179
f 6210 6189 6211
f 6211 6189 6209
f 6209 6179 6212
f 6212 6179 6178
f 6211 6209 6213
f 6213 6209 6212
f 6211 6214 6210
f 6210 6214 6215
f 6192 6215 6207
f 6207 6215 6214
f 6190 6187 6210
f 6210 6187 6189
f 6192 6190 6215
f 6215 6190 6210
f 6162 6164 6216
f 6216 6164 6174
f 6167 6163 6177
f 6177 6163 6217
f 6216 6217 6162
f 6162 6217 6163
f 6204 6218 6216
f 6216 6218 6217
f 6202 6219 6204
f 6204 6219 6218
f 6217 6218 6177
f 6177 6218 6220
f 6216 6174 6204
f 6204 6174 6205
f 6221 6176 6220
f 6220 6176 6177
f 6176 6221 6175
f 6175 6221 6178
f 6221 6222 6178
f 6178 6222 6212
f 6222 6221 6223
f 6223 6221 6220
f 6224 6222 6225
f 6225 6222 6223
f 6218 6219 6220
f 6220 6219 6223
f 6219 6226 6223
f 6223 6226 6225
f 6222 6224 6212
f 6212 6224 6213
f 6228 6213 6227
f 6227 6213 6224
f 6229 6227 6231
f 6231 6227 6230
f 6227 6224 6230
f 6230 6224 6225
f 6227 6229 6228
f 6228 6229 6208
f 6228 6208 6214
f 6214 6208 6207
f 6214 6211 6228
f 6228 6211 6213
f 6219 6202 6226
f 6226 6202 6203
f 6231 6226 6206
f 6206 6226 6203
f 6231 6230 6226
f 6226 6230 6225
f 6229 6231 6201
f 6201 6231 6206
f 6201 6198 6229
f 6229 6198 6208
f 5674 5672 5661
f 5661 5672 5662
f 5662 5672 5663
f 5663 5672 5646
f 5651 6042 5652
f 5652 6042 5973
f 5518 5517 5751
f 5751 5517 5733
f 5738 5660 5753
f 5753 5660 5637
f 5752 5636 5656
f 5656 5636 5526
f 5952 6042 5593
f 5593 6042 5651
f 5593 5651 5594
f 5594 5651 5650
f 5600 5737 5514
f 5514 5737 5515
f 5546 5545 5740
f 5740 5545 6232
f 6232 6058 5740
f 5740 6058 6057
f 6067 6058 6233
f 6233 6058 6232
f 6233 6232 6234
f 6234 6232 5545
f 6234 5545 6235
f 6235 5545 5544
f 5606 6236 5543
f 5543 6236 5544
f 6235 5544 5539
f 5539 5544 6236
f 6237 6235 5542
f 5542 6235 5539
f 6235 6237 6234
f 6234 6237 6238
f 6234 6238 6233
f 6233 6238 6239
f 5653 6068 5650
f 5650 6068 6239
f 5642 5513 6240
f 6240 5513 5516
f 5539 6236 5540
f 5540 6236 5606
f 5636 5614 5637
f 5637 5614 5753
f 6239 5737 5650
f 5650 5737 5594
f 6239 6068 6233
f 6233 6068 6067
f 6075 6074 6159
f 6159 6074 5655
f 6057 6159 5740
f 5740 6159 5655
f 5515 5737 6238
f 6238 5737 6239
f 6238 6237 5515
f 5515 6237 5516
f 5542 6240 6237
f 6237 6240 5516
f 6240 5542 5642
f 5642 5542 5541
f 5702 5699 5541
f 5541 5699 5642
f 5582 5475 5717
f 5470 5443 5537
f 5537 5443 5504
f 5469 5444 5470
f 5470 5444 5443
f 5726 5557 5727
f 5727 5557 5556
f 5537 5504 5511
f 5511 5504 5506
f 5504 5503 5506
f 5506 5503 5507
f 5503 5455 5507
f 5507 5455 5581
f 5455 5454 5581
f 5581 5454 5456
f 5473 5453 5474
f 5474 5453 5729
f 5457 5454 5473
f 5473 5454 5453
f 5473 5472 5457
f 5457 5472 5686
f 5472 5548 5686
f 5686 5548 5687
f 5749 5693 5548
f 5548 5693 5687
f 5715 5532 5749
f 5749 5532 5693
f 5714 5486 5715
f 5715 5486 5532
f 5714 5710 5486
f 5486 5710 5449
f 5728 5578 5729
f 5729 5578 5577
f 5452 5445 5698
f 5698 5445 5558
f 5445 5444 5558
f 5558 5444 5556
f 5444 5469 5556
f 5556 5469 5727
f 5469 5468 5727
f 5727 5468 5555
f 5468 5747 5555
f 5555 5747 5552
f 5747 5700 5552
f 5552 5700 5716
f 5700 5699 5716
f 5716 5699 5717
f 5699 5702 5717
f 5717 5702 5582
f 5702 5701 5582
f 5582 5701 5583
f 5726 5479 5557
f 5557 5479 5483
f 5483 5479 5484
f 5484 5479 5482
f 5534 5533 5482
f 5482 5533 5484
f 5691 5688 5534
f 5534 5688 5533
f 5644 5647 5691
f 5691 5647 5688
f 5719 5746 5701
f 5701 5746 5583
f 5718 5497 5719
f 5719 5497 5746
f 5718 5605 5654
f 5654 5605 5638
f 5498 5654 5657
f 5657 5654 5633
f 5497 5718 5498
f 5498 5718 5654
f 5657 5527 5498
f 5498 5527 5494
f 5528 5570 5495
f 5495 5570 5521
f 5665 5668 5528
f 5528 5668 5570
f 5664 5671 5665
f 5665 5671 5668
f 5645 5741 5664
f 5664 5741 5671
f 5644 5696 5645
f 5645 5696 5741
f 5710 5575 5449
f 5449 5575 5450
f 5575 5578 5450
f 5450 5578 5698
f 5578 5728 5698
f 5698 5728 5452
f 5452 5728 5451
f 5451 5728 5453
f 3619 6241 3620
f 3620 6241 6242
f 6243 6244 3628
f 3628 6244 3629
f 6245 6246 3634
f 3634 6246 3631
f 6247 6248 3636
f 3636 6248 3637
f 6249 6250 3642
f 3642 6250 3639
f 3639 6250 3643
f 3643 6250 6251
f 3743 6252 3744
f 3744 6252 6253
f 6246 6243 3631
f 3631 6243 3628
f 3753 6254 3754
f 3754 6254 6255
f 3857 6256 3619
f 3619 6256 6241
f 6257 6245 3932
f 3932 6245 3634
f 6242 6247 3620
f 3620 6247 3636
f 6258 6259 3946
f 3946 6259 3947
f 6260 6249 3948
f 3948 6249 3642
f 6244 6258 3629
f 3629 6258 3946
f 3947 6259 3753
f 3753 6259 6254
f 6248 6260 3637
f 3637 6260 3948
f 3643 6251 3743
f 3743 6251 6252
f 3744 6253 3932
f 3932 6253 6257
f 6250 6249 6251
f 6251 6249 6252
f 6245 6261 6246
f 6246 6261 6262
f 6263 6264 6247
f 6247 6264 6248
f 6252 6265 6253
f 6253 6265 6266
f 6246 6262 6243
f 6243 6262 6267
f 6268 6261 6257
f 6257 6261 6245
f 6269 6263 6242
f 6242 6263 6247
f 6270 6271 6260
f 6260 6271 6249
f 6264 6270 6248
f 6248 6270 6260
f 6253 6266 6257
f 6257 6266 6268
f 6249 6271 6252
f 6252 6271 6265
f 6254 6259 6272
f 6272 6259 6273
f 6266 6265 6270
f 6270 6265 6271
f 6268 6266 6264
f 6264 6266 6270
f 6261 6268 6263
f 6263 6268 6264
f 6269 6262 6263
f 6263 6262 6261
f 4186 4185 6274
f 6274 4185 6275
f 6241 6276 6242
f 6242 6276 6269
f 6258 6244 6277
f 6277 6244 6278
f 6256 6279 6241
f 6241 6279 6276
f 6259 6258 6273
f 6273 6258 6277
f 6243 6267 6244
f 6244 6267 6278
f 6276 6267 6269
f 6269 6267 6262
f 6254 6272 6255
f 6255 6272 6280
f 3865 3713 3888
f 3888 3713 3685
f 5242 5233 3892
f 3892 5233 3711
f 3900 5243 3892
f 3892 5243 5242
f 3734 3866 3900
f 3900 3866 5243
f 4117 6281 4118
f 4118 6281 6282
f 4118 6282 4278
f 4278 6282 4879
f 4717 4887 4718
f 4718 4887 4280
f 4792 4278 4882
f 4882 4278 4879
f 4795 4792 6283
f 6283 4792 4882
f 4852 4851 5012
f 5012 4851 6284
f 4856 5207 4857
f 4857 5207 4858
f 4860 4279 4857
f 4857 4279 4854
f 4718 4280 4860
f 4860 4280 4279
f 4864 4863 4745
f 4745 4863 4742
f 5366 4867 5011
f 5011 4867 4866
f 4871 4884 4872
f 4872 4884 4883
f 4872 4883 4117
f 4117 4883 6281
f 6284 4851 6283
f 6283 4851 4795
f 4852 4866 4853
f 4853 4866 4865
f 4871 4870 4856
f 4856 4870 5207
f 4717 4716 4864
f 4864 4716 4861
f 4868 4867 4862
f 4862 4867 4863
f 4268 4855 4269
f 4269 4855 4854
f 4281 4274 4282
f 4282 4274 4765
f 4744 4743 4907
f 4907 4743 4904
f 4874 4881 4820
f 4820 4881 4880
f 4885 5013 4886
f 4886 5013 4980
f 4888 4275 4281
f 4281 4275 4274
f 4902 6282 4903
f 4903 6282 6281
f 6283 4979 6284
f 6284 4979 4978
f 4282 4765 4269
f 4269 4765 4266
f 4880 4879 4902
f 4902 4879 6282
f 4903 6281 4886
f 4886 6281 4883
f 4882 4881 6283
f 6283 4881 4979
f 5013 4885 4267
f 4267 4885 4268
f 4888 4887 4744
f 4744 4887 4745
f 4410 6285 4411
f 4411 6285 4812
f 4750 4749 6286
f 6286 4749 6287
f 6289 4695 6288
f 6288 4695 4255
f 4750 4675 4751
f 4751 4675 4965
f 6290 6291 4963
f 4963 6291 4960
f 4807 4806 4411
f 4411 4806 4408
f 6292 6293 4959
f 4959 6293 4956
f 4958 6294 4959
f 4959 6294 4955
f 4962 4964 4963
f 4963 4964 4805
f 4962 4961 4751
f 4751 4961 4748
f 6296 6297 6295
f 6295 6297 6298
f 6299 6300 6288
f 6288 6300 4735
f 6302 4961 6301
f 6301 4961 4960
f 6304 6287 6303
f 6303 6287 4749
f 4968 6305 4969
f 4969 6305 6306
f 4413 6308 6307
f 6307 6308 4900
f 6301 4960 6309
f 6309 4960 6291
f 4412 4408 6310
f 6310 4408 4806
f 4696 6311 4256
f 4256 6311 6312
f 6303 4749 6313
f 6313 4749 4748
f 6313 4748 6302
f 6302 4748 4961
f 6315 6316 6314
f 6314 6316 6317
f 4084 6318 6315
f 6315 6318 6316
f 4083 6319 4084
f 4084 6319 6318
f 4112 6320 4083
f 4083 6320 6319
f 6322 4138 6321
f 6321 4138 4137
f 6324 4128 6323
f 6323 4128 4127
f 4127 4193 6323
f 6323 4193 6325
f 4193 4891 6325
f 6325 4891 6326
f 4891 6327 6326
f 6326 6327 6328
f 6327 4824 5227
f 5227 4824 5228
f 5231 4684 6329
f 6329 4684 4683
f 4683 4099 6329
f 6329 4099 6330
f 4099 4102 6330
f 6330 4102 6331
f 4174 4826 4429
f 4429 4826 4829
f 4173 4741 4174
f 4174 4741 4826
f 4180 4738 4173
f 4173 4738 4741
f 6332 6333 4180
f 4180 6333 4738
f 6274 6334 4186
f 4186 6334 4188
f 4181 4825 4180
f 4180 4825 6332
f 5044 5213 5045
f 5045 5213 5165
f 5046 5087 5047
f 5047 5087 5222
f 5077 5063 5078
f 5078 5063 5198
f 5081 5099 5082
f 5082 5099 5194
f 5095 5074 5096
f 5096 5074 5073
f 5373 5170 5096
f 5096 5170 5093
f 5375 5171 5373
f 5373 5171 5170
f 5047 5222 5375
f 5375 5222 5171
f 5046 5038 5376
f 5376 5038 5067
f 5377 5086 5376
f 5376 5086 5085
f 5045 5165 5377
f 5377 5165 5086
f 5378 5214 5044
f 5044 5214 5213
f 5077 5034 5378
f 5378 5034 5214
f 5082 5194 5078
f 5078 5194 5035
f 5081 5080 5379
f 5379 5080 6335
f 5379 6335 5095
f 5095 6335 5074
f 5032 5080 5033
f 5033 5080 5079
f 5040 5017 5041
f 5041 5017 5016
f 5050 5043 5051
f 5051 5043 5042
f 5065 5023 5066
f 5066 5023 5022
f 5050 5049 5065
f 5065 5049 5023
f 5041 5016 5068
f 5068 5016 5020
f 5071 5374 5072
f 5072 5374 5200
f 5075 5156 5076
f 5076 5156 5155
f 5162 5212 5068
f 5068 5212 5067
f 5075 5074 5192
f 5192 5074 6335
f 5066 5022 5199
f 5199 5022 5196
f 5076 5155 5072
f 5072 5155 5069
f 5040 5039 5071
f 5071 5039 5374
f 5162 5161 5051
f 5051 5161 5048
f 5192 6335 5032
f 5032 6335 5080
f 5199 5196 5033
f 5033 5196 5030
f 5018 5211 5019
f 5019 5211 5408
f 5019 5408 5021
f 5021 5408 5163
f 5024 5057 5025
f 5025 5057 5415
f 5028 5048 5029
f 5029 5048 5161
f 5054 5031 5055
f 5055 5031 5030
f 5024 5023 5058
f 5058 5023 5049
f 5061 5070 5062
f 5062 5070 5069
f 5157 5438 5158
f 5158 5438 5442
f 5160 5191 5054
f 5054 5191 5031
f 5029 5161 5021
f 5021 5161 5020
f 5025 5415 5197
f 5197 5415 5220
f 5158 5442 5062
f 5062 5442 5059
f 5018 5017 5061
f 5061 5017 5070
f 5160 5159 5157
f 5157 5159 5438
f 5028 5027 5058
f 5058 5027 5056
f 5055 5030 5197
f 5197 5030 5196
f 5409 5380 5410
f 5410 5380 6336
f 5026 5413 5027
f 5027 5413 5412
f 5396 5417 5393
f 5393 5417 5416
f 5416 5057 5419
f 5419 5057 5056
f 5417 5396 5426
f 5426 5396 5420
f 5427 5423 5428
f 5428 5423 5422
f 5427 5059 5430
f 5430 5059 5442
f 5409 5408 5433
f 5433 5408 5211
f 5433 5211 5428
f 5428 5211 5060
f 5412 5411 5419
f 5419 5411 5418
f 5436 5053 5437
f 5437 5053 5052
f 5439 5402 5440
f 5440 5402 5401
f 5436 5435 5439
f 5439 5435 5402
f 5410 6336 5413
f 5413 6336 5414
f 5440 5401 5430
f 5430 5401 5429
f 5426 5420 5437
f 5437 5420 5434
f 5382 5432 5383
f 5383 5432 5384
f 5386 6336 5383
f 5383 6336 5380
f 6336 5386 5414
f 5414 5386 5388
f 5391 5418 5392
f 5392 5418 5411
f 5705 5395 5704
f 5704 5395 5394
f 5399 5435 5400
f 5400 5435 5434
f 5403 5441 5404
f 5404 5441 5405
f 5407 5429 5404
f 5404 5429 5401
f 5395 5705 5421
f 5421 5705 5748
f 5424 5706 5425
f 5425 5706 5431
f 5391 5390 5394
f 5394 5390 5704
f 5392 5388 5389
f 5389 5388 5387
f 5382 5381 5425
f 5425 5381 5422
f 5407 5406 5424
f 5424 5406 5706
f 5403 5402 5399
f 5399 5402 5435
f 5421 5748 5400
f 5400 5748 5397
f 4097 4721 4098
f 4098 4721 4231
f 4233 5273 4098
f 4098 5273 4095
f 6337 6338 4785
f 4785 6338 4786
f 4076 4780 4073
f 4073 4780 4781
f 4782 4190 4781
f 4781 4190 4073
f 4783 4901 4782
f 4782 4901 4190
f 4780 4076 4097
f 4097 4076 4721
f 6337 2879 4701
f 4701 2879 2878
f 5280 6339 5272
f 5272 6339 6340
f 5282 5281 6341
f 6341 5281 6342
f 4109 6302 4110
f 4110 6302 6301
f 4283 6304 4284
f 4284 6304 6303
f 6305 4379 6306
f 6306 4379 4378
f 4110 6301 4428
f 4428 6301 6309
f 6310 4688 4412
f 4412 4688 4687
f 4284 6303 4753
f 4753 6303 6313
f 4753 6313 4109
f 4109 6313 6302
f 6343 5226 4428
f 4428 5226 4427
f 4147 4900 4416
f 4416 4900 6308
f 6312 6311 4241
f 4241 6311 4720
f 5223 6344 4702
f 4702 6344 4699
f 4221 4220 6345
f 6345 4220 6346
f 5276 5275 6347
f 6347 5275 6348
f 5275 4728 6348
f 6348 4728 6349
f 4727 6350 5284
f 5284 6350 5285
f 6351 6352 6354
f 6354 6352 6353
f 5313 5312 5292
f 5292 5312 5293
f 5312 5344 5293
f 5293 5344 5337
f 5344 4914 5337
f 5337 4914 4916
f 4914 4913 4916
f 4916 4913 4917
f 4913 6355 4917
f 4917 6355 4978
f 6356 6357 6284
f 6284 6357 5012
f 6357 6358 5012
f 5012 6358 5011
f 5011 6358 5366
f 5366 6358 6359
f 6360 4742 6359
f 6359 4742 5366
f 4743 6361 4904
f 4904 6361 5364
f 5363 4905 5364
f 5364 4905 4904
f 5363 6362 4905
f 4905 6362 4207
f 6362 6363 4207
f 4207 6363 4208
f 6363 5342 4208
f 4208 5342 5330
f 5342 5341 5330
f 5330 5341 4244
f 5341 6364 4244
f 4244 6364 4245
f 6364 6365 4245
f 4245 6365 4246
f 6366 6367 4253
f 4253 6367 4250
f 4214 6368 4211
f 4211 6368 4380
f 4380 4379 4211
f 4211 4379 4283
f 4379 6305 4283
f 4283 6305 6304
f 6305 4968 6304
f 6304 4968 6287
f 4968 4967 6287
f 6287 4967 6286
f 4967 6297 6286
f 6286 6297 4676
f 6296 4376 4288
f 4288 4376 4285
f 4376 4373 4285
f 4285 4373 4290
f 6369 6370 6372
f 6372 6370 6371
f 5245 6373 5246
f 5246 6373 6374
f 4317 6375 4318
f 4318 6375 6376
f 4331 6377 4332
f 4332 6377 6378
f 6379 4333 6376
f 6376 4333 4318
f 4343 6380 4344
f 4344 6380 6381
f 4347 6382 4348
f 4348 6382 6383
f 4374 6371 4331
f 4331 6371 6377
f 4333 6379 4426
f 4426 6379 6384
f 4690 6385 4347
f 4347 6385 6382
f 4332 6378 4317
f 4317 6378 6375
f 4922 6386 4923
f 4923 6386 6387
f 6388 6389 4375
f 4375 6389 6390
f 6355 6356 4978
f 4978 6356 6284
f 4742 6360 4743
f 4743 6360 6361
f 6391 4238 6392
f 6392 4238 4719
f 6392 4719 6393
f 6393 4719 5296
f 6395 6396 6394
f 6394 6396 6397
f 6399 6400 6398
f 6398 6400 6401
f 6402 5302 6403
f 6403 5302 5303
f 5303 5321 6403
f 6403 5321 6404
f 5320 6405 5321
f 5321 6405 6404
f 5319 6406 5350
f 5350 6406 5351
f 5319 5318 6406
f 6406 5318 6407
f 5288 4197 6408
f 6408 4197 6409
f 4217 4216 6410
f 6410 4216 6411
f 5227 6412 6327
f 6327 6412 6328
f 4892 6413 5227
f 5227 6413 6412
f 4228 6414 4892
f 4892 6414 6413
f 4227 6415 4228
f 4228 6415 6414
f 4248 6416 4227
f 4227 6416 6415
f 4247 6417 4248
f 4248 6417 6416
f 6417 4247 6419
f 6419 4247 6418
f 6419 6418 6421
f 6421 6418 6420
f 6422 5301 6423
f 6423 5301 5300
f 6423 5300 6424
f 6424 5300 6399
f 6408 6409 6398
f 6398 6409 6425
f 6426 6427 6397
f 6397 6427 6394
f 6428 4224 6429
f 6429 4224 4223
f 6347 6346 5276
f 5276 6346 4220
f 6346 6347 6341
f 6341 6347 6339
f 5280 5278 5282
f 5282 5278 4236
f 4896 5224 4684
f 4684 5224 4681
f 4132 4135 4896
f 4896 4135 5224
f 4131 4136 4132
f 4132 4136 4135
f 4226 4754 4131
f 4131 4754 4136
f 4251 4213 4226
f 4226 4213 4754
f 4250 4214 4251
f 4251 4214 4213
f 4250 6367 4214
f 4214 6367 6368
f 6367 4910 6368
f 6368 4910 4737
f 4909 5297 4736
f 4736 5297 5296
f 5297 6395 5296
f 5296 6395 6393
f 6427 6430 6394
f 6394 6430 6431
f 6429 4383 6428
f 6428 4383 4382
f 4219 5277 4220
f 4220 5277 5276
f 4222 4697 4383
f 4383 4697 4218
f 6345 4699 4221
f 4221 4699 6344
f 6342 4700 6345
f 6345 4700 4699
f 4235 4786 5281
f 5281 4786 6338
f 4234 4787 4235
f 4235 4787 4786
f 5279 5278 6432
f 6432 5278 5271
f 4237 5279 6433
f 6433 5279 6432
f 4787 4234 6433
f 6433 4234 4237
f 6435 6436 6434
f 6434 6436 6437
f 6359 6438 6360
f 6360 6438 6437
f 6439 6440 6441
f 6441 6440 6438
f 6443 6439 6442
f 6442 6439 6441
f 6357 6356 6442
f 6442 6356 6444
f 6444 6446 6445
f 6445 6446 6447
f 4912 6446 4913
f 4913 6446 6355
f 6361 6436 5364
f 5364 6436 5365
f 5319 5350 5316
f 5316 5350 6448
f 4832 6449 5350
f 5350 6449 6448
f 4831 6450 4832
f 4832 6450 6449
f 5354 6451 5320
f 5320 6451 6405
f 4265 6452 5354
f 5354 6452 6451
f 4264 6453 4265
f 4265 6453 6452
f 6450 4831 6447
f 6447 4831 6445
f 4263 6435 4264
f 4264 6435 6434
f 6454 6453 6439
f 6439 6453 6440
f 6439 6443 6454
f 6454 6443 4834
f 4833 6455 4834
f 4834 6455 6454
f 5351 6456 4833
f 4833 6456 6455
f 6457 6391 6458
f 6458 6391 6392
f 6458 6392 6431
f 6431 6392 6393
f 5298 6396 5297
f 5297 6396 6395
f 6402 6400 5302
f 5302 6400 5299
f 6402 6403 6459
f 6459 6403 6460
f 6460 6403 6461
f 6461 6403 6404
f 6405 6462 6404
f 6404 6462 6461
f 6406 6462 5351
f 5351 6462 6456
f 6406 6407 6462
f 6462 6407 6461
f 6407 6463 6461
f 6461 6463 6460
f 6463 6464 6460
f 6460 6464 6459
f 6464 6465 6459
f 6459 6465 6401
f 6430 6466 6431
f 6431 6466 6458
f 6466 6410 6458
f 6458 6410 6457
f 6410 6411 6457
f 6457 6411 6467
f 6396 6424 6397
f 6397 6424 6425
f 6393 6395 6431
f 6431 6395 6394
f 6451 6456 6405
f 6405 6456 6462
f 6452 6455 6451
f 6451 6455 6456
f 6453 6454 6452
f 6452 6454 6455
f 6443 6445 4834
f 4834 6445 4831
f 6440 6453 6434
f 6434 6453 4264
f 6468 5306 5360
f 5360 5306 5305
f 6469 4124 6468
f 6468 4124 5306
f 6470 4125 6469
f 6469 4125 4124
f 6471 5291 6470
f 6470 5291 4125
f 6353 5292 6471
f 6471 5292 5291
f 5292 6353 5313
f 5313 6353 6352
f 5347 5314 6352
f 6352 5314 5313
f 5353 5318 5346
f 5346 5318 5317
f 5334 6468 5358
f 5358 6468 5360
f 5324 6469 5334
f 5334 6469 6468
f 5323 6470 5324
f 5324 6470 6469
f 5343 6471 5323
f 5323 6471 6470
f 6354 6353 5343
f 5343 6353 6471
f 6348 6349 4270
f 4270 6349 5311
f 5272 6340 5273
f 5273 6340 4272
f 6432 5271 4232
f 4232 5271 4233
f 4294 6432 4295
f 4295 6432 4232
f 6432 4294 6433
f 6433 4294 4301
f 4301 4300 6433
f 6433 4300 4787
f 4704 4784 4300
f 4300 4784 4787
f 4704 3013 4784
f 4784 3013 1307
f 5103 6472 5104
f 5104 6472 5202
f 5108 5116 5105
f 5105 5116 5115
f 5111 5124 5112
f 5112 5124 5123
f 5154 5205 5105
f 5105 5205 5106
f 5167 5180 5168
f 5168 5180 5185
f 5175 5188 5176
f 5176 5188 5187
f 5112 5123 5178
f 5178 5123 5120
f 5167 5090 5183
f 5183 5090 5089
f 5210 5151 5183
f 5183 5151 5181
f 5216 5138 5217
f 5217 5138 5137
f 5218 5119 5219
f 5219 5119 5221
f 5218 5178 5119
f 5119 5178 5120
f 5217 5137 5104
f 5104 5137 5101
f 5116 5108 5221
f 5221 5108 5219
f 5111 5110 5210
f 5210 5110 5151
f 5154 5153 5103
f 5103 5153 6472
f 5216 5215 5176
f 5176 5215 5173
f 5175 5174 5168
f 5168 5174 5166
f 5091 5172 5092
f 5092 5172 5208
f 5117 5037 5118
f 5118 5037 5036
f 5121 5164 5122
f 5122 5164 5133
f 5125 5084 5126
f 5126 5084 5083
f 5129 5174 5130
f 5130 5174 5173
f 5131 5202 5132
f 5132 5202 6472
f 5135 5221 5122
f 5122 5221 5119
f 5125 5124 5136
f 5136 5124 5209
f 5126 5083 5121
f 5121 5083 5164
f 5118 5036 5195
f 5195 5036 5193
f 5131 5097 5203
f 5203 5097 5114
f 5132 6472 5195
f 5195 6472 5153
f 5136 5209 5092
f 5092 5209 5089
f 5135 5134 5117
f 5117 5134 5037
f 5362 5206 5130
f 5130 5206 5127
f 5372 5371 5128
f 5128 5371 5129
f 5371 5372 5091
f 5091 5372 5172
f 5362 5215 5203
f 5203 5215 5201
f 6463 6407 5353
f 5353 6407 5318
f 6464 6463 5352
f 5352 6463 5353
f 6408 6465 5288
f 5288 6465 5289
f 4196 4224 6426
f 6426 4224 6427
f 6430 6427 6428
f 6428 6427 4224
f 6466 6430 4382
f 4382 6430 6428
f 6410 6466 4217
f 4217 6466 4382
f 4240 4239 3015
f 3015 4239 3016
f 4254 4257 3017
f 3017 4257 3018
f 6473 6474 4732
f 4732 6474 6475
f 6474 6374 6475
f 6475 6374 6373
f 5246 6374 3022
f 3022 6374 3023
f 4254 6299 4255
f 4255 6299 6288
f 6473 6300 3024
f 3024 6300 3025
f 6476 4257 6312
f 6312 4257 4256
f 4240 6476 4241
f 4241 6476 6312
f 6477 4239 6391
f 6391 4239 4238
f 6467 6477 6457
f 6457 6477 6391
f 6411 3029 6467
f 6467 3029 3028
f 4216 3030 6411
f 6411 3030 3029
f 6479 6480 6478
f 6478 6480 6481
f 6483 6484 6482
f 6482 6484 6485
f 6486 6487 4102
f 4102 6487 6331
f 6483 6488 6478
f 6478 6488 6489
f 4429 4829 6490
f 6490 4829 6479
f 6491 6486 4101
f 4101 6486 4102
f 4895 6491 4899
f 4899 6491 4101
f 4160 6488 4157
f 4157 6488 6492
f 6489 4087 6490
f 6490 4087 4090
f 4267 4261 5013
f 5013 4261 4260
f 4258 4261 5328
f 5328 4261 4975
f 4261 4267 4975
f 4975 4267 4266
f 5367 3793 3912
f 3912 3793 3575
f 6494 3616 6493
f 6493 3616 3795
f 6496 3589 6495
f 6495 3589 3588
f 6495 3588 5368
f 5368 3588 3794
f 3841 3840 3050
f 3050 3840 3051
f 3912 3911 3052
f 3052 3911 3053
f 3929 3930 3054
f 3054 3930 3055
f 5370 3930 3916
f 3916 3930 3923
f 3938 5369 3807
f 3807 5369 3915
f 3589 6496 3806
f 3806 6496 3937
f 3938 3937 3056
f 3056 3937 3057
f 3051 3840 3058
f 3058 3840 3943
f 3730 4808 3727
f 3727 4808 3943
f 3820 3951 3795
f 3795 3951 6493
f 3951 3841 3059
f 3059 3841 3050
f 3911 3574 6494
f 6494 3574 3616
f 3823 3929 3824
f 3824 3929 3952
f 4061 4060 3060
f 3060 4060 3061
f 6497 6498 4901
f 4901 6498 4790
f 6333 6499 4738
f 4738 6499 4739
f 6500 6501 6314
f 6314 6501 4418
f 6502 6275 4417
f 4417 6275 4185
f 6503 6497 4783
f 4783 6497 4901
f 6498 4060 4790
f 4790 4060 4059
f 4808 4061 3069
f 3069 4061 3060
f 5367 3071 5368
f 5368 3071 3070
f 5369 3073 5370
f 5370 3073 3072
f 6274 6275 3074
f 3074 6275 3075
f 6499 6504 4739
f 4739 6504 6317
f 6333 6332 3077
f 3077 6332 3078
f 6334 6274 3079
f 3079 6274 3074
f 6332 4825 3078
f 3078 4825 3080
f 6334 6503 4188
f 4188 6503 4783
f 4825 4689 3080
f 3080 4689 1330
f 6506 4747 6505
f 6505 4747 4746
f 6505 6507 6506
f 6506 6507 6508
f 4297 6509 4920
f 4920 6509 6510
f 4296 6511 4297
f 4297 6511 6509
f 6506 6508 4319
f 4319 6508 6512
f 4372 4371 6514
f 6514 4371 6513
f 6511 4296 5251
f 5251 4296 4305
f 5251 5250 6511
f 6511 5250 6515
f 6516 6509 6515
f 6515 6509 6511
f 6517 6507 6519
f 6519 6507 6518
f 6512 6520 6513
f 6513 6520 6514
f 6507 6517 6508
f 6508 6517 6521
f 5249 6523 6522
f 6522 6523 6524
f 6525 6370 5253
f 5253 6370 6526
f 4370 4323 4371
f 4371 4323 4326
f 4370 3103 4323
f 4323 3103 1541
f 6521 6517 6527
f 6527 6517 6519
f 6520 6528 6514
f 6514 6528 6529
f 6531 6532 6530
f 6530 6532 6533
f 5250 6534 6515
f 6515 6534 6535
f 6530 6533 6536
f 6536 6533 6537
f 6526 6538 6534
f 6534 6538 6537
f 6515 6535 6516
f 6516 6535 6539
f 4325 4321 4326
f 4326 4321 4320
f 4371 4326 6513
f 6513 4326 4320
f 6531 4731 6541
f 6541 4731 6540
f 4731 4730 6540
f 6540 4730 6542
f 4730 3121 6542
f 6542 3121 3120
f 6530 4328 6531
f 6531 4328 4731
f 4328 6530 4329
f 4329 6530 6536
f 4329 6536 6524
f 6524 6536 6543
f 6544 6545 6522
f 6522 6545 5248
f 6389 6388 5245
f 5245 6388 6373
f 6388 6546 6373
f 6373 6546 6475
f 4733 6546 6295
f 6295 6546 4377
f 4732 6475 4733
f 4733 6475 6546
f 4393 4432 4394
f 4394 4432 4435
f 4434 4672 4842
f 4842 4672 4671
f 4440 4439 4441
f 4441 4439 4438
f 4436 4450 4437
f 4437 4450 4398
f 4447 4444 4448
f 4448 4444 4392
f 4446 4464 4433
f 4433 4464 6547
f 4454 4423 4455
f 4455 4423 4422
f 4452 4481 4453
f 4453 4481 4480
f 4458 4389 4459
f 4459 4389 4388
f 4456 4471 4457
f 4457 4471 4468
f 4391 4460 4392
f 4392 4460 4448
f 4461 4467 4445
f 4445 4467 4465
f 4437 4398 4629
f 4629 4398 4397
f 4438 4628 4441
f 4441 4628 4631
f 4841 4629 4839
f 4839 4629 4397
f 4628 4842 4631
f 4631 4842 4671
f 4930 4989 4452
f 4452 4989 4481
f 4929 4927 4436
f 4436 4927 4450
f 4933 4387 4934
f 4934 4387 4386
f 4931 4475 4932
f 4932 4475 4474
f 4936 4449 4933
f 4933 4449 4387
f 4935 4472 4456
f 4456 4472 4471
f 4389 4458 4391
f 4391 4458 4460
f 4457 4468 4461
f 4461 4468 4467
f 4934 4386 4454
f 4454 4386 4423
f 4453 4480 4931
f 4931 4480 4475
f 4575 4997 4576
f 4576 4997 4639
f 4579 4596 4580
f 4580 4596 4595
f 4583 4582 4572
f 4572 4582 4569
f 4587 4944 4588
f 4588 4944 4562
f 4588 4562 4590
f 4590 4562 4561
f 4576 4639 4642
f 4642 4639 4638
f 4642 4845 4641
f 4641 4845 4846
f 4845 4590 4846
f 4846 4590 4561
f 4941 4938 4595
f 4595 4938 4580
f 4938 4940 4668
f 4668 4940 4669
f 4583 4942 4584
f 4584 4942 4947
f 4582 4587 4569
f 4569 4587 4586
f 5000 5001 4579
f 4579 5001 4596
f 4558 4560 4585
f 4585 4560 4586
f 4565 4639 4566
f 4566 4639 4997
f 4568 4567 4577
f 4577 4567 4578
f 4570 4554 4571
f 4571 4554 4556
f 4640 4565 4637
f 4637 4565 4546
f 4662 4664 4665
f 4665 4664 4844
f 4662 4558 4589
f 4589 4558 4585
f 4554 4570 4557
f 4557 4570 4560
f 4571 4667 4572
f 4572 4667 4943
f 4551 4670 4552
f 4552 4670 4666
f 4640 4664 4638
f 4638 4664 4663
f 4670 4568 4668
f 4668 4568 4577
f 4999 4996 4566
f 4566 4996 4543
f 4608 4564 4603
f 4603 4564 4563
f 4573 4593 4574
f 4574 4593 4592
f 4597 4614 4598
f 4598 4614 4613
f 4601 4600 4584
f 4584 4600 4581
f 4563 4562 4604
f 4604 4562 4944
f 4643 4593 4641
f 4641 4593 4573
f 4643 4847 4644
f 4644 4847 4848
f 4564 4847 4561
f 4561 4847 4846
f 4945 4941 4598
f 4598 4941 4595
f 4941 4945 4939
f 4939 4945 4946
f 4601 4948 4602
f 4602 4948 4620
f 4600 4604 4581
f 4581 4604 4944
f 5002 5003 4597
f 4597 5003 4614
f 4988 4759 4953
f 4953 4759 4402
f 4706 6548 4707
f 4707 6548 6549
f 4311 4928 4419
f 4419 4928 6550
f 4921 4920 6551
f 6551 4920 6552
f 4925 6553 4926
f 4926 6553 6554
f 4928 4921 4802
f 4802 4921 6551
f 6555 4985 6550
f 6550 4985 4419
f 4952 6556 4953
f 4953 6556 4649
f 4971 6557 4706
f 4706 6557 6548
f 4988 4648 4925
f 4925 4648 6553
f 4707 6549 5006
f 5006 6549 4987
f 4920 6510 6552
f 6552 6510 6518
f 6558 6510 6516
f 6516 6510 6509
f 6559 6558 6539
f 6539 6558 6516
f 6531 6541 6532
f 6532 6541 6560
f 6540 6561 6541
f 6541 6561 6529
f 6542 6562 6540
f 6540 6562 6561
f 6542 3120 6562
f 6562 3120 3142
f 4366 6563 4760
f 4760 6563 4970
f 4815 6564 4816
f 4816 6564 6565
f 3147 3146 6565
f 6565 3146 4816
f 6564 6563 6565
f 6565 6563 6566
f 4837 4385 4357
f 4357 4385 4358
f 6565 6566 3147
f 3147 6566 3149
f 4694 1209 3150
f 5247 5249 5248
f 5248 5249 6522
f 6372 6390 6545
f 6545 6390 6389
f 6375 5254 6376
f 6376 5254 5258
f 6377 6525 6378
f 6378 6525 5255
f 5260 6379 5258
f 5258 6379 6376
f 6380 6567 6381
f 6381 6567 6568
f 6382 6569 6383
f 6383 6569 6570
f 6377 6371 6525
f 6525 6371 6370
f 6379 5260 6384
f 6384 5260 6571
f 6385 6572 6382
f 6382 6572 6569
f 6378 5255 6375
f 6375 5255 5254
f 6386 6573 6387
f 6387 6573 6574
f 6545 6389 5248
f 5248 6389 5245
f 4675 4750 4676
f 4676 4750 6286
f 4734 6289 4735
f 4735 6289 6288
f 4804 6290 4805
f 4805 6290 4963
f 4811 4807 4812
f 4812 4807 4411
f 4954 6292 4955
f 4955 6292 4959
f 4964 4962 4965
f 4965 4962 4751
f 6285 4821 4812
f 4812 4821 4809
f 4675 4287 4965
f 4965 4287 4210
f 6294 4145 4955
f 4955 4145 4154
f 4964 4120 4805
f 4805 4120 4119
f 6298 4966 4734
f 4734 4966 6289
f 6300 6473 4735
f 4735 6473 4732
f 6297 6296 4676
f 4676 6296 4288
f 6523 3160 4330
f 4330 3160 3159
f 5253 5252 6525
f 6525 5252 5255
f 5256 5252 4305
f 4305 5252 5251
f 4304 5257 4305
f 4305 5257 5256
f 4424 5259 4304
f 4304 5259 5257
f 5261 6571 5259
f 5259 6571 5260
f 5262 6573 5261
f 5261 6573 6571
f 5264 6567 5265
f 5265 6567 6574
f 5266 6572 5267
f 5267 6572 6568
f 5268 6570 5269
f 5269 6570 6569
f 1807 3161 5268
f 5268 3161 6570
f 6524 6523 4329
f 4329 6523 4330
f 5253 6526 5250
f 5250 6526 6534
f 6543 6538 6544
f 6544 6538 6369
f 6524 6543 6522
f 6522 6543 6544
f 3071 5367 3052
f 3052 5367 3912
f 6493 3163 6494
f 6494 3163 3162
f 3164 445 3771
f 3771 445 3761
f 461 3165 3919
f 3919 3165 3920
f 330 410 3839
f 3839 410 3910
f 332 331 3552
f 3552 331 3551
f 464 304 3918
f 3918 304 3816
f 385 458 3766
f 3766 458 3894
f 412 415 3762
f 3762 415 3763
f 3166 337 3748
f 3748 337 3745
f 3072 3055 5370
f 5370 3055 3930
f 3073 5369 3056
f 3056 5369 3938
f 3167 3057 6496
f 6496 3057 3937
f 3069 3058 4808
f 4808 3058 3943
f 411 3166 3851
f 3851 3166 3748
f 3059 3163 3951
f 3951 3163 6493
f 336 3164 3772
f 3772 3164 3771
f 3053 3911 3162
f 3162 3911 6494
f 3054 3168 3929
f 3929 3168 3952
f 3165 830 3920
f 3920 830 3945
f 3170 3169 6497
f 6497 3169 6498
f 3171 1354 5005
f 5005 1354 4830
f 3172 3170 6503
f 6503 3170 6497
f 3169 3061 6498
f 6498 3061 4060
f 3173 3171 5006
f 5006 3171 5005
f 3079 3172 6334
f 6334 3172 6503
f 3174 3025 6299
f 6299 3025 6300
f 6576 6577 6575
f 6575 6577 6578
f 4612 4611 6579
f 6579 4611 6580
f 6582 6583 6581
f 6581 6583 6584
f 6584 6585 4618
f 4618 6585 4621
f 6586 6587 6589
f 6589 6587 6588
f 6588 6587 6590
f 6590 6587 6591
f 6592 4606 6590
f 6590 4606 4623
f 6594 6576 6593
f 6593 6576 6575
f 6595 6582 6579
f 6579 6582 6581
f 6580 6597 6596
f 6596 6597 6598
f 6577 6576 6599
f 6599 6576 6600
f 6595 6596 6601
f 6601 6596 6602
f 6583 6582 6603
f 6603 6582 6604
f 6586 6606 6605
f 6605 6606 6607
f 6587 6586 6608
f 6608 6586 6605
f 6587 6608 6591
f 6591 6608 6609
f 6576 6594 6600
f 6600 6594 6610
f 6582 6595 6604
f 6604 6595 6601
f 6599 6611 6577
f 6577 6611 6598
f 6613 6614 6612
f 6612 6614 6615
f 6617 6618 6616
f 6616 6618 6619
f 6621 6622 6620
f 6620 6622 6623
f 6625 6626 6624
f 6624 6626 6627
f 6629 6630 6628
f 6628 6630 6631
f 6633 6634 6632
f 6632 6634 6635
f 6637 6638 6636
f 6636 6638 6639
f 6640 6641 6637
f 6637 6641 6638
f 6643 6633 6642
f 6642 6633 6632
f 6645 6646 6644
f 6644 6646 6647
f 6646 6648 6647
f 6647 6648 6649
f 6651 6652 6650
f 6650 6652 6653
f 6653 6652 6654
f 6654 6652 6655
f 6656 6657 6659
f 6659 6657 6658
f 6661 6662 6660
f 6660 6662 6663
f 6662 6661 6664
f 6664 6661 6665
f 6667 6657 6666
f 6666 6657 6656
f 6669 6670 6668
f 6668 6670 6671
f 6672 6673 6670
f 6670 6673 6671
f 6674 6675 6677
f 6677 6675 6676
f 6675 6678 6676
f 6676 6678 6679
f 6681 6682 6680
f 6680 6682 6683
f 6684 6685 6683
f 6683 6685 6680
f 6687 6688 6686
f 6686 6688 6689
f 6687 6690 6688
f 6688 6690 6691
f 6619 6618 6633
f 6633 6618 6634
f 6632 6635 6693
f 6693 6635 6692
f 6617 6694 6636
f 6636 6694 6637
f 6695 6692 6639
f 6639 6692 6635
f 6637 6694 6640
f 6640 6694 6696
f 6698 6638 6697
f 6697 6638 6641
f 6643 6616 6633
f 6633 6616 6619
f 6642 6699 6641
f 6641 6699 6697
f 6646 6645 6700
f 6700 6645 6621
f 6644 6701 6654
f 6654 6701 6702
f 6700 6703 6646
f 6646 6703 6648
f 6693 6704 6649
f 6649 6704 6647
f 6620 6623 6651
f 6651 6623 6652
f 6693 6649 6699
f 6699 6649 6650
f 6652 6623 6655
f 6655 6623 6622
f 6654 6702 6653
f 6653 6702 6697
f 6615 6614 6657
f 6657 6614 6658
f 6705 6656 6704
f 6704 6656 6659
f 6613 6706 6660
f 6660 6706 6661
f 6704 6659 6701
f 6701 6659 6663
f 6661 6706 6665
f 6665 6706 6707
f 6708 6702 6664
f 6664 6702 6662
f 6612 6615 6667
f 6667 6615 6657
f 6666 6709 6664
f 6664 6709 6708
f 6629 6710 6669
f 6669 6710 6670
f 6668 6711 6679
f 6679 6711 6712
f 6713 6672 6710
f 6710 6672 6670
f 6714 6671 6705
f 6705 6671 6673
f 6628 6631 6674
f 6674 6631 6675
f 6705 6673 6709
f 6709 6673 6677
f 6631 6630 6675
f 6675 6630 6678
f 6712 6708 6679
f 6679 6708 6676
f 6625 6715 6682
f 6682 6715 6683
f 6716 6717 6681
f 6681 6717 6691
f 6718 6684 6715
f 6715 6684 6683
f 6719 6680 6714
f 6714 6680 6685
f 6624 6627 6686
f 6686 6627 6687
f 6689 6711 6685
f 6685 6711 6714
f 6627 6626 6687
f 6687 6626 6690
f 6717 6712 6691
f 6691 6712 6688
f 6612 6707 6613
f 6613 6707 6706
f 6616 6696 6617
f 6617 6696 6694
f 6703 6700 6620
f 6620 6700 6621
f 6715 6625 6718
f 6718 6625 6624
f 6710 6629 6713
f 6713 6629 6628
f 6639 6635 6636
f 6636 6635 6634
f 6641 6640 6642
f 6642 6640 6643
f 6654 6655 6644
f 6644 6655 6645
f 6651 6650 6648
f 6648 6650 6649
f 6659 6658 6663
f 6663 6658 6660
f 6665 6667 6664
f 6664 6667 6666
f 6678 6669 6679
f 6679 6669 6668
f 6673 6672 6677
f 6677 6672 6674
f 6690 6682 6691
f 6691 6682 6681
f 6685 6684 6689
f 6689 6684 6686
f 6636 6634 6617
f 6617 6634 6618
f 6638 6698 6639
f 6639 6698 6695
f 6640 6696 6643
f 6643 6696 6616
f 6693 6699 6632
f 6632 6699 6642
f 6655 6622 6645
f 6645 6622 6621
f 6704 6701 6647
f 6647 6701 6644
f 6651 6648 6620
f 6620 6648 6703
f 6650 6653 6699
f 6699 6653 6697
f 6613 6660 6614
f 6614 6660 6658
f 6663 6662 6701
f 6701 6662 6702
f 6665 6707 6667
f 6667 6707 6612
f 6705 6709 6656
f 6656 6709 6666
f 6630 6629 6678
f 6678 6629 6669
f 6714 6711 6671
f 6671 6711 6668
f 6672 6713 6674
f 6674 6713 6628
f 6677 6676 6709
f 6709 6676 6708
f 6626 6625 6690
f 6690 6625 6682
f 6680 6719 6681
f 6681 6719 6716
f 6684 6718 6686
f 6686 6718 6624
f 6711 6689 6712
f 6689 6688 6712
f 6593 6720 6594
f 6594 6720 6721
f 6722 6720 4607
f 4607 6720 4849
f 6592 6723 6722
f 6722 6723 6724
f 4610 4609 6578
f 6578 4609 6575
f 6596 6595 6580
f 6580 6595 6579
f 4618 4617 6584
f 6584 4617 6581
f 6589 6585 6586
f 6586 6585 6606
f 4622 4619 6588
f 6588 4619 6589
f 4622 6588 4623
f 4623 6588 6590
f 4609 4645 6575
f 6575 4645 6593
f 4617 4612 6581
f 6581 4612 6579
f 5004 4610 6597
f 6597 4610 6578
f 4645 4849 6593
f 6593 4849 6720
f 6724 6721 6722
f 6722 6721 6720
f 6722 4607 6592
f 6592 4607 4606
f 6725 6610 6721
f 6721 6610 6594
f 6723 6726 6724
f 6724 6726 6727
f 6727 6725 6724
f 6724 6725 6721
f 6728 6729 6605
f 6605 6729 6608
f 6605 6607 6728
f 6728 6607 6730
f 6731 6732 6604
f 6604 6732 6603
f 6733 6734 6725
f 6725 6734 6610
f 6735 6733 6727
f 6727 6733 6725
f 6735 6727 6736
f 6736 6727 6726
f 6591 6609 6723
f 6723 6609 6726
f 6723 6592 6591
f 6591 6592 6590
f 6738 6739 6737
f 6737 6739 6740
f 6740 6739 6742
f 6742 6739 6741
f 6743 6744 6741
f 6741 6744 6742
f 6745 6746 6743
f 6743 6746 6744
f 6747 6748 6745
f 6745 6748 6746
f 6749 6750 6747
f 6747 6750 6748
f 6752 6738 6751
f 6751 6738 6737
f 6754 6752 6753
f 6753 6752 6751
f 6756 6754 6755
f 6755 6754 6753
f 6758 6750 6757
f 6757 6750 6749
f 6760 6756 6759
f 6759 6756 6755
f 6762 6760 6761
f 6761 6760 6759
f 6764 6762 6763
f 6763 6762 6761
f 6757 6764 6758
f 6758 6764 6763
f 6766 6741 6765
f 6765 6741 6739
f 6767 6743 6766
f 6766 6743 6741
f 6768 6745 6767
f 6767 6745 6743
f 6769 6747 6768
f 6768 6747 6745
f 6770 6749 6769
f 6769 6749 6747
f 6772 6769 6771
f 6771 6769 6768
f 6773 6770 6772
f 6772 6770 6769
f 6774 6775 6772
f 6772 6775 6773
f 6777 6778 6776
f 6776 6778 6779
f 6775 6774 6778
f 6778 6774 6779
f 6771 6780 6772
f 6772 6780 6774
f 6780 6781 6774
f 6774 6781 6779
f 6781 6782 6779
f 6779 6782 6776
f 6784 6785 6783
f 6783 6785 6786
f 6786 6787 6783
f 6783 6787 6788
f 6790 6788 6789
f 6789 6788 6787
f 6786 6785 6791
f 6791 6785 6792
f 6791 6793 6786
f 6786 6793 6787
f 6793 6794 6787
f 6787 6794 6789
f 6795 6796 6794
f 6794 6796 6789
f 6790 6789 6797
f 6797 6789 6796
f 6798 6765 6738
f 6738 6765 6739
f 6799 6798 6752
f 6752 6798 6738
f 6767 6800 6768
f 6768 6800 6771
f 6766 6801 6767
f 6767 6801 6800
f 6802 6801 6765
f 6765 6801 6766
f 6798 6803 6765
f 6765 6803 6802
f 6804 6803 6799
f 6799 6803 6798
f 6805 6806 6804
f 6804 6806 6803
f 6807 6799 6754
f 6754 6799 6752
f 6808 6804 6807
f 6807 6804 6799
f 6809 6805 6808
f 6808 6805 6804
f 6810 6811 6805
f 6805 6811 6806
f 6812 6813 6810
f 6810 6813 6811
f 6814 6815 6796
f 6796 6815 6797
f 6813 6814 6816
f 6816 6814 6817
f 6816 6818 6813
f 6813 6818 6811
f 6819 6806 6818
f 6818 6806 6811
f 6802 6803 6819
f 6819 6803 6806
f 6757 6749 6820
f 6820 6749 6770
f 6820 6770 6821
f 6821 6770 6773
f 6821 6773 6822
f 6822 6773 6775
f 6822 6775 6823
f 6823 6775 6778
f 6824 6823 6777
f 6777 6823 6778
f 6784 6825 6777
f 6777 6825 6824
f 6826 6827 6788
f 6788 6827 6783
f 6828 6826 6790
f 6790 6826 6788
f 6829 6828 6797
f 6797 6828 6790
f 6815 6830 6797
f 6797 6830 6829
f 6832 6812 6831
f 6831 6812 6810
f 6831 6810 6809
f 6809 6810 6805
f 6736 6800 6735
f 6735 6800 6801
f 6733 6735 6802
f 6802 6735 6801
f 6734 6733 6819
f 6819 6733 6802
f 6833 6734 6818
f 6818 6734 6819
f 6834 6833 6816
f 6816 6833 6818
f 6816 6817 6834
f 6834 6817 6835
f 6837 6795 6836
f 6836 6795 6794
f 6836 6794 6731
f 6731 6794 6793
f 6732 6731 6791
f 6791 6731 6793
f 6791 6792 6732
f 6732 6792 6730
f 6729 6728 6781
f 6781 6728 6782
f 6838 6807 6756
f 6756 6807 6754
f 6839 6838 6760
f 6760 6838 6756
f 6840 6839 6762
f 6762 6839 6760
f 6841 6840 6764
f 6764 6840 6762
f 6820 6841 6757
f 6757 6841 6764
f 6841 6820 6842
f 6842 6820 6821
f 6840 6841 6843
f 6843 6841 6842
f 6839 6840 6844
f 6844 6840 6843
f 6838 6839 6845
f 6845 6839 6844
f 6807 6838 6808
f 6808 6838 6845
f 6842 6821 6846
f 6846 6821 6822
f 6843 6842 6847
f 6847 6842 6846
f 6844 6843 6848
f 6848 6843 6847
f 6845 6844 6849
f 6849 6844 6848
f 6808 6845 6809
f 6809 6845 6849
f 6850 6831 6849
f 6849 6831 6809
f 6851 6850 6848
f 6848 6850 6849
f 6847 6852 6848
f 6848 6852 6851
f 6853 6852 6846
f 6846 6852 6847
f 6846 6822 6853
f 6853 6822 6823
f 6853 6823 6854
f 6854 6823 6824
f 6854 6855 6853
f 6853 6855 6852
f 6856 6851 6855
f 6855 6851 6852
f 6856 6857 6851
f 6851 6857 6850
f 6857 6832 6850
f 6850 6832 6831
f 6825 6858 6824
f 6824 6858 6854
f 6860 6827 6859
f 6859 6827 6826
f 6859 6826 6861
f 6861 6826 6828
f 6862 6861 6829
f 6829 6861 6828
f 6830 6863 6829
f 6829 6863 6862
f 6863 6864 6862
f 6862 6864 6865
f 6858 6866 6854
f 6854 6866 6855
f 6867 6865 6866
f 6866 6865 6864
f 6869 6859 6868
f 6868 6859 6861
f 6867 6869 6865
f 6865 6869 6868
f 6861 6862 6868
f 6868 6862 6865
f 6867 6860 6869
f 6869 6860 6859
f 6753 6751 6698
f 6698 6751 6695
f 6697 6755 6698
f 6698 6755 6753
f 6759 6755 6702
f 6702 6755 6697
f 6761 6759 6708
f 6708 6759 6702
f 6763 6761 6712
f 6712 6761 6708
f 6758 6763 6717
f 6717 6763 6712
f 6750 6758 6716
f 6716 6758 6717
f 6719 6748 6716
f 6716 6748 6750
f 6714 6746 6719
f 6719 6746 6748
f 6705 6744 6714
f 6714 6744 6746
f 6704 6742 6705
f 6705 6742 6744
f 6740 6742 6693
f 6693 6742 6704
f 6737 6740 6692
f 6692 6740 6693
f 6751 6737 6695
f 6695 6737 6692
f 6601 6602 6836
f 6836 6602 6837
f 6604 6601 6731
f 6731 6601 6836
f 6599 6600 6834
f 6834 6600 6833
f 6834 6835 6599
f 6599 6835 6611
f 6600 6610 6833
f 6833 6610 6734
f 6780 6771 6870
f 6870 6771 6736
f 6736 6771 6800
f 6870 6729 6780
f 6780 6729 6781
f 6608 6729 6609
f 6609 6729 6870
f 6609 6870 6726
f 6726 6870 6736
f 5014 5015 5229
f 5229 5015 5230
f 4258 5015 4259
f 4259 5015 4878
f 3471 3013 4703
f 4703 3013 4704
f 2879 6337 1306
f 1306 6337 4785
f 829 3471 4316
f 4316 3471 4703
f 4702 3472 5223
f 5223 3472 1756
f 6871 6872 4534
f 4534 6872 4535
f 6871 4665 6872
f 6872 4665 4844
f 6871 6873 4665
f 4665 6873 4559
f 6871 4534 6873
f 6873 4534 4542
f 4153 4152 4822
f 4822 4152 4407
f 4152 4168 4407
f 4407 4168 4342
f 4343 4168 4923
f 4923 4168 4167
f 4363 4362 4972
f 4972 4362 4840
f 4362 4394 4840
f 4840 4394 4839
f 4401 4400 4986
f 4986 4400 4984
f 4435 4434 4841
f 4841 4434 4842
f 4506 4505 4530
f 4530 4505 4531
f 4506 4535 4507
f 4507 4535 4843
f 4661 4660 4516
f 4516 4660 4517
f 4673 4672 4937
f 4937 4672 6547
f 4400 4924 4984
f 4984 4924 5263
f 4673 4660 4674
f 4674 4660 4659
f 4505 4661 4531
f 4531 4661 4516
f 4952 4401 6874
f 6874 4401 4986
f 4954 4153 6875
f 6875 4153 4822
f 4363 4973 4364
f 4364 4973 4974
f 5264 4924 5267
f 5267 4924 4691
f 6293 6292 6876
f 6876 6292 6877
f 6380 4343 6387
f 6387 4343 4923
f 4394 4435 4839
f 4839 4435 4841
f 4672 4434 6547
f 6547 4434 4433
f 4973 6556 4974
f 4974 6556 6878
f 6567 6380 6574
f 6574 6380 6387
f 6292 4954 6877
f 6877 4954 6875
f 6567 5264 6568
f 6568 5264 5267
f 4145 4144 4154
f 4154 4144 4151
f 4194 4144 4425
f 4425 4144 4143
f 4355 4354 5263
f 5263 4354 4984
f 4360 4359 4364
f 4364 4359 4361
f 4444 4359 4392
f 4392 4359 4337
f 4447 4446 4432
f 4432 4446 4433
f 4464 4463 6547
f 6547 4463 4937
f 4519 4518 4654
f 4654 4518 4509
f 4533 4532 4499
f 4499 4532 4498
f 4533 4542 4530
f 4530 4542 4534
f 4519 4532 4516
f 4516 4532 4531
f 4922 4194 4426
f 4426 4194 4425
f 4463 4518 4937
f 4937 4518 4517
f 6555 4951 6874
f 6874 4951 6878
f 4958 4957 6290
f 6290 4957 6291
f 4334 4360 4712
f 4712 4360 4950
f 4985 4354 4419
f 4419 4354 4353
f 5262 4355 5265
f 5265 4355 5263
f 6294 4958 4804
f 4804 4958 6290
f 6386 4922 6384
f 6384 4922 4426
f 4444 4447 4393
f 4393 4447 4432
f 4464 4446 4465
f 4465 4446 4445
f 4985 6555 4986
f 4986 6555 6874
f 6573 6386 6571
f 6571 6386 6384
f 4145 6294 4146
f 4146 6294 4804
f 6573 5262 6574
f 6574 5262 5265
f 4542 4541 6873
f 6873 4541 4559
f 4535 6872 4843
f 4843 6872 4844
f 4104 4103 6879
f 6879 4103 6343
f 4105 6293 6307
f 6307 6293 6876
f 4104 4956 4105
f 4105 4956 6293
f 4956 4104 4957
f 4957 4104 6879
f 4957 6879 6291
f 6291 6879 6309
f 4648 4988 4649
f 4649 4988 4953
f 4802 4803 4928
f 4928 4803 6550
f 6550 4803 6555
f 6555 4803 4951
f 1516 3173 4987
f 4987 3173 5006
f 6519 6518 6558
f 6558 6518 6510
f 6527 6519 6559
f 6559 6519 6558
f 6528 6560 6529
f 6529 6560 6541
f 6548 4625 6549
f 6549 4625 4624
f 6551 6552 4746
f 4746 6552 6505
f 6553 4711 6554
f 6554 4711 4710
f 4802 6551 4713
f 4713 6551 4746
f 6556 4973 4649
f 4649 4973 4646
f 6557 4949 6548
f 6548 4949 4625
f 4648 4647 6553
f 6553 4647 4711
f 6549 4624 4987
f 4987 4624 4838
f 6552 6518 6505
f 6505 6518 6507
f 6561 4372 6529
f 6529 4372 6514
f 6562 4369 6561
f 6561 4369 4372
f 3142 3482 6562
f 6562 3482 4369
f 6556 4952 6878
f 6878 4952 6874
f 4951 4950 6878
f 6878 4950 4974
f 3168 440 3952
f 4204 4203 5341
f 5341 4203 6364
f 4219 4222 6429
f 6429 4222 4383
f 4319 4322 6506
f 6506 4322 4747
f 4340 4714 4341
f 4341 4714 4384
f 4375 4377 6388
f 6388 4377 6546
f 4378 4381 6311
f 6311 4381 4720
f 4449 4341 4387
f 4387 4341 4384
f 4473 4472 4477
f 4477 4472 4474
f 4492 4491 4487
f 4487 4491 4488
f 4523 4491 4522
f 4522 4491 4490
f 4492 4538 4493
f 4493 4538 4555
f 4538 4553 4555
f 4555 4553 4556
f 4620 4615 4621
f 4621 4615 4618
f 4652 4651 4368
f 4368 4651 4365
f 4523 4655 4524
f 4524 4655 4656
f 4553 4667 4556
f 4556 4667 4571
f 4651 1210 4365
f 4365 1210 1209
f 4698 4697 5223
f 5223 4697 6344
f 4340 4339 4322
f 4322 4339 4747
f 4726 4729 5287
f 5287 4729 4198
f 4381 4380 4737
f 4737 4380 6368
f 4836 4835 4451
f 4451 4835 4709
f 4910 6367 4911
f 4911 6367 6366
f 4912 4915 6450
f 6450 4915 6449
f 4927 4836 4450
f 4450 4836 4451
f 4930 4929 4439
f 4439 4929 4436
f 4936 4935 4459
f 4459 4935 4456
f 4473 4655 4470
f 4470 4655 4510
f 4942 4583 4943
f 4943 4583 4572
f 4948 4601 4947
f 4947 4601 4584
f 4949 4835 4625
f 4625 4835 4626
f 4966 4969 6289
f 6289 4969 4695
f 4971 4652 4926
f 4926 4652 4368
f 4203 4977 6364
f 6364 4977 6365
f 4990 4989 4443
f 4443 4989 4440
f 4990 4991 4478
f 4478 4991 4512
f 4992 4991 4528
f 4528 4991 4515
f 4992 4993 4527
f 4527 4993 4485
f 4994 4993 4502
f 4502 4993 4503
f 4994 4995 4482
f 4482 4995 4550
f 4543 4996 4544
f 4544 4996 4995
f 4999 4998 4567
f 4567 4998 4578
f 5000 4998 4575
f 4575 4998 4997
f 5002 5001 4592
f 4592 5001 4574
f 5003 5004 4614
f 4614 5004 4611
f 3483 4215 1755
f 1755 4215 4698
f 5274 5277 4195
f 4195 5277 4223
f 4726 5295 4727
f 4727 5295 6350
f 5309 5342 5310
f 5310 5342 6363
f 5315 5314 5316
f 5316 5314 5317
f 5339 6362 5340
f 5340 6362 5363
f 5310 6363 5339
f 5339 6363 6362
f 4204 5309 4201
f 4201 5309 5308
f 4915 5345 6449
f 6449 5345 6448
f 5345 5315 6448
f 6448 5315 5316
f 5348 5347 6351
f 6351 5347 6352
f 5365 4263 5340
f 5340 4263 4262
f 6295 6298 4733
f 4733 6298 4734
f 4969 6306 4695
f 4695 6306 4696
f 6306 4378 4696
f 4696 4378 6311
f 6369 6372 6544
f 6544 6372 6545
f 4375 6390 4373
f 4373 6390 4374
f 6421 6422 4911
f 4911 6422 4908
f 4910 4909 4737
f 4737 4909 4736
f 5277 4219 4223
f 4223 4219 6429
f 4697 4222 6344
f 6344 4222 4221
f 6436 6361 6437
f 6437 6361 6360
f 6438 6440 6437
f 6437 6440 6434
f 6438 6359 6441
f 6441 6359 6358
f 6442 6441 6357
f 6357 6441 6358
f 6442 6444 6443
f 6443 6444 6445
f 6446 6444 6355
f 6355 6444 6356
f 6446 4912 6447
f 6447 4912 6450
f 6436 6435 5365
f 5365 6435 4263
f 5314 5347 5317
f 5317 5347 5346
f 4319 6512 4320
f 4320 6512 6513
f 6520 6512 6521
f 6521 6512 6508
f 6528 6520 6527
f 6527 6520 6521
f 6532 6539 6533
f 6533 6539 6535
f 6533 6535 6537
f 6537 6535 6534
f 6538 6543 6537
f 6537 6543 6536
f 6295 4377 6296
f 6296 4377 4376
f 4989 4930 4440
f 4440 4930 4439
f 4927 4929 4422
f 4422 4929 4455
f 4449 4936 4388
f 4388 4936 4459
f 4472 4935 4474
f 4474 4935 4932
f 4942 4940 4947
f 4947 4940 4939
f 5001 5000 4574
f 4574 5000 4575
f 4669 4943 4666
f 4666 4943 4667
f 4996 4999 4547
f 4547 4999 4567
f 4948 4946 4620
f 4620 4946 4615
f 5003 5002 4591
f 4591 5002 4592
f 6557 4971 6554
f 6554 4971 4926
f 6532 6560 6539
f 6539 6560 6559
f 6390 6372 4374
f 4374 6372 6371
f 4966 6298 4967
f 4967 6298 6297
f 6538 6526 6369
f 6369 6526 6370
f 6585 6589 4621
f 4621 6589 4619
f 6597 6578 6598
f 6598 6578 6577
f 6606 6583 6607
f 6607 6583 6603
f 6611 6602 6598
f 6598 6602 6596
f 6585 6584 6606
f 6606 6584 6583
f 6597 6580 5004
f 5004 6580 4611
f 6607 6603 6730
f 6730 6603 6732
f 6776 6785 6777
f 6777 6785 6784
f 6785 6776 6792
f 6792 6776 6782
f 6815 6814 6812
f 6812 6814 6813
f 6817 6814 6795
f 6795 6814 6796
f 6825 6784 6827
f 6827 6784 6783
f 6830 6815 6832
f 6832 6815 6812
f 6817 6795 6835
f 6835 6795 6837
f 6792 6782 6730
f 6730 6782 6728
f 6858 6825 6860
f 6860 6825 6827
f 6863 6830 6857
f 6857 6830 6832
f 6864 6863 6856
f 6856 6863 6857
f 6866 6858 6867
f 6867 6858 6860
f 6866 6864 6855
f 6855 6864 6856
f 6835 6837 6611
f 6611 6837 6602
f 6560 6528 6559
f 6559 6528 6527
f 4949 6557 4710
f 4710 6557 6554
f 4430 4090 4175
f 4175 4090 4089
f 4777 4113 4155
f 4155 4113 4086
f 4175 4089 4176
f 4176 4089 4142
f 4199 4271 4200
f 4200 4271 4798
f 4199 4095 4272
f 4272 4095 5273
f 4406 4405 4404
f 4404 4405 4346
f 4410 4409 6877
f 6877 4409 6876
f 4409 4413 6876
f 6876 4413 6307
f 4415 4148 4416
f 4416 4148 4147
f 4690 4405 4344
f 4344 4405 4342
f 4693 4692 4352
f 4352 4692 4349
f 4701 4700 6337
f 6337 4700 6338
f 4778 4777 4081
f 4081 4777 4155
f 4821 4406 4809
f 4809 4406 4404
f 4176 4142 4181
f 4181 4142 4415
f 4760 4970 4399
f 4399 4970 4692
f 4200 5007 4096
f 4096 5007 4078
f 5266 4693 5269
f 5269 4693 4352
f 5270 5007 5361
f 5361 5007 4797
f 4778 5270 4779
f 4779 5270 5361
f 6285 4410 6875
f 6875 4410 6877
f 6308 4413 4687
f 4687 4413 4412
f 6480 6320 6481
f 6481 6320 6880
f 4701 2878 4702
f 4702 2878 3472
f 6339 6347 6340
f 6340 6347 6348
f 6341 6342 6346
f 6346 6342 6345
f 4416 6308 4414
f 4414 6308 4687
f 6385 4690 6381
f 6381 4690 4344
f 5282 6341 5280
f 5280 6341 6339
f 4700 6342 6338
f 6338 6342 5281
f 6340 6348 4272
f 4272 6348 4270
f 6480 6479 4828
f 4828 6479 4829
f 6490 6479 6489
f 6489 6479 6478
f 4090 4430 6490
f 6490 4430 4429
f 6563 6564 4970
f 4970 6564 4815
f 4694 6566 4366
f 4366 6566 6563
f 6572 6385 6568
f 6568 6385 6381
f 4821 6285 4822
f 4822 6285 6875
f 6572 5266 6569
f 6569 5266 5269
f 3482 3103 4369
f 4369 3103 4370
f 3121 4730 3485
f 3485 4730 4327
f 6277 6280 6273
f 6273 6280 6272
f 6267 6276 6278
f 6278 6276 6279
f 6278 6279 6277
f 6277 6279 6280
f 6279 6256 6280
f 6280 6256 6255
f 6256 3857 6255
f 6255 3857 3754
f 3857 3856 3754
f 3754 3856 3755
f 3856 3703 3755
f 3755 3703 3863
f 3703 3702 3863
f 3863 3702 3759
f 3702 3706 3759
f 3759 3706 3670
f 3706 3705 3670
f 3670 3705 3668
f 3705 3773 3668
f 3668 3773 3882
f 3882 3773 3883
f 3883 3773 3707
f 3707 3708 3883
f 3883 3708 3880
f 3708 3710 3880
f 3880 3710 3881
f 3709 5241 3710
f 3710 5241 3881
f 5241 3709 5234
f 5234 3709 3786
f 3693 3712 3786
f 3786 3712 5234
f 4051 4055 4052
f 4052 4055 4056
f 4056 4055 4057
f 4057 4055 4054
f 4066 5238 5236
f 5236 5238 3989
f 4066 4069 5238
f 5238 4069 4035
f 6881 3962 3960
f 3960 3962 3957
f 6883 4070 6882
f 6882 4070 3941
f 4070 6883 4071
f 4071 6883 6884
f 4071 6884 4072
f 4072 6884 6885
f 6885 6886 4072
f 4072 6886 4031
f 3955 6881 3956
f 3956 6881 3960
f 6884 3991 6885
f 6885 3991 3990
f 6883 6887 6884
f 6884 6887 3991
f 6887 6888 3991
f 3991 6888 3992
f 6888 6887 6889
f 6889 6887 6890
f 6887 6883 6890
f 6890 6883 6882
f 4058 5240 3953
f 3953 5240 3954
f 5236 6888 5239
f 5239 6888 6889
f 5237 6886 3990
f 3990 6886 6885
f 4034 4031 5237
f 5237 4031 6886
f 6881 6882 3962
f 3962 6882 3941
f 6881 3955 6882
f 6882 3955 6890
f 3955 3954 6890
f 6890 3954 6889
f 5239 6889 5240
f 5240 6889 3954
f 6888 5236 3992
f 3992 5236 3989
f 3869 3868 3888
f 3888 3868 4015
f 3868 4012 4015
f 4015 4012 4010
f 4012 4022 4010
f 4010 4022 4009
f 4022 4021 4009
f 4009 4021 4018
f 4020 3974 4001
f 4001 3974 3996
f 4021 4020 4029
f 4029 4020 4001
f 4085 4156 4086
f 4086 4156 4155
f 4113 4777 4114
f 4114 4777 4776
f 4130 4129 4094
f 4094 4129 4091
f 4139 4773 4140
f 4140 4773 4772
f 4149 4178 4150
f 4150 4178 5225
f 4160 4159 4087
f 4087 4159 4088
f 4149 4148 4179
f 4179 4148 4141
f 4085 4084 4183
f 4183 4084 6315
f 4179 4141 4159
f 4159 4141 4088
f 4192 4130 4162
f 4162 4130 4094
f 4197 5288 4198
f 4198 5288 5287
f 4229 4766 4230
f 4230 4766 4771
f 4245 4246 4242
f 4242 4246 4249
f 4183 6315 4418
f 4418 6315 6314
f 4679 4178 4680
f 4680 4178 4177
f 4724 4798 4725
f 4725 4798 4271
f 4728 5275 4729
f 4729 5275 5274
f 4230 4771 4249
f 4249 4771 4242
f 4724 4723 4799
f 4799 4723 5355
f 4823 4824 4891
f 4891 4824 6327
f 4823 4192 4161
f 4161 4192 4162
f 4893 4767 4229
f 4229 4767 4766
f 4894 4895 4898
f 4898 4895 4899
f 4106 4150 4103
f 4103 4150 5225
f 4680 4894 4677
f 4677 4894 4898
f 6420 4977 5301
f 5301 4977 4976
f 4679 4678 5226
f 5226 4678 4427
f 5228 5008 4893
f 4893 5008 4767
f 5285 6354 5286
f 5286 6354 5343
f 5289 5352 5290
f 5290 5352 5349
f 5290 5349 5295
f 5295 5349 5348
f 5302 5299 4202
f 4202 5299 4976
f 4725 4271 5311
f 5311 4271 4270
f 5325 4723 5326
f 5326 4723 4722
f 5335 5355 5325
f 5325 5355 4723
f 5326 4722 5286
f 5286 4722 5283
f 4799 5357 4797
f 4797 5357 5361
f 5359 5356 5335
f 5335 5356 5355
f 4775 4774 5356
f 5356 4774 5357
f 5359 5358 4092
f 4092 5358 4093
f 6316 4740 6317
f 6317 4740 4739
f 6318 4827 6316
f 6316 4827 4740
f 6319 4828 6318
f 6318 4828 4827
f 6320 6480 6319
f 6319 6480 4828
f 6484 6322 6485
f 6485 6322 6321
f 6487 6324 6331
f 6331 6324 6323
f 6331 6323 6330
f 6330 6323 6325
f 6325 6326 6330
f 6330 6326 6329
f 6326 6328 6329
f 6329 6328 5231
f 4824 4685 5228
f 5228 4685 5008
f 5226 6343 5225
f 5225 6343 4103
f 4728 4727 6349
f 6349 4727 5284
f 6350 6351 5285
f 5285 6351 6354
f 4247 4246 6418
f 6418 4246 6365
f 6400 6402 6401
f 6401 6402 6459
f 4197 4196 6409
f 6409 4196 6426
f 6412 4897 6328
f 6328 4897 5231
f 6413 4133 6412
f 6412 4133 4897
f 6414 4134 6413
f 6413 4134 4133
f 6415 4225 6414
f 6414 4225 4134
f 6416 4252 6415
f 6415 4252 4225
f 6417 4253 6416
f 6416 4253 4252
f 4253 6417 6366
f 6366 6417 6419
f 6366 6419 4911
f 4911 6419 6421
f 6422 6423 4908
f 4908 6423 5298
f 5298 6423 6396
f 6396 6423 6424
f 6409 6426 6425
f 6425 6426 6397
f 5300 5299 6399
f 6399 5299 6400
f 6465 6408 6401
f 6401 6408 6398
f 6424 6399 6425
f 6425 6399 6398
f 6349 5284 5311
f 5311 5284 5283
f 6465 6464 5289
f 5289 6464 5352
f 6488 6483 6492
f 6492 6483 6482
f 6486 6491 6482
f 6482 6491 6492
f 6491 4895 6492
f 6492 4895 4157
f 6488 4160 6489
f 6489 4160 4087
f 6501 6502 4418
f 4418 6502 4417
f 6504 6500 6317
f 6317 6500 6314
f 3497 3496 6501
f 6501 3496 6502
f 3499 3498 6504
f 6504 3498 6500
f 4729 5274 4198
f 4198 5274 4195
f 6418 6365 6420
f 6420 6365 4977
f 5295 5348 6350
f 6350 5348 6351
f 5301 6422 6420
f 6420 6422 6421
f 4113 4112 4086
f 4086 4112 4083
f 6320 4112 6880
f 6880 4112 4111
f 4091 4772 4092
f 4092 4772 4775
f 4129 4140 4091
f 4091 4140 4772
f 4137 4140 4128
f 4128 4140 4129
f 4128 6324 4137
f 4137 6324 6321
f 6324 6487 6321
f 6321 6487 6485
f 6487 6486 6485
f 6485 6486 6482
f 4774 4773 4779
f 4779 4773 4776
f 4773 4139 4776
f 4776 4139 4114
f 4139 4138 4114
f 4114 4138 4111
f 4138 6322 4111
f 4111 6322 6880
f 6322 6484 6880
f 6880 6484 6481
f 6484 6483 6481
f 6481 6483 6478
f 6879 6343 6309
f 6309 6343 4428
f 4106 4105 4900
f 4900 4105 6307
f 3500 3167 6495
f 6495 3167 6496
f 3500 6495 3070
f 3070 6495 5368
f 3502 5235 3501
f 3501 5235 4813
f 3024 3503 6473
f 6473 3503 6474
f 3503 3023 6474
f 6474 3023 6374
f 3504 1770 4348
f 4348 1770 4345
f 3502 3505 5235
f 5235 3505 4810
f 3498 3497 6500
f 6500 3497 6501
f 3496 3075 6502
f 6502 3075 6275
f 6299 4254 3174
f 3174 4254 3017
f 1769 3501 4814
f 4814 3501 4813
f 3506 3018 6476
f 6476 3018 4257
f 3507 3499 6499
f 6499 3499 6504
f 3030 4216 3483
f 3483 4216 4215
f 3077 3507 6333
f 6333 3507 6499
f 1784 3160 5249
f 5249 3160 6523
f 3015 3506 4240
f 4240 3506 6476
f 3508 3504 6383
f 6383 3504 4348
f 3509 3016 6477
f 6477 3016 4239
f 3028 3509 6467
f 6467 3509 6477
f 3022 1785 5246
f 5246 1785 5247
f 3161 3508 6570
f 6570 3508 6383
f 3150 3149 4694
f 4694 3149 6566
f 1327 4807 3510
f 3510 4807 4811
f 3510 4811 3505
f 3505 4811 4810
f 3146 3511 4816
f 4816 3511 4350
f 3511 1808 4350
f 4350 1808 4351
f 3485 4327 3159
f 3159 4327 4330
f 1326 3512 4806
f 4806 3512 6310
f 3512 1331 6310
f 6310 1331 4688
