v 0.046091 0.718991 0.061452
v 0.040438 0.705420 0.071032
v 0.051528 0.700443 0.062801
v 0.057522 0.709677 0.052002
v 0.047717 0.692010 0.070305
v 0.038044 0.694210 0.076759
v 0.058631 0.692771 0.053842
v 0.064111 0.697944 0.042712
v 0.065217 0.655191 0.049464
v 0.069709 0.648945 0.040760
v 0.069167 0.661531 0.040207
v 0.063545 0.664443 0.048654
v 0.065044 0.628627 0.050994
v 0.059247 0.621015 0.060747
v 0.061454 0.610366 0.052527
v 0.066096 0.617542 0.041646
v 0.026276 0.638393 0.081206
v 0.031722 0.631800 0.081271
v 0.035678 0.638377 0.079156
v 0.029573 0.644142 0.078971
v 0.017099 0.649108 0.085580
v 0.018233 0.653922 0.081338
v 0.013401 0.658618 0.085763
v 0.013091 0.653291 0.091152
v 0.020876 0.633044 0.082322
v 0.026639 0.626222 0.082063
v 0.021717 0.644315 0.081865
v 0.019490 0.640131 0.084759
v 0.016591 0.635955 0.096287
v 0.018000 0.640407 0.093976
v 0.014663 0.642712 0.100464
v 0.013570 0.637140 0.100848
v 0.019366 0.633435 0.087101
v 0.019792 0.636933 0.089414
v 0.017480 0.633534 0.092384
v 0.016091 0.630734 0.089597
v 0.016288 0.645092 0.089246
v 0.013425 0.648375 0.095834
v 0.009504 0.650990 0.102484
v 0.010571 0.643552 0.107375
v 0.042585 0.617383 0.077220
v 0.037475 0.624869 0.080152
v 0.032418 0.619967 0.081391
v 0.037188 0.614024 0.079464
v 0.017246 0.627202 0.086683
v 0.020931 0.611420 0.089668
v 0.021209 0.615377 0.089110
v 0.015204 0.616895 0.092932
v 0.015554 0.613167 0.093317
v 0.047644 0.601777 0.070436
v 0.041787 0.601306 0.075231
v 0.042140 0.594119 0.073695
v 0.047431 0.593038 0.067844
v 0.039654 0.588219 0.073749
v 0.045755 0.584689 0.066246
v 0.036297 0.570463 0.068991
v 0.041242 0.576784 0.067303
v 0.035573 0.582710 0.075185
v 0.030149 0.578062 0.079060
v 0.018725 0.583773 0.087168
v 0.012876 0.582899 0.090241
v 0.017392 0.570518 0.089876
v 0.023474 0.573575 0.085084
v 0.020458 0.604846 0.086251
v 0.024329 0.604438 0.083448
v 0.024766 0.606341 0.085502
v 0.020788 0.607898 0.088675
v 0.028002 0.603971 0.081447
v 0.029650 0.603653 0.080738
v 0.029501 0.605155 0.081854
v 0.027841 0.604710 0.081967
v 0.025926 0.604389 0.082555
v 0.024759 0.602562 0.083154
v 0.027042 0.603233 0.081970
v 0.021296 0.602163 0.086110
v 0.008968 0.601216 0.094686
v 0.012808 0.601427 0.093161
v 0.011402 0.605675 0.091546
v 0.008089 0.605778 0.092712
v 0.027715 0.607089 0.083415
v 0.030322 0.608855 0.082714
v 0.026702 0.612111 0.085597
v 0.025457 0.609160 0.085621
v 0.032952 0.610859 0.081752
v 0.031731 0.606310 0.080906
v 0.034746 0.607008 0.079803
v 0.028941 0.601922 0.080808
v 0.031634 0.600115 0.079406
v 0.032351 0.602945 0.080126
v 0.029460 0.597016 0.080252
v 0.026447 0.600205 0.082099
v 0.022991 0.598777 0.085159
v 0.018665 0.597629 0.089188
v 0.020889 0.592502 0.086583
v 0.025725 0.594427 0.082959
v 0.028552 0.615836 0.083911
v 0.036471 0.602111 0.078112
v 0.039894 0.608383 0.077094
v 0.036203 0.597236 0.077513
v 0.033993 0.592760 0.077884
v 0.029611 0.589074 0.079914
v 0.024485 0.586018 0.083561
v 0.019774 0.560173 0.079624
v 0.027594 0.564684 0.075003
v 0.036150 0.686126 0.075982
v 0.044678 0.684854 0.072847
v 0.045336 0.676226 0.069709
v 0.047128 0.678705 0.068967
v 0.041854 0.680519 0.072059
v 0.041425 0.677398 0.072217
v 0.057965 0.666973 0.054384
v 0.053447 0.669290 0.059096
v 0.053830 0.665305 0.058170
v 0.059745 0.660274 0.054710
v 0.046672 0.658686 0.066529
v 0.050769 0.659521 0.062913
v 0.047035 0.666451 0.064853
v 0.044249 0.665916 0.067626
v 0.040551 0.665754 0.069747
v 0.036415 0.666054 0.071010
v 0.036727 0.660575 0.071268
v 0.041705 0.659306 0.069465
v 0.035164 0.681638 0.073379
v 0.028145 0.681000 0.073331
v 0.029399 0.677796 0.072902
v 0.035603 0.678237 0.073602
v 0.019504 0.670624 0.068991
v 0.020623 0.673237 0.069682
v 0.017300 0.674783 0.070984
v 0.016430 0.670277 0.070576
v 0.018723 0.667250 0.070939
v 0.020786 0.669021 0.069539
v 0.037399 0.740516 0.056376
v 0.032845 0.724279 0.068714
v 0.053268 0.731121 0.046688
v 0.063538 0.718850 0.037813
v 0.070487 0.703324 0.029942
v 0.054705 0.604971 0.062603
v 0.055555 0.595196 0.057661
v 0.062621 0.600520 0.044614
v 0.060700 0.589634 0.041136
v 0.053306 0.584546 0.055428
v 0.039878 0.565732 0.055723
v 0.048207 0.574132 0.054830
v 0.055816 0.578872 0.037197
v 0.062837 0.588942 0.019904
v 0.065718 0.597467 0.026669
v 0.066217 0.602525 0.005409
v 0.058617 0.580032 0.009918
v 0.063707 0.600098 -0.002980
v 0.043225 0.546451 0.017860
v 0.044821 0.535712 0.014726
v 0.055937 0.541205 0.000724
v 0.055266 0.551783 0.003818
v 0.067320 0.606881 0.033102
v 0.071091 0.671442 0.030823
v 0.066451 0.672915 0.041932
v 0.073357 0.657315 0.029350
v 0.073947 0.727831 0.003780
v 0.070019 0.725480 0.022157
v 0.075886 0.708723 0.017356
v 0.079834 0.712641 0.001044
v 0.045564 0.762641 0.007138
v 0.043817 0.753801 0.034284
v 0.057528 0.742298 0.028719
v 0.060314 0.748530 0.006437
v 0.081766 0.712413 -0.013215
v 0.082217 0.710347 -0.031419
v 0.077660 0.724872 -0.040332
v 0.075775 0.729411 -0.018340
v 0.065413 0.743179 -0.049577
v 0.063374 0.748971 -0.022905
v 0.061955 0.585857 -0.011377
v 0.062963 0.603957 -0.015849
v 0.054476 0.564770 0.008184
v 0.060966 0.570415 -0.009544
v 0.046981 0.757235 -0.056457
v 0.045523 0.764853 -0.025086
v 0.070747 0.680456 -0.076055
v 0.073343 0.699439 -0.070427
v 0.080067 0.689222 -0.053311
v 0.077145 0.672866 -0.060692
v 0.059425 0.688103 -0.091914
v 0.063028 0.710100 -0.085993
v 0.058320 0.624917 -0.069360
v 0.050653 0.609968 -0.060260
v 0.042895 0.609730 -0.073349
v 0.048828 0.625255 -0.084094
v 0.054675 0.687484 0.063044
v 0.050730 0.682027 0.068054
v 0.054599 0.678202 0.062656
v 0.058689 0.681332 0.056287
v 0.063022 0.683560 0.046743
v 0.067960 0.685324 0.035395
v 0.077513 0.693947 0.012075
v 0.081049 0.699361 -0.002194
v 0.083501 0.697082 -0.027194
v 0.082953 0.699076 -0.013158
v 0.081646 0.677442 -0.043811
v 0.079554 0.667237 -0.048538
v 0.062765 0.612156 -0.032468
v 0.059506 0.591450 -0.028829
v 0.052933 0.593973 -0.043178
v 0.057084 0.611167 -0.047547
v 0.037517 0.594326 -0.064237
v 0.045294 0.594929 -0.054340
v 0.058164 0.560668 -0.028005
v 0.058478 0.548454 -0.031319
v 0.053612 0.551954 -0.046998
v 0.052332 0.562868 -0.042846
v 0.045609 0.551984 -0.059411
v 0.035478 0.551660 -0.068166
v 0.035505 0.564391 -0.064846
v 0.044118 0.564735 -0.055373
v 0.021283 0.528170 0.031431
v 0.021967 0.519283 0.027596
v 0.034192 0.522118 0.021392
v 0.032022 0.531557 0.024378
v 0.059990 0.538940 -0.036174
v 0.055683 0.543696 -0.051977
v 0.063919 0.625756 -0.053454
v 0.067858 0.627952 -0.042465
v 0.048288 0.543035 -0.064906
v 0.044196 0.578539 -0.052857
v 0.052023 0.576436 -0.041789
v 0.028057 0.594565 -0.072912
v 0.032560 0.608727 -0.083479
v 0.023725 0.649053 0.079124
v 0.026756 0.663697 0.071837
v 0.027356 0.667476 0.071081
v 0.023393 0.668266 0.070352
v 0.022205 0.665275 0.071414
v 0.014683 0.706640 0.081370
v 0.013513 0.689206 0.083092
v 0.026312 0.693367 0.081573
v 0.027781 0.707460 0.077538
v 0.054082 0.634275 0.068763
v 0.044748 0.640649 0.074573
v 0.041963 0.631781 0.077911
v 0.048021 0.623841 0.073931
v 0.050799 0.670812 0.062176
v 0.052512 0.673133 0.061936
v 0.049808 0.672835 0.064458
v 0.045356 0.610152 0.074067
v 0.052189 0.614503 0.068489
v 0.072485 0.642433 0.030008
v 0.061131 0.673691 0.050998
v 0.023891 0.773129 0.009474
v 0.023543 0.762150 0.040656
v 0.025579 0.768150 -0.059703
v 0.024816 0.774772 -0.026101
v 0.045318 0.717868 -0.097748
v 0.042021 0.694918 -0.104434
v 0.023888 0.697667 -0.112938
v 0.022861 0.726164 -0.103645
v 0.036087 0.625577 -0.095164
v 0.025180 0.551015 -0.073252
v 0.024738 0.565431 -0.071109
v 0.021984 0.744387 0.060818
v 0.018206 0.724980 0.074279
v 0.073043 0.689076 0.023042
v 0.065006 0.646152 0.053605
v 0.060162 0.653987 0.057992
v 0.057819 0.650135 0.062715
v 0.062395 0.639716 0.059130
v 0.068058 0.637036 0.045059
v 0.069642 0.628308 0.033246
v 0.071312 0.619504 0.019574
v 0.068867 0.608453 0.012260
v 0.081253 0.703279 -0.046141
v 0.074955 0.715844 -0.059837
v 0.063878 0.729510 -0.071915
v 0.047389 0.741284 -0.081295
v 0.082674 0.692883 -0.039877
v 0.024613 0.748904 -0.086431
v 0.014469 0.621438 0.091588
v 0.021510 0.620999 0.086613
v 0.012831 0.625613 0.091126
v 0.013998 0.596766 0.092320
v 0.009782 0.596359 0.094020
v 0.010615 0.590731 0.090924
v 0.015564 0.591319 0.089405
v 0.019816 0.555153 0.064263
v 0.029496 0.559428 0.059698
v 0.020978 0.536834 0.036382
v 0.030935 0.540736 0.028663
v 0.012663 0.634499 0.094973
v 0.010998 0.634808 0.095325
v 0.010780 0.633650 0.093174
v 0.012876 0.633596 0.092845
v 0.026525 0.605610 0.083540
v 0.010701 0.613383 0.095569
v 0.007554 0.613162 0.096216
v 0.007780 0.609495 0.094779
v 0.010964 0.609598 0.094091
v 0.045816 0.566520 0.033876
v 0.043083 0.557054 0.023325
v 0.059678 0.543574 -0.013702
v 0.060074 0.556114 -0.011120
v 0.058555 0.574460 -0.026899
v 0.035363 0.580386 -0.063165
v 0.026234 0.579700 -0.070476
v 0.002327 0.582110 -0.077322
v 0.002081 0.595007 -0.082405
v 0.015515 0.594996 -0.079174
v 0.014087 0.581435 -0.075391
v 0.031512 0.555434 0.044792
v 0.020851 0.550905 0.050835
v 0.021230 0.545185 0.042095
v 0.031200 0.549615 0.034748
v 0.007264 0.631546 0.096486
v 0.005905 0.630624 0.098170
v 0.006401 0.628287 0.095386
v 0.008231 0.630351 0.094533
v 0.013643 0.631615 0.091054
v 0.011463 0.630517 0.091334
v 0.011852 0.628586 0.091209
v 0.014144 0.634375 0.095610
v 0.014603 0.632962 0.092876
v 0.009344 0.635420 0.100416
v 0.012129 0.635236 0.098702
v 0.009366 0.635797 0.105427
v 0.008718 0.632630 0.094943
v 0.009325 0.631338 0.093354
v 0.012492 0.632574 0.091572
v 0.010831 0.632225 0.091829
v 0.009516 0.635369 0.098290
v 0.011400 0.635033 0.096981
v 0.009043 0.657038 0.096713
v 0.003008 0.658177 0.099258
v 0.003063 0.651649 0.105248
v 0.003161 0.643859 0.110456
v 0.003228 0.635601 0.108637
v 0.012472 0.542789 0.045762
v 0.012234 0.534642 0.040289
v 0.001619 0.724115 0.075777
v 0.002147 0.704788 0.081861
v 0.027254 0.604327 0.081883
v 0.027315 0.684978 0.076250
v 0.051790 0.648625 0.068338
v 0.030852 0.650046 0.075988
v 0.037448 0.645780 0.075772
v 0.037224 0.653368 0.072990
v 0.031255 0.656185 0.073439
v 0.018230 0.682001 0.076604
v 0.009724 0.678538 0.082090
v 0.013273 0.676448 0.075520
v 0.012675 0.669881 0.075428
v 0.009854 0.669549 0.083800
v 0.014028 0.662478 0.080018
v 0.015657 0.664757 0.074177
v 0.047802 0.674693 0.066991
v 0.050226 0.676150 0.065554
v 0.019147 0.657779 0.077125
v 0.024796 0.653829 0.075899
v 0.025644 0.658728 0.073287
v 0.020333 0.661323 0.073358
v 0.044093 0.650490 0.071520
v 0.056584 0.673180 0.057714
v 0.053128 0.661837 0.059836
v 0.070474 0.634529 -0.033933
v 0.066648 0.623526 -0.027006
v 0.073903 0.613868 -0.006614
v 0.071476 0.610085 -0.003821
v 0.066279 0.612776 -0.008264
v 0.071667 0.616080 -0.011338
v 0.082184 0.667408 -0.026292
v 0.082211 0.674553 -0.029856
v 0.082340 0.675807 -0.022611
v 0.081568 0.668385 -0.023524
v 0.081377 0.671851 -0.017422
v 0.081387 0.674888 -0.014901
v 0.080444 0.667037 -0.013657
v 0.080637 0.667300 -0.017018
v 0.082345 0.686334 -0.014007
v 0.080488 0.684291 -0.004028
v 0.078972 0.672470 -0.007205
v 0.074293 0.670210 0.016002
v 0.075030 0.658273 0.003983
v 0.076380 0.666956 -0.001240
v 0.077171 0.679262 0.006046
v 0.071978 0.615306 0.000564
v 0.072067 0.622820 0.004051
v 0.065237 0.616169 -0.017155
v 0.004407 0.705407 -0.115821
v 0.003937 0.733390 -0.106042
v 0.068538 0.661384 -0.078112
v 0.056386 0.666037 -0.092970
v 0.073849 0.657201 -0.062686
v 0.076390 0.654827 -0.049411
v 0.042006 0.671272 -0.105476
v 0.025518 0.672459 -0.114119
v 0.075393 0.652201 0.017258
v 0.073877 0.646234 0.005776
v 0.063318 0.642481 -0.075543
v 0.052589 0.644948 -0.090303
v 0.069861 0.640952 -0.060008
v 0.073081 0.641717 -0.047634
v 0.038997 0.648935 -0.102863
v 0.019393 0.625756 -0.101219
v 0.020649 0.647134 -0.110054
v 0.075184 0.624993 -0.007511
v 0.073633 0.623685 -0.002955
v 0.073253 0.617565 -0.004156
v 0.076458 0.619311 -0.005831
v 0.074104 0.636551 0.017412
v 0.073917 0.634016 0.005218
v 0.009540 0.663036 0.091050
v 0.003077 0.671632 0.088165
v 0.003222 0.664761 0.093697
v 0.003059 0.679531 0.084337
v 0.001798 0.778402 -0.022426
v 0.001531 0.776424 0.011623
v 0.001819 0.757327 -0.085650
v 0.001620 0.772454 -0.056134
v 0.007702 0.582637 0.092113
v 0.010748 0.569125 0.092509
v 0.009581 0.621408 0.094259
v 0.006586 0.620729 0.094891
v 0.007154 0.616839 0.095843
v 0.010255 0.617395 0.095202
v 0.021661 0.678559 0.072187
v 0.017903 0.608661 -0.090308
v 0.013108 0.566220 -0.074395
v 0.013350 0.551762 -0.076354
v 0.037863 0.541269 -0.073971
v 0.026283 0.540011 -0.079343
v 0.006183 0.624623 0.094673
v 0.008892 0.625206 0.093693
v 0.008742 0.634632 0.096854
v 0.015672 0.609230 0.092092
v 0.008740 0.628076 0.093398
v 0.009468 0.630144 0.093067
v 0.004309 0.627764 0.096056
v 0.004618 0.624243 0.094820
v 0.031671 0.662139 0.072067
v 0.032021 0.666837 0.071411
v 0.006605 0.632639 0.101793
v 0.007336 0.633619 0.099102
v 0.003280 0.631635 0.102497
v 0.047011 0.525613 0.011603
v 0.056836 0.530132 -0.002820
v 0.005418 0.612976 0.096313
v 0.005562 0.609230 0.095033
v 0.002047 0.764595 0.043221
v 0.000631 0.623146 -0.102214
v 0.001066 0.643623 -0.111139
v 0.075532 0.650809 -0.003481
v 0.077181 0.646693 -0.008314
v 0.078239 0.654077 -0.010839
v 0.076797 0.658665 -0.006107
v 0.012127 0.526158 0.035254
v 0.060615 0.534059 -0.019456
v 0.013540 0.539640 -0.082541
v 0.050576 0.668994 0.061724
v 0.049387 0.667487 0.062804
v 0.024228 0.676046 0.071231
v 0.003469 0.672241 -0.115409
v 0.017145 0.601694 0.090205
v 0.015607 0.605383 0.089443
v 0.001726 0.567258 -0.075452
v 0.012483 0.548443 0.054095
v 0.004317 0.630154 0.099009
v 0.001688 0.608068 -0.091559
v 0.080831 0.660463 -0.019066
v 0.082194 0.658944 -0.015831
v 0.081692 0.655609 -0.016070
v 0.080304 0.656266 -0.017370
v 0.083165 0.662310 -0.011963
v 0.084239 0.658860 -0.013612
v 0.085981 0.661902 -0.014821
v 0.084884 0.665617 -0.013733
v 0.078878 0.664054 -0.009555
v 0.080743 0.658542 -0.010934
v 0.087017 0.663876 -0.016713
v 0.087252 0.666651 -0.015652
v 0.084761 0.668314 -0.016839
v 0.081234 0.668216 -0.020291
v 0.089819 0.667314 -0.019153
v 0.086260 0.669472 -0.021139
v 0.092547 0.666323 -0.024091
v 0.087934 0.668797 -0.026398
v 0.093806 0.663106 -0.029806
v 0.088242 0.664889 -0.032030
v 0.075088 0.630927 -0.002599
v 0.075366 0.631414 -0.009433
v 0.094349 0.657572 -0.033288
v 0.087879 0.658328 -0.035184
v 0.093674 0.650341 -0.034919
v 0.087684 0.650394 -0.036662
v 0.092132 0.642731 -0.034136
v 0.087181 0.641275 -0.035695
v 0.090662 0.635507 -0.031795
v 0.085641 0.634137 -0.033139
v 0.088501 0.628760 -0.027335
v 0.083478 0.625178 -0.028417
v 0.088855 0.664424 -0.025107
v 0.090061 0.661067 -0.028975
v 0.080272 0.663278 -0.028021
v 0.087711 0.665598 -0.020440
v 0.080236 0.650316 -0.022388
v 0.078362 0.653020 -0.023120
v 0.079077 0.651329 -0.022408
v 0.078197 0.649816 -0.024647
v 0.076491 0.638920 -0.008185
v 0.077579 0.638942 -0.011861
v 0.077761 0.644613 -0.011763
v 0.076257 0.634537 -0.012369
v 0.075166 0.636065 -0.013494
v 0.074750 0.639797 -0.013218
v 0.074365 0.644444 -0.013636
v 0.075635 0.634462 -0.015597
v 0.077003 0.632590 -0.014690
v 0.074482 0.635710 -0.015906
v 0.074019 0.636569 -0.014813
v 0.073199 0.639036 -0.015718
v 0.073922 0.642573 -0.018214
v 0.075661 0.641039 -0.002261
v 0.075289 0.637854 -0.027252
v 0.072511 0.628813 -0.023422
v 0.085408 0.623794 -0.021398
v 0.082190 0.617533 -0.021538
v 0.079792 0.615684 -0.008195
v 0.081636 0.613264 -0.014125
v 0.078884 0.657864 -0.029723
v 0.078816 0.651346 -0.031362
v 0.071114 0.622099 -0.016987
v 0.077905 0.644726 -0.031155
v 0.086505 0.633058 -0.026187
v 0.083298 0.629723 -0.022175
v 0.088731 0.637874 -0.029541
v 0.077884 0.629197 -0.013025
v 0.079071 0.622896 -0.011003
v 0.082607 0.622173 -0.015772
v 0.080037 0.628422 -0.017855
v 0.084945 0.636478 -0.024022
v 0.081459 0.634044 -0.021704
v 0.081870 0.639503 -0.023960
v 0.078546 0.637384 -0.021805
v 0.076522 0.635206 -0.018465
v 0.078531 0.632709 -0.018337
v 0.074676 0.639995 -0.022140
v 0.078238 0.643003 -0.024010
v 0.074087 0.637103 -0.018212
v 0.084560 0.642475 -0.024770
v 0.086608 0.646284 -0.025790
v 0.084359 0.648953 -0.023173
v 0.081476 0.645812 -0.023875
v 0.089414 0.643774 -0.031904
v 0.089115 0.644613 -0.028349
v 0.087306 0.640104 -0.026552
v 0.089547 0.650065 -0.029417
v 0.089996 0.650450 -0.032724
v 0.087667 0.650295 -0.026886
v 0.086142 0.651526 -0.024792
v 0.089073 0.659150 -0.026967
v 0.089640 0.655118 -0.028853
v 0.090654 0.656588 -0.031661
v 0.088244 0.653999 -0.026355
v 0.087519 0.657224 -0.025192
v 0.086235 0.655598 -0.024228
v 0.086983 0.653764 -0.025376
v 0.084961 0.663490 -0.018106
v 0.083627 0.661875 -0.016355
v 0.086088 0.663429 -0.020964
v 0.083958 0.664089 -0.020197
v 0.084610 0.661222 -0.021050
v 0.082541 0.663051 -0.019745
v 0.083648 0.659302 -0.020298
v 0.081768 0.656446 -0.019788
v 0.025188 0.498734 0.023169
v 0.023419 0.509210 0.024726
v 0.012025 0.506947 0.027880
v 0.012512 0.497080 0.024924
v 0.084964 0.657312 -0.022083
v 0.086048 0.659490 -0.023236
v 0.087687 0.662199 -0.024357
v 0.082811 0.652716 -0.021839
v 0.084139 0.651823 -0.022532
v 0.085036 0.653481 -0.023128
v 0.083489 0.654952 -0.021617
v 0.077696 0.648997 -0.012808
v 0.076274 0.647494 -0.016208
v 0.076786 0.644964 -0.020166
v 0.059529 0.488217 0.005952
v 0.073907 0.496916 -0.006874
v 0.068253 0.503419 -0.009691
v 0.055108 0.496412 0.002938
v 0.070233 0.466922 0.023189
v 0.072153 0.449665 0.034695
v 0.091557 0.454615 0.028151
v 0.092235 0.475927 0.008630
v 0.090385 0.436294 0.042942
v 0.072450 0.432294 0.046440
v 0.085952 0.385581 0.076550
v 0.087391 0.401482 0.065457
v 0.070507 0.400302 0.069190
v 0.069528 0.384511 0.080210
v 0.109256 0.306841 0.108374
v 0.097347 0.308565 0.113287
v 0.090307 0.291822 0.113029
v 0.103591 0.287876 0.106693
v 0.152692 0.406644 0.039895
v 0.161177 0.395355 0.036716
v 0.164568 0.413058 0.030889
v 0.155318 0.424886 0.032223
v 0.106939 0.514246 -0.037517
v 0.097126 0.516383 -0.040490
v 0.091259 0.501711 -0.019968
v 0.101675 0.498353 -0.014524
v 0.149178 0.322103 0.056580
v 0.144131 0.331690 0.066260
v 0.141511 0.319180 0.073679
v 0.145749 0.309237 0.065385
v 0.123274 0.226513 0.060784
v 0.108935 0.225574 0.076620
v 0.108631 0.205368 0.078605
v 0.123506 0.205986 0.061725
v 0.158128 0.249364 -0.007177
v 0.156322 0.230911 -0.006896
v 0.155808 0.231124 -0.034162
v 0.157787 0.248167 -0.034883
v 0.114522 0.385307 0.067728
v 0.117096 0.401623 0.057477
v 0.103085 0.401904 0.061607
v 0.101063 0.386014 0.072326
v 0.269129 0.302819 -0.007809
v 0.255229 0.323430 -0.005438
v 0.242827 0.312694 -0.004435
v 0.256539 0.292772 -0.007322
v 0.152897 0.138083 0.010239
v 0.154482 0.120852 0.013554
v 0.155243 0.125071 -0.013777
v 0.152797 0.142018 -0.015803
v 0.211440 0.436241 0.001288
v 0.220070 0.449657 -0.016467
v 0.210603 0.465809 -0.016504
v 0.202683 0.451652 0.002730
v 0.152378 0.369157 0.045173
v 0.156829 0.381302 0.041024
v 0.149292 0.391118 0.045934
v 0.145425 0.376891 0.051572
v 0.165894 0.280241 -0.040917
v 0.168844 0.296831 -0.045156
v 0.168433 0.298854 -0.023596
v 0.166300 0.282264 -0.016902
v 0.162989 0.265469 -0.011523
v 0.162175 0.263816 -0.037206
v 0.136839 0.380887 0.057240
v 0.139689 0.397568 0.049196
v 0.129463 0.400163 0.053123
v 0.126488 0.383533 0.062754
v 0.081623 0.276349 0.109047
v 0.097764 0.271538 0.100593
v 0.146618 0.115705 0.039595
v 0.146290 0.133531 0.035833
v 0.133845 0.128652 0.057775
v 0.133628 0.110405 0.061727
v 0.092482 0.243721 0.087594
v 0.107950 0.243369 0.076220
v 0.108842 0.257835 0.082794
v 0.093732 0.258524 0.092513
v 0.116720 0.106343 0.080466
v 0.117451 0.124675 0.076256
v 0.099266 0.122023 0.092804
v 0.098677 0.101641 0.097658
v 0.089115 0.418658 0.054702
v 0.071850 0.416155 0.058038
v 0.128021 0.306998 0.093246
v 0.119701 0.306371 0.101260
v 0.115540 0.287111 0.098826
v 0.125573 0.288664 0.090631
v 0.168104 0.364867 0.017094
v 0.173173 0.374601 0.013521
v 0.172376 0.396379 0.025497
v 0.166945 0.380448 0.029527
v 0.158428 0.108121 -0.011698
v 0.156631 0.104109 0.016341
v 0.117292 0.086963 0.083168
v 0.099141 0.081455 0.100252
v 0.180027 0.358769 -0.056511
v 0.180442 0.361852 -0.042801
v 0.178003 0.355706 -0.040046
v 0.178822 0.353118 -0.054324
v 0.057588 0.310687 0.117754
v 0.066658 0.289068 0.115787
v 0.079306 0.302787 0.117173
v 0.072685 0.320014 0.116618
v 0.122948 0.272535 0.082422
v 0.111487 0.270768 0.091529
v 0.121883 0.259895 0.072465
v 0.041321 0.300526 0.114746
v 0.052092 0.273241 0.110060
v 0.053703 0.412470 0.060828
v 0.052965 0.397746 0.072211
v 0.053778 0.428542 0.050388
v 0.052535 0.444920 0.040555
v 0.033880 0.441588 0.044637
v 0.034963 0.424857 0.053670
v 0.050290 0.460859 0.031353
v 0.031806 0.456959 0.036319
v 0.042849 0.482235 0.015977
v 0.040151 0.491583 0.013802
v 0.162028 0.368946 0.032743
v 0.157355 0.358291 0.036210
v 0.134302 0.092426 0.064293
v 0.116806 0.441455 -0.129623
v 0.134019 0.446840 -0.122774
v 0.131650 0.428651 -0.127677
v 0.114627 0.422367 -0.134348
v 0.115986 0.500631 -0.010782
v 0.117445 0.515305 -0.035852
v 0.170923 0.375540 -0.101900
v 0.170399 0.366475 -0.097355
v 0.165992 0.359272 -0.101184
v 0.165977 0.370817 -0.106452
v 0.178064 0.360134 -0.078729
v 0.177193 0.364802 -0.086254
v 0.178240 0.358849 -0.088842
v 0.178458 0.353752 -0.081755
v 0.149636 0.128785 -0.038572
v 0.146419 0.145554 -0.040906
v 0.132522 0.260994 -0.100337
v 0.140356 0.278007 -0.099613
v 0.150685 0.270515 -0.081871
v 0.144639 0.253722 -0.081523
v 0.019153 0.410771 -0.133038
v 0.037756 0.414253 -0.137248
v 0.037475 0.398333 -0.139439
v 0.018893 0.395141 -0.134927
v 0.078479 0.443877 -0.135536
v 0.057703 0.435874 -0.137002
v 0.057006 0.450996 -0.132734
v 0.078564 0.460352 -0.130237
v 0.097483 0.434352 -0.136169
v 0.096300 0.415165 -0.140192
v 0.162640 0.282236 -0.062665
v 0.166348 0.298123 -0.064551
v 0.169932 0.319769 -0.066375
v 0.171483 0.327836 -0.066390
v 0.173024 0.327854 -0.050810
v 0.171710 0.319789 -0.050050
v 0.088340 0.520139 -0.043345
v 0.097391 0.523301 -0.063852
v 0.086874 0.526470 -0.066666
v 0.052090 0.500798 -0.110167
v 0.062702 0.506042 -0.105655
v 0.065841 0.500576 -0.109808
v 0.051938 0.494303 -0.114589
v 0.042233 0.325909 -0.143087
v 0.045076 0.303255 -0.138887
v 0.022030 0.304092 -0.136788
v 0.020794 0.325351 -0.141135
v 0.170984 0.337287 -0.078330
v 0.168449 0.342414 -0.087738
v 0.171723 0.349903 -0.085917
v 0.173352 0.343984 -0.077675
v 0.165837 0.335276 -0.089622
v 0.168712 0.330332 -0.079119
v 0.166686 0.322274 -0.079944
v 0.162429 0.327292 -0.091488
v 0.148032 0.293979 -0.097651
v 0.154542 0.308349 -0.095037
v 0.161079 0.302735 -0.080601
v 0.156816 0.287062 -0.081489
v 0.022865 0.234469 -0.121198
v 0.022817 0.257273 -0.127417
v 0.043382 0.255422 -0.129069
v 0.042612 0.232060 -0.123696
v 0.183029 0.365436 -0.018413
v 0.184197 0.354393 -0.023040
v 0.185848 0.361376 -0.006847
v 0.183730 0.370109 -0.002666
v 0.189192 0.369311 -0.101678
v 0.192592 0.375239 -0.103663
v 0.199488 0.368950 -0.104024
v 0.195811 0.363928 -0.102844
v 0.185995 0.332463 -0.040992
v 0.191715 0.316144 -0.044358
v 0.194712 0.323166 -0.028955
v 0.187496 0.340023 -0.026005
v 0.128267 0.517617 -0.063113
v 0.117543 0.519350 -0.062965
v 0.129003 0.516942 -0.034348
v 0.180193 0.340325 -0.063588
v 0.178860 0.342043 -0.075457
v 0.182858 0.330507 -0.079911
v 0.182198 0.327592 -0.068069
v 0.280793 0.312502 -0.015506
v 0.266927 0.333357 -0.014052
v 0.199814 0.297240 -0.061433
v 0.189315 0.312478 -0.058780
v 0.189431 0.312790 -0.071957
v 0.202376 0.298105 -0.074806
v 0.139667 0.237275 -0.080898
v 0.125622 0.243963 -0.099182
v 0.122841 0.133574 -0.077512
v 0.118925 0.151881 -0.079965
v 0.134109 0.149165 -0.062698
v 0.138102 0.131636 -0.060276
v 0.152042 0.111749 -0.037328
v 0.125705 0.114824 -0.075838
v 0.140999 0.113863 -0.058863
v 0.068692 0.532439 -0.062583
v 0.077588 0.529428 -0.065906
v 0.066841 0.526592 -0.083103
v 0.059656 0.531546 -0.077753
v 0.175190 0.003009 -0.040493
v 0.178871 0.001413 -0.008808
v 0.179713 -0.022529 -0.014096
v 0.174273 -0.022604 -0.045483
v 0.035178 0.513624 -0.100587
v 0.031450 0.522489 -0.093770
v 0.046172 0.527120 -0.087543
v 0.052163 0.519920 -0.093699
v 0.174021 0.028006 -0.037403
v 0.177031 0.024553 -0.007417
v 0.071544 0.526409 -0.042902
v 0.080219 0.523085 -0.044065
v 0.069249 0.517689 -0.025575
v 0.077092 0.512573 -0.025865
v 0.062373 0.510957 -0.009771
v 0.176135 -0.005353 0.018804
v 0.180240 -0.029001 0.016406
v 0.052759 0.536411 -0.071501
v 0.041174 0.533241 -0.081122
v 0.028609 0.531180 -0.086931
v 0.014573 0.529963 -0.089533
v -0.000219 0.529506 -0.090417
v -0.000019 0.539347 -0.083672
v 0.161519 0.092167 -0.009941
v 0.156975 0.095016 -0.037077
v 0.128737 -0.127534 -0.113200
v 0.133926 -0.141631 -0.101647
v 0.101155 -0.146874 -0.110864
v 0.100681 -0.133864 -0.121283
v 0.030119 -0.127601 -0.125425
v 0.067965 -0.134077 -0.125712
v 0.064729 -0.146996 -0.112760
v 0.027510 -0.140929 -0.110209
v 0.036365 -0.004152 -0.143294
v 0.036981 0.017585 -0.137000
v 0.065957 0.017803 -0.136402
v 0.065831 -0.003679 -0.143509
v 0.145431 0.096689 -0.059521
v 0.130347 0.097033 -0.077121
v 0.158158 0.087765 0.018271
v 0.199466 -0.151632 0.029595
v 0.205062 -0.184983 0.026150
v 0.206223 -0.178982 -0.013129
v 0.202781 -0.145367 -0.011226
v 0.170710 -0.180092 -0.073253
v 0.139101 -0.184701 -0.088453
v 0.136179 -0.161717 -0.094099
v 0.168319 -0.153250 -0.077465
v 0.079981 0.077013 0.115611
v 0.080071 0.055692 0.115836
v 0.099176 0.061503 0.101074
v 0.019842 0.066415 0.138547
v 0.018676 0.044275 0.138269
v 0.039359 0.047230 0.134949
v 0.041340 0.069645 0.135122
v 0.025285 -0.072008 0.116062
v 0.029465 -0.047242 0.119308
v 0.013677 -0.048696 0.122194
v 0.012292 -0.071840 0.118171
v 0.167163 -0.013364 0.044344
v 0.163219 0.007870 0.045782
v 0.145021 -0.001679 0.067129
v 0.147508 -0.022460 0.066932
v 0.061629 -0.158989 -0.096942
v 0.027054 -0.150960 -0.091277
v 0.182896 -0.157307 0.066985
v 0.191139 -0.191733 0.063374
v 0.165297 -0.200285 0.090711
v 0.158028 -0.166333 0.093448
v 0.126286 -0.175135 0.103699
v 0.132003 -0.207046 0.100454
v 0.014992 -0.152410 0.061745
v 0.019066 -0.161195 0.059783
v 0.033371 -0.144675 0.084594
v 0.026101 -0.131946 0.088349
v 0.031450 -0.092495 -0.142690
v 0.064141 -0.096589 -0.144142
v 0.065704 -0.116266 -0.136705
v 0.031144 -0.111686 -0.135140
v 0.112269 0.096311 -0.090349
v 0.108057 0.115116 -0.088311
v 0.088933 0.115256 -0.096534
v 0.086088 0.136250 -0.097297
v 0.105298 0.135015 -0.089629
v 0.089112 0.263304 -0.123537
v 0.097413 0.281904 -0.127308
v 0.116666 0.269836 -0.115152
v 0.108808 0.252695 -0.113104
v 0.057583 0.419701 -0.140805
v 0.056864 0.402683 -0.143519
v 0.100527 -0.184859 -0.094052
v 0.112245 -0.212728 -0.088259
v 0.075852 -0.214171 -0.081659
v 0.054481 -0.179062 -0.083473
v 0.174196 -0.208843 -0.070178
v 0.194478 -0.176195 -0.047966
v 0.196150 -0.207613 -0.047710
v 0.209314 -0.217439 0.024006
v 0.209066 -0.211071 -0.014521
v 0.169887 -0.233742 0.087511
v 0.136402 -0.239208 0.095686
v 0.046819 -0.219758 0.058117
v 0.052630 -0.243651 0.048130
v 0.074392 -0.243975 0.070217
v 0.069619 -0.217967 0.078571
v 0.063070 -0.073029 0.102650
v 0.074033 -0.094957 0.102111
v 0.100538 -0.071995 0.095974
v 0.096290 -0.050236 0.095061
v 0.042515 0.092616 0.134024
v 0.024812 0.088786 0.137386
v 0.079913 0.098611 0.113473
v 0.060799 0.095812 0.126319
v 0.060425 0.073030 0.127733
v 0.048140 0.185809 0.122675
v 0.045087 0.163461 0.126377
v 0.066398 0.163527 0.116297
v 0.070206 0.185248 0.112567
v 0.073083 0.207180 0.107435
v 0.050861 0.207987 0.116889
v 0.051488 0.250566 0.103460
v 0.073608 0.246202 0.096733
v 0.074937 0.262506 0.102121
v 0.035178 0.408818 0.063685
v 0.034992 0.393779 0.074013
v 0.170422 -0.035488 0.044345
v 0.028597 -0.190969 -0.055837
v 0.046536 -0.220378 -0.061667
v 0.033581 -0.228469 -0.033866
v 0.022884 -0.202923 -0.025128
v 0.173442 0.016261 0.020258
v 0.147892 0.098541 0.042341
v 0.148832 0.081526 0.043876
v 0.150846 0.254648 0.024388
v 0.149271 0.231991 0.020147
v 0.087931 0.312869 0.115572
v 0.086214 0.325615 0.113528
v 0.192232 -0.145284 -0.049413
v 0.173077 -0.264980 0.082416
v 0.140432 -0.270750 0.088998
v 0.143152 -0.301229 0.081391
v 0.174832 -0.295072 0.076367
v 0.049359 -0.267597 0.012757
v 0.061415 -0.295435 0.002643
v 0.069996 -0.297464 0.027702
v 0.060374 -0.270071 0.037674
v 0.073136 -0.323724 -0.004990
v 0.083223 -0.351128 -0.012526
v 0.088347 -0.355422 0.011099
v 0.080147 -0.326861 0.020033
v 0.196462 -0.225824 0.061219
v 0.212907 -0.279489 0.022501
v 0.211537 -0.249139 0.024268
v 0.198371 -0.257431 0.057940
v 0.200381 -0.287858 0.054244
v 0.145860 -0.211577 -0.083498
v 0.032207 -0.218685 0.034216
v 0.039331 -0.241148 0.023711
v 0.066875 -0.288402 -0.046132
v 0.050329 -0.258607 -0.040782
v 0.065859 -0.252583 -0.065408
v 0.082609 -0.282831 -0.068345
v 0.186634 -0.265466 -0.066269
v 0.180224 -0.237553 -0.067607
v 0.200524 -0.237425 -0.044340
v 0.205111 -0.266158 -0.043108
v 0.211254 -0.241534 -0.012055
v 0.213294 -0.271611 -0.011719
v 0.215856 -0.338158 0.019419
v 0.214138 -0.309356 0.020882
v 0.201030 -0.317694 0.050714
v 0.201502 -0.346447 0.046977
v 0.218217 -0.329626 -0.012920
v 0.215504 -0.300710 -0.012285
v 0.213200 -0.322536 -0.041312
v 0.209225 -0.294361 -0.042257
v 0.197760 -0.320127 -0.062332
v 0.192731 -0.292573 -0.064600
v 0.177751 -0.320743 -0.076640
v 0.170469 -0.294318 -0.079198
v 0.144801 -0.298270 -0.084802
v 0.154604 -0.324130 -0.082209
v 0.131291 -0.328944 -0.079873
v 0.119453 -0.303196 -0.081602
v 0.094402 -0.341474 -0.055199
v 0.081699 -0.315783 -0.050829
v 0.096967 -0.309740 -0.070295
v 0.109945 -0.335219 -0.071335
v 0.141880 -0.440989 -0.072082
v 0.128231 -0.414746 -0.069443
v 0.146230 -0.408046 -0.075159
v 0.158866 -0.434245 -0.075672
v 0.174866 -0.428078 -0.080416
v 0.164038 -0.402538 -0.077530
v 0.181183 -0.398526 -0.078564
v 0.192816 -0.423064 -0.080827
v 0.212390 -0.397535 -0.057223
v 0.222578 -0.422555 -0.058461
v 0.209006 -0.421047 -0.073853
v 0.198142 -0.396207 -0.072028
v 0.228321 -0.399891 -0.038994
v 0.235416 -0.425210 -0.039481
v 0.231260 -0.407270 -0.013883
v 0.234551 -0.432851 -0.014457
v 0.219625 -0.417282 0.012979
v 0.223865 -0.441920 0.011469
v 0.109911 -0.434552 -0.018938
v 0.107022 -0.429483 -0.038717
v 0.119758 -0.454638 -0.046229
v 0.120413 -0.460402 -0.026365
v 0.138323 -0.437960 0.022066
v 0.147159 -0.462589 0.010775
v 0.162201 -0.460511 0.033106
v 0.156158 -0.436161 0.044228
v 0.217383 -0.365506 0.017900
v 0.221059 -0.356454 -0.013280
v 0.216748 -0.349372 -0.040274
v 0.201749 -0.346439 -0.059553
v 0.105997 -0.365797 -0.060046
v 0.122583 -0.359251 -0.072808
v 0.095645 -0.382825 0.001620
v 0.091233 -0.377858 -0.020483
v 0.178803 -0.407159 0.055995
v 0.203372 -0.400185 0.041386
v 0.201892 -0.373837 0.043971
v 0.177073 -0.380616 0.058551
v 0.226458 -0.381963 -0.013546
v 0.221364 -0.374822 -0.039389
v 0.206040 -0.371947 -0.057207
v 0.172385 -0.373622 -0.077650
v 0.190738 -0.371045 -0.071561
v 0.153423 -0.377941 -0.077006
v 0.116627 -0.389861 -0.064961
v 0.134344 -0.383211 -0.074153
v 0.103165 -0.409072 -0.008775
v 0.098956 -0.403884 -0.029447
v 0.187368 -0.455225 0.042633
v 0.211385 -0.448641 0.033162
v 0.206694 -0.425021 0.037879
v 0.182599 -0.432621 0.051898
v 0.192376 -0.476363 0.030705
v 0.171449 -0.481138 0.021847
v 0.204910 -0.448405 -0.082726
v 0.187704 -0.453311 -0.084184
v 0.220713 -0.446764 -0.075539
v 0.240034 -0.458701 -0.013470
v 0.243669 -0.449953 -0.039998
v 0.228286 -0.467661 0.010626
v 0.212735 -0.470696 0.026599
v 0.148557 -0.505713 -0.053761
v 0.148014 -0.509725 -0.035554
v 0.134632 -0.483264 -0.031185
v 0.135291 -0.479076 -0.049542
v 0.167148 -0.494533 -0.081106
v 0.156957 -0.466985 -0.071659
v 0.171868 -0.460211 -0.078344
v 0.181956 -0.486995 -0.091131
v 0.218210 -0.475508 -0.091366
v 0.199640 -0.480232 -0.094636
v 0.234901 -0.472158 -0.082483
v 0.252457 -0.477215 -0.040684
v 0.249026 -0.471711 -0.065385
v 0.235362 -0.446344 -0.061497
v 0.248129 -0.485416 -0.010777
v 0.236774 -0.525541 0.006967
v 0.257852 -0.513836 -0.010817
v 0.227744 -0.497010 0.009610
v 0.237220 -0.627198 -0.007189
v 0.245907 -0.660744 -0.012900
v 0.266405 -0.652959 -0.012510
v 0.260724 -0.618946 -0.006222
v 0.157104 -0.535237 -0.060702
v 0.157843 -0.537726 -0.039882
v 0.192205 -0.516268 -0.101771
v 0.175372 -0.524305 -0.091756
v 0.276531 -0.534194 -0.045655
v 0.273755 -0.529657 -0.072723
v 0.262318 -0.499538 -0.068391
v 0.265050 -0.504825 -0.041699
v 0.182487 -0.632407 -0.053718
v 0.171329 -0.600879 -0.049704
v 0.171549 -0.598568 -0.072132
v 0.182799 -0.630513 -0.074341
v 0.199240 -0.548412 -0.109502
v 0.208057 -0.581177 -0.113841
v 0.190762 -0.588450 -0.104195
v 0.182157 -0.556133 -0.099173
v 0.290376 -0.602261 -0.051158
v 0.288680 -0.599185 -0.076379
v 0.282810 -0.562835 -0.075847
v 0.284991 -0.566763 -0.048652
v 0.245792 -0.554483 0.003835
v 0.254837 -0.585586 -0.001192
v 0.275675 -0.574420 -0.019981
v 0.267844 -0.543079 -0.015161
v 0.220065 -0.563273 0.003182
v 0.229236 -0.594051 -0.001284
v 0.214494 -0.697720 -0.073555
v 0.214491 -0.701606 -0.056893
v 0.198463 -0.666269 -0.055652
v 0.198878 -0.663088 -0.074027
v 0.219099 -0.614894 -0.113360
v 0.231042 -0.650250 -0.108665
v 0.215668 -0.655546 -0.100621
v 0.201661 -0.621587 -0.104829
v 0.298184 -0.679049 -0.055229
v 0.295686 -0.677340 -0.076035
v 0.292757 -0.638019 -0.076269
v 0.294528 -0.639914 -0.053767
v 0.273201 -0.689866 -0.019206
v 0.291604 -0.683085 -0.032860
v 0.286668 -0.644712 -0.027620
v 0.254477 -0.696519 -0.018762
v 0.262833 -0.731980 -0.022880
v 0.278717 -0.726465 -0.023126
v 0.228094 -0.731688 -0.072893
v 0.229479 -0.734210 -0.057509
v 0.238623 -0.725894 -0.093980
v 0.228796 -0.690873 -0.096655
v 0.241507 -0.685881 -0.104174
v 0.250369 -0.720814 -0.101293
v 0.275212 -0.680314 -0.101196
v 0.280947 -0.715721 -0.097559
v 0.265635 -0.717237 -0.102681
v 0.258617 -0.682079 -0.105975
v 0.297379 -0.713476 -0.075109
v 0.290460 -0.714223 -0.088543
v 0.287716 -0.677867 -0.091444
v 0.300908 -0.714691 -0.055975
v 0.294665 -0.719813 -0.035216
v 0.011580 -0.168064 -0.031410
v 0.018642 -0.172582 -0.044062
v 0.017232 -0.187029 -0.013728
v 0.013131 -0.179537 -0.001138
v 0.088771 -0.301447 0.052657
v 0.081352 -0.271810 0.061793
v 0.101654 -0.359299 0.033974
v 0.096051 -0.331257 0.044332
v 0.108522 -0.386294 0.023688
v 0.122558 -0.438326 0.001645
v 0.115840 -0.412270 0.012630
v 0.131483 -0.462931 -0.007556
v 0.144211 -0.486999 -0.013281
v 0.157016 -0.512457 -0.016099
v 0.175660 -0.567814 -0.023178
v 0.168245 -0.538583 -0.019708
v 0.164375 -0.568829 -0.044916
v 0.193989 -0.632547 -0.031592
v 0.183513 -0.599466 -0.027186
v 0.222885 -0.702962 -0.039946
v 0.207891 -0.667631 -0.035926
v 0.237618 -0.735408 -0.042287
v 0.089509 -0.158442 0.101352
v 0.085643 -0.135662 0.102117
v 0.060622 -0.153602 0.095507
v 0.062923 -0.171639 0.090830
v 0.006194 -0.161628 0.026204
v 0.008458 -0.165703 0.023523
v 0.012632 -0.165983 0.040505
v 0.009554 -0.160310 0.041948
v 0.218688 -0.391626 0.015553
v 0.184448 -0.346207 -0.073655
v 0.142906 -0.353484 -0.078018
v 0.163629 -0.348989 -0.079144
v 0.130425 -0.414418 0.035003
v 0.152253 -0.411877 0.051989
v 0.149391 -0.385995 0.058221
v 0.126453 -0.387936 0.044085
v 0.211572 -0.536745 0.007056
v 0.187481 -0.538788 -0.003478
v 0.196591 -0.566722 -0.008122
v 0.204549 -0.512810 0.012181
v 0.249257 -0.499088 -0.088753
v 0.231721 -0.502641 -0.100446
v 0.220958 -0.539778 -0.112648
v 0.211880 -0.508721 -0.104389
v 0.242404 -0.533026 -0.108198
v 0.117624 -0.334035 0.063608
v 0.121268 -0.361287 0.053829
v 0.147377 -0.358799 0.065167
v 0.144940 -0.330775 0.073348
v 0.115243 0.170061 -0.082426
v 0.129966 0.166567 -0.065787
v 0.142267 0.285111 0.062813
v 0.133362 0.277219 0.072965
v 0.134214 0.264038 0.060336
v 0.145249 0.272015 0.046764
v 0.152824 0.283785 0.036575
v 0.148897 0.296192 0.053579
v 0.157388 0.297769 0.028012
v 0.153005 0.309727 0.044608
v 0.169314 0.355337 0.001016
v 0.173235 0.362084 -0.001935
v 0.028289 0.249896 0.107156
v 0.028033 0.229086 0.114511
v 0.051979 0.229622 0.109970
v 0.059591 0.050900 0.127717
v 0.069426 -0.039075 0.106452
v 0.047522 -0.044703 0.113758
v 0.041539 -0.072859 0.111189
v 0.010084 -0.136743 0.085202
v 0.001341 -0.146943 0.068350
v 0.000830 -0.157128 0.043983
v 0.000211 -0.159964 0.026243
v 0.062664 0.227499 -0.121383
v 0.064182 0.250756 -0.126348
v 0.019238 0.425366 -0.130774
v 0.038083 0.429490 -0.134182
v 0.036955 0.457248 -0.127657
v 0.018919 0.452443 -0.124907
v 0.018139 0.464293 -0.121665
v 0.035535 0.469175 -0.123927
v 0.015637 0.520088 -0.096683
v 0.017427 0.509271 -0.103436
v 0.005411 -0.161994 0.005180
v 0.006355 -0.163939 -0.004346
v 0.009874 -0.169673 0.018712
v 0.042913 -0.198964 0.066749
v 0.040881 -0.182427 0.073882
v 0.025845 -0.187516 0.051928
v 0.027944 -0.200935 0.044183
v 0.198147 -0.112665 -0.006003
v 0.192260 -0.118508 0.034763
v 0.099815 -0.163321 -0.100264
v 0.232772 0.266699 -0.076979
v 0.217197 0.282955 -0.076312
v 0.224428 0.286814 -0.087884
v 0.240443 0.270691 -0.087371
v 0.065636 0.326818 -0.143238
v 0.073834 0.300100 -0.136531
v 0.083654 0.507663 -0.023842
v 0.157521 0.513741 -0.028023
v 0.142160 0.516621 -0.031770
v 0.143280 0.503477 -0.005788
v 0.156064 0.501056 -0.002626
v 0.150610 0.466873 -0.108283
v 0.136663 0.465125 -0.114757
v 0.138607 0.483731 -0.102668
v 0.152239 0.483613 -0.095640
v 0.064704 -0.026898 -0.148838
v 0.034868 -0.026732 -0.147726
v 0.042314 0.162699 -0.107025
v 0.041552 0.185359 -0.112051
v 0.061396 0.181270 -0.110451
v 0.063153 0.159622 -0.105661
v 0.096819 0.313599 -0.135746
v 0.111610 0.297635 -0.126099
v 0.036872 0.326199 0.111952
v 0.053671 0.332764 0.112845
v 0.052350 0.351275 0.104092
v 0.035253 0.346867 0.104400
v 0.224644 0.325780 -0.101291
v 0.216971 0.310649 -0.096486
v 0.200094 0.324249 -0.094122
v 0.204567 0.334443 -0.099293
v 0.164100 -0.129166 -0.084680
v 0.187441 -0.110047 -0.052172
v 0.144237 0.197767 -0.054400
v 0.141487 0.179901 -0.049310
v 0.129162 0.184007 -0.070830
v 0.132484 0.201811 -0.076921
v 0.153087 0.249770 -0.059623
v 0.149746 0.233249 -0.059042
v 0.158061 0.265759 -0.061019
v 0.178616 0.358028 -0.069499
v 0.177328 0.353561 -0.067373
v 0.175870 0.356939 -0.077001
v 0.065738 -0.192948 0.085582
v 0.052216 -0.120805 0.098999
v 0.043198 -0.107135 0.102191
v 0.003536 -0.158995 0.010720
v -0.000059 -0.158642 0.011971
v 0.058578 0.520513 -0.007044
v 0.063171 0.525200 -0.023439
v 0.183999 0.328067 -0.054916
v 0.181984 0.342222 -0.050735
v 0.174579 0.335180 -0.051465
v 0.176929 0.342237 -0.052771
v 0.176058 0.345943 -0.036492
v 0.173687 0.338891 -0.034262
v 0.173345 0.334776 -0.066173
v 0.175801 0.341516 -0.066612
v 0.142917 0.414408 0.041775
v 0.144565 0.432373 0.032999
v 0.133161 0.436549 0.034056
v 0.131521 0.418265 0.043811
v 0.119377 0.419637 0.047175
v 0.121008 0.437844 0.035805
v 0.107065 0.437861 0.038651
v 0.105203 0.419478 0.050697
v 0.080590 0.489269 -0.000660
v 0.064962 0.480331 0.014005
v 0.046285 0.473444 0.023046
v 0.029541 0.469538 0.028970
v 0.018928 0.498481 -0.109087
v 0.040189 0.503225 -0.108055
v 0.035416 0.491034 -0.114766
v 0.018179 0.487139 -0.113848
v 0.001430 0.484348 -0.112458
v 0.001340 0.496105 -0.108159
v 0.051928 0.506107 0.004044
v 0.038721 0.501971 0.015851
v 0.026104 0.488475 0.021909
v 0.290101 0.318241 -0.028792
v 0.276463 0.338783 -0.028515
v 0.060505 0.536897 -0.057369
v 0.064235 0.531941 -0.040201
v 0.295396 0.320454 -0.045811
v 0.281667 0.341450 -0.045957
v 0.127686 0.480404 0.010099
v 0.140879 0.481872 0.011353
v 0.129955 0.503060 -0.008450
v 0.049487 0.516096 0.007541
v 0.036880 0.512098 0.018725
v 0.191757 -0.080828 0.002683
v 0.183397 -0.087024 0.039113
v 0.151443 0.155469 0.006086
v 0.146021 0.151520 0.031198
v 0.001783 0.185091 0.127628
v 0.000711 0.163465 0.131822
v 0.022790 0.163052 0.131286
v 0.025173 0.185837 0.127292
v 0.003798 0.247941 0.107916
v 0.003378 0.227736 0.114889
v 0.011961 0.516727 0.031190
v 0.041768 0.116751 0.131578
v 0.042663 0.140816 0.129057
v 0.020795 0.139347 0.133553
v 0.019543 0.112628 0.135564
v 0.010736 0.086534 0.137732
v 0.009267 0.074670 0.138600
v 0.021062 -0.092217 0.111842
v 0.010898 -0.091770 0.113278
v 0.222611 0.377512 0.002833
v 0.234110 0.389853 -0.007307
v 0.225769 0.406587 -0.004076
v 0.215143 0.392499 0.005717
v 0.080781 0.120584 0.109300
v 0.061456 0.119321 0.123048
v 0.163767 0.355602 0.019886
v 0.165565 0.346392 0.003341
v 0.027430 0.270607 0.108288
v 0.069851 0.337811 0.110844
v 0.068992 0.354181 0.102059
v 0.084976 0.340930 0.107232
v 0.084713 0.355890 0.098373
v -0.000156 -0.153505 -0.003866
v 0.002912 -0.158661 0.002412
v 0.219021 0.398867 -0.097536
v 0.214799 0.390776 -0.101316
v 0.206271 0.399412 -0.103360
v 0.211194 0.408433 -0.099664
v 0.025247 -0.213285 0.006158
v 0.020541 -0.197321 0.016745
v 0.022892 -0.157224 -0.068774
v 0.008519 -0.156969 -0.053765
v 0.001428 -0.150603 -0.057883
v 0.000628 -0.144386 -0.071094
v 0.103456 -0.243693 0.087950
v 0.098832 -0.212916 0.094581
v 0.108216 -0.274368 0.080389
v 0.113071 -0.304786 0.072274
v 0.159068 -0.485786 0.003259
v 0.176702 -0.510555 0.003052
v 0.205651 -0.597800 -0.012799
v 0.215161 -0.630641 -0.017818
v 0.226158 -0.665543 -0.022905
v 0.249281 -0.735091 -0.029998
v 0.237841 -0.701493 -0.027483
v 0.294298 0.318117 -0.062189
v 0.289729 0.312126 -0.076373
v 0.274965 0.332871 -0.079233
v 0.279975 0.340461 -0.064232
v 0.201715 0.300175 -0.046855
v 0.214294 0.284336 -0.048621
v 0.217949 0.288863 -0.033684
v 0.205488 0.306048 -0.031457
v 0.227696 0.267465 -0.050696
v 0.213850 0.282234 -0.063189
v 0.228473 0.265971 -0.064508
v 0.250255 0.278473 -0.094719
v 0.234287 0.294227 -0.095912
v 0.244534 0.305358 -0.099387
v 0.261283 0.287491 -0.097598
v 0.282045 0.304799 -0.087713
v 0.272147 0.296124 -0.095224
v 0.257052 0.315102 -0.097060
v 0.267193 0.323928 -0.089792
v 0.245227 0.283888 -0.012532
v 0.232059 0.303294 -0.009873
v 0.223620 0.295359 -0.020108
v 0.236256 0.276551 -0.022488
v 0.243452 0.399032 -0.023145
v 0.235225 0.417458 -0.019724
v 0.176251 0.379311 0.007773
v 0.179957 0.378722 0.001627
v 0.184899 0.386938 0.014630
v 0.179417 0.393026 0.018175
v 0.253539 0.353612 -0.011784
v 0.263697 0.359701 -0.027452
v 0.252394 0.379999 -0.025289
v 0.242683 0.372351 -0.009462
v 0.219129 0.322027 -0.006585
v 0.206481 0.339755 -0.002076
v 0.199361 0.331250 -0.013817
v 0.211048 0.313609 -0.017477
v 0.193704 0.316945 -0.083917
v 0.208234 0.302300 -0.086964
v 0.203486 0.378132 0.010034
v 0.209818 0.364897 0.006582
v 0.160060 0.346145 0.022986
v 0.172135 0.331598 -0.032598
v 0.170934 0.322998 -0.031180
v 0.133808 0.292562 0.082086
v 0.134559 0.308224 0.085239
v 0.164945 0.304096 -0.001181
v 0.162945 0.288203 0.006949
v 0.138969 0.309396 0.078444
v 0.140537 0.298877 0.073760
v 0.093209 0.226017 0.090376
v 0.027264 0.478742 0.023408
v 0.217621 0.350108 0.002654
v 0.230764 0.361355 0.000062
v 0.191481 0.343252 -0.096387
v 0.186886 0.336002 -0.089736
v 0.179738 0.346508 -0.085210
v 0.182183 0.351921 -0.092575
v 0.128740 0.337952 -0.126029
v 0.137547 0.326062 -0.117441
v 0.125519 0.312127 -0.122506
v 0.114328 0.325770 -0.131989
v 0.229739 0.407560 -0.085825
v 0.222117 0.420394 -0.086442
v 0.228651 0.424087 -0.074938
v 0.236714 0.408565 -0.075331
v 0.234666 0.425516 -0.059465
v 0.239137 0.423601 -0.040242
v 0.247175 0.404617 -0.042175
v 0.243289 0.407500 -0.060727
v 0.182929 -0.049366 -0.021453
v 0.175241 -0.048246 -0.052368
v 0.117348 0.067650 0.084167
v 0.134667 0.074178 0.065437
v 0.096048 -0.026307 0.096600
v 0.021434 -0.169437 0.058561
v 0.036666 -0.157006 0.082951
v 0.033168 -0.236068 -0.004191
v 0.184726 -0.054031 0.008756
v 0.060671 -0.292455 -0.021786
v 0.046166 -0.263831 -0.013516
v 0.107005 -0.276568 -0.082060
v 0.092675 -0.247072 -0.081878
v 0.123752 -0.243356 -0.086805
v 0.134525 -0.271599 -0.086318
v 0.154213 -0.239895 -0.081758
v 0.162386 -0.267749 -0.080931
v 0.176572 -0.352790 0.063286
v 0.230255 -0.573480 -0.116631
v 0.260157 -0.603774 -0.109924
v 0.239709 -0.609007 -0.115456
v 0.251571 -0.566778 -0.111460
v 0.260693 -0.529449 -0.094292
v 0.269802 -0.563026 -0.097072
v 0.281157 -0.608616 -0.022920
v 0.249663 -0.645238 -0.110852
v 0.268068 -0.642031 -0.105523
v 0.277229 -0.599806 -0.096392
v 0.283026 -0.638644 -0.093950
v 0.018040 -0.186627 0.026317
v 0.000983 -0.140167 -0.086593
v 0.165586 -0.096840 0.071761
v 0.174226 -0.125522 0.069359
v 0.080817 -0.115213 0.102136
v 0.106097 -0.095000 0.099254
v 0.119366 0.143307 0.072021
v 0.101429 0.141801 0.088438
v 0.122434 0.184698 0.064058
v 0.121075 0.163321 0.067738
v 0.135470 0.166769 0.048769
v 0.136334 0.187092 0.045009
v 0.151750 0.191996 -0.002654
v 0.150420 0.173422 0.001419
v 0.148976 0.176326 -0.024564
v 0.151051 0.194521 -0.029272
v 0.142212 0.162634 -0.044448
v 0.150248 0.158826 -0.019917
v 0.080527 0.199151 -0.109687
v 0.081973 0.221255 -0.115469
v 0.100028 0.214325 -0.106754
v 0.098378 0.194013 -0.100490
v 0.032120 -0.097274 0.107169
v 0.014333 -0.171869 0.037538
v 0.094045 -0.184100 0.098953
v 0.119331 -0.145864 0.103935
v 0.149708 -0.135416 0.093620
v 0.183605 0.347194 -0.037289
v 0.160530 0.351463 -0.105337
v 0.159121 0.363079 -0.111102
v 0.256707 0.385483 -0.044569
v 0.252609 0.388937 -0.063410
v 0.197715 0.355023 0.003144
v 0.218493 0.421493 -0.000950
v 0.201345 0.419256 0.012765
v 0.208279 0.406000 0.009084
v 0.123442 -0.034004 0.082846
v 0.127135 -0.056185 0.085438
v 0.151823 -0.044094 0.068544
v 0.005256 -0.157746 -0.038023
v 0.001708 -0.151816 -0.045604
v 0.057793 -0.136968 0.098022
v 0.085143 -0.347025 -0.035191
v 0.073679 -0.320457 -0.028612
v 0.094885 -0.372156 -0.042023
v 0.104301 -0.397154 -0.049535
v 0.114558 -0.422211 -0.056971
v 0.127566 -0.447090 -0.062713
v 0.143995 -0.472654 -0.063487
v 0.155984 -0.500524 -0.069016
v 0.163725 -0.566666 -0.067148
v 0.163310 -0.530244 -0.077712
v 0.170348 -0.561978 -0.085050
v 0.178694 -0.594292 -0.089910
v 0.205382 -0.659727 -0.088877
v 0.189872 -0.626596 -0.091413
v 0.219654 -0.694010 -0.086383
v 0.231885 -0.728693 -0.084287
v 0.002800 -0.156546 -0.010510
v 0.003835 -0.157279 -0.023524
v 0.112648 0.477457 0.008237
v 0.171604 0.346633 -0.016260
v 0.174337 0.352870 -0.018733
v 0.192390 0.367578 0.007305
v 0.001524 -0.131342 -0.102474
v 0.001887 -0.118640 -0.117299
v 0.252160 0.341187 -0.093107
v 0.259828 0.352237 -0.083913
v 0.190553 0.347958 -0.010123
v 0.176643 0.369838 -0.007540
v 0.178709 0.373148 -0.013978
v 0.403558 0.148240 -0.048398
v 0.410534 0.128918 -0.048844
v 0.413774 0.131426 -0.060607
v 0.405892 0.150772 -0.061141
v 0.395834 0.143819 -0.038438
v 0.402674 0.124906 -0.040121
v 0.342084 0.115634 -0.053338
v 0.353605 0.098718 -0.058704
v 0.360694 0.103347 -0.047289
v 0.349852 0.120795 -0.042133
v 0.399741 0.101686 -0.037605
v 0.392112 0.119929 -0.035140
v 0.380618 0.114498 -0.035001
v 0.389120 0.096532 -0.038486
v 0.340172 0.114946 -0.083399
v 0.326985 0.130359 -0.078517
v 0.333192 0.135413 -0.090977
v 0.346867 0.120391 -0.094444
v 0.300817 0.190826 -0.031027
v 0.293416 0.206139 -0.026397
v 0.284903 0.197705 -0.034970
v 0.293151 0.182923 -0.040874
v 0.388555 0.188821 -0.047490
v 0.396159 0.168256 -0.047836
v 0.397394 0.170655 -0.061575
v 0.387867 0.190677 -0.062157
v 0.354926 0.172173 -0.025401
v 0.345825 0.193902 -0.024830
v 0.331291 0.186746 -0.026054
v 0.340376 0.165367 -0.027625
v 0.377036 0.210200 -0.063119
v 0.380362 0.210389 -0.048648
v 0.372291 0.132906 -0.031103
v 0.363736 0.151915 -0.027626
v 0.350197 0.145681 -0.030636
v 0.360088 0.127075 -0.034928
v 0.366836 0.084817 -0.088996
v 0.353465 0.099865 -0.086767
v 0.360533 0.105361 -0.096495
v 0.374019 0.090229 -0.097364
v 0.379667 0.091517 -0.043728
v 0.369942 0.109056 -0.039514
v 0.371441 0.086499 -0.052075
v 0.415387 0.111242 -0.083794
v 0.405149 0.129696 -0.086470
v 0.411387 0.131702 -0.073619
v 0.420424 0.112993 -0.071939
v 0.319794 0.151810 -0.042115
v 0.330595 0.133163 -0.047449
v 0.339082 0.139086 -0.037147
v 0.328697 0.158343 -0.033080
v 0.381473 0.184487 -0.035250
v 0.388708 0.163648 -0.036656
v 0.394194 0.148155 -0.088490
v 0.382321 0.166293 -0.089799
v 0.391907 0.169774 -0.076063
v 0.402098 0.150754 -0.074919
v 0.355949 0.176141 -0.097510
v 0.369268 0.159722 -0.098300
v 0.355485 0.151563 -0.100177
v 0.341694 0.167128 -0.098065
v 0.303391 0.165290 -0.048636
v 0.310017 0.171732 -0.036789
v 0.314156 0.146183 -0.072455
v 0.301449 0.162519 -0.065149
v 0.306072 0.165840 -0.080214
v 0.319791 0.150582 -0.086227
v 0.344646 0.238799 -0.029226
v 0.352429 0.222564 -0.027709
v 0.364756 0.228052 -0.036618
v 0.355824 0.244559 -0.038926
v 0.369919 0.230553 -0.050581
v 0.359499 0.246999 -0.053435
v 0.334458 0.264316 -0.070238
v 0.343097 0.255200 -0.069005
v 0.330388 0.249319 -0.076252
v 0.322889 0.258816 -0.078431
v 0.326824 0.204608 -0.095741
v 0.341624 0.191304 -0.096853
v 0.326875 0.181739 -0.095288
v 0.311944 0.195466 -0.091860
v 0.288113 0.199146 -0.080107
v 0.300453 0.187132 -0.084917
v 0.292733 0.180098 -0.073627
v 0.281504 0.192374 -0.067402
v 0.253088 0.237125 -0.068641
v 0.261222 0.226125 -0.070191
v 0.257812 0.223856 -0.056296
v 0.250482 0.235894 -0.055097
v 0.265660 0.232179 -0.027905
v 0.275669 0.239231 -0.019087
v 0.267757 0.251068 -0.017264
v 0.258223 0.244053 -0.026648
v 0.318024 0.281083 -0.030993
v 0.325952 0.270090 -0.030776
v 0.333180 0.275279 -0.044455
v 0.323473 0.285216 -0.046240
v 0.314316 0.215703 -0.094252
v 0.297701 0.208685 -0.088302
v 0.271893 0.221419 -0.029380
v 0.277984 0.210344 -0.031755
v 0.287383 0.218873 -0.023404
v 0.281579 0.229143 -0.020887
v 0.305403 0.246664 -0.020895
v 0.310897 0.235691 -0.023528
v 0.324193 0.243286 -0.025537
v 0.319068 0.253368 -0.024110
v 0.332065 0.260935 -0.030407
v 0.338031 0.250684 -0.029927
v 0.348203 0.256514 -0.040772
v 0.340831 0.266590 -0.042543
v 0.306988 0.223960 -0.093489
v 0.299344 0.230413 -0.093675
v 0.309249 0.238665 -0.090525
v 0.317391 0.232216 -0.090758
v 0.272392 0.202958 -0.062021
v 0.277959 0.208599 -0.075392
v 0.316589 0.224146 -0.025633
v 0.299032 0.227870 -0.021014
v 0.304620 0.215120 -0.023909
v 0.350183 0.258645 -0.055447
v 0.258617 0.240118 -0.079265
v 0.248070 0.251028 -0.077875
v 0.254898 0.255618 -0.087226
v 0.265497 0.244507 -0.088020
v 0.243173 0.248702 -0.066503
v 0.241299 0.248967 -0.053063
v 0.258118 0.265376 -0.015060
v 0.249043 0.258204 -0.024710
v 0.269701 0.273957 -0.010467
v 0.279978 0.259285 -0.013294
v 0.291942 0.268018 -0.014581
v 0.281559 0.283239 -0.010986
v 0.304575 0.298391 -0.030034
v 0.309601 0.301040 -0.046003
v 0.321582 0.284393 -0.060805
v 0.308346 0.298447 -0.061476
v 0.259750 0.226394 -0.041039
v 0.265972 0.215283 -0.042801
v 0.382356 0.142799 -0.097784
v 0.394622 0.125273 -0.096164
v 0.382040 0.119165 -0.100477
v 0.369009 0.135605 -0.100877
v 0.370396 0.112286 -0.100845
v 0.383696 0.096551 -0.100275
v 0.377473 0.158048 -0.029553
v 0.384960 0.138564 -0.032243
v 0.409754 0.106467 -0.041023
v 0.330038 0.231624 -0.026406
v 0.337089 0.215655 -0.025897
v 0.312047 0.252836 -0.085069
v 0.305075 0.260351 -0.088100
v 0.315167 0.266876 -0.080649
v 0.328145 0.225817 -0.090280
v 0.337606 0.237061 -0.077306
v 0.353889 0.222822 -0.076849
v 0.342176 0.214964 -0.090076
v 0.291386 0.236701 -0.093637
v 0.283625 0.243480 -0.093916
v 0.294639 0.252047 -0.093596
v 0.302017 0.245034 -0.091657
v 0.305547 0.275369 -0.020326
v 0.313100 0.263261 -0.022743
v 0.295700 0.287088 -0.085634
v 0.303479 0.292767 -0.074887
v 0.315344 0.280449 -0.072973
v 0.306570 0.275439 -0.082805
v 0.325291 0.272101 -0.071625
v 0.285858 0.279901 -0.093439
v 0.296801 0.268625 -0.090958
v 0.294143 0.292092 -0.017222
v 0.274885 0.252221 -0.094216
v 0.264207 0.263205 -0.094339
v 0.275327 0.271718 -0.096495
v 0.286043 0.260445 -0.095123
v 0.356953 0.127894 -0.100036
v 0.343232 0.143156 -0.097882
v 0.280129 0.191695 -0.050112
v 0.289409 0.178008 -0.056970
v 0.272386 0.203886 -0.045493
v 0.338111 0.112998 -0.068282
v 0.350693 0.097175 -0.073191
v 0.314124 0.146959 -0.055707
v 0.325965 0.129574 -0.062299
v 0.369712 0.183888 -0.090083
v 0.275221 0.222738 -0.081684
v 0.283982 0.215666 -0.084446
v 0.268964 0.217065 -0.072346
v 0.243187 0.252912 -0.037916
v 0.252361 0.238500 -0.040010
v 0.297312 0.218908 -0.091531
v 0.230375 0.271091 -0.035825
v 0.352541 0.243733 -0.067585
v 0.332232 0.275474 -0.059073
v 0.341477 0.267590 -0.057239
v 0.421744 0.112780 -0.059588
v 0.369270 0.178593 -0.027453
v 0.323289 0.208203 -0.026046
v 0.311095 0.199324 -0.026767
v 0.267288 0.230703 -0.080352
v 0.273929 0.235881 -0.088671
v 0.281667 0.229152 -0.089219
v 0.287771 0.247799 -0.015789
v 0.299605 0.256493 -0.017908
v 0.363504 0.081953 -0.076804
v 0.293872 0.237494 -0.018293
v 0.364745 0.228478 -0.064771
v 0.019368 0.439283 -0.128041
v 0.002005 0.423770 -0.128510
v 0.002006 0.437385 -0.125975
v 0.158660 0.272265 0.014793
v 0.122298 0.244968 0.063280
v 0.136058 0.248549 0.046853
v 0.168999 0.338807 -0.014265
v 0.167376 0.329139 -0.011824
v 0.178864 0.366881 -0.029450
v 0.176799 0.361569 -0.024110
v 0.160013 0.311826 0.019229
v 0.080935 0.669929 -0.035246
v 0.078353 0.662865 -0.038355
v 0.083358 0.683368 -0.034973
v 0.009109 0.099361 0.135982
v -0.003688 0.073222 0.136987
v -0.003591 0.060390 0.138200
v 0.080458 0.653564 -0.020581
v 0.078544 0.647446 -0.025201
v 0.082505 0.650494 -0.022378
v 0.080450 0.655592 -0.018540
v 0.080095 0.654556 -0.018870
v 0.083521 0.686011 -0.024493
v 0.076547 0.654207 -0.038719
v 0.074274 0.644742 -0.037520
v 0.081608 0.672366 -0.019765
v 0.051115 0.093074 -0.106198
v 0.055947 0.075141 -0.111658
v 0.030073 0.074597 -0.112719
v 0.027016 0.092236 -0.106027
v 0.002709 0.059929 -0.120146
v 0.001681 0.076016 -0.112356
v 0.033761 0.056393 -0.121275
v 0.148693 0.024020 -0.090582
v 0.145271 0.045701 -0.086807
v 0.160242 0.047690 -0.063637
v 0.164018 0.026922 -0.065834
v 0.165319 0.064270 -0.036471
v 0.170110 0.047567 -0.036360
v 0.155115 0.065668 -0.061907
v 0.168938 0.060630 -0.007727
v 0.173184 0.043559 -0.007455
v 0.165258 0.054225 0.020152
v 0.169416 0.035863 0.020221
v 0.159577 0.026941 0.045004
v 0.143062 0.017844 0.067076
v 0.121902 -0.012701 0.083160
v 0.121109 0.007702 0.084850
v 0.097699 -0.002336 0.099041
v 0.073304 -0.011386 0.110226
v 0.051343 -0.017578 0.118773
v 0.032321 -0.021464 0.124261
v 0.014967 -0.023385 0.127148
v -0.000632 -0.024757 0.127065
v 0.000269 -0.049934 0.122163
v 0.108773 0.456807 0.024536
v 0.088881 0.518762 -0.085769
v 0.107418 0.520990 -0.062363
v 0.099212 0.515246 -0.085498
v 0.119461 0.460454 -0.122657
v 0.099737 0.453123 -0.130884
v 0.101436 0.471177 -0.123022
v 0.121606 0.480094 -0.111670
v 0.078682 0.509044 -0.100724
v 0.072874 0.511699 -0.099245
v 0.085670 0.504870 -0.103505
v 0.069857 0.494265 -0.114275
v 0.052007 0.486317 -0.118780
v 0.156290 0.513191 -0.055977
v 0.172012 0.507797 -0.051247
v 0.166944 0.496954 -0.074128
v 0.154149 0.500772 -0.079412
v 0.148968 0.450289 -0.116931
v 0.160736 0.451474 -0.112695
v 0.159223 0.436007 -0.118425
v 0.147153 0.433315 -0.122285
v 0.210928 0.472211 -0.039518
v 0.221511 0.456694 -0.038418
v 0.216400 0.456865 -0.059509
v 0.205481 0.470633 -0.061275
v 0.161586 0.466884 -0.102984
v 0.087003 0.333163 -0.141840
v 0.105303 0.341682 -0.138259
v 0.120946 0.350636 -0.132755
v 0.158309 0.375951 -0.115747
v 0.150757 0.354585 -0.116260
v 0.148696 0.368580 -0.120640
v 0.166541 0.382919 -0.111695
v 0.171200 0.385930 -0.106572
v 0.193329 0.432673 0.015557
v 0.185035 0.411661 0.022371
v 0.192249 0.401825 0.017985
v 0.178402 0.381546 -0.097948
v 0.177133 0.375665 -0.095191
v 0.173551 0.376717 -0.095008
v 0.174254 0.383112 -0.098154
v 0.140628 0.515956 -0.060142
v 0.210461 0.451864 -0.075759
v 0.204421 0.443838 -0.088791
v 0.194160 0.453350 -0.090166
v 0.199608 0.463163 -0.077444
v 0.199304 0.436147 -0.098061
v 0.194575 0.427190 -0.103972
v 0.186201 0.432759 -0.106630
v 0.190138 0.443520 -0.100313
v 0.180542 0.387902 -0.101034
v 0.175066 0.390606 -0.101637
v 0.227991 0.433927 -0.017770
v 0.186733 0.496594 -0.019392
v 0.172726 0.507562 -0.023271
v 0.168627 0.493657 0.001082
v 0.181029 0.482105 0.002465
v 0.182363 0.360198 -0.033568
v 0.182237 0.354358 -0.047206
v 0.180260 0.350847 -0.060889
v 0.174457 0.362634 -0.085499
v 0.179238 0.350063 -0.072561
v 0.187992 0.377656 0.010909
v 0.197972 0.390562 0.013933
v 0.162516 0.470258 0.014901
v 0.173017 0.459352 0.015838
v 0.230861 0.440733 -0.039054
v 0.226015 0.441686 -0.059338
v 0.186692 0.363686 -0.099347
v 0.181139 0.368937 -0.096598
v 0.183201 0.374820 -0.099451
v 0.170619 0.357648 -0.092397
v 0.172906 0.370027 -0.091013
v 0.186438 0.498717 -0.046110
v 0.213358 0.432449 -0.087990
v 0.219633 0.438710 -0.075419
v 0.180886 0.448232 -0.103532
v 0.171258 0.450781 -0.107928
v 0.172853 0.464515 -0.097764
v 0.183534 0.460125 -0.093429
v 0.198316 0.408262 -0.105342
v 0.203280 0.418545 -0.102060
v 0.169419 0.436801 -0.114477
v 0.178140 0.435771 -0.110514
v 0.186109 0.381433 -0.102340
v 0.152239 0.478420 0.013312
v 0.136625 0.457376 0.022616
v 0.148159 0.454073 0.022884
v 0.157695 0.446235 0.023988
v 0.167959 0.435594 0.024711
v 0.177095 0.422475 0.024665
v 0.123924 0.457250 0.023037
v 0.289922 0.223093 -0.090547
v 0.184515 0.357660 -0.097005
v 0.194150 0.357992 -0.101547
v 0.193316 0.350922 -0.099665
v 0.240753 0.332879 -0.099272
v 0.006562 0.596247 0.094586
v 0.006853 0.590650 0.091831
v 0.004923 0.620279 0.094886
v 0.005146 0.616609 0.095752
v 0.318850 0.244930 -0.082975
v 0.324633 0.238372 -0.083143
v 0.356484 0.200514 -0.089808
v 0.368324 0.206752 -0.076821
v 0.380657 0.188786 -0.076727
v 0.373939 0.206540 -0.034845
v 0.361177 0.200814 -0.026629
v 0.319245 0.178896 -0.029675
v 0.314994 0.173080 -0.089957
v 0.432683 0.074228 -0.046514
v 0.439738 0.055840 -0.045539
v 0.446044 0.058715 -0.054105
v 0.437704 0.076783 -0.056382
v 0.446656 0.038033 -0.043328
v 0.430968 0.051724 -0.041729
v 0.437230 0.034078 -0.041647
v 0.421805 0.047793 -0.042692
v 0.428596 0.030878 -0.043907
v 0.421283 0.028275 -0.049431
v 0.413639 0.044240 -0.047368
v 0.407707 0.040822 -0.054677
v 0.416057 0.025397 -0.057367
v 0.392817 0.053899 -0.060294
v 0.388905 0.051638 -0.070693
v 0.401001 0.036635 -0.073488
v 0.403434 0.038038 -0.063654
v 0.417930 0.026551 -0.091975
v 0.405788 0.040173 -0.092173
v 0.413261 0.044762 -0.096580
v 0.424890 0.030610 -0.095605
v 0.420214 0.070080 -0.095234
v 0.432440 0.054192 -0.093809
v 0.422707 0.049396 -0.096541
v 0.409818 0.065207 -0.098089
v 0.443654 0.039865 -0.093603
v 0.440097 0.057000 -0.086812
v 0.450927 0.042806 -0.085754
v 0.417014 0.088278 -0.041192
v 0.425327 0.092474 -0.047883
v 0.417656 0.110482 -0.048807
v 0.405399 0.061071 -0.044408
v 0.414191 0.065456 -0.040783
v 0.406981 0.083468 -0.039359
v 0.397219 0.078645 -0.041612
v 0.365202 0.082628 -0.063441
v 0.377154 0.067022 -0.067329
v 0.382069 0.070107 -0.056462
v 0.398447 0.057374 -0.051419
v 0.389011 0.074270 -0.047791
v 0.388633 0.051858 -0.081889
v 0.401474 0.037296 -0.083626
v 0.438170 0.077004 -0.067688
v 0.447311 0.059458 -0.065371
v 0.444983 0.058583 -0.076565
v 0.435056 0.075690 -0.078568
v 0.376253 0.066923 -0.079484
v 0.429284 0.094799 -0.069840
v 0.425417 0.093226 -0.081178
v 0.429115 0.073472 -0.088537
v 0.417900 0.090341 -0.091098
v 0.456268 0.043532 -0.063148
v 0.454007 0.041586 -0.051518
v 0.429823 0.094817 -0.058170
v 0.392782 0.054900 -0.091657
v 0.379916 0.069915 -0.090421
v 0.387214 0.075042 -0.097508
v 0.400307 0.059930 -0.097495
v 0.394826 0.102593 -0.098905
v 0.407427 0.086046 -0.096863
v 0.396746 0.080807 -0.099181
v 0.433807 0.034943 -0.096142
v 0.406383 0.107583 -0.093655
v 0.462180 -0.046194 -0.055623
v 0.463806 -0.051204 -0.046530
v 0.455312 -0.046018 -0.044563
v 0.454087 -0.040293 -0.054365
v 0.436754 -0.033463 -0.037277
v 0.442438 -0.039911 -0.027786
v 0.441809 -0.031930 -0.021371
v 0.435391 -0.024228 -0.029778
v 0.467246 -0.053392 -0.038047
v 0.457972 -0.049459 -0.036247
v 0.470873 -0.049556 -0.031869
v 0.475947 -0.056600 -0.039193
v 0.481662 -0.052241 -0.035226
v 0.489083 -0.056897 -0.037053
v 0.495656 -0.050606 -0.040434
v 0.487840 -0.041646 -0.036405
v 0.493269 -0.029929 -0.060668
v 0.499345 -0.043139 -0.060995
v 0.498385 -0.040495 -0.071801
v 0.491477 -0.027547 -0.071060
v 0.488467 -0.035906 -0.089659
v 0.482606 -0.023663 -0.087353
v 0.487328 -0.025772 -0.079254
v 0.493926 -0.039096 -0.080730
v 0.460883 -0.039344 -0.070000
v 0.461423 -0.041417 -0.064141
v 0.454066 -0.034978 -0.063923
v 0.453559 -0.032327 -0.070244
v 0.471889 -0.045470 -0.021059
v 0.469744 -0.048785 -0.022970
v 0.476494 -0.044588 -0.029848
v 0.476300 -0.037794 -0.028071
v 0.432439 -0.015405 -0.081363
v 0.432716 -0.014818 -0.073884
v 0.428377 -0.004837 -0.070964
v 0.427670 -0.004532 -0.079459
v 0.429064 -0.010491 -0.044767
v 0.436987 -0.000700 -0.037021
v 0.434755 0.005614 -0.042001
v 0.429150 -0.004171 -0.051809
v 0.431157 -0.016986 -0.037684
v 0.442855 -0.015919 -0.025366
v 0.438988 -0.007606 -0.031333
v 0.448339 -0.025354 -0.017989
v 0.428677 -0.001288 -0.089618
v 0.431747 -0.009577 -0.093178
v 0.507693 -0.103153 -0.041852
v 0.505060 -0.098141 -0.041515
v 0.503991 -0.099563 -0.046729
v 0.506986 -0.104483 -0.046971
v 0.446241 0.002289 -0.100791
v 0.441317 0.007074 -0.098930
v 0.450024 0.011166 -0.097707
v 0.454996 0.005996 -0.097703
v 0.452029 -0.004447 -0.103247
v 0.461010 -0.001209 -0.098301
v 0.520639 -0.098156 -0.040646
v 0.518434 -0.092445 -0.041185
v 0.513963 -0.093947 -0.038753
v 0.515932 -0.099589 -0.038512
v 0.468921 -0.052745 -0.055394
v 0.470795 -0.056883 -0.046755
v 0.482257 -0.070871 -0.049585
v 0.483311 -0.068681 -0.043572
v 0.477202 -0.062841 -0.045222
v 0.475594 -0.061413 -0.054452
v 0.472646 -0.053969 -0.073743
v 0.474781 -0.057949 -0.066825
v 0.468949 -0.049068 -0.066665
v 0.466824 -0.045502 -0.073801
v 0.462233 -0.044107 -0.084862
v 0.460191 -0.044996 -0.090600
v 0.465615 -0.051725 -0.091690
v 0.468403 -0.051868 -0.085409
v 0.481449 -0.067987 -0.080950
v 0.480278 -0.066935 -0.086159
v 0.487779 -0.072929 -0.086629
v 0.488675 -0.074340 -0.081890
v 0.437144 0.012072 -0.097622
v 0.445935 0.016903 -0.097594
v 0.476336 -0.032279 -0.105718
v 0.480320 -0.040682 -0.109043
v 0.471607 -0.041244 -0.114979
v 0.467386 -0.032623 -0.111495
v 0.462954 0.007299 -0.090963
v 0.458712 0.013438 -0.091568
v 0.523357 -0.097952 -0.045542
v 0.521262 -0.092124 -0.046065
v 0.458117 -0.021710 -0.019073
v 0.453746 -0.011000 -0.027066
v 0.450085 -0.002002 -0.033373
v 0.447698 0.004916 -0.037451
v 0.445797 0.011380 -0.039323
v 0.478647 -0.065438 -0.059340
v 0.466498 -0.047362 -0.062527
v 0.459738 -0.037865 -0.074187
v 0.449535 -0.037428 -0.101500
v 0.452077 -0.039258 -0.094496
v 0.447055 -0.034131 -0.091849
v 0.444517 -0.030710 -0.101190
v 0.459217 -0.036527 -0.112438
v 0.463992 -0.044805 -0.114730
v 0.460582 -0.048693 -0.110059
v 0.455493 -0.041503 -0.108348
v 0.473263 -0.042007 -0.017234
v 0.473645 -0.032435 -0.024023
v 0.437835 -0.003219 -0.099463
v 0.433810 0.002586 -0.096020
v 0.430682 0.008741 -0.093572
v 0.442665 -0.023596 -0.072697
v 0.443455 -0.025228 -0.068639
v 0.432416 -0.016685 -0.063393
v 0.432807 -0.014681 -0.069179
v 0.443250 -0.034979 -0.052433
v 0.445421 -0.041195 -0.042174
v 0.433332 -0.026661 -0.047466
v 0.428556 -0.004591 -0.063167
v 0.426692 0.004323 -0.060434
v 0.425922 0.003927 -0.069345
v 0.425529 0.004173 -0.078414
v 0.426633 0.005855 -0.087313
v 0.422827 0.013199 -0.059270
v 0.421374 0.012240 -0.068166
v 0.421155 0.012311 -0.077696
v 0.422788 0.013547 -0.086204
v 0.450631 0.029186 -0.092892
v 0.454754 0.020576 -0.092261
v 0.441287 0.024579 -0.097366
v 0.433215 0.016523 -0.043448
v 0.426903 0.014948 -0.050765
v 0.429428 0.005257 -0.051041
v 0.442794 0.020005 -0.040785
v 0.447464 -0.044181 -0.020900
v 0.453163 -0.048129 -0.026173
v 0.455942 -0.051883 -0.020424
v 0.451545 -0.048846 -0.015404
v 0.482635 -0.060622 -0.039387
v 0.488250 -0.065985 -0.039513
v 0.494715 -0.062769 -0.038428
v 0.435945 -0.017073 -0.097135
v 0.436949 -0.021961 -0.086808
v 0.483830 -0.072733 -0.055168
v 0.515333 -0.085877 -0.041648
v 0.509430 -0.075021 -0.041922
v 0.503817 -0.076975 -0.039284
v 0.510642 -0.087710 -0.038956
v 0.492510 -0.078074 -0.058650
v 0.498308 -0.083567 -0.057096
v 0.493870 -0.083555 -0.052695
v 0.488995 -0.077327 -0.053425
v 0.477825 -0.065775 -0.092460
v 0.483955 -0.070671 -0.092764
v 0.502472 -0.058050 -0.061597
v 0.499950 -0.044944 -0.049745
v 0.504492 -0.056024 -0.050519
v 0.470580 -0.052391 -0.079897
v 0.474132 -0.059802 -0.085837
v 0.475747 -0.060515 -0.080465
v 0.480892 -0.068123 -0.061867
v 0.478991 -0.064725 -0.066756
v 0.484077 -0.070844 -0.065750
v 0.485244 -0.073120 -0.059945
v 0.452017 -0.027755 -0.109860
v 0.462674 -0.022519 -0.108508
v 0.508989 -0.095977 -0.038776
v 0.511261 -0.101316 -0.039009
v 0.432571 0.019568 -0.096389
v 0.426353 0.015855 -0.092506
v 0.464624 -0.044163 -0.079264
v 0.492650 -0.033661 -0.048937
v 0.457638 -0.036885 -0.078604
v 0.490563 -0.055065 -0.099466
v 0.495116 -0.061437 -0.100340
v 0.489266 -0.064545 -0.101740
v 0.484701 -0.058600 -0.102704
v 0.506162 -0.092572 -0.056036
v 0.510851 -0.098203 -0.055508
v 0.506468 -0.099558 -0.051972
v 0.501614 -0.093662 -0.052011
v 0.487507 -0.075733 -0.048347
v 0.492170 -0.082731 -0.047514
v 0.493562 -0.081039 -0.042534
v 0.488437 -0.073746 -0.043050
v 0.492991 -0.071503 -0.039964
v 0.498215 -0.078963 -0.039821
v 0.512470 -0.090093 -0.056885
v 0.505361 -0.081196 -0.057850
v 0.510786 -0.076537 -0.054413
v 0.517192 -0.086929 -0.052911
v 0.476920 -0.011665 -0.085161
v 0.477418 -0.022466 -0.095769
v 0.472143 -0.010894 -0.093113
v 0.493760 -0.047331 -0.091712
v 0.485527 -0.046128 -0.100259
v 0.482477 -0.034074 -0.098281
v 0.471664 -0.021732 -0.102505
v 0.499445 -0.071678 -0.064381
v 0.503828 -0.067428 -0.065921
v 0.504268 -0.068567 -0.057645
v 0.454275 -0.036588 -0.084842
v 0.505408 -0.089683 -0.039141
v 0.466376 0.010988 -0.048449
v 0.469402 0.003218 -0.047611
v 0.474978 0.005014 -0.060857
v 0.470706 0.013448 -0.059900
v 0.499704 -0.093344 -0.046751
v 0.500897 -0.092109 -0.041653
v 0.477255 -0.065223 -0.098928
v 0.479864 -0.065175 -0.103756
v 0.484731 -0.068248 -0.102154
v 0.483151 -0.069213 -0.098099
v 0.466683 -0.010743 -0.099859
v 0.482887 -0.046677 -0.112138
v 0.474756 -0.048496 -0.117679
v 0.467325 -0.000530 -0.091391
v 0.468626 0.007530 -0.081854
v 0.472266 -0.000737 -0.083239
v 0.498931 -0.054278 -0.081585
v 0.481063 -0.013286 -0.077767
v 0.476096 -0.001807 -0.075827
v 0.472229 0.007406 -0.072959
v 0.469166 0.014679 -0.071862
v 0.465311 0.014478 -0.081712
v 0.518219 -0.085358 -0.046842
v 0.520610 -0.093391 -0.052028
v 0.457180 0.031496 -0.083541
v 0.461423 0.022244 -0.082215
v 0.460681 0.031778 -0.073004
v 0.465474 0.022517 -0.072074
v 0.480042 -0.005855 -0.058384
v 0.479020 -0.003740 -0.067395
v 0.486471 -0.017725 -0.060013
v 0.484725 -0.015039 -0.069781
v 0.503827 -0.053066 -0.072224
v 0.523570 -0.108803 -0.053627
v 0.519318 -0.110603 -0.054763
v 0.514526 -0.103533 -0.055307
v 0.519555 -0.101608 -0.054529
v 0.516322 -0.095965 -0.055609
v 0.523150 -0.099151 -0.051162
v 0.484906 -0.022051 -0.048167
v 0.490509 -0.075888 -0.065128
v 0.474791 -0.010034 -0.044586
v 0.475398 -0.021923 -0.032348
v 0.482953 -0.029539 -0.035858
v 0.464544 -0.008525 -0.032460
v 0.460833 0.001462 -0.037871
v 0.455498 0.014905 -0.041712
v 0.457789 0.008729 -0.040829
v 0.451998 0.023692 -0.042285
v 0.467302 -0.019691 -0.024462
v 0.510817 -0.111106 -0.047917
v 0.511016 -0.110168 -0.042500
v 0.463303 0.017863 -0.048821
v 0.459562 0.027516 -0.049744
v 0.449278 -0.045967 -0.033201
v 0.450344 -0.030170 -0.077425
v 0.447027 -0.029885 -0.082142
v 0.442111 -0.028592 -0.089518
v 0.440264 -0.024337 -0.099774
v 0.462792 0.030858 -0.061116
v 0.413375 0.023300 -0.066296
v 0.412678 0.022942 -0.075950
v 0.454428 0.043500 -0.074730
v 0.514229 -0.108695 -0.039459
v 0.495221 -0.072328 -0.085750
v 0.495474 -0.073928 -0.083835
v 0.446773 -0.038014 -0.015608
v 0.451798 -0.044313 -0.010760
v 0.464589 -0.039800 -0.008094
v 0.461317 -0.030677 -0.012637
v 0.452422 -0.033088 -0.012161
v 0.456850 -0.041352 -0.008090
v 0.441561 -0.023358 -0.075839
v 0.440005 -0.023215 -0.080394
v 0.457543 -0.012844 -0.105834
v 0.447253 -0.018153 -0.107251
v 0.498964 -0.069009 -0.039404
v 0.504415 -0.066544 -0.042676
v 0.500960 -0.058930 -0.042154
v 0.512296 -0.074117 -0.048080
v 0.499642 -0.075744 -0.059620
v 0.496420 -0.075460 -0.063584
v 0.443372 -0.029161 -0.061891
v 0.432300 -0.021092 -0.056335
v 0.463689 -0.051316 -0.024248
v 0.460664 -0.049658 -0.029597
v 0.477135 -0.061849 -0.073704
v 0.505089 -0.064876 -0.079537
v 0.507800 -0.063078 -0.072350
v 0.482291 -0.068587 -0.073537
v 0.518786 -0.107455 -0.038761
v 0.523531 -0.106030 -0.040636
v 0.507634 -0.065034 -0.049648
v 0.471480 -0.059177 -0.092351
v 0.500903 -0.069761 -0.082631
v 0.499229 -0.062767 -0.085720
v 0.467729 -0.050731 -0.116149
v 0.467132 0.020828 -0.059982
v 0.509534 -0.104556 -0.052403
v 0.513642 -0.111285 -0.052881
v 0.526008 -0.106645 -0.050577
v 0.526208 -0.105284 -0.045520
v 0.442578 -0.010048 -0.103730
v 0.452449 -0.030827 -0.073908
v 0.414114 0.024042 -0.084825
v 0.469300 -0.029545 -0.017327
v 0.471229 -0.039610 -0.011758
v 0.487997 -0.074247 -0.073772
v 0.484930 -0.051732 -0.105707
v 0.502103 -0.065495 -0.088572
v 0.501307 -0.060971 -0.094797
v 0.497809 -0.055100 -0.093456
v 0.499683 -0.070717 -0.087008
v 0.529183 -0.111651 -0.045465
v 0.528935 -0.112781 -0.050372
v 0.526620 -0.112615 -0.040591
v 0.521579 -0.113460 -0.039156
v 0.517036 -0.114031 -0.039946
v 0.526569 -0.114605 -0.053344
v 0.522461 -0.115930 -0.054335
v 0.516864 -0.116074 -0.052617
v 0.528862 -0.119771 -0.053417
v 0.531726 -0.119076 -0.050354
v 0.531074 -0.125133 -0.040243
v 0.533645 -0.125386 -0.042294
v 0.532398 -0.121903 -0.042557
v 0.530136 -0.119360 -0.040731
v 0.532591 -0.129918 -0.041080
v 0.535502 -0.129663 -0.042768
v 0.535262 -0.124825 -0.045850
v 0.533171 -0.120799 -0.045425
v 0.537470 -0.129329 -0.046404
v 0.536638 -0.129402 -0.050175
v 0.534375 -0.125142 -0.049503
v 0.532989 -0.121577 -0.048488
v 0.531769 -0.117269 -0.045384
v 0.534462 -0.133730 -0.043125
v 0.536415 -0.135414 -0.047364
v 0.538706 -0.133282 -0.046870
v 0.536773 -0.132623 -0.043590
v 0.524464 -0.119058 -0.039493
v 0.527014 -0.125285 -0.040260
v 0.529022 -0.130554 -0.041526
v 0.531195 -0.134354 -0.043940
v 0.523477 -0.126405 -0.041505
v 0.526367 -0.131390 -0.043228
v 0.528479 -0.134290 -0.045442
v 0.521283 -0.127548 -0.044463
v 0.525035 -0.132061 -0.045815
v 0.519846 -0.119301 -0.040446
v 0.516792 -0.120012 -0.043353
v 0.527118 -0.133850 -0.046793
v 0.533267 -0.135787 -0.048176
v 0.533019 -0.124884 -0.052171
v 0.534820 -0.129805 -0.052603
v 0.530760 -0.125425 -0.053858
v 0.532598 -0.130417 -0.053781
v 0.538202 -0.132500 -0.050306
v 0.536462 -0.133718 -0.051666
v 0.513804 -0.114943 -0.042967
v 0.513924 -0.115656 -0.048341
v 0.516749 -0.120648 -0.048396
v 0.521014 -0.128011 -0.049289
v 0.519761 -0.120864 -0.052589
v 0.525001 -0.120957 -0.054324
v 0.527815 -0.126425 -0.054309
v 0.523776 -0.127297 -0.053154
v 0.529729 -0.131063 -0.053768
v 0.526920 -0.131753 -0.052581
v 0.525226 -0.132294 -0.049493
v 0.530694 -0.134080 -0.052187
v 0.533602 -0.134121 -0.052305
v 0.530234 -0.135116 -0.048874
v 0.527840 -0.134114 -0.049308
v 0.528568 -0.133695 -0.051563
v 0.513049 -0.107673 -0.074779
v 0.509555 -0.101096 -0.073293
v 0.508559 -0.101252 -0.078105
v 0.512345 -0.107844 -0.079750
v 0.524481 -0.101149 -0.071579
v 0.521757 -0.094717 -0.070835
v 0.516904 -0.097530 -0.069323
v 0.519523 -0.104126 -0.070467
v 0.526770 -0.099188 -0.077139
v 0.524242 -0.092674 -0.076472
v 0.518025 -0.087399 -0.069661
v 0.509925 -0.075972 -0.067886
v 0.504611 -0.079312 -0.066847
v 0.512989 -0.090446 -0.068240
v 0.500069 -0.080675 -0.083897
v 0.496073 -0.081360 -0.080464
v 0.512648 -0.099701 -0.070709
v 0.515566 -0.106445 -0.071802
v 0.508290 -0.091960 -0.085200
v 0.513373 -0.099128 -0.086385
v 0.509928 -0.100646 -0.082996
v 0.504710 -0.093488 -0.081744
v 0.494866 -0.081786 -0.074507
v 0.496084 -0.082327 -0.068667
v 0.500021 -0.081477 -0.066669
v 0.513575 -0.089450 -0.085685
v 0.506282 -0.078078 -0.084013
v 0.511458 -0.074573 -0.080445
v 0.518437 -0.086769 -0.082179
v 0.508236 -0.092687 -0.069014
v 0.503476 -0.093922 -0.076378
v 0.504597 -0.094038 -0.071381
v 0.520537 -0.085295 -0.075575
v 0.522134 -0.094093 -0.083025
v 0.526645 -0.111256 -0.087459
v 0.522840 -0.113760 -0.088496
v 0.517364 -0.105486 -0.087606
v 0.521705 -0.103131 -0.087024
v 0.517898 -0.096866 -0.086345
v 0.525261 -0.100399 -0.083354
v 0.517788 -0.117114 -0.081984
v 0.517983 -0.116863 -0.076777
v 0.520157 -0.115762 -0.073582
v 0.513882 -0.073012 -0.073675
v 0.523633 -0.113398 -0.072387
v 0.528335 -0.110152 -0.073082
v 0.513805 -0.107193 -0.084609
v 0.519147 -0.115901 -0.086367
v 0.529450 -0.108851 -0.084030
v 0.530678 -0.107684 -0.078255
v 0.533994 -0.115267 -0.079615
v 0.532766 -0.115990 -0.084901
v 0.532098 -0.117478 -0.074542
v 0.527255 -0.119814 -0.073657
v 0.523643 -0.121335 -0.074865
v 0.530449 -0.117765 -0.087825
v 0.526918 -0.119567 -0.088863
v 0.522864 -0.121098 -0.087085
v 0.533915 -0.123978 -0.088690
v 0.536807 -0.123363 -0.086210
v 0.540203 -0.135890 -0.078608
v 0.543048 -0.134848 -0.080048
v 0.540385 -0.130401 -0.079140
v 0.538013 -0.130660 -0.076966
v 0.538980 -0.126881 -0.078943
v 0.536398 -0.124676 -0.076442
v 0.542004 -0.128887 -0.082527
v 0.539248 -0.125816 -0.081907
v 0.545219 -0.134009 -0.083862
v 0.543857 -0.133767 -0.087460
v 0.540429 -0.129195 -0.085925
v 0.538594 -0.126036 -0.084880
v 0.543001 -0.139823 -0.081109
v 0.545123 -0.138156 -0.081173
v 0.537406 -0.121842 -0.081090
v 0.530821 -0.125147 -0.075167
v 0.534151 -0.131527 -0.076631
v 0.537262 -0.137159 -0.078846
v 0.540016 -0.140841 -0.081748
v 0.530465 -0.132726 -0.077849
v 0.534373 -0.138005 -0.080062
v 0.537182 -0.140576 -0.082926
v 0.528003 -0.133519 -0.081044
v 0.532590 -0.138295 -0.082844
v 0.526577 -0.126005 -0.076135
v 0.523969 -0.126479 -0.079207
v 0.535419 -0.139968 -0.084150
v 0.542176 -0.141425 -0.085799
v 0.545514 -0.140810 -0.085298
v 0.547996 -0.138399 -0.084638
v 0.538811 -0.129374 -0.087827
v 0.541805 -0.134612 -0.088836
v 0.537200 -0.129969 -0.089730
v 0.540156 -0.135280 -0.090158
v 0.546433 -0.137248 -0.088107
v 0.544701 -0.138567 -0.088793
v 0.521427 -0.122077 -0.078094
v 0.521078 -0.122015 -0.082793
v 0.523519 -0.126423 -0.083809
v 0.527870 -0.133210 -0.085722
v 0.525719 -0.125517 -0.088004
v 0.530358 -0.124802 -0.089667
v 0.534192 -0.130664 -0.090406
v 0.530380 -0.131807 -0.089349
v 0.537478 -0.135699 -0.090327
v 0.534518 -0.136485 -0.089475
v 0.532481 -0.137772 -0.086712
v 0.539247 -0.139151 -0.089252
v 0.542138 -0.139314 -0.089329
v 0.538866 -0.140933 -0.086369
v 0.535972 -0.139840 -0.086695
v 0.536701 -0.138740 -0.088814
v 0.506752 -0.097729 -0.097447
v 0.503983 -0.092504 -0.095818
v 0.500930 -0.092368 -0.099948
v 0.503688 -0.097778 -0.101759
v 0.517185 -0.092054 -0.097973
v 0.514556 -0.085735 -0.095663
v 0.511855 -0.088861 -0.093791
v 0.514672 -0.094379 -0.096016
v 0.517536 -0.090377 -0.102603
v 0.514627 -0.083554 -0.100911
v 0.511230 -0.079739 -0.093533
v 0.505928 -0.071474 -0.090929
v 0.502410 -0.075668 -0.089116
v 0.508282 -0.083575 -0.091523
v 0.508101 -0.091230 -0.093947
v 0.511027 -0.096487 -0.095858
v 0.497472 -0.083673 -0.105869
v 0.502086 -0.089506 -0.107768
v 0.500395 -0.091228 -0.104504
v 0.495957 -0.085321 -0.102427
v 0.489691 -0.076752 -0.094676
v 0.492971 -0.077919 -0.090503
v 0.497589 -0.077688 -0.089130
v 0.501899 -0.080891 -0.107452
v 0.494947 -0.071627 -0.104044
v 0.500990 -0.068730 -0.102527
v 0.507386 -0.077741 -0.105010
v 0.504225 -0.086225 -0.091856
v 0.496483 -0.086853 -0.097857
v 0.499822 -0.087320 -0.093686
v 0.510949 -0.077069 -0.099096
v 0.511120 -0.084130 -0.106405
v 0.515866 -0.101256 -0.112165
v 0.511976 -0.103320 -0.112334
v 0.505695 -0.094976 -0.109838
v 0.510027 -0.092611 -0.110345
v 0.506037 -0.086858 -0.109047
v 0.514681 -0.090716 -0.107667
v 0.508647 -0.105761 -0.104648
v 0.510796 -0.105838 -0.100268
v 0.514801 -0.104536 -0.098596
v 0.505800 -0.068312 -0.096680
v 0.490165 -0.074209 -0.102643
v 0.518194 -0.102951 -0.098729
v 0.520976 -0.101059 -0.100430
v 0.503466 -0.096593 -0.106535
v 0.508901 -0.104687 -0.109437
v 0.519642 -0.099517 -0.109454
v 0.521874 -0.099050 -0.104753
v 0.525054 -0.105375 -0.106341
v 0.523162 -0.105435 -0.111121
v 0.524376 -0.107470 -0.102005
v 0.521065 -0.109092 -0.100584
v 0.517496 -0.110071 -0.100500
v 0.519515 -0.107100 -0.113592
v 0.516085 -0.108783 -0.113600
v 0.512506 -0.109503 -0.110803
v 0.522015 -0.111555 -0.115050
v 0.525924 -0.111163 -0.112544
v 0.531112 -0.123694 -0.105961
v 0.532679 -0.122840 -0.107624
v 0.530041 -0.118897 -0.106481
v 0.529023 -0.119330 -0.104412
v 0.528936 -0.115438 -0.105906
v 0.527396 -0.113339 -0.103768
v 0.531302 -0.117380 -0.109829
v 0.529121 -0.113767 -0.108598
v 0.533759 -0.121464 -0.111288
v 0.531468 -0.120757 -0.114775
v 0.528943 -0.116800 -0.113137
v 0.528025 -0.113596 -0.111616
v 0.533214 -0.126888 -0.108473
v 0.534493 -0.125400 -0.109077
v 0.527362 -0.110478 -0.107673
v 0.523567 -0.113904 -0.101998
v 0.526070 -0.119853 -0.103455
v 0.528420 -0.124623 -0.105385
v 0.530073 -0.127685 -0.108292
v 0.522626 -0.120373 -0.103938
v 0.525358 -0.125000 -0.106082
v 0.526925 -0.127455 -0.108661
v 0.519496 -0.120616 -0.105594
v 0.522928 -0.125050 -0.107729
v 0.519757 -0.114540 -0.102199
v 0.516263 -0.114576 -0.103796
v 0.524973 -0.126717 -0.109332
v 0.530536 -0.128029 -0.112958
v 0.534013 -0.127196 -0.112951
v 0.535814 -0.124979 -0.112567
v 0.527028 -0.116318 -0.115213
v 0.529300 -0.120911 -0.116402
v 0.524211 -0.116707 -0.116206
v 0.526927 -0.121530 -0.116938
v 0.533630 -0.123585 -0.115294
v 0.532035 -0.124520 -0.116151
v 0.514007 -0.110458 -0.102138
v 0.511962 -0.110127 -0.106092
v 0.514448 -0.114156 -0.107303
v 0.518065 -0.120283 -0.109371
v 0.515093 -0.113260 -0.111811
v 0.518436 -0.112600 -0.114466
v 0.521268 -0.117674 -0.115661
v 0.518689 -0.118759 -0.113320
v 0.524304 -0.122359 -0.116270
v 0.522198 -0.123347 -0.114355
v 0.521706 -0.124559 -0.111001
v 0.526412 -0.125507 -0.115478
v 0.529267 -0.125119 -0.116259
v 0.527247 -0.127581 -0.112365
v 0.524678 -0.126586 -0.111831
v 0.524365 -0.125488 -0.114270
v 0.488939 -0.075257 -0.099000
v 0.488146 -0.080263 -0.120719
v 0.486320 -0.076345 -0.117982
v 0.483473 -0.075780 -0.120773
v 0.485187 -0.079629 -0.123504
v 0.497387 -0.075027 -0.123381
v 0.495649 -0.070325 -0.120378
v 0.493742 -0.073322 -0.117388
v 0.495663 -0.077786 -0.120459
v 0.495934 -0.072783 -0.127911
v 0.494124 -0.067816 -0.125225
v 0.492753 -0.065304 -0.116759
v 0.488199 -0.057320 -0.110631
v 0.486118 -0.062050 -0.108488
v 0.490728 -0.068659 -0.113792
v 0.470802 -0.055250 -0.117066
v 0.474243 -0.060679 -0.119848
v 0.474067 -0.063470 -0.116511
v 0.469431 -0.057978 -0.113240
v 0.490140 -0.075513 -0.116658
v 0.492060 -0.079618 -0.119766
v 0.479337 -0.067829 -0.124542
v 0.482337 -0.072104 -0.127631
v 0.482064 -0.074374 -0.124246
v 0.479082 -0.070512 -0.121239
v 0.470907 -0.060867 -0.109231
v 0.475653 -0.065447 -0.113054
v 0.478470 -0.065962 -0.109959
v 0.474133 -0.063248 -0.105585
v 0.482073 -0.065267 -0.108628
v 0.481939 -0.064758 -0.126373
v 0.476639 -0.057437 -0.121539
v 0.480903 -0.053956 -0.121070
v 0.486573 -0.062510 -0.125778
v 0.487256 -0.071249 -0.113452
v 0.480579 -0.071971 -0.117843
v 0.483555 -0.072300 -0.114899
v 0.491306 -0.062405 -0.121494
v 0.489623 -0.067768 -0.128841
v 0.489853 -0.079399 -0.135933
v 0.487268 -0.081204 -0.134327
v 0.484330 -0.076067 -0.130606
v 0.487172 -0.073680 -0.132547
v 0.485073 -0.069430 -0.129668
v 0.491641 -0.072405 -0.131636
v 0.487622 -0.084637 -0.127156
v 0.490656 -0.085617 -0.124445
v 0.494344 -0.085016 -0.123432
v 0.486839 -0.053228 -0.115884
v 0.497705 -0.083656 -0.124210
v 0.499463 -0.081287 -0.126852
v 0.483851 -0.078189 -0.127102
v 0.486543 -0.083148 -0.130880
v 0.494030 -0.078367 -0.135007
v 0.498000 -0.078872 -0.131158
v 0.500321 -0.083532 -0.133892
v 0.496485 -0.083037 -0.137751
v 0.501352 -0.085898 -0.129488
v 0.499488 -0.087681 -0.126765
v 0.495917 -0.088653 -0.126191
v 0.491957 -0.083860 -0.138359
v 0.489735 -0.085146 -0.136523
v 0.489000 -0.086411 -0.133172
v 0.494403 -0.087945 -0.140559
v 0.498992 -0.087826 -0.140041
v 0.505281 -0.098921 -0.134671
v 0.506078 -0.097583 -0.136252
v 0.504605 -0.094801 -0.134951
v 0.504038 -0.095355 -0.132728
v 0.503729 -0.091680 -0.134233
v 0.502925 -0.090383 -0.131846
v 0.504490 -0.092936 -0.138097
v 0.502918 -0.090016 -0.136756
v 0.506238 -0.096130 -0.139946
v 0.503145 -0.095846 -0.143065
v 0.501800 -0.092491 -0.141549
v 0.501314 -0.089878 -0.139732
v 0.506319 -0.101424 -0.137467
v 0.507262 -0.099766 -0.137985
v 0.501892 -0.087378 -0.135649
v 0.500931 -0.091476 -0.129126
v 0.502446 -0.096095 -0.131173
v 0.503840 -0.100550 -0.133866
v 0.504125 -0.102769 -0.137362
v 0.499629 -0.096365 -0.130875
v 0.501077 -0.100529 -0.133830
v 0.501505 -0.102438 -0.136917
v 0.496502 -0.095834 -0.131414
v 0.498547 -0.099854 -0.134356
v 0.497795 -0.091699 -0.128188
v 0.494372 -0.091302 -0.128793
v 0.499744 -0.101630 -0.136519
v 0.503233 -0.102372 -0.140800
v 0.505613 -0.101360 -0.141520
v 0.507390 -0.099096 -0.141572
v 0.499419 -0.092274 -0.142783
v 0.500926 -0.096444 -0.144126
v 0.496400 -0.092386 -0.142353
v 0.498750 -0.097350 -0.143490
v 0.504792 -0.098187 -0.143719
v 0.503237 -0.099508 -0.143882
v 0.492521 -0.088786 -0.127074
v 0.489934 -0.088008 -0.129463
v 0.491563 -0.090664 -0.131284
v 0.493958 -0.095058 -0.133616
v 0.490790 -0.089530 -0.135069
v 0.491710 -0.088512 -0.138436
v 0.494200 -0.093198 -0.140497
v 0.493045 -0.094141 -0.137315
v 0.496947 -0.097940 -0.141642
v 0.496083 -0.098598 -0.139063
v 0.496653 -0.099299 -0.136172
v 0.499456 -0.100900 -0.141241
v 0.501146 -0.100584 -0.142935
v 0.500944 -0.102287 -0.139568
v 0.499045 -0.101457 -0.138156
v 0.498303 -0.100709 -0.139679
v 0.473324 -0.053178 -0.118911
v 0.476146 -0.051512 -0.011392
v 0.474584 -0.054328 -0.015486
v 0.464949 -0.058610 -0.017311
v 0.458886 -0.058407 -0.014114
v 0.455852 -0.055825 -0.008945
v 0.457570 -0.052908 -0.004795
v 0.461962 -0.050648 -0.002421
v 0.470997 -0.057086 -0.017795
v 0.474715 -0.048942 -0.006217
v 0.468643 -0.048863 -0.002657
v 0.472424 -0.056870 0.003357
v 0.478253 -0.056589 -0.000912
v 0.465492 -0.058362 0.003846
v 0.460365 -0.060006 0.000652
v 0.458238 -0.061704 -0.004464
v 0.479655 -0.058271 -0.006904
v 0.477527 -0.060372 -0.011578
v 0.472630 -0.062521 -0.014129
v 0.482857 -0.064530 -0.001941
v 0.482833 -0.065480 0.005363
v 0.472375 -0.076047 0.014444
v 0.476048 -0.074142 0.016251
v 0.474124 -0.070935 0.014013
v 0.469962 -0.071976 0.012388
v 0.473743 -0.068606 0.012171
v 0.469562 -0.066813 0.009808
v 0.480094 -0.069663 0.014058
v 0.478653 -0.067789 0.011810
v 0.485110 -0.069904 0.011137
v 0.482927 -0.067624 0.010169
v 0.482005 -0.072669 0.016816
v 0.478273 -0.076791 0.017857
v 0.482919 -0.076278 0.017890
v 0.476467 -0.079135 0.016330
v 0.476560 -0.064696 0.008877
v 0.463461 -0.066820 0.005255
v 0.466402 -0.073072 0.008937
v 0.470212 -0.078103 0.011375
v 0.475357 -0.081209 0.012605
v 0.465165 -0.074758 0.003648
v 0.470361 -0.079567 0.006717
v 0.475225 -0.081553 0.008422
v 0.467301 -0.075409 -0.001552
v 0.472359 -0.079584 0.003009
v 0.460637 -0.067590 -0.000766
v 0.462493 -0.068082 -0.006724
v 0.475594 -0.081230 0.005574
v 0.481374 -0.081593 0.012064
v 0.482599 -0.080085 0.016202
v 0.486374 -0.070439 0.007095
v 0.486507 -0.072726 0.013739
v 0.487663 -0.074361 0.009879
v 0.485606 -0.070842 0.002173
v 0.486695 -0.075967 0.005970
v 0.486629 -0.075510 0.015764
v 0.487004 -0.077733 0.013096
v 0.460557 -0.063072 -0.010138
v 0.466066 -0.063578 -0.013561
v 0.468210 -0.068144 -0.010281
v 0.472520 -0.074737 -0.004797
v 0.475197 -0.067300 -0.010439
v 0.480752 -0.065642 -0.007382
v 0.483283 -0.072134 -0.001868
v 0.478705 -0.073645 -0.004732
v 0.484198 -0.077193 0.002839
v 0.480646 -0.078030 0.001031
v 0.476275 -0.079085 0.001114
v 0.483109 -0.080068 0.006232
v 0.485501 -0.079580 0.009481
v 0.479809 -0.081546 0.008256
v 0.478458 -0.080827 0.005034
v 0.481025 -0.079923 0.004230
v 0.464758 -0.054181 -0.111525
v 0.466121 -0.056918 -0.106201
v 0.461361 -0.050989 -0.104510
v 0.455347 -0.044261 -0.102939
v 0.450958 -0.035829 -0.107015
v 0.457683 -0.045337 -0.096610
v 0.463565 -0.052071 -0.098488
v 0.470068 -0.059683 -0.100335
v 0.455524 -0.040404 -0.089844
v 0.040875 0.675912 0.070836
v 0.044272 0.674834 0.068824
v 0.045623 0.669056 0.065890
v 0.043125 0.668735 0.067713
v 0.040001 0.668730 0.069306
v 0.036094 0.668906 0.070190
v 0.030509 0.676179 0.071729
v 0.036104 0.676538 0.072132
v 0.021074 0.670544 0.068550
v 0.022900 0.671958 0.068686
v 0.021836 0.669616 0.068845
v 0.027872 0.669326 0.070074
v 0.024181 0.669648 0.069081
v 0.048068 0.672486 0.064808
v 0.048914 0.671362 0.063549
v 0.046576 0.673702 0.066747
v 0.031933 0.669150 0.070446
v 0.048692 0.670294 0.063267
v 0.047504 0.669509 0.064114
v 0.025934 0.674544 0.070202
v 0.040373 0.670981 0.069486
v 0.036346 0.671173 0.070614
v 0.031426 0.673948 0.071410
v 0.036436 0.673986 0.071376
v 0.028046 0.671161 0.070388
v 0.025596 0.670929 0.069633
v 0.043274 0.670620 0.067989
v 0.031982 0.671423 0.070847
v 0.040741 0.673330 0.070139
v 0.025179 0.671914 0.069628
v 0.027220 0.673035 0.070617
v 0.048412 0.671241 0.064043
v 0.048120 0.670731 0.063991
v 0.016514 0.438143 0.046352
v 0.016975 0.420944 0.055963
v 0.043895 0.672681 0.068276
v 0.047127 0.670519 0.064873
v 0.045561 0.670544 0.066287
v 0.045891 0.672053 0.066505
v 0.047410 0.671546 0.065036
v 0.241448 0.343127 -0.002854
v 0.229499 0.332092 -0.001350
v 0.268465 0.364234 -0.046369
v 0.263625 0.366515 -0.068829
v 0.063203 0.141909 0.119508
v 0.114505 0.188861 -0.087937
v 0.117142 0.207595 -0.094506
v 0.041947 0.209109 -0.117908
v 0.061657 0.204435 -0.115869
v 0.146584 0.189873 0.022713
v 0.145758 0.170402 0.026571
v 0.106867 0.183980 0.081118
v 0.104191 0.162075 0.084227
v 0.134999 0.147184 0.053336
v 0.083272 0.157001 -0.100827
v 0.081085 0.177149 -0.104766
v 0.098663 0.173793 -0.095405
v 0.101872 0.154416 -0.092503
v 0.021704 0.189201 -0.108145
v 0.022292 0.212152 -0.114373
v 0.154840 0.211577 -0.005525
v 0.153938 0.213169 -0.032473
v 0.135609 0.219952 -0.080191
v 0.120383 0.226375 -0.097713
v 0.084475 0.242843 -0.119599
v 0.103297 0.234543 -0.110286
v 0.092569 0.206095 0.094171
v 0.074362 0.227617 0.101693
v 0.148817 0.210251 0.020635
v 0.027172 0.208088 0.121530
v 0.044144 0.279238 -0.134326
v 0.067242 0.274364 -0.131627
v 0.147115 0.215793 -0.057785
v 0.034030 0.380098 0.084893
v 0.034408 0.363917 0.094776
v 0.052053 0.367460 0.093599
v 0.052310 0.382824 0.082970
v 0.069066 0.369402 0.091363
v 0.085046 0.370622 0.087886
v 0.099551 0.370952 0.083312
v 0.133561 0.366075 0.066070
v 0.123803 0.368710 0.072422
v 0.148929 0.357246 0.050958
v 0.141937 0.362679 0.059164
v 0.154098 0.347190 0.041029
v 0.157406 0.335487 0.027860
v 0.161253 0.323979 0.012485
v 0.162764 0.336126 0.006635
v 0.155461 0.323189 0.035426
v 0.151675 0.335330 0.047946
v 0.146568 0.344426 0.058581
v 0.020021 0.320281 0.109082
v 0.023167 0.295188 0.110471
v 0.015522 0.453758 0.037330
v 0.329256 0.158200 -0.094628
v 0.424128 0.070208 -0.041153
v 0.034749 0.480245 -0.119755
v 0.017046 0.476076 -0.118224
v 0.002096 0.462708 -0.119480
v 0.001812 0.473702 -0.116362
v 0.109009 0.510477 -0.087948
v 0.093303 0.497936 -0.107343
v 0.073025 0.485784 -0.118671
v 0.053650 0.475978 -0.123482
v 0.137344 0.229057 0.042599
v 0.037805 0.443790 -0.131150
v 0.055546 0.464347 -0.128219
v 0.076918 0.474612 -0.124445
v 0.099235 0.487443 -0.113655
v 0.122225 0.502249 -0.093442
v 0.140024 0.502823 -0.085211
v 0.163689 0.482138 -0.090504
v 0.175345 0.477938 -0.085045
v 0.180585 0.490573 -0.068923
v 0.193410 0.481815 -0.064425
v 0.187430 0.471776 -0.080862
v 0.243803 0.392833 -0.077751
v 0.248089 0.378069 -0.082451
v 0.246188 0.365715 -0.090064
v 0.239488 0.355131 -0.096553
v 0.229289 0.347324 -0.100933
v 0.217520 0.343527 -0.102519
v 0.204712 0.345581 -0.101753
v 0.179267 0.364056 -0.093990
v 0.176267 0.370620 -0.091990
v 0.166888 0.349783 -0.095246
v 0.162841 0.342261 -0.098153
v 0.137215 0.302024 -0.110684
v 0.146090 0.316123 -0.106958
v 0.126859 0.286118 -0.114090
v 0.102931 0.060141 -0.109177
v 0.097513 0.077838 -0.103170
v 0.117539 0.079567 -0.093396
v 0.122344 0.062274 -0.098445
v 0.024636 0.114201 -0.100464
v 0.047514 0.114735 -0.102579
v 0.164543 0.076682 -0.008250
v 0.160693 0.079415 -0.036728
v 0.150182 0.080531 -0.060663
v 0.135055 0.080535 -0.079194
v 0.160673 0.071627 0.019627
v 0.078778 0.034200 0.115675
v 0.099086 0.040955 0.101412
v 0.017189 0.022746 0.136574
v 0.036994 0.025218 0.133281
v 0.151116 0.064333 0.044417
v 0.057634 0.028960 0.126617
v 0.118544 0.048200 0.084902
v 0.136783 0.056065 0.066005
v 0.092761 0.095470 -0.099249
v 0.072699 0.094577 -0.104037
v 0.068804 0.115167 -0.101255
v 0.039195 0.346006 -0.145257
v 0.060144 0.347964 -0.146017
v 0.080113 0.352163 -0.145220
v 0.096056 0.376815 -0.143622
v 0.113771 0.384406 -0.138074
v 0.115745 0.366375 -0.136800
v 0.098762 0.358787 -0.141839
v 0.145730 0.399067 -0.125014
v 0.157419 0.404604 -0.121110
v 0.157661 0.389765 -0.119149
v 0.146587 0.383077 -0.123641
v 0.166661 0.395136 -0.115419
v 0.172398 0.398039 -0.110047
v 0.176897 0.398727 -0.104632
v 0.183216 0.395567 -0.104275
v 0.190325 0.416382 -0.106955
v 0.182803 0.421117 -0.109169
v 0.145866 0.416127 -0.124639
v 0.130483 0.409840 -0.130541
v 0.037231 0.381292 -0.141667
v 0.018984 0.378538 -0.136908
v 0.165931 0.316860 -0.007217
v 0.169959 0.311437 -0.028248
v 0.170478 0.309311 -0.048241
v 0.167981 0.309934 -0.065540
v 0.164163 0.313234 -0.080262
v 0.158832 0.318303 -0.093208
v 0.152785 0.325790 -0.104332
v 0.157976 0.334468 -0.101262
v 0.146583 0.334955 -0.113501
v 0.153991 0.343233 -0.109793
v 0.140563 0.345879 -0.121160
v 0.135459 0.359136 -0.126988
v 0.132027 0.374865 -0.130352
v 0.130514 0.392042 -0.131419
v 0.095453 0.395950 -0.143181
v 0.113896 0.403125 -0.137370
v 0.076336 0.408385 -0.144063
v 0.077601 0.426741 -0.140010
v 0.077096 0.370268 -0.147046
v 0.076305 0.389476 -0.146414
v 0.075353 0.520596 -0.088506
v 0.057822 0.512806 -0.100128
v 0.206749 0.362614 -0.103877
v 0.212249 0.354715 -0.103288
v 0.203140 0.354403 -0.102896
v 0.201585 0.360301 -0.103422
v 0.220863 0.358624 -0.102338
v 0.218571 0.374537 -0.101963
v 0.228491 0.365890 -0.099651
v 0.212977 0.367409 -0.103745
v 0.233979 0.375035 -0.095225
v 0.223849 0.382754 -0.098890
v 0.236278 0.384855 -0.090447
v 0.227128 0.390858 -0.094986
v 0.228758 0.397208 -0.091564
v 0.234946 0.395695 -0.086729
v 0.207995 0.426284 -0.096344
v 0.216426 0.415914 -0.094136
v 0.223852 0.405081 -0.092576
v 0.189479 0.389083 -0.104658
v 0.197341 0.382171 -0.105068
v 0.205043 0.374778 -0.104574
v 0.210462 0.382466 -0.103835
v 0.202045 0.390304 -0.105152
v 0.193805 0.398108 -0.105955
v 0.037236 0.363872 -0.143933
v 0.056726 0.366646 -0.146640
v 0.166964 0.408478 -0.117287
v 0.174155 0.410044 -0.112716
v 0.180296 0.409150 -0.108271
v 0.186702 0.405335 -0.106590
v 0.175901 0.422861 -0.113140
v 0.167997 0.422613 -0.117196
v 0.157910 0.420222 -0.121005
v 0.056707 0.384986 -0.145489
v 0.018797 0.361905 -0.139938
v 0.183918 0.446423 0.016049
v 0.192561 0.467400 0.002770
v 0.199709 0.481811 -0.017637
v 0.199077 0.486252 -0.042024
v 0.000356 0.507481 -0.103445
v 0.264446 0.213136 -0.058635
v 0.001875 0.304473 -0.135157
v 0.001186 0.325383 -0.139482
v 0.004015 0.236792 -0.116703
v 0.003541 0.258794 -0.124680
v 0.044579 0.139025 -0.102863
v 0.022999 0.141229 -0.100030
v 0.022128 0.165654 -0.103444
v 0.001166 0.092370 -0.104161
v 0.001430 0.114791 -0.095814
v 0.002697 0.168171 -0.097163
v 0.002964 0.192471 -0.102011
v 0.022547 0.280955 -0.132855
v 0.019775 0.344479 -0.143009
v 0.001352 0.361455 -0.137826
v 0.001602 0.377448 -0.134788
v 0.001785 0.394018 -0.132828
v 0.110779 0.341139 0.097826
v 0.111111 0.355837 0.088463
v 0.098783 0.356439 0.093905
v 0.098801 0.341685 0.103150
v 0.129878 0.339221 0.083468
v 0.131248 0.352743 0.074952
v 0.121990 0.354722 0.082083
v 0.121005 0.340337 0.090891
v 0.139398 0.349499 0.067325
v 0.137545 0.336685 0.075149
v 0.110712 0.324997 0.105098
v 0.120662 0.324583 0.098007
v 0.098874 0.325619 0.110149
v 0.136004 0.322739 0.082022
v 0.129104 0.323965 0.090283
v 0.012286 0.552845 0.066736
v 0.011790 0.558299 0.081823
v 0.006125 0.601093 0.095266
v 0.005718 0.605533 0.093140
v 0.004848 0.541892 0.046503
v 0.004137 0.533900 0.041395
v 0.003689 0.582896 0.092532
v 0.004070 0.568648 0.092853
v 0.003318 0.627664 0.096055
v 0.003347 0.624089 0.094742
v 0.003688 0.612928 0.096259
v 0.003811 0.609024 0.095031
v 0.003626 0.524991 0.036255
v 0.005155 0.547620 0.054543
v 0.002510 0.505713 0.028553
v 0.002098 0.495959 0.025146
v 0.013080 0.487015 0.023063
v 0.013674 0.476495 0.024213
v 0.018466 0.341579 0.103122
v 0.017000 0.387716 0.074676
v 0.016908 0.375762 0.085885
v 0.016900 0.404028 0.065358
v 0.014701 0.465746 0.029744
v 0.003089 0.515478 0.032058
v 0.003850 0.596227 0.094746
v 0.003794 0.590665 0.092078
v 0.003477 0.620127 0.094741
v 0.003580 0.616560 0.095480
v 0.000390 0.435742 0.046868
v 0.000221 0.418510 0.056787
v 0.017508 0.359292 0.094973
v 0.003584 0.317036 0.106195
v 0.003704 0.291784 0.107843
v 0.000661 0.451841 0.037520
v 0.003797 0.268198 0.106878
v 0.169181 -0.097767 -0.078408
v 0.152784 -0.114942 -0.098003
v 0.142498 -0.102893 -0.109991
v 0.155561 -0.089968 -0.096687
v 0.163108 -0.048554 -0.078916
v 0.163826 -0.024277 -0.072950
v 0.164770 0.001791 -0.068852
v 0.122733 -0.112076 -0.122523
v 0.093732 -0.097128 -0.138973
v 0.097492 -0.116844 -0.131853
v 0.150343 -0.000489 -0.093808
v 0.149919 -0.026367 -0.097358
v 0.146836 -0.085411 -0.106952
v 0.148464 -0.071584 -0.104807
v 0.162065 -0.071460 -0.087229
v 0.118175 -0.094997 -0.129367
v 0.135979 -0.090628 -0.117217
v 0.060729 0.056731 -0.119469
v 0.064595 0.037749 -0.127754
v 0.036719 0.037424 -0.129009
v 0.140120 0.064395 -0.082303
v 0.127324 0.043544 -0.104129
v 0.001544 -0.103892 -0.128064
v 0.133979 -0.074081 -0.119918
v 0.091470 -0.075636 -0.143631
v 0.115371 -0.075294 -0.133194
v 0.091744 -0.003453 -0.138648
v 0.113978 -0.003082 -0.128585
v 0.113432 -0.028052 -0.133086
v 0.090901 -0.027025 -0.143632
v 0.133319 -0.002382 -0.113796
v 0.131107 0.021839 -0.109239
v 0.090452 0.018853 -0.131733
v 0.111946 0.020439 -0.122642
v 0.107960 0.041533 -0.115973
v 0.133127 -0.028269 -0.117440
v 0.090374 -0.051927 -0.145881
v 0.062393 -0.051089 -0.151122
v 0.032741 -0.049910 -0.149100
v 0.003052 -0.051248 -0.145378
v 0.003304 -0.027368 -0.145980
v 0.087278 0.039544 -0.123800
v 0.077465 0.076768 -0.108595
v 0.083163 0.058395 -0.115463
v 0.065885 0.137497 -0.101416
v 0.175210 -0.324737 0.069458
v 0.008106 -0.166294 -0.016592
v 0.011063 -0.174324 0.010748
v 0.176559 -0.060210 0.043391
v 0.187515 -0.077503 -0.033344
v 0.175105 -0.073579 -0.062548
v 0.023862 -0.177626 0.056656
v 0.039112 -0.168834 0.079526
v 0.157169 -0.068521 0.071079
v 0.112767 -0.118982 0.102171
v 0.015810 -0.178647 0.033663
v 0.149459 -0.050420 -0.101060
v 0.132998 -0.053120 -0.119283
v 0.114042 -0.052854 -0.134413
v 0.063035 -0.074576 -0.149392
v 0.031709 -0.072028 -0.147071
v 0.002698 -0.072015 -0.141301
v 0.022286 -0.114367 0.102183
v 0.010520 -0.107187 0.107173
v 0.017713 -0.104838 0.108286
v 0.001402 -0.093074 0.112333
v 0.001738 -0.109228 0.105239
v 0.011652 -0.121513 0.097991
v 0.002017 -0.123440 0.095297
v 0.001879 -0.137746 0.084824
v 0.076848 0.012572 0.113601
v 0.098620 0.019770 0.100470
v 0.015843 0.000671 0.132152
v 0.034614 0.002768 0.129255
v 0.155299 0.045956 0.044964
v 0.054943 0.006530 0.123336
v 0.119874 0.027933 0.085236
v 0.139804 0.037159 0.066494
v 0.002893 0.018455 -0.136994
v 0.002870 0.039664 -0.128641
v -0.001786 -0.000530 0.132140
v 0.004439 0.557791 0.082350
v 0.004637 0.552117 0.067100
v 0.002019 0.745174 0.064075
v 0.000837 0.552323 -0.077268
v 0.002652 0.690149 0.084051
v 0.003812 0.605344 0.093047
v 0.003385 0.629974 0.098883
v 0.001709 0.485946 0.022090
v 0.001354 0.474598 0.022682
v 0.000286 -0.153424 -0.016650
v 0.000970 0.463889 0.029219
v 0.001126 -0.153023 -0.029951
v 0.003597 0.215166 -0.108148
v 0.242043 -0.763613 -0.055272
v 0.239951 -0.762019 -0.070515
v 0.250012 -0.789713 -0.065987
v 0.249727 -0.791206 -0.051070
v 0.256881 -0.752874 -0.098995
v 0.246117 -0.757713 -0.091065
v 0.271273 -0.748840 -0.100424
v 0.284535 -0.746906 -0.094600
v 0.287069 -0.776806 -0.091852
v 0.275990 -0.778703 -0.098961
v 0.292949 -0.745936 -0.085112
v 0.302517 -0.774607 -0.072014
v 0.299110 -0.745470 -0.073448
v 0.302372 -0.746281 -0.055136
v 0.304091 -0.774528 -0.054595
v 0.296783 -0.751733 -0.035191
v 0.298802 -0.779257 -0.035105
v 0.283007 -0.758075 -0.023699
v 0.248762 -0.764883 -0.039898
v 0.254235 -0.792012 -0.035034
v 0.263010 -0.782280 -0.097712
v 0.254785 -0.786389 -0.088227
v 0.251616 -0.788285 -0.076791
v 0.241734 -0.760380 -0.081692
v 0.256126 -0.817831 -0.061430
v 0.251639 -0.818972 -0.045541
v 0.268543 -0.811179 -0.097484
v 0.263285 -0.814284 -0.083557
v 0.289872 -0.805629 -0.090484
v 0.280874 -0.807163 -0.100256
v 0.309650 -0.801579 -0.071792
v 0.300210 -0.803557 -0.081663
v 0.295224 -0.775553 -0.082612
v 0.309942 -0.801225 -0.054726
v 0.304411 -0.804042 -0.031851
v 0.256889 -0.817941 -0.027869
v 0.259886 -0.816423 -0.072459
v 0.332502 -0.893263 0.125013
v 0.330176 -0.889110 0.124733
v 0.325808 -0.890181 0.125367
v 0.325875 -0.895655 0.125880
v 0.293067 -0.905008 0.135030
v 0.288580 -0.895262 0.137958
v 0.280759 -0.898707 0.135108
v 0.282684 -0.910597 0.132192
v 0.310757 -0.900508 0.134395
v 0.312809 -0.903224 0.130781
v 0.317681 -0.901979 0.130401
v 0.318696 -0.898391 0.134357
v 0.353527 -0.882683 0.094417
v 0.354758 -0.886937 0.091565
v 0.358983 -0.885494 0.090002
v 0.359288 -0.881600 0.091584
v 0.340268 -0.890534 0.112972
v 0.341602 -0.894500 0.109649
v 0.345564 -0.892726 0.108358
v 0.346574 -0.889259 0.110312
v 0.291075 -0.888735 0.114447
v 0.277040 -0.890683 0.111550
v 0.278767 -0.896430 0.125481
v 0.290315 -0.891280 0.128389
v 0.275060 -0.906481 0.120698
v 0.273611 -0.902439 0.105599
v 0.282448 -0.908435 0.103767
v 0.283146 -0.909431 0.117747
v 0.294970 -0.905570 0.107346
v 0.294491 -0.906784 0.119896
v 0.299931 -0.897382 0.112405
v 0.300812 -0.898035 0.126603
v 0.318748 -0.891408 0.114502
v 0.312279 -0.885416 0.115746
v 0.314844 -0.889822 0.127947
v 0.322331 -0.894380 0.126582
v 0.301645 -0.888889 0.117168
v 0.306812 -0.892188 0.128830
v 0.300499 -0.899660 0.115287
v 0.307038 -0.902880 0.111399
v 0.309910 -0.903388 0.123984
v 0.303248 -0.900394 0.128226
v 0.316089 -0.899697 0.111004
v 0.318830 -0.901072 0.123161
v 0.329730 -0.880545 0.108603
v 0.319500 -0.884417 0.110779
v 0.323384 -0.888620 0.119915
v 0.330786 -0.886319 0.118998
v 0.320877 -0.897223 0.119306
v 0.318612 -0.894914 0.109753
v 0.325001 -0.897633 0.106676
v 0.326945 -0.898632 0.117108
v 0.334032 -0.894221 0.105624
v 0.334325 -0.896790 0.116612
v 0.336153 -0.885725 0.108070
v 0.336872 -0.890560 0.118448
v 0.350846 -0.880809 0.094253
v 0.345677 -0.874967 0.095496
v 0.345922 -0.881189 0.104863
v 0.350184 -0.886104 0.103449
v 0.337955 -0.877891 0.099207
v 0.339801 -0.882526 0.106916
v 0.336106 -0.888017 0.107532
v 0.336122 -0.884591 0.100749
v 0.340657 -0.891881 0.096169
v 0.340033 -0.894477 0.104287
v 0.348875 -0.889482 0.092729
v 0.347650 -0.892614 0.102412
v 0.359880 -0.869708 0.078910
v 0.359527 -0.873988 0.087171
v 0.362678 -0.879127 0.085090
v 0.363152 -0.876316 0.075100
v 0.352949 -0.871293 0.083885
v 0.353277 -0.874856 0.089902
v 0.350500 -0.880725 0.089602
v 0.351692 -0.878000 0.084770
v 0.353818 -0.886017 0.080492
v 0.353219 -0.887679 0.086496
v 0.360293 -0.883475 0.076263
v 0.360421 -0.885683 0.084352
v 0.295084 -0.885662 0.100568
v 0.276708 -0.885388 0.097492
v 0.284905 -0.909702 0.127462
v 0.273940 -0.898701 0.091541
v 0.291336 -0.908235 0.128555
v 0.299391 -0.903120 0.095800
v 0.283660 -0.905777 0.089766
v 0.298799 -0.896789 0.106662
v 0.315489 -0.893213 0.134336
v 0.318999 -0.897598 0.094649
v 0.317395 -0.892419 0.104507
v 0.310585 -0.894531 0.134714
v 0.313505 -0.881205 0.099466
v 0.331384 -0.876805 0.090911
v 0.328721 -0.898814 0.122941
v 0.332679 -0.897796 0.122588
v 0.337284 -0.892119 0.088195
v 0.336309 -0.883226 0.098861
v 0.345079 -0.885067 0.110402
v 0.351754 -0.886829 0.077276
v 0.351813 -0.877458 0.085094
v 0.341350 -0.885613 0.111572
v 0.347583 -0.870064 0.079670
v 0.357439 -0.877947 0.091418
v 0.361413 -0.882704 0.065609
v 0.364613 -0.873662 0.062610
v 0.354180 -0.878177 0.093308
v 0.359430 -0.866219 0.067913
v 0.263552 -0.791132 -0.023458
v 0.257871 -0.764912 -0.028279
v 0.269371 -0.763178 -0.022529
v 0.274657 -0.789240 -0.019000
v 0.286818 -0.784674 -0.022231
v 0.267638 -0.815145 -0.015428
v 0.280133 -0.811832 -0.011664
v 0.292260 -0.808815 -0.017335
v 0.319208 -0.822051 -0.056033
v 0.316236 -0.822074 -0.074150
v 0.304711 -0.824791 -0.083977
v 0.295650 -0.826659 -0.094521
v 0.285892 -0.828817 -0.104121
v 0.261630 -0.839244 -0.022434
v 0.271353 -0.833608 -0.005523
v 0.284613 -0.828134 0.000422
v 0.299445 -0.825367 -0.007465
v 0.272017 -0.879559 0.081408
v 0.289580 -0.873242 0.083163
v 0.284482 -0.864471 0.063925
v 0.272606 -0.877726 0.060332
v 0.308130 -0.871551 0.079929
v 0.303119 -0.859762 0.060400
v 0.325937 -0.868281 0.072215
v 0.320725 -0.858948 0.052404
v 0.342743 -0.864765 0.062007
v 0.337028 -0.859008 0.042608
v 0.357613 -0.863220 0.052363
v 0.352284 -0.861278 0.032653
v 0.366461 -0.871159 0.046896
v 0.362828 -0.869420 0.026778
v 0.270847 -0.896843 0.075007
v 0.272793 -0.893652 0.054317
v 0.283219 -0.905458 0.071551
v 0.285308 -0.904036 0.051242
v 0.299755 -0.901209 0.070856
v 0.300705 -0.899965 0.049536
v 0.361207 -0.882462 0.028869
v 0.362884 -0.883312 0.049401
v 0.318276 -0.895933 0.067123
v 0.318365 -0.894281 0.045321
v 0.335885 -0.891945 0.061402
v 0.335352 -0.890792 0.039499
v 0.350870 -0.888202 0.055004
v 0.349972 -0.887767 0.033587
v 0.279372 -0.858440 0.039914
v 0.296605 -0.847920 0.039227
v 0.313504 -0.848657 0.030131
v 0.329660 -0.851834 0.019176
v 0.345067 -0.858551 0.008844
v 0.356729 -0.867465 0.003511
v 0.325451 -0.841104 -0.009296
v 0.338609 -0.858305 -0.017402
v 0.348125 -0.869020 -0.020058
v 0.341797 -0.869929 -0.043718
v 0.334875 -0.857739 -0.043287
v 0.325527 -0.860094 -0.084523
v 0.329979 -0.858153 -0.066432
v 0.337764 -0.870457 -0.067276
v 0.333752 -0.873564 -0.086432
v 0.326330 -0.841190 -0.037876
v 0.322650 -0.841088 -0.061282
v 0.316349 -0.842022 -0.078192
v 0.317173 -0.878523 -0.108658
v 0.311920 -0.862916 -0.108444
v 0.320284 -0.861589 -0.097338
v 0.327684 -0.875849 -0.099291
v 0.301265 -0.884307 -0.113066
v 0.296417 -0.868007 -0.115375
v 0.281283 -0.874422 -0.103996
v 0.285359 -0.890063 -0.103593
v 0.303341 -0.844302 -0.101119
v 0.309780 -0.843731 -0.090114
v 0.291185 -0.847647 -0.108802
v 0.277540 -0.853340 -0.099731
v 0.274874 -0.877006 -0.084786
v 0.272239 -0.856052 -0.082693
v 0.277510 -0.892550 -0.085493
v 0.273466 -0.876224 0.035391
v 0.276709 -0.888901 0.030586
v 0.307068 -0.836049 0.009713
v 0.289661 -0.837710 0.018156
v 0.273490 -0.850298 0.010944
v 0.270789 -0.874280 0.008437
v 0.278344 -0.887377 0.004226
v 0.269058 -0.876406 -0.017025
v 0.278220 -0.887614 -0.019500
v 0.287180 -0.896821 0.027421
v 0.288551 -0.891889 0.001646
v 0.287531 -0.892054 -0.021700
v 0.268848 -0.877425 -0.038661
v 0.276495 -0.889339 -0.040187
v 0.271340 -0.876934 -0.056044
v 0.276041 -0.890546 -0.056847
v 0.276021 -0.891838 -0.070543
v 0.273295 -0.877022 -0.069774
v 0.266966 -0.858419 -0.057122
v 0.269383 -0.857099 -0.069460
v 0.264870 -0.859783 -0.039420
v 0.265457 -0.857624 -0.016889
v 0.356858 -0.880750 0.004991
v 0.349639 -0.879961 -0.018939
v 0.342162 -0.880081 -0.042229
v 0.337702 -0.882666 -0.065330
v 0.331903 -0.886025 -0.083074
v 0.325725 -0.888115 -0.094281
v 0.316812 -0.889950 -0.102495
v 0.303368 -0.893084 -0.104571
v 0.291617 -0.897292 -0.098451
v 0.286065 -0.900251 -0.084363
v 0.284518 -0.901130 -0.071215
v 0.285537 -0.895709 -0.042232
v 0.284119 -0.899657 -0.058058
v 0.257249 -0.841520 -0.041699
v 0.259701 -0.840139 -0.058922
v 0.263572 -0.838291 -0.070207
v 0.273324 -0.833520 -0.096619
v 0.268223 -0.836037 -0.081212
v 0.301538 -0.897038 0.024546
v 0.317962 -0.892391 0.020131
v 0.333878 -0.889045 0.014454
v 0.347153 -0.886260 0.009131
v 0.342362 -0.885629 -0.015643
v 0.330364 -0.888392 -0.011421
v 0.315519 -0.892006 -0.006437
v 0.300520 -0.893096 -0.001436
v 0.335593 -0.886748 -0.038797
v 0.325232 -0.890076 -0.034694
v 0.311471 -0.893402 -0.030665
v 0.298559 -0.894496 -0.025182
v 0.295639 -0.898775 -0.045869
v 0.306802 -0.896814 -0.051727
v 0.319139 -0.893239 -0.055508
v 0.328954 -0.889487 -0.060499
v 0.323456 -0.891741 -0.077189
v 0.314093 -0.894870 -0.071635
v 0.303144 -0.898428 -0.067450
v 0.293950 -0.900774 -0.062162
v 0.318913 -0.892981 -0.086971
v 0.304723 -0.896356 -0.096786
v 0.313082 -0.894233 -0.093753
v 0.296899 -0.899470 -0.093463
v 0.294000 -0.900901 -0.083609
v 0.293437 -0.901324 -0.073256
v 0.300793 -0.898693 -0.084288
v 0.301641 -0.898715 -0.076813
v 0.311114 -0.895502 -0.081031
v 0.308091 -0.895989 -0.087577
v 0.300832 -0.898222 -0.089964
v 0.304584 -0.896841 -0.091532
v 0.312008 -0.826101 -0.028289
v -0.000648 0.519404 -0.096783
v 0.002017 0.450552 -0.122744
v 0.183013 -0.494328 0.013974
v 0.198137 -0.493166 0.018854
v 0.213087 -0.487715 0.019648
v 0.132215 -0.079645 0.090540
v 0.083079 0.142046 0.104873
v 0.090054 0.184546 0.097749
v 0.086344 0.162762 0.101116
v 0.140691 -0.106702 0.093344
v 0.137546 0.207914 0.043001
v 0.002398 -0.089217 -0.134682
v 0.002080 0.409441 -0.130834
v 0.112501 0.370402 0.078079
v 0.003137 -0.003725 -0.143065
v 0.081837 0.656291 -0.013449
v 0.079403 0.654547 -0.014929
v 0.078881 0.651034 -0.015836
v 0.078119 0.649279 -0.019696
v 0.077754 0.647488 -0.022889
v 0.077396 0.646521 -0.025147
v 0.080530 0.651545 -0.018237
v 0.078723 0.654224 -0.021182
v 0.079933 0.654233 -0.017898
v 0.080961 0.653429 -0.016723
v 0.000088 0.400605 0.065374
v 0.000735 0.384742 0.074823
v 0.001597 0.372813 0.086314
v 0.002235 0.356549 0.094682
v 0.003847 0.601049 0.095378
v -0.003634 0.086142 0.135383
v -0.002989 0.100934 0.133274
v 0.002227 0.143088 -0.094176
v -0.002724 0.041858 0.137966
v -0.002344 0.117625 0.133776
v 0.003029 0.282138 -0.131076
v 0.002777 0.338109 0.101434
v -0.002173 0.021205 0.136275
v 0.001137 0.344327 -0.140764
v -0.000989 0.140323 0.133541
v 0.001196 -0.073116 0.117737
v 0.002675 0.207091 0.121793
v -0.041508 0.715740 0.059916
v -0.052416 0.706127 0.050833
v -0.046616 0.697694 0.061553
v -0.036063 0.703476 0.069991
v -0.043346 0.689960 0.069537
v -0.033116 0.692849 0.075559
v -0.058938 0.694356 0.042056
v -0.053557 0.689714 0.053007
v -0.059098 0.653551 0.048982
v -0.057169 0.662675 0.047890
v -0.062571 0.659468 0.039723
v -0.063374 0.647255 0.040406
v -0.058455 0.626890 0.050596
v -0.060138 0.616769 0.040789
v -0.055079 0.609903 0.052118
v -0.052465 0.620268 0.059806
v -0.020333 0.638267 0.080559
v -0.023587 0.643991 0.078187
v -0.029430 0.638168 0.078093
v -0.025479 0.631632 0.080420
v -0.011537 0.649314 0.084663
v -0.007144 0.653478 0.090238
v -0.007677 0.658457 0.084804
v -0.012678 0.653851 0.080553
v -0.014973 0.632917 0.081964
v -0.020227 0.625977 0.081305
v -0.013985 0.640201 0.084415
v -0.015893 0.644191 0.081241
v -0.010495 0.635944 0.095671
v -0.007507 0.637115 0.100245
v -0.008571 0.642742 0.099748
v -0.011932 0.640624 0.093526
v -0.013805 0.633520 0.086588
v -0.010164 0.630703 0.089108
v -0.011559 0.633661 0.091698
v -0.013830 0.637191 0.088950
v -0.010892 0.644962 0.088961
v -0.007470 0.648412 0.095287
v -0.003370 0.650680 0.101769
v -0.003940 0.643382 0.106370
v -0.035901 0.617423 0.076446
v -0.030572 0.614063 0.079148
v -0.025778 0.619977 0.080748
v -0.030938 0.624608 0.079170
v -0.011039 0.627247 0.086132
v -0.013761 0.611488 0.089808
v -0.008145 0.613137 0.093247
v -0.008157 0.617176 0.092492
v -0.014327 0.615594 0.088892
v -0.041264 0.601738 0.069738
v -0.041400 0.593002 0.067360
v -0.034871 0.594199 0.073665
v -0.035109 0.601180 0.074946
v -0.032440 0.587875 0.073741
v -0.038888 0.584237 0.066523
v -0.028617 0.569507 0.071081
v -0.023362 0.577392 0.079876
v -0.028328 0.582386 0.075681
v -0.034429 0.576445 0.067823
v -0.011429 0.583973 0.087441
v -0.017199 0.573195 0.085578
v -0.009958 0.570270 0.090404
v -0.005606 0.583022 0.090319
v -0.012837 0.605096 0.086722
v -0.013130 0.608092 0.088874
v -0.017232 0.606688 0.085725
v -0.016746 0.604497 0.084173
v -0.020934 0.603838 0.081589
v -0.020819 0.604581 0.082256
v -0.022435 0.605233 0.082024
v -0.022721 0.603574 0.080874
v -0.019102 0.604135 0.082673
v -0.019917 0.602942 0.082017
v -0.017735 0.602289 0.083573
v -0.014393 0.601920 0.086660
v -0.001354 0.601191 0.094476
v -0.000453 0.605617 0.092577
v -0.003653 0.605539 0.091453
v -0.005108 0.601418 0.093189
v -0.020935 0.607139 0.083687
v -0.018211 0.609271 0.086165
v -0.019583 0.612487 0.085712
v -0.023153 0.609104 0.083204
v -0.026174 0.611476 0.081710
v -0.028486 0.606838 0.079701
v -0.024991 0.606025 0.081324
v -0.021641 0.601694 0.080806
v -0.025447 0.602902 0.079832
v -0.024501 0.599821 0.079105
v -0.022329 0.596929 0.080431
v -0.019471 0.600060 0.082483
v -0.016203 0.598764 0.085706
v -0.018941 0.594482 0.083434
v -0.014005 0.592663 0.086944
v -0.011641 0.597570 0.089668
v -0.021934 0.616085 0.083876
v -0.029482 0.601993 0.077893
v -0.033224 0.607971 0.076973
v -0.029152 0.597048 0.076999
v -0.026892 0.592607 0.077775
v -0.017920 0.585920 0.083914
v -0.023151 0.588790 0.080355
v -0.021100 0.563410 0.076415
v -0.012172 0.559539 0.080563
v -0.039301 0.683650 0.071059
v -0.030806 0.685448 0.073958
v -0.039427 0.675492 0.068050
v -0.035618 0.676781 0.070242
v -0.036461 0.679710 0.070244
v -0.041227 0.677529 0.067379
v -0.051683 0.665615 0.053370
v -0.053478 0.659047 0.053975
v -0.047695 0.664253 0.057375
v -0.047102 0.668221 0.057991
v -0.040286 0.657706 0.065590
v -0.037933 0.664836 0.066408
v -0.040979 0.665288 0.063888
v -0.044526 0.658563 0.062283
v -0.034268 0.664638 0.068575
v -0.035563 0.658103 0.068308
v -0.030684 0.659517 0.070164
v -0.030194 0.665137 0.070017
v -0.029718 0.680908 0.072147
v -0.030207 0.677504 0.072119
v -0.023792 0.677269 0.071630
v -0.022220 0.680603 0.072113
v -0.013670 0.670270 0.068106
v -0.010673 0.670173 0.069829
v -0.011220 0.674466 0.069861
v -0.014499 0.672724 0.068525
v -0.014974 0.668490 0.068849
v -0.013089 0.667045 0.070330
v -0.033720 0.737849 0.054788
v -0.047261 0.728001 0.044873
v -0.028586 0.722125 0.068549
v -0.058515 0.714613 0.036546
v -0.063982 0.699705 0.028429
v -0.056326 0.599819 0.045492
v -0.049127 0.594868 0.057683
v -0.048212 0.604723 0.061891
v -0.054481 0.588765 0.041375
v -0.046899 0.584039 0.055699
v -0.032787 0.564892 0.056074
v -0.041496 0.573575 0.055014
v -0.060171 0.596141 0.024720
v -0.056925 0.587550 0.018792
v -0.049090 0.577944 0.037078
v -0.061191 0.599996 0.003742
v -0.058847 0.596464 -0.004600
v -0.052173 0.578586 0.009431
v -0.036289 0.545557 0.018007
v -0.048830 0.550707 0.004753
v -0.050720 0.539546 0.001119
v -0.038406 0.535064 0.014815
v -0.061490 0.606361 0.031202
v -0.064523 0.669244 0.030247
v -0.066680 0.655276 0.028659
v -0.060183 0.670884 0.041688
v -0.068229 0.727102 -0.000194
v -0.073413 0.709206 -0.001781
v -0.069105 0.704904 0.013781
v -0.063526 0.722420 0.019568
v -0.040469 0.762439 0.005152
v -0.056699 0.746932 0.002820
v -0.052404 0.739057 0.026203
v -0.038301 0.752843 0.032974
v -0.076154 0.709859 -0.017983
v -0.070255 0.727876 -0.021623
v -0.072201 0.722001 -0.042978
v -0.077322 0.706823 -0.034511
v -0.059003 0.746872 -0.025789
v -0.060368 0.740153 -0.052096
v -0.059277 0.599522 -0.016870
v -0.057426 0.582524 -0.011826
v -0.055989 0.568095 -0.009620
v -0.048061 0.563596 0.008092
v -0.042751 0.754002 -0.058920
v -0.041819 0.762543 -0.027664
v -0.065181 0.677120 -0.076748
v -0.071543 0.669804 -0.061674
v -0.074772 0.685452 -0.054408
v -0.068361 0.695992 -0.071136
v -0.054550 0.684501 -0.091916
v -0.056385 0.706680 -0.086238
v -0.052653 0.623659 -0.068297
v -0.043308 0.624347 -0.082298
v -0.038450 0.608721 -0.072924
v -0.046645 0.608929 -0.060498
v -0.050012 0.684790 0.062667
v -0.053481 0.678636 0.055795
v -0.048439 0.676449 0.061395
v -0.045243 0.680197 0.066599
v -0.062052 0.682490 0.035132
v -0.057714 0.680518 0.046374
v -0.071783 0.689198 0.009778
v -0.075521 0.693707 -0.003197
v -0.079137 0.693367 -0.029531
v -0.078187 0.694882 -0.016219
v -0.073707 0.663751 -0.049819
v -0.076226 0.673868 -0.045238
v -0.059981 0.607694 -0.032895
v -0.052942 0.608545 -0.048155
v -0.051158 0.590585 -0.043481
v -0.057511 0.587619 -0.029190
v -0.035123 0.593739 -0.065229
v -0.042516 0.592779 -0.055372
v -0.055536 0.558796 -0.028624
v -0.049870 0.561775 -0.043054
v -0.051615 0.550368 -0.046316
v -0.055342 0.547128 -0.031390
v -0.043813 0.551048 -0.058851
v -0.041936 0.563178 -0.055352
v -0.033203 0.563643 -0.064778
v -0.034488 0.550506 -0.067470
v -0.014446 0.528039 0.030971
v -0.025455 0.531293 0.024107
v -0.028175 0.521871 0.020836
v -0.016057 0.519144 0.027138
v -0.057242 0.537599 -0.035383
v -0.054461 0.542066 -0.050858
v -0.058994 0.622786 -0.055514
v -0.063143 0.625848 -0.043163
v -0.047273 0.542376 -0.064134
v -0.049547 0.574926 -0.042163
v -0.041734 0.576541 -0.053531
v -0.024280 0.594179 -0.073203
v -0.027496 0.609417 -0.082670
v -0.017981 0.649042 0.078366
v -0.020886 0.663252 0.071195
v -0.016676 0.664919 0.070842
v -0.017743 0.667769 0.069773
v -0.021491 0.666911 0.070469
v -0.010500 0.705503 0.080839
v -0.023509 0.706253 0.077016
v -0.021467 0.692666 0.080181
v -0.008581 0.689048 0.082133
v -0.047697 0.633486 0.067709
v -0.041784 0.623586 0.072825
v -0.035623 0.631502 0.076744
v -0.038546 0.640183 0.073455
v -0.044205 0.669853 0.060887
v -0.043459 0.671828 0.063102
v -0.045840 0.671853 0.060626
v -0.039147 0.609987 0.073114
v -0.045711 0.614125 0.067336
v -0.066327 0.640417 0.028625
v -0.054980 0.671509 0.050181
v -0.019939 0.772687 0.008679
v -0.019099 0.761455 0.039625
v -0.020452 0.773663 -0.027184
v -0.021033 0.764511 -0.061015
v -0.041292 0.716492 -0.098168
v -0.024106 0.724368 -0.108452
v -0.020163 0.698816 -0.114389
v -0.039587 0.691292 -0.104662
v -0.031097 0.625485 -0.093781
v -0.022927 0.564811 -0.070966
v -0.024062 0.550443 -0.072688
v -0.017553 0.743259 0.061103
v -0.013904 0.724060 0.073337
v -0.067253 0.684464 0.021929
v -0.058689 0.645132 0.052610
v -0.055136 0.638218 0.058640
v -0.050901 0.649252 0.062077
v -0.053547 0.653382 0.057161
v -0.061949 0.635755 0.043717
v -0.063651 0.626534 0.031637
v -0.065302 0.617774 0.017228
v -0.063736 0.606250 0.010214
v -0.069896 0.712146 -0.061850
v -0.076147 0.699587 -0.047939
v -0.043618 0.738213 -0.083731
v -0.061377 0.726748 -0.073953
v -0.077849 0.689329 -0.041638
v -0.023262 0.750247 -0.090569
v -0.007873 0.621568 0.091203
v -0.006353 0.625776 0.090529
v -0.015069 0.621148 0.086264
v -0.006689 0.596731 0.092405
v -0.008882 0.591313 0.089669
v -0.003292 0.590813 0.090960
v -0.002069 0.596448 0.093778
v -0.011949 0.554034 0.065270
v -0.022089 0.558303 0.060812
v -0.013172 0.536485 0.036608
v -0.023893 0.540151 0.029014
v -0.006330 0.634314 0.094426
v -0.006667 0.633602 0.092392
v -0.004798 0.633891 0.092823
v -0.004772 0.634711 0.094804
v -0.019698 0.605564 0.083576
v -0.003221 0.613520 0.095245
v -0.003444 0.609529 0.093961
v -0.000259 0.609271 0.094674
v -0.000162 0.613068 0.095949
v -0.038870 0.564966 0.034331
v -0.035982 0.556082 0.023547
v -0.055929 0.543290 -0.015094
v -0.055902 0.554970 -0.011648
v -0.056093 0.572154 -0.027513
v -0.034169 0.577806 -0.064004
v -0.023543 0.579263 -0.071110
v -0.011105 0.580810 -0.075297
v -0.012248 0.594250 -0.080032
v -0.023498 0.554447 0.045719
v -0.023442 0.548484 0.035425
v -0.012689 0.544540 0.042734
v -0.012081 0.550009 0.051839
v -0.000589 0.631730 0.096178
v -0.001518 0.630477 0.094071
v 0.000422 0.628288 0.095014
v 0.000854 0.630647 0.097805
v -0.007592 0.631571 0.090750
v -0.005421 0.628617 0.090673
v -0.005105 0.630633 0.090679
v -0.008382 0.632850 0.092364
v -0.007807 0.634327 0.094985
v -0.003064 0.635187 0.099764
v -0.002752 0.635961 0.104767
v -0.006036 0.635179 0.098005
v -0.002488 0.633021 0.094612
v -0.002848 0.631733 0.092778
v -0.004807 0.632433 0.091127
v -0.006474 0.632561 0.091133
v -0.003328 0.635087 0.097597
v -0.005142 0.634850 0.096285
v -0.002697 0.656617 0.095967
v -0.003813 0.534566 0.040247
v -0.003108 0.542624 0.045847
v -0.020256 0.604164 0.082043
v -0.021305 0.685163 0.075422
v -0.045246 0.647729 0.067405
v -0.025215 0.649784 0.075219
v -0.025554 0.655659 0.072739
v -0.031541 0.652520 0.071859
v -0.031517 0.645312 0.074788
v -0.012461 0.681886 0.075422
v -0.007181 0.676303 0.074269
v -0.003401 0.678253 0.080444
v -0.006986 0.669725 0.074382
v -0.010185 0.664588 0.073321
v -0.008508 0.662314 0.079020
v -0.003722 0.669101 0.082536
v -0.044000 0.674939 0.063908
v -0.041899 0.673650 0.065569
v -0.013594 0.657628 0.076384
v -0.014842 0.661131 0.072851
v -0.020046 0.658403 0.072865
v -0.019204 0.653658 0.075348
v -0.037974 0.649642 0.070318
v -0.049939 0.671686 0.056441
v -0.046990 0.660728 0.059215
v -0.063421 0.620406 -0.028115
v -0.066929 0.631004 -0.035426
v -0.065489 0.612616 -0.008333
v -0.064588 0.614611 -0.012759
v -0.060242 0.609107 -0.010478
v -0.062974 0.608746 -0.005328
v -0.076854 0.664419 -0.028731
v -0.076014 0.664915 -0.024559
v -0.076981 0.671351 -0.024030
v -0.076926 0.670321 -0.031933
v -0.076180 0.667557 -0.017799
v -0.075648 0.663974 -0.017503
v -0.075425 0.663441 -0.014118
v -0.075873 0.670702 -0.015812
v -0.074585 0.668209 -0.008035
v -0.075423 0.679432 -0.005258
v -0.077862 0.681341 -0.015558
v -0.069045 0.666377 0.015619
v -0.071559 0.674126 0.004535
v -0.072035 0.662675 -0.001863
v -0.069366 0.655082 0.002813
v -0.065912 0.620479 0.002659
v -0.065567 0.612109 -0.000582
v -0.060638 0.612706 -0.018676
v -0.051225 0.663577 -0.092354
v -0.061176 0.658628 -0.077339
v -0.067984 0.654045 -0.063132
v -0.070736 0.651451 -0.050739
v -0.038499 0.668414 -0.105331
v -0.020780 0.669498 -0.112519
v -0.068609 0.649604 0.015989
v -0.068227 0.643450 0.004124
v -0.057477 0.640292 -0.074921
v -0.047585 0.643172 -0.089277
v -0.063788 0.638408 -0.060680
v -0.067439 0.638739 -0.048576
v -0.033937 0.647819 -0.102042
v -0.017623 0.645175 -0.109963
v -0.015518 0.624881 -0.100434
v -0.070023 0.621455 -0.008100
v -0.070920 0.615481 -0.007008
v -0.068327 0.614205 -0.005224
v -0.067910 0.620348 -0.003953
v -0.067333 0.631619 0.003660
v -0.067226 0.634472 0.015606
v -0.003032 0.662599 0.090081
v -0.002736 0.569048 0.092415
v -0.000763 0.582948 0.091928
v -0.002717 0.621531 0.093899
v -0.003253 0.617380 0.094765
v -0.000040 0.616752 0.095496
v 0.000246 0.620650 0.094668
v -0.015568 0.678288 0.070836
v -0.013835 0.609477 -0.089446
v -0.010830 0.566100 -0.074197
v -0.012232 0.551190 -0.075811
v -0.037300 0.540339 -0.073153
v -0.025969 0.538789 -0.078612
v 0.000571 0.624627 0.094374
v -0.002203 0.625268 0.093230
v -0.002810 0.634538 0.096374
v -0.008058 0.609110 0.092114
v -0.002941 0.630319 0.092404
v -0.002187 0.628134 0.092871
v 0.002365 0.627798 0.095895
v 0.002156 0.624239 0.094733
v -0.025732 0.661414 0.071179
v -0.025835 0.665940 0.070569
v -0.001171 0.633537 0.098631
v -0.000055 0.632647 0.101340
v -0.041390 0.525113 0.011133
v -0.052341 0.529088 -0.003032
v 0.001963 0.609136 0.094920
v 0.001929 0.612852 0.096174
v -0.069775 0.647713 -0.005054
v -0.071821 0.654804 -0.007116
v -0.073116 0.649664 -0.012251
v -0.070908 0.643656 -0.010750
v -0.004925 0.526141 0.034970
v -0.056701 0.533011 -0.019342
v -0.013702 0.539046 -0.081636
v -0.043075 0.666484 0.061679
v -0.044136 0.668008 0.060530
v -0.018158 0.675597 0.069892
v -0.009886 0.601517 0.090583
v -0.008025 0.605379 0.089622
v -0.002938 0.548132 0.054487
v 0.002360 0.630134 0.098831
v -0.074018 0.657312 -0.021049
v -0.073508 0.653739 -0.020241
v -0.076177 0.652770 -0.018113
v -0.076500 0.656079 -0.017594
v -0.078181 0.659587 -0.012707
v -0.079382 0.663013 -0.014594
v -0.080582 0.659409 -0.016064
v -0.078970 0.656532 -0.015256
v -0.074720 0.660211 -0.010113
v -0.075767 0.655515 -0.012100
v -0.081599 0.664443 -0.016500
v -0.081380 0.661642 -0.017671
v -0.075896 0.664718 -0.020218
v -0.078790 0.665691 -0.017785
v -0.080193 0.667209 -0.022404
v -0.084176 0.665537 -0.020355
v -0.082447 0.666895 -0.028552
v -0.087032 0.664620 -0.025676
v -0.083085 0.662495 -0.033564
v -0.088278 0.661054 -0.031091
v -0.067993 0.629000 -0.003985
v -0.067593 0.629171 -0.010798
v -0.082881 0.656422 -0.036077
v -0.088524 0.655658 -0.034374
v -0.081685 0.649065 -0.037652
v -0.087633 0.648699 -0.035698
v -0.080608 0.641385 -0.037180
v -0.085835 0.641361 -0.035136
v -0.078819 0.632886 -0.034947
v -0.083728 0.634237 -0.032664
v -0.076667 0.623690 -0.030019
v -0.081375 0.627420 -0.028030
v -0.084114 0.659227 -0.030198
v -0.082931 0.662374 -0.026418
v -0.075915 0.660567 -0.030464
v -0.081986 0.663235 -0.021431
v -0.072453 0.647689 -0.027310
v -0.071636 0.645216 -0.026231
v -0.074467 0.646219 -0.023142
v -0.072256 0.648407 -0.024890
v -0.071494 0.641590 -0.014376
v -0.071198 0.636156 -0.014269
v -0.070025 0.636370 -0.010119
v -0.069305 0.632105 -0.014619
v -0.068600 0.636655 -0.015837
v -0.068771 0.633384 -0.016073
v -0.067952 0.640610 -0.016298
v -0.069185 0.631716 -0.017439
v -0.070096 0.630038 -0.016168
v -0.068212 0.632683 -0.018089
v -0.067849 0.633709 -0.017303
v -0.066992 0.635480 -0.018203
v -0.067096 0.638313 -0.020506
v -0.069252 0.638466 -0.004265
v -0.067209 0.626946 -0.025553
v -0.070806 0.634795 -0.029841
v -0.078181 0.622324 -0.022150
v -0.074443 0.616759 -0.022473
v -0.072418 0.612656 -0.009086
v -0.073683 0.612894 -0.014787
v -0.074738 0.655593 -0.031647
v -0.074090 0.649298 -0.033272
v -0.064941 0.620489 -0.018322
v -0.072814 0.642522 -0.032427
v -0.079567 0.631060 -0.026593
v -0.076827 0.627433 -0.022436
v -0.082318 0.636033 -0.030166
v -0.071086 0.626682 -0.013916
v -0.074169 0.626009 -0.017907
v -0.075662 0.620648 -0.016017
v -0.073243 0.620475 -0.011175
v -0.074712 0.631009 -0.022107
v -0.078015 0.633833 -0.024868
v -0.071366 0.633101 -0.023340
v -0.074453 0.635942 -0.025562
v -0.069988 0.631801 -0.019927
v -0.071901 0.629621 -0.019027
v -0.067656 0.635021 -0.023829
v -0.070572 0.638977 -0.026740
v -0.067800 0.633276 -0.020095
v -0.077515 0.639386 -0.026104
v -0.074427 0.642307 -0.026921
v -0.077990 0.645795 -0.025090
v -0.080345 0.643381 -0.026104
v -0.080858 0.637609 -0.027194
v -0.083069 0.642206 -0.028725
v -0.083281 0.642026 -0.032506
v -0.083643 0.647672 -0.029877
v -0.084020 0.648602 -0.033316
v -0.081580 0.647398 -0.027191
v -0.080076 0.648328 -0.024957
v -0.084590 0.654736 -0.032579
v -0.083470 0.652877 -0.029504
v -0.082925 0.656905 -0.028037
v -0.082173 0.651364 -0.026941
v -0.081506 0.654478 -0.025763
v -0.080905 0.650622 -0.025316
v -0.080219 0.652286 -0.024127
v -0.078801 0.660694 -0.019216
v -0.077589 0.658776 -0.017746
v -0.080296 0.660773 -0.021984
v -0.078804 0.658162 -0.021837
v -0.077802 0.659395 -0.020553
v -0.076353 0.658299 -0.020288
v -0.077723 0.655820 -0.021236
v -0.075584 0.653903 -0.022708
v -0.019800 0.498572 0.022723
v -0.007893 0.497014 0.024763
v -0.006879 0.506890 0.027530
v -0.018008 0.509066 0.024301
v -0.080221 0.656603 -0.023833
v -0.079146 0.653920 -0.022286
v -0.081547 0.659542 -0.025393
v -0.076768 0.649925 -0.024831
v -0.077708 0.651666 -0.023145
v -0.079086 0.650055 -0.023731
v -0.078074 0.648609 -0.024477
v -0.071755 0.645362 -0.015451
v -0.069416 0.643676 -0.018945
v -0.069405 0.640965 -0.022908
v -0.053912 0.486966 0.005720
v -0.049651 0.495757 0.002914
v -0.063321 0.502836 -0.009682
v -0.069306 0.495884 -0.006752
v -0.066285 0.465118 0.023233
v -0.088574 0.474803 0.009128
v -0.087999 0.451817 0.028314
v -0.068608 0.446651 0.034307
v -0.086232 0.432479 0.042851
v -0.068565 0.429236 0.045733
v -0.081066 0.382766 0.076862
v -0.064862 0.382440 0.079770
v -0.066059 0.397388 0.068529
v -0.082776 0.398216 0.065737
v -0.100069 0.306309 0.107174
v -0.094353 0.288433 0.104842
v -0.081219 0.292451 0.110165
v -0.088443 0.308535 0.111081
v -0.148454 0.401200 0.040240
v -0.151084 0.421112 0.031862
v -0.160427 0.409549 0.030103
v -0.156565 0.389889 0.036902
v -0.103803 0.514440 -0.035934
v -0.098175 0.498149 -0.012802
v -0.087234 0.501500 -0.019620
v -0.094345 0.516254 -0.039268
v -0.143488 0.319052 0.061349
v -0.139124 0.306823 0.069425
v -0.134356 0.316452 0.077129
v -0.137691 0.328423 0.070133
v -0.114691 0.228813 0.061477
v -0.116201 0.209873 0.060828
v -0.101093 0.208654 0.077393
v -0.100188 0.227851 0.076781
v -0.150538 0.252244 -0.004105
v -0.152698 0.250941 -0.031480
v -0.150717 0.235483 -0.032187
v -0.149712 0.234887 -0.005206
v -0.109536 0.380746 0.068630
v -0.096048 0.382220 0.072967
v -0.098176 0.397834 0.062324
v -0.112291 0.396521 0.058222
v -0.264544 0.305164 -0.008648
v -0.251549 0.295318 -0.007808
v -0.238776 0.315325 -0.005123
v -0.251364 0.325519 -0.006570
v -0.152783 0.142832 0.001952
v -0.151940 0.147223 -0.023467
v -0.155106 0.128884 -0.021124
v -0.154993 0.124243 0.004918
v -0.205778 0.442821 -0.001102
v -0.196655 0.457678 0.000332
v -0.202612 0.473789 -0.018900
v -0.213040 0.458216 -0.019118
v -0.147707 0.362864 0.048373
v -0.140511 0.370703 0.054340
v -0.144789 0.384855 0.047454
v -0.151808 0.374799 0.042544
v -0.160531 0.278785 -0.035158
v -0.158656 0.281274 -0.011900
v -0.161881 0.295732 -0.018349
v -0.163903 0.293958 -0.039439
v -0.155256 0.266263 -0.007188
v -0.156651 0.264336 -0.032658
v -0.131753 0.375718 0.059037
v -0.121408 0.378606 0.063988
v -0.124872 0.394649 0.054238
v -0.135329 0.391819 0.050666
v -0.088792 0.272847 0.098745
v -0.072832 0.278044 0.105778
v -0.148957 0.118780 0.029945
v -0.137942 0.113071 0.051930
v -0.136747 0.133248 0.049000
v -0.147454 0.138098 0.026863
v -0.083370 0.245354 0.087572
v -0.084524 0.260202 0.091616
v -0.099565 0.259026 0.082286
v -0.098726 0.244726 0.076488
v -0.122723 0.107750 0.071404
v -0.105526 0.103070 0.090056
v -0.104110 0.125054 0.086670
v -0.121538 0.128702 0.068564
v -0.084471 0.414663 0.054532
v -0.067433 0.412966 0.057274
v -0.119440 0.305643 0.094161
v -0.116776 0.288379 0.090977
v -0.106260 0.287392 0.098416
v -0.110679 0.305561 0.101268
v -0.162950 0.359413 0.018123
v -0.161845 0.374928 0.029976
v -0.168039 0.393725 0.024444
v -0.167386 0.369606 0.013335
v -0.157967 0.111054 -0.018983
v -0.157489 0.106087 0.007183
v -0.124050 0.086758 0.073840
v -0.106460 0.081287 0.092416
v -0.177626 0.354667 -0.058586
v -0.174462 0.348347 -0.054485
v -0.175154 0.350110 -0.037347
v -0.177812 0.358308 -0.043001
v -0.049730 0.310766 0.113767
v -0.064896 0.319628 0.113453
v -0.070641 0.302787 0.113771
v -0.058161 0.290200 0.111599
v -0.114488 0.272609 0.082919
v -0.113344 0.260055 0.072850
v -0.102601 0.271436 0.091024
v -0.033746 0.301016 0.110846
v -0.043882 0.274596 0.106523
v -0.050306 0.410192 0.059617
v -0.049250 0.395707 0.070954
v -0.050490 0.425735 0.049165
v -0.032767 0.422808 0.052625
v -0.031212 0.439227 0.043482
v -0.049107 0.442230 0.039281
v -0.028241 0.455563 0.035776
v -0.045975 0.459039 0.031132
v -0.036974 0.481097 0.015454
v -0.034305 0.491110 0.013625
v -0.156922 0.362641 0.034695
v -0.152769 0.352307 0.039489
v -0.139447 0.093008 0.054190
v -0.108928 0.442773 -0.128110
v -0.106970 0.423859 -0.133093
v -0.124494 0.429393 -0.128083
v -0.126660 0.447689 -0.123124
v -0.114455 0.515692 -0.033989
v -0.111976 0.500590 -0.009294
v -0.166940 0.375336 -0.105474
v -0.160802 0.369729 -0.109151
v -0.161554 0.357325 -0.103169
v -0.166279 0.365366 -0.100441
v -0.174440 0.356683 -0.081561
v -0.175107 0.352338 -0.084049
v -0.176088 0.358344 -0.091279
v -0.173534 0.363477 -0.088425
v -0.148383 0.132626 -0.044460
v -0.144319 0.150440 -0.047419
v -0.129146 0.264341 -0.099523
v -0.140902 0.256970 -0.078981
v -0.147454 0.271607 -0.077921
v -0.137616 0.279707 -0.096888
v -0.015626 0.411764 -0.132733
v -0.015789 0.396040 -0.134950
v -0.034290 0.399582 -0.138547
v -0.034323 0.415541 -0.136105
v -0.071817 0.446344 -0.132808
v -0.072577 0.462472 -0.127436
v -0.052063 0.452873 -0.130233
v -0.052552 0.437996 -0.134844
v -0.090308 0.436462 -0.133591
v -0.089160 0.417933 -0.138125
v -0.162130 0.295766 -0.059042
v -0.158531 0.281122 -0.057024
v -0.166133 0.315282 -0.063317
v -0.167025 0.315050 -0.046532
v -0.168552 0.322240 -0.048295
v -0.167704 0.322553 -0.064054
v -0.086052 0.519960 -0.041840
v -0.084973 0.524741 -0.064457
v -0.095034 0.521665 -0.062004
v -0.050228 0.501571 -0.108059
v -0.049828 0.495583 -0.112352
v -0.063579 0.501150 -0.107031
v -0.060634 0.506248 -0.103413
v -0.038399 0.326708 -0.142026
v -0.017430 0.325618 -0.140909
v -0.017197 0.304516 -0.137809
v -0.039691 0.304239 -0.139284
v -0.166846 0.332263 -0.077632
v -0.169427 0.339466 -0.078125
v -0.167780 0.346402 -0.087255
v -0.164444 0.338389 -0.087900
v -0.161455 0.331411 -0.088596
v -0.158406 0.324220 -0.089305
v -0.162825 0.318603 -0.077161
v -0.164849 0.325843 -0.077473
v -0.145349 0.294214 -0.093821
v -0.153664 0.286596 -0.076681
v -0.157740 0.300541 -0.076498
v -0.151443 0.307083 -0.091965
v -0.014090 0.235067 -0.122575
v -0.034105 0.233375 -0.125556
v -0.035340 0.257066 -0.130453
v -0.014714 0.258056 -0.128455
v -0.180878 0.364310 -0.016106
v -0.181415 0.369373 -0.001423
v -0.184422 0.361433 -0.006803
v -0.182712 0.354527 -0.023320
v -0.188849 0.369916 -0.103749
v -0.195773 0.364635 -0.104443
v -0.199620 0.369916 -0.105550
v -0.192470 0.376318 -0.105532
v -0.183922 0.334261 -0.042979
v -0.186412 0.341809 -0.028012
v -0.193007 0.326128 -0.031083
v -0.189578 0.319079 -0.046854
v -0.123929 0.517454 -0.062690
v -0.125814 0.517174 -0.032906
v -0.114180 0.518643 -0.061385
v -0.177533 0.339462 -0.065905
v -0.180171 0.329389 -0.070279
v -0.180976 0.332033 -0.081919
v -0.176256 0.341517 -0.078094
v -0.276528 0.314946 -0.017083
v -0.262999 0.335099 -0.015732
v -0.197266 0.300683 -0.063306
v -0.200090 0.301079 -0.076302
v -0.187065 0.315613 -0.073833
v -0.187055 0.315639 -0.061109
v -0.121373 0.248381 -0.100108
v -0.135330 0.242048 -0.080277
v -0.120204 0.136567 -0.081962
v -0.136080 0.135015 -0.065218
v -0.131399 0.153404 -0.068311
v -0.115763 0.155741 -0.085181
v -0.151191 0.114636 -0.043026
v -0.123754 0.117088 -0.079883
v -0.139691 0.116333 -0.063501
v -0.066853 0.531914 -0.060887
v -0.058264 0.530719 -0.076151
v -0.065110 0.525466 -0.080984
v -0.075515 0.528579 -0.063601
v -0.173289 0.003841 -0.044140
v -0.173129 -0.022865 -0.047654
v -0.179560 -0.024514 -0.018191
v -0.178176 0.000592 -0.013981
v -0.034438 0.513636 -0.099909
v -0.051119 0.519550 -0.092506
v -0.045658 0.526150 -0.086563
v -0.031102 0.521372 -0.092609
v -0.175965 0.024058 -0.013419
v -0.172373 0.028769 -0.042589
v -0.069760 0.525678 -0.041719
v -0.078084 0.522735 -0.042565
v -0.073546 0.511819 -0.025166
v -0.065725 0.516647 -0.025010
v -0.057754 0.510075 -0.009678
v -0.179628 -0.030075 0.011237
v -0.175744 -0.006725 0.013576
v -0.051673 0.535617 -0.070465
v -0.040477 0.532394 -0.079890
v -0.028140 0.529702 -0.085678
v -0.014821 0.528743 -0.089001
v -0.155326 0.096927 -0.042216
v -0.160925 0.093436 -0.017478
v -0.126504 -0.127211 -0.115528
v -0.098864 -0.133568 -0.123819
v -0.099445 -0.147127 -0.113509
v -0.132894 -0.142450 -0.105226
v -0.026547 -0.126378 -0.126629
v -0.025548 -0.140633 -0.111774
v -0.063060 -0.146834 -0.114838
v -0.065621 -0.133283 -0.128158
v -0.030466 -0.003941 -0.143756
v -0.060556 -0.003820 -0.143835
v -0.060832 0.017808 -0.136239
v -0.031539 0.017834 -0.137123
v -0.128227 0.098834 -0.080392
v -0.144070 0.098375 -0.063553
v -0.159118 0.088300 0.008907
v -0.198431 -0.150787 0.024951
v -0.201883 -0.144401 -0.014718
v -0.206070 -0.177170 -0.016430
v -0.204237 -0.184296 0.021200
v -0.170730 -0.179507 -0.076620
v -0.167349 -0.152619 -0.080782
v -0.136091 -0.161739 -0.098028
v -0.140095 -0.184905 -0.091907
v -0.088067 0.076534 0.109620
v -0.106219 0.060251 0.092821
v -0.087464 0.054616 0.109181
v -0.027576 0.066072 0.137058
v -0.050058 0.069120 0.132085
v -0.046969 0.046481 0.131155
v -0.025396 0.043773 0.136275
v -0.025357 -0.073259 0.112307
v -0.011237 -0.072559 0.116228
v -0.013893 -0.049271 0.120032
v -0.030306 -0.048704 0.115372
v -0.166406 -0.015036 0.039069
v -0.147992 -0.023216 0.061395
v -0.146798 -0.003834 0.059937
v -0.163967 0.005253 0.038925
v -0.024975 -0.151158 -0.093934
v -0.060758 -0.159678 -0.099792
v -0.190635 -0.193134 0.057594
v -0.182905 -0.158920 0.061102
v -0.164207 -0.202558 0.085422
v -0.129527 -0.209005 0.095115
v -0.124096 -0.177459 0.098832
v -0.157548 -0.169563 0.087974
v -0.013551 -0.150079 0.057085
v -0.023959 -0.131519 0.083629
v -0.032093 -0.142750 0.078310
v -0.017934 -0.157365 0.053897
v -0.027206 -0.092475 -0.143045
v -0.027326 -0.110290 -0.136139
v -0.062658 -0.115957 -0.138869
v -0.060733 -0.096269 -0.145513
v -0.105157 0.117161 -0.091414
v -0.109412 0.097963 -0.092902
v -0.085763 0.116692 -0.098767
v -0.102088 0.137339 -0.093993
v -0.082502 0.138035 -0.100912
v -0.083719 0.266332 -0.126048
v -0.104012 0.256374 -0.115291
v -0.112702 0.272932 -0.115905
v -0.092670 0.284919 -0.127818
v -0.052587 0.404971 -0.141331
v -0.052738 0.421881 -0.138365
v -0.099564 -0.185673 -0.097440
v -0.054069 -0.179622 -0.087744
v -0.076519 -0.213797 -0.085370
v -0.113389 -0.213544 -0.091492
v -0.174474 -0.208390 -0.073609
v -0.195989 -0.206524 -0.050660
v -0.193821 -0.174994 -0.051258
v -0.209087 -0.209369 -0.017909
v -0.208652 -0.216597 0.019497
v -0.168466 -0.235562 0.082245
v -0.133566 -0.241316 0.090148
v -0.044342 -0.219082 0.052346
v -0.066238 -0.218534 0.072657
v -0.071059 -0.243953 0.064546
v -0.050283 -0.242920 0.042023
v -0.064535 -0.074985 0.097169
v -0.097976 -0.053200 0.088358
v -0.102000 -0.075201 0.090135
v -0.074485 -0.096645 0.095414
v -0.032648 0.088867 0.135787
v -0.050819 0.092628 0.131275
v -0.068885 0.072614 0.123228
v -0.068863 0.095935 0.122438
v -0.087412 0.099206 0.108072
v -0.044278 0.186854 0.120779
v -0.065811 0.186988 0.110260
v -0.065351 0.165439 0.114319
v -0.044038 0.164553 0.124980
v -0.044665 0.209100 0.115719
v -0.066410 0.208927 0.106252
v -0.043176 0.251429 0.102890
v -0.066132 0.264379 0.099885
v -0.064823 0.247855 0.096538
v -0.032999 0.407051 0.062395
v -0.032287 0.392489 0.072782
v -0.170641 -0.037092 0.038970
v -0.029943 -0.190577 -0.060833
v -0.022970 -0.201773 -0.032107
v -0.035119 -0.227022 -0.040504
v -0.048304 -0.219366 -0.066862
v -0.173163 0.015337 0.014104
v -0.150634 0.100005 0.032315
v -0.151749 0.081354 0.033727
v -0.141892 0.256383 0.027343
v -0.141256 0.234721 0.021581
v -0.078280 0.325089 0.111262
v -0.079558 0.312429 0.112986
v -0.190671 -0.144121 -0.052607
v -0.171733 -0.267135 0.076804
v -0.172989 -0.297182 0.070963
v -0.140050 -0.302999 0.076533
v -0.137145 -0.272941 0.083927
v -0.049386 -0.266610 0.005935
v -0.058754 -0.269651 0.031491
v -0.068606 -0.297134 0.021181
v -0.061502 -0.294742 -0.003944
v -0.073725 -0.322818 -0.011548
v -0.079380 -0.326448 0.013371
v -0.087020 -0.355037 0.004486
v -0.083440 -0.350156 -0.019490
v -0.195182 -0.226999 0.055862
v -0.212891 -0.279795 0.017461
v -0.199804 -0.289512 0.049366
v -0.197991 -0.259028 0.052590
v -0.211399 -0.249018 0.019114
v -0.147428 -0.212160 -0.086954
v -0.038106 -0.240227 0.016549
v -0.030629 -0.217797 0.027597
v -0.068630 -0.286983 -0.052594
v -0.084761 -0.281656 -0.073075
v -0.068195 -0.251514 -0.070544
v -0.051994 -0.257387 -0.047180
v -0.187542 -0.264302 -0.069299
v -0.204826 -0.265101 -0.046183
v -0.200914 -0.236217 -0.047735
v -0.181346 -0.236502 -0.070882
v -0.211689 -0.240475 -0.016184
v -0.213245 -0.270913 -0.015960
v -0.215876 -0.338520 0.015050
v -0.200692 -0.347321 0.042316
v -0.200745 -0.318793 0.045813
v -0.214213 -0.309494 0.016259
v -0.217793 -0.329115 -0.016377
v -0.215267 -0.300318 -0.016063
v -0.208544 -0.293916 -0.045472
v -0.212249 -0.322111 -0.044262
v -0.197078 -0.319220 -0.065436
v -0.192662 -0.291662 -0.067704
v -0.171086 -0.293509 -0.082673
v -0.177501 -0.319737 -0.080041
v -0.146005 -0.297396 -0.088516
v -0.120843 -0.302577 -0.085221
v -0.132469 -0.327853 -0.083579
v -0.155123 -0.323041 -0.085846
v -0.095823 -0.340072 -0.060856
v -0.111645 -0.334000 -0.075827
v -0.098806 -0.308828 -0.074675
v -0.083339 -0.314572 -0.056787
v -0.141616 -0.440407 -0.075890
v -0.158424 -0.433828 -0.079636
v -0.145765 -0.407714 -0.079278
v -0.128114 -0.414380 -0.074219
v -0.174690 -0.428069 -0.084440
v -0.192400 -0.423219 -0.084502
v -0.180955 -0.398188 -0.081940
v -0.164149 -0.402333 -0.081790
v -0.212877 -0.396991 -0.060301
v -0.198134 -0.395932 -0.075370
v -0.208760 -0.420959 -0.077236
v -0.222467 -0.422167 -0.061819
v -0.235626 -0.424962 -0.042884
v -0.228641 -0.399815 -0.042115
v -0.236056 -0.432338 -0.018728
v -0.232578 -0.407118 -0.017875
v -0.220175 -0.417429 0.008447
v -0.225250 -0.441610 0.007171
v -0.109067 -0.434283 -0.025465
v -0.120274 -0.460238 -0.031771
v -0.119189 -0.454211 -0.051331
v -0.106822 -0.428715 -0.044576
v -0.136559 -0.437288 0.015951
v -0.153369 -0.436070 0.039046
v -0.159879 -0.460326 0.028204
v -0.145367 -0.461515 0.005733
v -0.221034 -0.356073 -0.016939
v -0.217382 -0.365830 0.013696
v -0.201127 -0.345949 -0.062588
v -0.216104 -0.348928 -0.042999
v -0.106686 -0.364717 -0.065382
v -0.123311 -0.358300 -0.076857
v -0.094647 -0.382125 -0.004972
v -0.091265 -0.377013 -0.027541
v -0.177567 -0.407832 0.051811
v -0.175406 -0.381483 0.054796
v -0.201325 -0.374801 0.040049
v -0.202828 -0.400980 0.037695
v -0.227190 -0.381822 -0.017103
v -0.221476 -0.374595 -0.042397
v -0.206031 -0.371746 -0.060632
v -0.190392 -0.370745 -0.075367
v -0.172084 -0.373141 -0.081298
v -0.153236 -0.377218 -0.080639
v -0.134250 -0.382463 -0.077941
v -0.116968 -0.389221 -0.069871
v -0.098579 -0.402880 -0.036277
v -0.101857 -0.408713 -0.015449
v -0.185029 -0.455679 0.037902
v -0.180820 -0.433040 0.047366
v -0.206064 -0.425432 0.033805
v -0.210432 -0.448710 0.029039
v -0.190018 -0.476166 0.025942
v -0.169352 -0.480828 0.016750
v -0.187295 -0.453636 -0.087928
v -0.204570 -0.448756 -0.086320
v -0.220359 -0.446546 -0.079017
v -0.244171 -0.449691 -0.044016
v -0.240946 -0.458024 -0.018045
v -0.228653 -0.466896 0.006324
v -0.212152 -0.470235 0.022325
v -0.147504 -0.504412 -0.057197
v -0.134560 -0.478389 -0.053672
v -0.134962 -0.483174 -0.036103
v -0.148162 -0.507853 -0.039894
v -0.166098 -0.493238 -0.084131
v -0.181056 -0.486321 -0.093455
v -0.171165 -0.459888 -0.082036
v -0.156021 -0.465972 -0.075202
v -0.199579 -0.480370 -0.096804
v -0.217735 -0.475644 -0.093258
v -0.234387 -0.472016 -0.084966
v -0.253953 -0.476093 -0.044766
v -0.235459 -0.446349 -0.064639
v -0.248129 -0.471607 -0.068562
v -0.248879 -0.484575 -0.014777
v -0.237036 -0.524373 0.004732
v -0.227997 -0.495923 0.007654
v -0.259033 -0.512561 -0.014663
v -0.236663 -0.625406 -0.008443
v -0.261709 -0.617071 -0.008246
v -0.267125 -0.651517 -0.014726
v -0.245461 -0.659200 -0.014658
v -0.157616 -0.535663 -0.044041
v -0.155831 -0.533568 -0.064267
v -0.173744 -0.523438 -0.094340
v -0.191282 -0.515784 -0.103327
v -0.276943 -0.532507 -0.049659
v -0.265884 -0.503431 -0.045208
v -0.260659 -0.499240 -0.071458
v -0.271595 -0.528885 -0.075966
v -0.181789 -0.630532 -0.056192
v -0.180948 -0.629296 -0.076099
v -0.169669 -0.596897 -0.074355
v -0.170952 -0.598635 -0.052685
v -0.197882 -0.547691 -0.111215
v -0.180296 -0.555502 -0.101326
v -0.188779 -0.587713 -0.105689
v -0.206616 -0.580629 -0.114966
v -0.290240 -0.600687 -0.054556
v -0.285081 -0.565021 -0.052685
v -0.280889 -0.561873 -0.078652
v -0.286981 -0.598255 -0.079143
v -0.246458 -0.552722 0.001664
v -0.269373 -0.541188 -0.018942
v -0.276998 -0.572472 -0.023402
v -0.255831 -0.583645 -0.003260
v -0.218819 -0.561498 0.000429
v -0.228277 -0.592049 -0.003588
v -0.212494 -0.697064 -0.074596
v -0.196125 -0.662355 -0.075620
v -0.196869 -0.664528 -0.057893
v -0.214032 -0.700208 -0.059040
v -0.217632 -0.614628 -0.113977
v -0.200074 -0.621099 -0.105033
v -0.213653 -0.655378 -0.101486
v -0.229221 -0.650036 -0.109206
v -0.297482 -0.678468 -0.057113
v -0.294054 -0.638752 -0.056276
v -0.290888 -0.637249 -0.078607
v -0.293750 -0.677013 -0.078044
v -0.273595 -0.688826 -0.021068
v -0.286835 -0.643418 -0.030607
v -0.291698 -0.682227 -0.035024
v -0.278649 -0.726273 -0.024406
v -0.262115 -0.732070 -0.023701
v -0.253887 -0.695412 -0.020729
v -0.229172 -0.733519 -0.059526
v -0.226542 -0.731540 -0.073697
v -0.236283 -0.726234 -0.094239
v -0.248116 -0.721025 -0.101372
v -0.239662 -0.685749 -0.104523
v -0.226349 -0.690871 -0.097417
v -0.272932 -0.680116 -0.102618
v -0.256269 -0.682064 -0.106492
v -0.263412 -0.717497 -0.103090
v -0.278377 -0.715931 -0.098778
v -0.295153 -0.713708 -0.076660
v -0.285567 -0.677790 -0.093259
v -0.288437 -0.714235 -0.089998
v -0.299612 -0.714564 -0.057413
v -0.294980 -0.719485 -0.036294
v -0.010917 -0.166572 -0.036266
v -0.013275 -0.177037 -0.006249
v -0.016684 -0.185487 -0.020183
v -0.017697 -0.171978 -0.050176
v -0.085561 -0.301685 0.046821
v -0.077995 -0.271839 0.056334
v -0.099705 -0.359076 0.028593
v -0.093816 -0.331443 0.038346
v -0.106723 -0.385950 0.018058
v -0.113772 -0.411895 0.006628
v -0.120327 -0.438335 -0.004561
v -0.130263 -0.463148 -0.013200
v -0.143548 -0.486195 -0.017955
v -0.156363 -0.510816 -0.020216
v -0.174742 -0.565759 -0.027065
v -0.164038 -0.566409 -0.049116
v -0.167275 -0.536804 -0.023606
v -0.192582 -0.630774 -0.033451
v -0.182140 -0.597397 -0.029986
v -0.206882 -0.665930 -0.037992
v -0.222216 -0.701664 -0.041981
v -0.236728 -0.734956 -0.043761
v -0.087253 -0.159595 0.096533
v -0.059940 -0.171631 0.085467
v -0.058545 -0.153055 0.089379
v -0.083837 -0.136642 0.097412
v -0.006154 -0.159406 0.023088
v -0.008662 -0.157841 0.038053
v -0.012529 -0.162306 0.035339
v -0.009086 -0.162469 0.019578
v -0.219127 -0.391842 0.011865
v -0.183718 -0.345556 -0.076848
v -0.163628 -0.348280 -0.082434
v -0.143141 -0.352611 -0.081511
v -0.128349 -0.414282 0.029178
v -0.124075 -0.387789 0.039109
v -0.146518 -0.386176 0.053667
v -0.149398 -0.411604 0.046814
v -0.209757 -0.535683 0.004230
v -0.194788 -0.564858 -0.011140
v -0.185813 -0.537501 -0.006703
v -0.202690 -0.512109 0.009032
v -0.230557 -0.502728 -0.101848
v -0.248045 -0.498959 -0.091117
v -0.219520 -0.539291 -0.113806
v -0.240870 -0.532364 -0.110050
v -0.211048 -0.508600 -0.104830
v -0.115595 -0.334634 0.058262
v -0.142707 -0.331994 0.068404
v -0.144743 -0.359659 0.060301
v -0.119185 -0.361363 0.048723
v -0.126405 0.171365 -0.071775
v -0.111315 0.175014 -0.087818
v -0.135414 0.283890 0.066127
v -0.138196 0.271007 0.049982
v -0.126298 0.263762 0.062089
v -0.125565 0.276653 0.074734
v -0.146485 0.282030 0.041102
v -0.142778 0.294198 0.058264
v -0.147795 0.307190 0.049809
v -0.151631 0.295373 0.033429
v -0.164837 0.349006 0.002323
v -0.168475 0.356139 -0.001813
v -0.044261 0.230823 0.109759
v -0.020842 0.229701 0.114274
v -0.020299 0.250111 0.107132
v -0.067688 0.049854 0.122247
v -0.072153 -0.042117 0.099942
v -0.041662 -0.074775 0.106355
v -0.049093 -0.046924 0.108668
v -0.007214 -0.136280 0.082252
v -0.054961 0.229307 -0.124069
v -0.056994 0.252817 -0.128158
v -0.033825 0.430764 -0.133193
v -0.015462 0.426552 -0.130321
v -0.032749 0.458085 -0.125955
v -0.031956 0.470372 -0.122159
v -0.014891 0.464975 -0.120638
v -0.015104 0.452982 -0.124435
v -0.015755 0.519144 -0.095920
v -0.016957 0.509247 -0.102651
v -0.006350 -0.160140 0.003288
v -0.011010 -0.166499 0.014531
v -0.007238 -0.161634 -0.006843
v -0.040821 -0.198225 0.061353
v -0.026811 -0.199704 0.038225
v -0.024957 -0.185185 0.045807
v -0.038800 -0.180835 0.068126
v -0.191387 -0.119059 0.029522
v -0.197617 -0.112037 -0.010008
v -0.099677 -0.164578 -0.104170
v -0.230218 0.269834 -0.078453
v -0.237838 0.273538 -0.088703
v -0.222264 0.289486 -0.089010
v -0.214559 0.286047 -0.077829
v -0.061074 0.328815 -0.141634
v -0.068872 0.302261 -0.136505
v -0.079898 0.507270 -0.023412
v -0.151794 0.514605 -0.028640
v -0.150606 0.501359 -0.002645
v -0.138121 0.503324 -0.005632
v -0.138127 0.516859 -0.031259
v -0.143347 0.467457 -0.109165
v -0.145181 0.484171 -0.096659
v -0.131250 0.484628 -0.103042
v -0.129079 0.466087 -0.115161
v -0.028652 -0.026321 -0.147720
v -0.059569 -0.026602 -0.149118
v -0.036853 0.163251 -0.108672
v -0.057818 0.161037 -0.108742
v -0.054579 0.182941 -0.114149
v -0.034207 0.186038 -0.114340
v -0.091839 0.316417 -0.134555
v -0.107690 0.300863 -0.125215
v -0.030343 0.326202 0.109013
v -0.029919 0.346313 0.102106
v -0.046983 0.350006 0.101778
v -0.047130 0.332000 0.109403
v -0.223339 0.328075 -0.102384
v -0.203452 0.336357 -0.100910
v -0.198750 0.326326 -0.095443
v -0.215662 0.313408 -0.097578
v -0.185866 -0.110035 -0.055377
v -0.162782 -0.129017 -0.087598
v -0.140076 0.203929 -0.057499
v -0.127385 0.207912 -0.080102
v -0.125272 0.189483 -0.076434
v -0.138436 0.185576 -0.054757
v -0.148736 0.252667 -0.056193
v -0.145221 0.237662 -0.057417
v -0.153738 0.266295 -0.056112
v -0.171516 0.353529 -0.077828
v -0.172941 0.348839 -0.068013
v -0.175332 0.354006 -0.071071
v -0.062080 -0.193215 0.080247
v -0.051659 -0.120866 0.093335
v -0.042847 -0.107132 0.095530
v -0.004165 -0.157762 0.009182
v -0.059478 0.523933 -0.022879
v -0.054386 0.519401 -0.007098
v -0.179956 0.341681 -0.052259
v -0.181747 0.329845 -0.057213
v -0.170302 0.328803 -0.049469
v -0.169112 0.332735 -0.032419
v -0.171972 0.338732 -0.034505
v -0.172646 0.335356 -0.051749
v -0.171510 0.335884 -0.066543
v -0.169233 0.328643 -0.065103
v -0.138884 0.409331 0.042382
v -0.127392 0.413100 0.044755
v -0.128658 0.432922 0.034357
v -0.140349 0.428900 0.033066
v -0.114714 0.414442 0.047599
v -0.100360 0.414951 0.051254
v -0.102353 0.433798 0.039367
v -0.116348 0.433787 0.036302
v -0.076680 0.488374 -0.000601
v -0.060240 0.479139 0.013810
v -0.041399 0.472126 0.022963
v -0.025273 0.468100 0.028785
v -0.017088 0.498902 -0.108630
v -0.016024 0.486929 -0.112902
v -0.034197 0.491373 -0.113477
v -0.038637 0.503585 -0.107073
v -0.047030 0.505583 0.004063
v -0.033211 0.501694 0.015452
v -0.021051 0.487960 0.021857
v -0.285747 0.320562 -0.030595
v -0.272305 0.340938 -0.030396
v -0.059031 0.535870 -0.055958
v -0.061687 0.530762 -0.038885
v -0.277839 0.343877 -0.048053
v -0.290877 0.323184 -0.047489
v -0.122666 0.479895 0.010648
v -0.125445 0.502838 -0.007561
v -0.135487 0.481252 0.011547
v -0.044652 0.515426 0.006985
v -0.031322 0.511834 0.018061
v -0.191488 -0.081838 -0.002127
v -0.183586 -0.089334 0.033018
v -0.145530 0.157168 0.023902
v -0.149905 0.161026 -0.000971
v -0.021477 0.186091 0.126427
v -0.021456 0.163543 0.130696
v -0.006028 0.516772 0.030792
v -0.047468 0.117370 0.130027
v -0.025230 0.112926 0.134574
v -0.022731 0.139424 0.133142
v -0.045190 0.141708 0.128054
v -0.018186 0.086604 0.136676
v -0.016868 0.074734 0.137342
v -0.020614 -0.093028 0.107831
v -0.009186 -0.092024 0.111201
v -0.220459 0.379840 0.000286
v -0.212277 0.396146 0.003075
v -0.221471 0.411723 -0.006315
v -0.230567 0.393477 -0.009948
v -0.067168 0.120357 0.120251
v -0.086204 0.122469 0.105009
v -0.159319 0.350070 0.022161
v -0.161072 0.340802 0.005937
v -0.019613 0.271441 0.107203
v -0.063023 0.336846 0.108275
v -0.063189 0.352363 0.100176
v -0.078533 0.353760 0.097288
v -0.078085 0.339500 0.105603
v -0.003260 -0.158307 0.001790
v -0.218608 0.403982 -0.098583
v -0.210206 0.413594 -0.100862
v -0.206132 0.403601 -0.104782
v -0.214873 0.394937 -0.102512
v -0.019622 -0.195932 0.010231
v -0.024827 -0.211972 -0.001239
v -0.020311 -0.157846 -0.073852
v -0.007161 -0.155956 -0.057013
v -0.099835 -0.244653 0.082633
v -0.095344 -0.214229 0.089140
v -0.104854 -0.275011 0.075590
v -0.110486 -0.305641 0.067063
v -0.157441 -0.484879 -0.001574
v -0.174890 -0.509786 -0.000633
v -0.204178 -0.595604 -0.015163
v -0.214010 -0.628596 -0.019856
v -0.225568 -0.663795 -0.024681
v -0.237172 -0.700231 -0.029905
v -0.247954 -0.735107 -0.031217
v -0.291096 0.321017 -0.064531
v -0.277742 0.343334 -0.066793
v -0.273264 0.335458 -0.081102
v -0.287356 0.314690 -0.078553
v -0.198748 0.303448 -0.049315
v -0.202852 0.309185 -0.034114
v -0.214265 0.291919 -0.036142
v -0.211004 0.287656 -0.051101
v -0.224112 0.270644 -0.052768
v -0.225378 0.269057 -0.066352
v -0.210907 0.285690 -0.065012
v -0.247976 0.280942 -0.096097
v -0.258948 0.289849 -0.099168
v -0.242607 0.308175 -0.100425
v -0.232289 0.297012 -0.096924
v -0.280161 0.306968 -0.089851
v -0.266005 0.326180 -0.091367
v -0.255559 0.317310 -0.098348
v -0.270339 0.298346 -0.097186
v -0.239965 0.286413 -0.013838
v -0.231397 0.279324 -0.024676
v -0.219757 0.298349 -0.022096
v -0.228046 0.305938 -0.011126
v -0.230404 0.424001 -0.021856
v -0.239196 0.403537 -0.025178
v -0.171767 0.378040 0.008253
v -0.175345 0.392408 0.017535
v -0.181573 0.387014 0.014212
v -0.177004 0.377674 0.003389
v -0.249939 0.355133 -0.014017
v -0.239588 0.374569 -0.011957
v -0.248639 0.382688 -0.027595
v -0.259708 0.361576 -0.029556
v -0.215550 0.324650 -0.007558
v -0.208208 0.316735 -0.019281
v -0.197762 0.334296 -0.015963
v -0.204556 0.342033 -0.003250
v -0.206414 0.305071 -0.088167
v -0.191442 0.319357 -0.085431
v -0.201709 0.379745 0.008233
v -0.208212 0.365358 0.004472
v -0.155910 0.340722 0.026465
v -0.165170 0.318130 -0.027297
v -0.167017 0.326183 -0.030220
v -0.125610 0.291503 0.083726
v -0.126518 0.306537 0.087116
v -0.154930 0.286915 0.011970
v -0.158037 0.300828 0.004216
v -0.133142 0.297340 0.076573
v -0.131397 0.307351 0.081121
v -0.084184 0.228304 0.090168
v -0.022306 0.477808 0.022949
v -0.228488 0.362790 -0.002236
v -0.215602 0.351538 0.001068
v -0.190155 0.344835 -0.098171
v -0.180707 0.352659 -0.094988
v -0.177596 0.346534 -0.087936
v -0.185555 0.337600 -0.091669
v -0.124280 0.339358 -0.124394
v -0.109566 0.328481 -0.130206
v -0.121746 0.314485 -0.120813
v -0.133590 0.326809 -0.115551
v -0.227880 0.413852 -0.086503
v -0.234385 0.414705 -0.076659
v -0.225232 0.431147 -0.076294
v -0.219368 0.426856 -0.087387
v -0.230854 0.433306 -0.061600
v -0.240595 0.413771 -0.062689
v -0.243189 0.409899 -0.044517
v -0.233770 0.431090 -0.042397
v -0.173684 -0.048679 -0.054569
v -0.182698 -0.049802 -0.025483
v -0.139874 0.073436 0.055317
v -0.124154 0.066409 0.074668
v -0.098582 -0.028966 0.089028
v -0.035018 -0.154649 0.076296
v -0.020489 -0.166037 0.052392
v -0.033786 -0.234818 -0.011644
v -0.184504 -0.054461 0.004161
v -0.047140 -0.262583 -0.020668
v -0.061776 -0.291130 -0.028494
v -0.108862 -0.275978 -0.085681
v -0.136425 -0.271034 -0.089727
v -0.125795 -0.242980 -0.090452
v -0.094689 -0.246183 -0.085865
v -0.163875 -0.266895 -0.084013
v -0.155999 -0.239410 -0.085088
v -0.174529 -0.354025 0.058759
v -0.228179 -0.573090 -0.117800
v -0.258011 -0.603234 -0.111685
v -0.249796 -0.566041 -0.113529
v -0.237947 -0.608752 -0.116353
v -0.268011 -0.562100 -0.099868
v -0.259145 -0.528630 -0.096925
v -0.282280 -0.606618 -0.026459
v -0.247700 -0.645002 -0.111504
v -0.266091 -0.641610 -0.106777
v -0.275523 -0.599059 -0.098721
v -0.281067 -0.638285 -0.095844
v -0.017691 -0.184154 0.020953
v -0.173991 -0.127162 0.063697
v -0.165785 -0.098967 0.066257
v -0.106848 -0.097655 0.094354
v -0.079917 -0.116030 0.096565
v -0.102698 0.145652 0.083285
v -0.120142 0.148465 0.065681
v -0.116920 0.189497 0.061314
v -0.131722 0.192368 0.042511
v -0.133260 0.172580 0.044081
v -0.118408 0.168768 0.063251
v -0.148130 0.197849 -0.005420
v -0.147364 0.200714 -0.032237
v -0.146764 0.182309 -0.030034
v -0.148190 0.179334 -0.003653
v -0.148146 0.164414 -0.026724
v -0.139637 0.167789 -0.050937
v -0.074320 0.201984 -0.114180
v -0.092905 0.197966 -0.105592
v -0.094154 0.218981 -0.110350
v -0.075302 0.224374 -0.118742
v -0.031285 -0.097640 0.102024
v -0.014609 -0.168689 0.032493
v -0.091307 -0.185300 0.094032
v -0.117880 -0.148093 0.099661
v -0.149594 -0.138156 0.088938
v -0.181662 0.346794 -0.038174
v -0.153673 0.362015 -0.112594
v -0.155811 0.349453 -0.105999
v -0.250280 0.393608 -0.065183
v -0.252914 0.389172 -0.046768
v -0.196353 0.356254 0.001617
v -0.213498 0.427558 -0.003048
v -0.204132 0.410152 0.006690
v -0.196549 0.423531 0.010495
v -0.125038 -0.037294 0.076289
v -0.152576 -0.046767 0.062975
v -0.128874 -0.059519 0.080102
v -0.004488 -0.156531 -0.039513
v -0.056145 -0.136518 0.091828
v -0.074825 -0.319022 -0.035008
v -0.085990 -0.345627 -0.041424
v -0.095374 -0.371097 -0.048266
v -0.104592 -0.396197 -0.055209
v -0.114331 -0.421609 -0.061871
v -0.127641 -0.446633 -0.066736
v -0.142925 -0.471869 -0.066976
v -0.154763 -0.499258 -0.072016
v -0.162232 -0.564798 -0.069947
v -0.168226 -0.560762 -0.087707
v -0.161555 -0.529040 -0.081274
v -0.176413 -0.593314 -0.091841
v -0.187286 -0.625892 -0.092541
v -0.202725 -0.659325 -0.090003
v -0.217151 -0.693923 -0.087260
v -0.229072 -0.728868 -0.084851
v -0.003332 -0.155762 -0.011335
v -0.003923 -0.156047 -0.024321
v -0.108207 0.476475 0.009247
v -0.166647 0.340390 -0.014992
v -0.169867 0.346554 -0.017915
v -0.190628 0.367860 0.006129
v -0.251750 0.343578 -0.094350
v -0.258712 0.354660 -0.085591
v -0.189353 0.349604 -0.011669
v -0.172505 0.366481 -0.004728
v -0.176076 0.372451 -0.010605
v -0.398775 0.153888 -0.051076
v -0.400623 0.157019 -0.065170
v -0.408624 0.137344 -0.064128
v -0.405763 0.134136 -0.051011
v -0.391315 0.148544 -0.039818
v -0.398006 0.129153 -0.041440
v -0.336771 0.117332 -0.055235
v -0.344240 0.122778 -0.043602
v -0.355180 0.105482 -0.048469
v -0.348440 0.100663 -0.060387
v -0.394504 0.104607 -0.038184
v -0.383563 0.099138 -0.038978
v -0.375219 0.117058 -0.035226
v -0.387318 0.123095 -0.035786
v -0.336837 0.117573 -0.086047
v -0.343876 0.123615 -0.097250
v -0.330309 0.138392 -0.093993
v -0.323775 0.132639 -0.081584
v -0.294678 0.192153 -0.033287
v -0.287780 0.183827 -0.044154
v -0.279396 0.198750 -0.038427
v -0.287499 0.207843 -0.028984
v -0.383461 0.194536 -0.050728
v -0.382389 0.196708 -0.065933
v -0.391917 0.176896 -0.065618
v -0.391335 0.174123 -0.050780
v -0.350106 0.175805 -0.026408
v -0.335554 0.168071 -0.028683
v -0.326325 0.189941 -0.027364
v -0.341049 0.198062 -0.025932
v -0.374761 0.215960 -0.052090
v -0.371399 0.215999 -0.066831
v -0.367207 0.135410 -0.031447
v -0.354446 0.129096 -0.035659
v -0.345102 0.147922 -0.031474
v -0.359050 0.154804 -0.028357
v -0.363420 0.088102 -0.090971
v -0.371049 0.094018 -0.099797
v -0.357632 0.108902 -0.099070
v -0.350120 0.102865 -0.089139
v -0.374041 0.094016 -0.044338
v -0.366229 0.088917 -0.053065
v -0.364175 0.111303 -0.040164
v -0.411562 0.117785 -0.088114
v -0.415943 0.119090 -0.076232
v -0.407112 0.138453 -0.078080
v -0.401053 0.136441 -0.090351
v -0.314591 0.153492 -0.044488
v -0.323234 0.160430 -0.034700
v -0.333462 0.140942 -0.038687
v -0.325518 0.134956 -0.049786
v -0.377133 0.190213 -0.037128
v -0.384312 0.168781 -0.038480
v -0.389934 0.154258 -0.091645
v -0.397708 0.157813 -0.079309
v -0.387075 0.176641 -0.079915
v -0.378201 0.172692 -0.092591
v -0.352540 0.180875 -0.100184
v -0.338429 0.171025 -0.100679
v -0.352683 0.156352 -0.102807
v -0.366055 0.165252 -0.100727
v -0.304248 0.172957 -0.039200
v -0.298221 0.166324 -0.051673
v -0.311164 0.148226 -0.075718
v -0.316841 0.153178 -0.089399
v -0.303494 0.167961 -0.083623
v -0.298114 0.163930 -0.068705
v -0.340109 0.242753 -0.031493
v -0.350488 0.247726 -0.041999
v -0.359429 0.232226 -0.039145
v -0.347550 0.226480 -0.029248
v -0.363944 0.235583 -0.054389
v -0.353568 0.251082 -0.057559
v -0.329668 0.265572 -0.073708
v -0.319694 0.259455 -0.081208
v -0.326837 0.250279 -0.079104
v -0.338077 0.257026 -0.072624
v -0.323914 0.207918 -0.098332
v -0.309324 0.198719 -0.094747
v -0.323925 0.185350 -0.097978
v -0.338433 0.195032 -0.099473
v -0.285708 0.200872 -0.083678
v -0.278698 0.193263 -0.071282
v -0.290039 0.181419 -0.077314
v -0.298091 0.189323 -0.088323
v -0.250355 0.239898 -0.070059
v -0.247252 0.238827 -0.057299
v -0.255297 0.225755 -0.059293
v -0.259063 0.228081 -0.072125
v -0.260247 0.233612 -0.030987
v -0.252385 0.246309 -0.029339
v -0.261022 0.252831 -0.019212
v -0.269099 0.240654 -0.021339
v -0.312315 0.283269 -0.033258
v -0.318136 0.287109 -0.049142
v -0.327335 0.277458 -0.047877
v -0.320443 0.272705 -0.033367
v -0.311587 0.218416 -0.096684
v -0.295816 0.211413 -0.091549
v -0.266457 0.222468 -0.032575
v -0.275570 0.230370 -0.023510
v -0.281415 0.220130 -0.026130
v -0.272614 0.211633 -0.035077
v -0.299848 0.248698 -0.022783
v -0.314004 0.256571 -0.026034
v -0.319360 0.247008 -0.027219
v -0.305368 0.238595 -0.025468
v -0.327197 0.264090 -0.032924
v -0.334931 0.268891 -0.046201
v -0.342681 0.260273 -0.044475
v -0.333239 0.254579 -0.032388
v -0.304202 0.226631 -0.095976
v -0.314532 0.233698 -0.093003
v -0.306572 0.239914 -0.092802
v -0.296564 0.232918 -0.095331
v -0.275410 0.210015 -0.078533
v -0.269874 0.204076 -0.065860
v -0.311363 0.226380 -0.027337
v -0.298673 0.216959 -0.025462
v -0.293103 0.229215 -0.022770
v -0.344622 0.261837 -0.059975
v -0.256008 0.242528 -0.080477
v -0.262785 0.247011 -0.089310
v -0.252342 0.258130 -0.088723
v -0.245267 0.253820 -0.079482
v -0.240355 0.251880 -0.068498
v -0.237942 0.252340 -0.055400
v -0.243339 0.260613 -0.027277
v -0.251977 0.267502 -0.016811
v -0.263551 0.276008 -0.011269
v -0.276237 0.285558 -0.011605
v -0.286225 0.270153 -0.015422
v -0.273198 0.261032 -0.014363
v -0.299286 0.300501 -0.031451
v -0.304535 0.303191 -0.048134
v -0.317043 0.286318 -0.063627
v -0.304603 0.300767 -0.063899
v -0.261537 0.216202 -0.046487
v -0.255240 0.227907 -0.044500
v -0.378907 0.148722 -0.100773
v -0.366266 0.140586 -0.103915
v -0.379320 0.124438 -0.103694
v -0.391161 0.131803 -0.099533
v -0.380933 0.100997 -0.103403
v -0.367722 0.116613 -0.103674
v -0.380340 0.142120 -0.033015
v -0.372814 0.161940 -0.030746
v -0.404773 0.110109 -0.042459
v -0.325380 0.234625 -0.028242
v -0.332448 0.219430 -0.027305
v -0.309490 0.253366 -0.087956
v -0.312060 0.267770 -0.083308
v -0.302365 0.261154 -0.090670
v -0.325080 0.227531 -0.092850
v -0.338715 0.217989 -0.092589
v -0.349061 0.226594 -0.079475
v -0.333915 0.238206 -0.080337
v -0.289030 0.238932 -0.094970
v -0.299363 0.246420 -0.093764
v -0.291919 0.253513 -0.095222
v -0.281343 0.245666 -0.095030
v -0.300132 0.277157 -0.021544
v -0.307613 0.265386 -0.024161
v -0.293100 0.288903 -0.087865
v -0.303384 0.277029 -0.085224
v -0.311424 0.282139 -0.075453
v -0.300500 0.294663 -0.077151
v -0.320712 0.273452 -0.074530
v -0.283488 0.281995 -0.095266
v -0.293977 0.270376 -0.093075
v -0.289053 0.294319 -0.018289
v -0.272394 0.254399 -0.095268
v -0.283468 0.262491 -0.096499
v -0.272714 0.273803 -0.097806
v -0.261583 0.265383 -0.095343
v -0.354297 0.132007 -0.102872
v -0.340440 0.147050 -0.100634
v -0.276003 0.192462 -0.054157
v -0.285661 0.178844 -0.060778
v -0.268037 0.204914 -0.049452
v -0.333846 0.114993 -0.070787
v -0.346578 0.099520 -0.075354
v -0.309841 0.148391 -0.058706
v -0.321683 0.131261 -0.065133
v -0.365761 0.189028 -0.092299
v -0.272836 0.224506 -0.084025
v -0.267106 0.218420 -0.074519
v -0.281950 0.217678 -0.087463
v -0.238517 0.255788 -0.040700
v -0.247786 0.241156 -0.042864
v -0.295109 0.221267 -0.094447
v -0.225497 0.273881 -0.038097
v -0.347314 0.247396 -0.071245
v -0.335588 0.269719 -0.061425
v -0.326971 0.277344 -0.062688
v -0.416365 0.117858 -0.062721
v -0.364889 0.183029 -0.028663
v -0.317814 0.211002 -0.027384
v -0.305109 0.201497 -0.028418
v -0.279660 0.231202 -0.091576
v -0.271662 0.238060 -0.090349
v -0.264827 0.232562 -0.082013
v -0.293738 0.258064 -0.019294
v -0.280991 0.248985 -0.017262
v -0.359633 0.084662 -0.078425
v -0.287282 0.238864 -0.019896
v -0.359102 0.232548 -0.067967
v -0.015512 0.440135 -0.127617
v -0.150205 0.272278 0.018962
v -0.113055 0.246578 0.063889
v -0.127322 0.250013 0.048267
v -0.161926 0.324058 -0.007671
v -0.164182 0.333197 -0.011668
v -0.174222 0.356347 -0.020086
v -0.176539 0.365365 -0.026639
v -0.154364 0.308142 0.024509
v -0.075816 0.666023 -0.036923
v -0.074044 0.659168 -0.039800
v -0.078210 0.679346 -0.036811
v -0.015573 0.099874 0.134967
v -0.073454 0.652018 -0.025410
v -0.071024 0.643716 -0.027854
v -0.076012 0.647553 -0.025918
v -0.072929 0.653189 -0.023660
v -0.073011 0.654371 -0.023115
v -0.078941 0.681490 -0.026249
v -0.071745 0.650739 -0.040530
v -0.069428 0.641583 -0.039011
v -0.076238 0.668056 -0.020278
v -0.048384 0.093280 -0.106193
v -0.024561 0.092433 -0.106003
v -0.026775 0.074545 -0.113151
v -0.052140 0.075187 -0.111855
v -0.028725 0.056740 -0.121098
v -0.145503 0.024629 -0.093367
v -0.161258 0.027373 -0.069632
v -0.157529 0.047833 -0.067552
v -0.141921 0.046075 -0.089630
v -0.163423 0.064037 -0.041972
v -0.152138 0.065485 -0.065857
v -0.168509 0.047875 -0.041488
v -0.172430 0.043562 -0.013544
v -0.167869 0.060351 -0.014807
v -0.169641 0.035322 0.013322
v -0.165299 0.053613 0.011939
v -0.160965 0.025115 0.037134
v -0.146112 0.015374 0.058698
v -0.124383 -0.015493 0.076062
v -0.101380 -0.004992 0.091426
v -0.125307 0.004881 0.076580
v -0.054776 -0.019635 0.113107
v -0.077106 -0.014338 0.103346
v -0.016870 -0.023975 0.124958
v -0.034775 -0.022542 0.120359
v -0.104769 0.454501 0.025428
v -0.086022 0.517329 -0.083340
v -0.095271 0.514303 -0.083337
v -0.104619 0.519681 -0.060740
v -0.111883 0.461735 -0.121221
v -0.114159 0.481324 -0.110055
v -0.094051 0.472840 -0.120370
v -0.092117 0.454874 -0.127878
v -0.075612 0.508653 -0.097873
v -0.070641 0.511214 -0.096949
v -0.081699 0.505118 -0.100113
v -0.049631 0.487172 -0.116584
v -0.066490 0.495512 -0.111363
v -0.149534 0.513348 -0.056747
v -0.146862 0.501142 -0.080111
v -0.159025 0.498345 -0.075473
v -0.163785 0.509735 -0.052881
v -0.141482 0.450713 -0.118007
v -0.139662 0.433415 -0.123590
v -0.151850 0.435741 -0.119925
v -0.153325 0.451754 -0.113930
v -0.202272 0.481194 -0.042424
v -0.196726 0.478370 -0.064054
v -0.209131 0.465998 -0.062063
v -0.213759 0.466241 -0.041286
v -0.154754 0.467330 -0.104350
v -0.081881 0.335821 -0.140157
v -0.100346 0.344237 -0.136621
v -0.115968 0.352871 -0.131184
v -0.151795 0.375555 -0.117723
v -0.142650 0.368795 -0.121445
v -0.145624 0.354278 -0.116211
v -0.160066 0.382211 -0.114486
v -0.166604 0.385476 -0.109973
v -0.188240 0.404132 0.016162
v -0.180644 0.412568 0.020621
v -0.188219 0.436179 0.013331
v -0.176334 0.381497 -0.100738
v -0.171254 0.383571 -0.101628
v -0.170376 0.376145 -0.097827
v -0.174981 0.375454 -0.097545
v -0.135734 0.515520 -0.060337
v -0.203750 0.459058 -0.078040
v -0.191627 0.468904 -0.079852
v -0.187845 0.457545 -0.092133
v -0.199291 0.449439 -0.089869
v -0.195096 0.440229 -0.099179
v -0.184795 0.446308 -0.102304
v -0.181561 0.434850 -0.108936
v -0.191226 0.430226 -0.105582
v -0.178379 0.388649 -0.103887
v -0.172362 0.391262 -0.105238
v -0.222101 0.441741 -0.019711
v -0.178532 0.501386 -0.021488
v -0.174315 0.485559 0.001691
v -0.162574 0.495310 0.000333
v -0.165211 0.509828 -0.024668
v -0.179744 0.351621 -0.047635
v -0.180623 0.357968 -0.031802
v -0.177254 0.347515 -0.062004
v -0.170706 0.360408 -0.086919
v -0.175619 0.348038 -0.074461
v -0.186080 0.377945 0.010280
v -0.195274 0.393113 0.011763
v -0.168209 0.460606 0.014723
v -0.157717 0.470519 0.014384
v -0.224416 0.449497 -0.041299
v -0.220803 0.450474 -0.061307
v -0.182333 0.375223 -0.102035
v -0.180007 0.369244 -0.099321
v -0.186279 0.364015 -0.101870
v -0.166602 0.355507 -0.094449
v -0.169588 0.369066 -0.093463
v -0.176993 0.503582 -0.049128
v -0.214786 0.445978 -0.077294
v -0.209622 0.438259 -0.089113
v -0.174714 0.449990 -0.106159
v -0.176657 0.462849 -0.095929
v -0.165959 0.466024 -0.100196
v -0.164457 0.451599 -0.110182
v -0.200762 0.422958 -0.103564
v -0.196990 0.412109 -0.106821
v -0.162841 0.436946 -0.116220
v -0.172400 0.436775 -0.112490
v -0.185023 0.382389 -0.104935
v -0.147225 0.477905 0.013063
v -0.143507 0.452163 0.022773
v -0.131578 0.456030 0.022739
v -0.163606 0.434380 0.023453
v -0.153679 0.444623 0.023071
v -0.172727 0.422138 0.023220
v -0.119042 0.455018 0.023359
v -0.287809 0.225528 -0.093163
v -0.183926 0.358458 -0.099385
v -0.192877 0.352374 -0.101453
v -0.194034 0.359134 -0.103234
v -0.239843 0.335275 -0.100183
v 0.000406 0.590604 0.091819
v 0.001009 0.596218 0.094544
v 0.001864 0.616557 0.095622
v 0.001914 0.620247 0.094819
v -0.316077 0.245649 -0.085892
v -0.321624 0.239128 -0.086330
v -0.352430 0.204728 -0.092352
v -0.375479 0.194930 -0.079940
v -0.362803 0.211634 -0.079706
v -0.369310 0.212483 -0.037318
v -0.356670 0.205969 -0.028112
v -0.313566 0.180952 -0.031350
v -0.312132 0.176023 -0.093096
v -0.427711 0.077940 -0.047812
v -0.432743 0.080605 -0.058702
v -0.441386 0.061979 -0.056106
v -0.434811 0.059003 -0.046550
v -0.442385 0.040950 -0.044454
v -0.433011 0.036698 -0.041263
v -0.425956 0.054420 -0.041619
v -0.423835 0.033223 -0.043885
v -0.416490 0.050293 -0.042566
v -0.416037 0.030570 -0.050251
v -0.411416 0.027778 -0.058258
v -0.402505 0.043459 -0.055293
v -0.408188 0.046756 -0.047600
v -0.388062 0.056588 -0.060811
v -0.398748 0.040695 -0.064512
v -0.396820 0.039193 -0.074855
v -0.384727 0.054308 -0.071737
v -0.415082 0.028328 -0.094291
v -0.422238 0.032328 -0.098524
v -0.410462 0.047538 -0.099391
v -0.402591 0.042915 -0.094479
v -0.416787 0.073872 -0.098480
v -0.406846 0.068807 -0.101105
v -0.419786 0.052513 -0.099884
v -0.429253 0.057457 -0.097275
v -0.441137 0.042611 -0.096822
v -0.448438 0.045493 -0.088710
v -0.437109 0.061177 -0.090748
v -0.412653 0.114780 -0.050804
v -0.420115 0.096287 -0.049740
v -0.411788 0.091629 -0.042383
v -0.400083 0.063765 -0.044695
v -0.391812 0.081300 -0.041847
v -0.401693 0.086367 -0.039670
v -0.409051 0.068250 -0.041028
v -0.360584 0.084903 -0.064766
v -0.377178 0.072715 -0.057124
v -0.372719 0.069600 -0.068421
v -0.393228 0.059906 -0.051604
v -0.383746 0.076817 -0.048100
v -0.385036 0.054922 -0.083557
v -0.398052 0.040070 -0.085504
v -0.434138 0.081804 -0.071100
v -0.431774 0.081101 -0.083007
v -0.441926 0.062651 -0.080231
v -0.443384 0.063136 -0.068350
v -0.372509 0.069824 -0.081042
v -0.421692 0.099265 -0.085641
v -0.425005 0.100301 -0.073828
v -0.425685 0.078611 -0.092795
v -0.414282 0.095951 -0.094880
v -0.452332 0.046024 -0.065696
v -0.449779 0.044204 -0.053473
v -0.424740 0.099467 -0.060997
v -0.389510 0.058189 -0.093651
v -0.397434 0.063335 -0.099867
v -0.384294 0.078791 -0.099946
v -0.376563 0.073231 -0.092340
v -0.391912 0.107881 -0.102468
v -0.394014 0.085253 -0.102520
v -0.404365 0.091017 -0.100504
v -0.431443 0.037631 -0.099034
v -0.402738 0.113412 -0.097147
v -0.458375 -0.045178 -0.054965
v -0.450464 -0.039166 -0.053312
v -0.451608 -0.044711 -0.043281
v -0.459836 -0.049896 -0.045534
v -0.433205 -0.032869 -0.035772
v -0.432069 -0.023476 -0.028085
v -0.438072 -0.031327 -0.019286
v -0.438772 -0.039463 -0.025974
v -0.463098 -0.051936 -0.036916
v -0.454223 -0.048024 -0.034829
v -0.466052 -0.048696 -0.030877
v -0.476906 -0.051625 -0.034244
v -0.471395 -0.055628 -0.038117
v -0.484602 -0.056440 -0.035797
v -0.482949 -0.041095 -0.036244
v -0.491318 -0.050301 -0.039736
v -0.489359 -0.030680 -0.061096
v -0.488271 -0.028351 -0.071868
v -0.495628 -0.041066 -0.072390
v -0.495898 -0.043572 -0.060987
v -0.486596 -0.036619 -0.091483
v -0.492001 -0.039571 -0.082116
v -0.485285 -0.026447 -0.080660
v -0.481013 -0.024362 -0.089218
v -0.457066 -0.038610 -0.069805
v -0.449807 -0.031443 -0.070051
v -0.450334 -0.033897 -0.063258
v -0.457668 -0.040454 -0.063767
v -0.466145 -0.044477 -0.019946
v -0.471025 -0.037006 -0.027358
v -0.471475 -0.043691 -0.029190
v -0.464313 -0.047874 -0.021612
v -0.429204 -0.015494 -0.082518
v -0.424527 -0.004253 -0.080920
v -0.425272 -0.004245 -0.072003
v -0.429678 -0.014367 -0.074699
v -0.425473 -0.009441 -0.044203
v -0.425460 -0.003167 -0.051840
v -0.430756 0.006971 -0.041885
v -0.433273 0.000173 -0.036346
v -0.427688 -0.015994 -0.036607
v -0.435506 -0.006288 -0.030406
v -0.439348 -0.014799 -0.023651
v -0.444209 -0.024588 -0.015616
v -0.426153 -0.001922 -0.091499
v -0.429030 -0.010324 -0.094785
v -0.505650 -0.102829 -0.041902
v -0.504403 -0.104296 -0.047454
v -0.501661 -0.099344 -0.046757
v -0.502917 -0.097851 -0.041142
v -0.444813 0.000623 -0.103081
v -0.453973 0.004388 -0.100340
v -0.449271 0.010067 -0.100399
v -0.439828 0.005748 -0.101206
v -0.450568 -0.006414 -0.105671
v -0.459988 -0.002810 -0.100701
v -0.517954 -0.097951 -0.040868
v -0.513572 -0.099294 -0.038161
v -0.511472 -0.093768 -0.038182
v -0.515779 -0.092227 -0.041237
v -0.466862 -0.055691 -0.046003
v -0.464984 -0.051950 -0.054934
v -0.478655 -0.070348 -0.049314
v -0.471680 -0.060845 -0.054222
v -0.473191 -0.061958 -0.044578
v -0.479437 -0.068217 -0.042843
v -0.468441 -0.054272 -0.074227
v -0.462620 -0.045570 -0.074052
v -0.464935 -0.048653 -0.066645
v -0.470769 -0.057752 -0.067007
v -0.457844 -0.045332 -0.086141
v -0.464096 -0.053071 -0.086843
v -0.461484 -0.053088 -0.093493
v -0.455943 -0.046347 -0.092263
v -0.478235 -0.068498 -0.082276
v -0.485981 -0.074671 -0.083145
v -0.485139 -0.073257 -0.088723
v -0.477071 -0.067623 -0.087946
v -0.445176 0.015978 -0.100467
v -0.435632 0.012010 -0.100093
v -0.474772 -0.033872 -0.108556
v -0.465864 -0.034530 -0.113871
v -0.469576 -0.043003 -0.117585
v -0.478829 -0.042172 -0.112108
v -0.462196 0.006474 -0.093631
v -0.458055 0.013062 -0.094245
v -0.520411 -0.097669 -0.046178
v -0.518340 -0.091837 -0.046601
v -0.449663 -0.009793 -0.025886
v -0.453322 -0.020901 -0.017279
v -0.446448 -0.000752 -0.032639
v -0.444259 0.005949 -0.036866
v -0.441929 0.013182 -0.038994
v -0.475008 -0.065045 -0.059330
v -0.462594 -0.046638 -0.062361
v -0.455610 -0.037658 -0.074353
v -0.446441 -0.038977 -0.103494
v -0.442112 -0.032565 -0.103106
v -0.443671 -0.035614 -0.093469
v -0.448319 -0.040612 -0.096191
v -0.456982 -0.038284 -0.114813
v -0.452846 -0.043084 -0.110650
v -0.457700 -0.049981 -0.112611
v -0.461230 -0.046272 -0.117718
v -0.467146 -0.041154 -0.016046
v -0.467907 -0.031540 -0.023365
v -0.435619 -0.004668 -0.101870
v -0.431625 0.001694 -0.098456
v -0.428524 0.008646 -0.095923
v -0.439119 -0.023172 -0.073019
v -0.429716 -0.014102 -0.069633
v -0.429221 -0.015767 -0.063187
v -0.439830 -0.024386 -0.068308
v -0.439563 -0.033841 -0.051145
v -0.429754 -0.025880 -0.046236
v -0.441785 -0.040147 -0.040665
v -0.425142 -0.003788 -0.063692
v -0.422222 0.004856 -0.070506
v -0.422791 0.005522 -0.061219
v -0.422449 0.004846 -0.080206
v -0.424370 0.006172 -0.089344
v -0.417380 0.013679 -0.069405
v -0.418494 0.015061 -0.060227
v -0.417926 0.013721 -0.079404
v -0.420186 0.014751 -0.088189
v -0.449903 0.030861 -0.095837
v -0.439883 0.025744 -0.099725
v -0.454491 0.020791 -0.095183
v -0.429067 0.018681 -0.043570
v -0.425347 0.006666 -0.051504
v -0.422342 0.016676 -0.051674
v -0.438807 0.022699 -0.040444
v -0.443062 -0.043506 -0.019034
v -0.446462 -0.047974 -0.013219
v -0.451147 -0.051140 -0.018446
v -0.448988 -0.047279 -0.024338
v -0.490842 -0.062391 -0.037484
v -0.484266 -0.065753 -0.038034
v -0.478045 -0.060160 -0.037943
v -0.433690 -0.023063 -0.088307
v -0.433264 -0.018371 -0.099027
v -0.480705 -0.072276 -0.054940
v -0.512523 -0.085606 -0.041436
v -0.508027 -0.087479 -0.038176
v -0.501071 -0.076741 -0.038204
v -0.506520 -0.074806 -0.041592
v -0.489921 -0.077753 -0.058647
v -0.486178 -0.077137 -0.053266
v -0.491017 -0.083848 -0.052785
v -0.495590 -0.083746 -0.057448
v -0.481007 -0.071163 -0.095115
v -0.474526 -0.066496 -0.094693
v -0.498857 -0.058337 -0.061432
v -0.500507 -0.055903 -0.049885
v -0.495530 -0.045105 -0.049141
v -0.466340 -0.053199 -0.080894
v -0.471963 -0.061223 -0.081618
v -0.470383 -0.060742 -0.087461
v -0.477654 -0.067508 -0.061952
v -0.482368 -0.072508 -0.059916
v -0.480899 -0.070397 -0.066030
v -0.475429 -0.064359 -0.067050
v -0.461536 -0.024213 -0.110778
v -0.450059 -0.029704 -0.112008
v -0.509117 -0.100952 -0.038651
v -0.506776 -0.095788 -0.038117
v -0.430607 0.020856 -0.098530
v -0.424068 0.016865 -0.094629
v -0.460259 -0.044786 -0.079975
v -0.488065 -0.033800 -0.048977
v -0.453414 -0.037301 -0.079197
v -0.488332 -0.055536 -0.101899
v -0.482385 -0.058688 -0.106382
v -0.486555 -0.064906 -0.104184
v -0.492565 -0.061861 -0.102641
v -0.503329 -0.092477 -0.056797
v -0.498972 -0.093618 -0.052285
v -0.503636 -0.099418 -0.052606
v -0.507808 -0.098078 -0.056612
v -0.484368 -0.075497 -0.047939
v -0.485202 -0.073538 -0.042362
v -0.490927 -0.081043 -0.041894
v -0.489432 -0.082873 -0.047261
v -0.489869 -0.071382 -0.038741
v -0.495502 -0.078902 -0.038463
v -0.509540 -0.089873 -0.057905
v -0.514344 -0.086593 -0.053862
v -0.507981 -0.076372 -0.054954
v -0.502672 -0.081085 -0.058491
v -0.475527 -0.012551 -0.087376
v -0.471139 -0.011933 -0.095398
v -0.476106 -0.023606 -0.097992
v -0.480951 -0.035144 -0.100827
v -0.483779 -0.046818 -0.102982
v -0.491937 -0.047649 -0.093487
v -0.470623 -0.023092 -0.104863
v -0.496955 -0.071626 -0.064002
v -0.501299 -0.068607 -0.057622
v -0.501125 -0.067507 -0.065510
v -0.450206 -0.037783 -0.086294
v -0.503055 -0.089678 -0.037980
v -0.462551 0.011477 -0.049977
v -0.467061 0.013415 -0.061762
v -0.471508 0.004403 -0.062267
v -0.465583 0.003176 -0.048657
v -0.497247 -0.093292 -0.046629
v -0.498653 -0.092094 -0.041115
v -0.474078 -0.065758 -0.101553
v -0.480199 -0.069648 -0.100683
v -0.481853 -0.068529 -0.104743
v -0.477207 -0.065061 -0.106998
v -0.465935 -0.012051 -0.102177
v -0.472481 -0.049487 -0.120702
v -0.481485 -0.047508 -0.115582
v -0.466546 -0.001407 -0.093972
v -0.471067 -0.001551 -0.085668
v -0.467562 0.007210 -0.084414
v -0.496782 -0.054544 -0.082929
v -0.479027 -0.014086 -0.079436
v -0.473954 -0.002675 -0.077668
v -0.469889 0.006805 -0.075105
v -0.466689 0.014672 -0.074124
v -0.464257 0.014730 -0.084269
v -0.515270 -0.085130 -0.047172
v -0.517589 -0.093093 -0.053045
v -0.460537 0.023489 -0.084892
v -0.456078 0.033696 -0.086472
v -0.458480 0.033596 -0.075453
v -0.463079 0.023152 -0.074229
v -0.475806 -0.004541 -0.068922
v -0.476204 -0.006421 -0.059669
v -0.481454 -0.015924 -0.071006
v -0.482615 -0.018467 -0.060967
v -0.500949 -0.053531 -0.072571
v -0.520193 -0.108611 -0.055435
v -0.516206 -0.101223 -0.056105
v -0.511209 -0.103362 -0.056720
v -0.515976 -0.110512 -0.056507
v -0.513219 -0.095683 -0.056927
v -0.519986 -0.098807 -0.052348
v -0.480622 -0.021927 -0.048535
v -0.487894 -0.075493 -0.065410
v -0.470502 -0.009562 -0.045202
v -0.477935 -0.028772 -0.035758
v -0.470155 -0.020748 -0.032223
v -0.457083 0.002283 -0.037980
v -0.459532 -0.007117 -0.032627
v -0.451933 0.016952 -0.042723
v -0.454510 0.009613 -0.040994
v -0.448388 0.026869 -0.043472
v -0.462002 -0.018795 -0.023811
v -0.508831 -0.110026 -0.042980
v -0.508104 -0.111170 -0.048766
v -0.459500 0.019476 -0.051016
v -0.455646 0.029692 -0.051910
v -0.445616 -0.044865 -0.031549
v -0.443437 -0.030687 -0.083499
v -0.446438 -0.030281 -0.078224
v -0.437979 -0.026092 -0.101817
v -0.438995 -0.030213 -0.091107
v -0.459057 0.032313 -0.063525
v -0.409026 0.025406 -0.067476
v -0.408872 0.025029 -0.077418
v -0.451683 0.046243 -0.077699
v -0.512221 -0.108574 -0.039356
v -0.492937 -0.074144 -0.085109
v -0.492856 -0.072538 -0.087609
v -0.442485 -0.037233 -0.012993
v -0.446930 -0.043514 -0.008327
v -0.458295 -0.038694 -0.006300
v -0.451571 -0.040491 -0.005794
v -0.447837 -0.032381 -0.009537
v -0.455853 -0.029831 -0.010826
v -0.438043 -0.023203 -0.076753
v -0.436524 -0.023821 -0.081658
v -0.456348 -0.014658 -0.108209
v -0.445493 -0.020063 -0.109456
v -0.495885 -0.068660 -0.038324
v -0.496899 -0.058674 -0.041546
v -0.501260 -0.066153 -0.042209
v -0.509272 -0.073988 -0.048001
v -0.494033 -0.075211 -0.063558
v -0.497004 -0.075764 -0.059706
v -0.428924 -0.020021 -0.055571
v -0.439806 -0.027958 -0.060954
v -0.456528 -0.048617 -0.028045
v -0.458859 -0.050412 -0.022421
v -0.473395 -0.062000 -0.074399
v -0.502474 -0.065202 -0.080636
v -0.504958 -0.063357 -0.072596
v -0.478999 -0.068731 -0.074281
v -0.520981 -0.106005 -0.041077
v -0.516516 -0.107366 -0.038595
v -0.504303 -0.064983 -0.049314
v -0.467764 -0.060162 -0.094408
v -0.496945 -0.063020 -0.087513
v -0.498535 -0.069822 -0.084126
v -0.464963 -0.051414 -0.119059
v -0.463429 0.021746 -0.062420
v -0.506410 -0.104574 -0.053509
v -0.510449 -0.111464 -0.054425
v -0.522886 -0.106510 -0.051984
v -0.523395 -0.105307 -0.046311
v -0.440534 -0.011880 -0.106064
v -0.448510 -0.030488 -0.074184
v -0.411023 0.026070 -0.086959
v -0.463386 -0.028827 -0.016060
v -0.464572 -0.038757 -0.010349
v -0.485018 -0.074535 -0.074462
v -0.483148 -0.052138 -0.109369
v -0.495672 -0.055419 -0.095401
v -0.499005 -0.061177 -0.097138
v -0.500021 -0.065585 -0.090644
v -0.497653 -0.070774 -0.088979
v -0.525629 -0.112458 -0.051980
v -0.526192 -0.111535 -0.046401
v -0.524031 -0.112473 -0.041204
v -0.519377 -0.113430 -0.039010
v -0.514911 -0.113979 -0.040082
v -0.523132 -0.114292 -0.055199
v -0.518892 -0.115771 -0.056185
v -0.513486 -0.116355 -0.054260
v -0.525230 -0.119323 -0.055328
v -0.528280 -0.118632 -0.052023
v -0.528146 -0.124922 -0.040884
v -0.527205 -0.119117 -0.041532
v -0.529227 -0.121599 -0.043742
v -0.530474 -0.125048 -0.043404
v -0.532142 -0.129171 -0.043847
v -0.529449 -0.129671 -0.041850
v -0.529871 -0.120472 -0.046753
v -0.531714 -0.124354 -0.047214
v -0.530898 -0.124488 -0.051185
v -0.532812 -0.128443 -0.051695
v -0.533686 -0.128501 -0.047785
v -0.529664 -0.121117 -0.050082
v -0.528639 -0.116945 -0.046496
v -0.531142 -0.133228 -0.044140
v -0.533321 -0.131954 -0.044732
v -0.534863 -0.132348 -0.048070
v -0.532905 -0.134689 -0.048482
v -0.522059 -0.118828 -0.039430
v -0.524374 -0.125060 -0.040393
v -0.526249 -0.130331 -0.042123
v -0.528150 -0.134069 -0.044813
v -0.520999 -0.126026 -0.041988
v -0.523636 -0.131002 -0.044100
v -0.525498 -0.133955 -0.046530
v -0.518721 -0.127226 -0.045438
v -0.522055 -0.131639 -0.046919
v -0.514465 -0.119966 -0.044117
v -0.517556 -0.119090 -0.040565
v -0.524032 -0.133507 -0.047960
v -0.529798 -0.135341 -0.049242
v -0.529400 -0.124205 -0.053891
v -0.531173 -0.128968 -0.054150
v -0.527128 -0.124877 -0.055683
v -0.528886 -0.129859 -0.055491
v -0.532771 -0.132904 -0.052944
v -0.534331 -0.131520 -0.051541
v -0.511475 -0.114904 -0.043734
v -0.511130 -0.115884 -0.049426
v -0.513887 -0.120907 -0.049645
v -0.517893 -0.127876 -0.050505
v -0.516275 -0.120850 -0.054231
v -0.521222 -0.120507 -0.056154
v -0.523964 -0.125806 -0.056099
v -0.520238 -0.126896 -0.054692
v -0.526059 -0.130589 -0.055458
v -0.523511 -0.131363 -0.054000
v -0.522139 -0.131998 -0.050622
v -0.527212 -0.133794 -0.053591
v -0.530138 -0.133775 -0.053608
v -0.527032 -0.134869 -0.049999
v -0.525244 -0.133342 -0.052896
v -0.524745 -0.133754 -0.050401
v -0.510825 -0.107452 -0.074781
v -0.509485 -0.107766 -0.080151
v -0.506217 -0.101153 -0.078564
v -0.507571 -0.100946 -0.073324
v -0.522197 -0.101056 -0.071605
v -0.517442 -0.104133 -0.069618
v -0.514960 -0.097669 -0.068418
v -0.519634 -0.094621 -0.070730
v -0.524070 -0.098955 -0.077498
v -0.521529 -0.092531 -0.076923
v -0.515917 -0.087441 -0.069383
v -0.511059 -0.090636 -0.067202
v -0.502498 -0.079354 -0.065941
v -0.507578 -0.076028 -0.067227
v -0.492912 -0.081989 -0.081551
v -0.497331 -0.080714 -0.084795
v -0.513558 -0.106394 -0.071166
v -0.510625 -0.099912 -0.069807
v -0.505701 -0.091740 -0.085759
v -0.502183 -0.093603 -0.082373
v -0.507216 -0.100463 -0.083488
v -0.510379 -0.098796 -0.086917
v -0.493867 -0.082233 -0.069341
v -0.491863 -0.082345 -0.075408
v -0.498046 -0.081322 -0.066755
v -0.510815 -0.089032 -0.086729
v -0.515677 -0.086397 -0.083389
v -0.508727 -0.074399 -0.081333
v -0.503620 -0.077779 -0.085079
v -0.506383 -0.092809 -0.068478
v -0.501023 -0.094186 -0.077134
v -0.502661 -0.094052 -0.071803
v -0.517836 -0.085310 -0.075916
v -0.519119 -0.093717 -0.084259
v -0.522890 -0.110759 -0.088210
v -0.518193 -0.102562 -0.087781
v -0.513885 -0.105067 -0.088229
v -0.519068 -0.113406 -0.089225
v -0.514748 -0.096398 -0.087313
v -0.522132 -0.099974 -0.084404
v -0.515527 -0.116759 -0.076807
v -0.514582 -0.116924 -0.082243
v -0.517936 -0.115620 -0.073105
v -0.511049 -0.073111 -0.073790
v -0.525937 -0.110100 -0.073027
v -0.521391 -0.113349 -0.071631
v -0.510498 -0.107040 -0.085159
v -0.515452 -0.115708 -0.087001
v -0.526345 -0.108398 -0.084842
v -0.527846 -0.107575 -0.078444
v -0.529437 -0.115545 -0.085545
v -0.530920 -0.115068 -0.079693
v -0.529368 -0.117310 -0.074441
v -0.524633 -0.119742 -0.073126
v -0.521099 -0.121188 -0.074625
v -0.526421 -0.117274 -0.088700
v -0.522778 -0.119083 -0.089622
v -0.518922 -0.120753 -0.087765
v -0.529719 -0.123499 -0.089719
v -0.533112 -0.122781 -0.086921
v -0.536823 -0.135474 -0.078366
v -0.534762 -0.130329 -0.076605
v -0.536758 -0.129884 -0.079309
v -0.539342 -0.134246 -0.080047
v -0.533205 -0.124293 -0.076260
v -0.535431 -0.126407 -0.079175
v -0.535759 -0.125377 -0.082225
v -0.538117 -0.128948 -0.083182
v -0.536695 -0.128937 -0.086966
v -0.539390 -0.133039 -0.088147
v -0.541173 -0.133231 -0.084126
v -0.535128 -0.125563 -0.085577
v -0.541263 -0.137477 -0.081371
v -0.539178 -0.139042 -0.081492
v -0.534042 -0.121373 -0.081200
v -0.527976 -0.125091 -0.074340
v -0.530981 -0.131205 -0.075945
v -0.533602 -0.136551 -0.078747
v -0.536005 -0.140048 -0.082459
v -0.527490 -0.132430 -0.077751
v -0.530822 -0.137476 -0.080502
v -0.533427 -0.140061 -0.083674
v -0.524951 -0.133283 -0.081308
v -0.529085 -0.137981 -0.083346
v -0.521063 -0.126244 -0.079331
v -0.523858 -0.125795 -0.075776
v -0.531715 -0.139590 -0.084778
v -0.541384 -0.139961 -0.085894
v -0.538075 -0.140823 -0.086625
v -0.543699 -0.137595 -0.084871
v -0.534743 -0.129029 -0.088919
v -0.537322 -0.133686 -0.089970
v -0.532839 -0.129338 -0.090885
v -0.535711 -0.134429 -0.091595
v -0.540322 -0.137611 -0.089704
v -0.541833 -0.136269 -0.088448
v -0.518621 -0.121845 -0.078152
v -0.517698 -0.121729 -0.083194
v -0.519929 -0.126287 -0.084367
v -0.524037 -0.133257 -0.086309
v -0.521436 -0.125137 -0.088666
v -0.525889 -0.124325 -0.090485
v -0.529609 -0.130296 -0.091422
v -0.525939 -0.131762 -0.090167
v -0.532882 -0.135272 -0.091651
v -0.529835 -0.136405 -0.090504
v -0.528424 -0.137596 -0.087273
v -0.534811 -0.138860 -0.090445
v -0.537895 -0.138626 -0.090598
v -0.534708 -0.140525 -0.087129
v -0.532259 -0.138731 -0.089816
v -0.531913 -0.139552 -0.087382
v -0.504113 -0.097636 -0.100474
v -0.500655 -0.097779 -0.104805
v -0.498173 -0.092376 -0.102913
v -0.501495 -0.092585 -0.098559
v -0.514487 -0.091816 -0.100871
v -0.512160 -0.094146 -0.098913
v -0.509554 -0.088806 -0.096518
v -0.512070 -0.085608 -0.098364
v -0.514936 -0.089827 -0.105629
v -0.512048 -0.083184 -0.103664
v -0.509129 -0.079769 -0.096062
v -0.506224 -0.083676 -0.094100
v -0.500291 -0.075667 -0.091243
v -0.503894 -0.071363 -0.093090
v -0.508526 -0.096311 -0.098810
v -0.505780 -0.091223 -0.096644
v -0.494435 -0.083848 -0.108308
v -0.492933 -0.085696 -0.105223
v -0.497266 -0.091204 -0.107356
v -0.498847 -0.089392 -0.110196
v -0.490316 -0.078092 -0.092959
v -0.486756 -0.077171 -0.097273
v -0.495284 -0.077770 -0.091305
v -0.499113 -0.080849 -0.109801
v -0.504931 -0.077448 -0.107912
v -0.498269 -0.068747 -0.104975
v -0.492019 -0.071866 -0.106098
v -0.502086 -0.086414 -0.094349
v -0.493710 -0.087224 -0.100622
v -0.497384 -0.087580 -0.096232
v -0.508741 -0.076844 -0.101812
v -0.508343 -0.083596 -0.109402
v -0.511923 -0.100865 -0.115458
v -0.506471 -0.092099 -0.113187
v -0.501896 -0.094807 -0.112565
v -0.507813 -0.103147 -0.115426
v -0.503004 -0.086518 -0.111597
v -0.511675 -0.090007 -0.110896
v -0.508126 -0.105767 -0.103571
v -0.505170 -0.105863 -0.107975
v -0.512154 -0.104545 -0.101972
v -0.503530 -0.068093 -0.099194
v -0.486908 -0.074617 -0.105210
v -0.518196 -0.100934 -0.103725
v -0.515781 -0.102840 -0.101933
v -0.499683 -0.096626 -0.109578
v -0.504847 -0.104793 -0.112713
v -0.516337 -0.099003 -0.113100
v -0.519027 -0.098750 -0.108027
v -0.519496 -0.105052 -0.114944
v -0.521880 -0.105072 -0.109892
v -0.521432 -0.107209 -0.105587
v -0.518419 -0.108916 -0.103918
v -0.514629 -0.110015 -0.104154
v -0.515448 -0.106898 -0.117216
v -0.511779 -0.108559 -0.116835
v -0.508345 -0.109538 -0.114169
v -0.517809 -0.111324 -0.118726
v -0.522103 -0.110645 -0.116449
v -0.528341 -0.123321 -0.109790
v -0.526195 -0.119012 -0.108157
v -0.526965 -0.118415 -0.110358
v -0.529527 -0.122171 -0.111507
v -0.524438 -0.113071 -0.107526
v -0.525787 -0.114941 -0.109838
v -0.525672 -0.113311 -0.112582
v -0.527824 -0.116897 -0.113817
v -0.525117 -0.116259 -0.117199
v -0.527382 -0.120008 -0.118522
v -0.530068 -0.120806 -0.115089
v -0.524411 -0.113090 -0.115668
v -0.531073 -0.124643 -0.112899
v -0.530051 -0.126254 -0.112322
v -0.524167 -0.110029 -0.111499
v -0.520762 -0.113993 -0.105296
v -0.523160 -0.119652 -0.106824
v -0.525583 -0.124473 -0.109143
v -0.526989 -0.127181 -0.112199
v -0.519484 -0.120173 -0.107480
v -0.522094 -0.124843 -0.109794
v -0.523558 -0.127109 -0.112527
v -0.516151 -0.120246 -0.109504
v -0.519397 -0.124697 -0.111625
v -0.513196 -0.114569 -0.107603
v -0.516745 -0.114524 -0.105689
v -0.521375 -0.126411 -0.113148
v -0.530144 -0.126346 -0.116522
v -0.526850 -0.127429 -0.116728
v -0.531663 -0.124130 -0.116109
v -0.522983 -0.115844 -0.118990
v -0.525142 -0.120192 -0.120088
v -0.519970 -0.116426 -0.119878
v -0.522658 -0.121066 -0.120729
v -0.527768 -0.123709 -0.119760
v -0.529327 -0.122742 -0.118799
v -0.510936 -0.110470 -0.105964
v -0.508338 -0.110152 -0.109694
v -0.510794 -0.114170 -0.111065
v -0.514094 -0.120074 -0.113166
v -0.510765 -0.113412 -0.115259
v -0.514101 -0.112628 -0.117898
v -0.516930 -0.117550 -0.119310
v -0.514250 -0.118845 -0.117106
v -0.519974 -0.122021 -0.120126
v -0.517781 -0.123248 -0.118337
v -0.517742 -0.124414 -0.114859
v -0.522357 -0.125224 -0.119379
v -0.525106 -0.124656 -0.120072
v -0.523529 -0.127200 -0.116304
v -0.520223 -0.125253 -0.118257
v -0.520812 -0.126324 -0.115689
v -0.485752 -0.075731 -0.101834
v -0.485093 -0.079159 -0.126090
v -0.481848 -0.078593 -0.128486
v -0.480260 -0.074978 -0.125644
v -0.483305 -0.075431 -0.123319
v -0.494667 -0.074177 -0.128250
v -0.492809 -0.076836 -0.125659
v -0.491103 -0.072768 -0.122338
v -0.493301 -0.069681 -0.124942
v -0.492815 -0.071855 -0.132703
v -0.491419 -0.067162 -0.129688
v -0.490791 -0.065168 -0.120854
v -0.488491 -0.068694 -0.118237
v -0.483932 -0.062097 -0.112438
v -0.486392 -0.057637 -0.114430
v -0.467744 -0.055666 -0.120301
v -0.466457 -0.058232 -0.116581
v -0.470380 -0.063504 -0.120354
v -0.470524 -0.060767 -0.123698
v -0.489139 -0.078578 -0.125183
v -0.487287 -0.074788 -0.122016
v -0.475435 -0.067841 -0.128803
v -0.475505 -0.070353 -0.125579
v -0.478401 -0.073713 -0.128736
v -0.478341 -0.071642 -0.131866
v -0.467818 -0.060793 -0.112735
v -0.471272 -0.062987 -0.109158
v -0.475610 -0.065680 -0.113808
v -0.472297 -0.065303 -0.116974
v -0.479492 -0.064968 -0.112669
v -0.478143 -0.064897 -0.130617
v -0.483547 -0.062663 -0.129759
v -0.478264 -0.054556 -0.124489
v -0.473327 -0.057697 -0.125255
v -0.484609 -0.071008 -0.118452
v -0.477449 -0.071694 -0.122309
v -0.480838 -0.071995 -0.119587
v -0.489114 -0.062228 -0.125818
v -0.486241 -0.067380 -0.133109
v -0.485289 -0.078615 -0.140518
v -0.482835 -0.072961 -0.136786
v -0.479791 -0.075142 -0.135147
v -0.482391 -0.080310 -0.139074
v -0.481080 -0.069175 -0.133757
v -0.487833 -0.071668 -0.136046
v -0.487621 -0.084479 -0.129604
v -0.484083 -0.083679 -0.132070
v -0.491397 -0.083844 -0.128913
v -0.485144 -0.053802 -0.119713
v -0.496648 -0.080157 -0.131975
v -0.494783 -0.082522 -0.129542
v -0.479884 -0.077235 -0.131734
v -0.482216 -0.082177 -0.135703
v -0.490074 -0.077537 -0.139673
v -0.494824 -0.077806 -0.136141
v -0.492226 -0.082184 -0.142688
v -0.496900 -0.082369 -0.139103
v -0.498388 -0.084706 -0.134685
v -0.496465 -0.086628 -0.132071
v -0.493005 -0.087335 -0.131344
v -0.487474 -0.083202 -0.143348
v -0.484908 -0.084453 -0.141508
v -0.484592 -0.085612 -0.138092
v -0.489829 -0.087119 -0.145180
v -0.494752 -0.086741 -0.144893
v -0.502123 -0.097873 -0.140193
v -0.501074 -0.094300 -0.138230
v -0.501327 -0.093520 -0.140370
v -0.502769 -0.096563 -0.141748
v -0.499875 -0.089167 -0.137252
v -0.500503 -0.090324 -0.139678
v -0.499389 -0.088672 -0.142064
v -0.500861 -0.091673 -0.143395
v -0.498127 -0.091081 -0.146288
v -0.499256 -0.094590 -0.147878
v -0.502530 -0.094839 -0.145052
v -0.497483 -0.088620 -0.144707
v -0.503979 -0.098510 -0.143302
v -0.503095 -0.100200 -0.142863
v -0.498375 -0.086182 -0.140943
v -0.497883 -0.090322 -0.134508
v -0.499479 -0.095047 -0.136767
v -0.500646 -0.099210 -0.139485
v -0.500809 -0.101440 -0.142683
v -0.496621 -0.095079 -0.136310
v -0.498112 -0.099315 -0.139324
v -0.498374 -0.101240 -0.142316
v -0.493277 -0.094729 -0.136861
v -0.495388 -0.098790 -0.139839
v -0.491076 -0.090296 -0.134259
v -0.494785 -0.090496 -0.133653
v -0.496647 -0.100524 -0.141942
v -0.501976 -0.100059 -0.146659
v -0.499600 -0.101203 -0.145942
v -0.503566 -0.097686 -0.146582
v -0.495264 -0.091109 -0.147363
v -0.496913 -0.095326 -0.148931
v -0.491989 -0.091377 -0.146969
v -0.494493 -0.096179 -0.148319
v -0.499286 -0.098303 -0.148872
v -0.500806 -0.096844 -0.148592
v -0.489363 -0.087515 -0.132113
v -0.486174 -0.086798 -0.134549
v -0.487834 -0.089701 -0.136557
v -0.490217 -0.094077 -0.138946
v -0.486366 -0.088856 -0.140036
v -0.486926 -0.087941 -0.143346
v -0.489726 -0.092476 -0.145400
v -0.488847 -0.093461 -0.142354
v -0.492796 -0.097066 -0.146698
v -0.492173 -0.097798 -0.144243
v -0.493191 -0.098328 -0.141535
v -0.495672 -0.099953 -0.146352
v -0.497280 -0.099506 -0.147970
v -0.497492 -0.101231 -0.144737
v -0.494604 -0.099877 -0.144875
v -0.495650 -0.100544 -0.143481
v -0.470564 -0.053847 -0.122092
v -0.469584 -0.050233 -0.009215
v -0.468761 -0.053280 -0.013347
v -0.453301 -0.057619 -0.012148
v -0.459367 -0.057957 -0.015125
v -0.450202 -0.054937 -0.007000
v -0.455313 -0.049312 -0.000288
v -0.451515 -0.052001 -0.002696
v -0.465467 -0.056258 -0.015620
v -0.467506 -0.047747 -0.004138
v -0.461493 -0.047398 -0.000479
v -0.470980 -0.055186 0.001940
v -0.464913 -0.055171 0.005923
v -0.458017 -0.057122 0.006052
v -0.453732 -0.059189 0.002360
v -0.452056 -0.061076 -0.002737
v -0.473108 -0.056884 -0.003886
v -0.471590 -0.059190 -0.008817
v -0.466744 -0.061498 -0.011311
v -0.476320 -0.063402 0.001170
v -0.475396 -0.064093 0.008721
v -0.464863 -0.074750 0.017576
v -0.462606 -0.070801 0.015220
v -0.466490 -0.069763 0.017071
v -0.467991 -0.072592 0.019639
v -0.461857 -0.065582 0.012560
v -0.466192 -0.067304 0.015221
v -0.470855 -0.066378 0.014776
v -0.472150 -0.068271 0.017229
v -0.475022 -0.066391 0.013258
v -0.477168 -0.068374 0.014663
v -0.473589 -0.071030 0.020190
v -0.470215 -0.075235 0.021452
v -0.474602 -0.074647 0.021565
v -0.468667 -0.077739 0.019831
v -0.469003 -0.063339 0.011622
v -0.456378 -0.065828 0.007520
v -0.459426 -0.071973 0.011625
v -0.463094 -0.077091 0.014474
v -0.467924 -0.080139 0.016080
v -0.458481 -0.073769 0.006331
v -0.463487 -0.078669 0.009779
v -0.468014 -0.080592 0.011724
v -0.461141 -0.074712 0.001192
v -0.465729 -0.078928 0.005993
v -0.456570 -0.067679 -0.004423
v -0.454341 -0.066983 0.001553
v -0.468455 -0.080351 0.008672
v -0.474549 -0.078634 0.019971
v -0.473632 -0.080523 0.015548
v -0.478818 -0.069086 0.010520
v -0.478424 -0.071176 0.017182
v -0.480019 -0.073012 0.013401
v -0.478740 -0.069773 0.005494
v -0.479371 -0.074879 0.009345
v -0.479145 -0.076302 0.016774
v -0.478509 -0.073785 0.019532
v -0.454454 -0.062426 -0.007977
v -0.460148 -0.062756 -0.010871
v -0.462734 -0.067504 -0.007459
v -0.466270 -0.074144 -0.001975
v -0.469423 -0.066370 -0.007696
v -0.474754 -0.064741 -0.004526
v -0.476922 -0.071526 0.000964
v -0.472358 -0.073114 -0.001921
v -0.477288 -0.076495 0.005940
v -0.473794 -0.077508 0.003876
v -0.469517 -0.078478 0.004037
v -0.475735 -0.079241 0.009471
v -0.477913 -0.078417 0.012947
v -0.472408 -0.080601 0.011511
v -0.473806 -0.079224 0.007313
v -0.471227 -0.080004 0.008110
v -0.461879 -0.054864 -0.114421
v -0.463016 -0.057581 -0.108949
v -0.458006 -0.052309 -0.106874
v -0.452071 -0.045750 -0.105065
v -0.448549 -0.037545 -0.109127
v -0.453801 -0.046658 -0.098529
v -0.459785 -0.053295 -0.100616
v -0.466762 -0.060330 -0.102861
v -0.451298 -0.041600 -0.091487
v -0.038158 0.674033 0.067107
v -0.034978 0.675109 0.068922
v -0.036890 0.667865 0.066230
v -0.039490 0.668082 0.064627
v -0.029754 0.668002 0.069126
v -0.033748 0.667640 0.068185
v -0.030365 0.675767 0.070360
v -0.024903 0.675466 0.070262
v -0.016937 0.671450 0.067517
v -0.015290 0.669981 0.067602
v -0.016059 0.669009 0.068074
v -0.018339 0.668969 0.068233
v -0.022025 0.668598 0.069197
v -0.042587 0.670375 0.062174
v -0.041762 0.671675 0.063271
v -0.040326 0.672818 0.065166
v -0.025876 0.668267 0.069534
v -0.041361 0.668603 0.062990
v -0.042390 0.669323 0.062032
v -0.020227 0.673984 0.068947
v -0.030162 0.670392 0.069410
v -0.034092 0.670089 0.068226
v -0.030477 0.673097 0.069848
v -0.025775 0.673103 0.070109
v -0.019938 0.670287 0.068663
v -0.022501 0.670367 0.069389
v -0.037051 0.669865 0.066435
v -0.026153 0.670497 0.069778
v -0.034639 0.672603 0.068484
v -0.021803 0.672322 0.069433
v -0.019475 0.671379 0.068507
v -0.041888 0.670255 0.062762
v -0.041821 0.669820 0.062731
v -0.014914 0.436828 0.045835
v -0.016057 0.419676 0.055323
v -0.037590 0.671957 0.066638
v -0.040927 0.669746 0.063596
v -0.039341 0.669796 0.064855
v -0.039696 0.671330 0.064944
v -0.041108 0.670736 0.063592
v -0.225886 0.334278 -0.002449
v -0.238170 0.344867 -0.004580
v -0.264704 0.366587 -0.048544
v -0.261449 0.369421 -0.071035
v -0.065931 0.143543 0.117689
v -0.109628 0.193693 -0.093370
v -0.111737 0.213016 -0.097998
v -0.033631 0.209966 -0.119962
v -0.054139 0.205947 -0.119084
v -0.143491 0.176178 0.021496
v -0.142742 0.195226 0.020134
v -0.101909 0.166299 0.080571
v -0.101218 0.187541 0.078223
v -0.135255 0.152788 0.046241
v -0.078631 0.159164 -0.105112
v -0.098042 0.157529 -0.097648
v -0.093922 0.177711 -0.100838
v -0.075359 0.180226 -0.109518
v -0.014307 0.212568 -0.115462
v -0.014863 0.189386 -0.109311
v -0.149322 0.216822 -0.005668
v -0.149592 0.218849 -0.033006
v -0.131101 0.225700 -0.081526
v -0.115783 0.231311 -0.100110
v -0.097764 0.238703 -0.113181
v -0.078031 0.245935 -0.122165
v -0.085097 0.208455 0.092868
v -0.065777 0.229565 0.101461
v -0.142404 0.214881 0.020419
v -0.021439 0.208479 0.120856
v -0.061012 0.276457 -0.133019
v -0.037028 0.280412 -0.135426
v -0.142856 0.221558 -0.058525
v -0.030730 0.378655 0.083352
v -0.048035 0.381202 0.081737
v -0.047334 0.365914 0.092131
v -0.029961 0.362952 0.092985
v -0.063757 0.367509 0.090378
v -0.079571 0.368008 0.087516
v -0.094037 0.367735 0.083677
v -0.127864 0.362055 0.068033
v -0.118119 0.364651 0.073711
v -0.143919 0.352031 0.054717
v -0.136429 0.358181 0.061798
v -0.149670 0.342104 0.045380
v -0.153113 0.330811 0.032543
v -0.158110 0.331060 0.010248
v -0.156104 0.319551 0.017307
v -0.150857 0.319564 0.040461
v -0.146481 0.331522 0.052813
v -0.140570 0.340860 0.061987
v -0.015794 0.295418 0.108257
v -0.013169 0.320447 0.106527
v -0.013133 0.452950 0.037150
v -0.326314 0.161832 -0.097241
v -0.418826 0.073260 -0.041648
v -0.015011 0.476098 -0.116482
v -0.032167 0.480919 -0.117595
v -0.088327 0.498993 -0.103888
v -0.104146 0.510080 -0.085856
v -0.068832 0.487743 -0.115655
v -0.050068 0.477587 -0.120906
v -0.128812 0.231717 0.043494
v -0.033705 0.444853 -0.129586
v -0.051259 0.466140 -0.125699
v -0.071136 0.476940 -0.121258
v -0.093214 0.488778 -0.110508
v -0.115653 0.502445 -0.092020
v -0.133097 0.502833 -0.085344
v -0.156470 0.482892 -0.091847
v -0.167772 0.480204 -0.087517
v -0.179288 0.475628 -0.083396
v -0.184279 0.487802 -0.067490
v -0.171699 0.494185 -0.071494
v -0.242206 0.398131 -0.078751
v -0.246605 0.381901 -0.083552
v -0.245111 0.368535 -0.091023
v -0.238961 0.357509 -0.097595
v -0.228798 0.349865 -0.102200
v -0.216578 0.345366 -0.104173
v -0.204005 0.347500 -0.103054
v -0.177909 0.364327 -0.096540
v -0.174011 0.370252 -0.094312
v -0.162784 0.347059 -0.095988
v -0.158486 0.339227 -0.097946
v -0.142638 0.315772 -0.104734
v -0.134164 0.303198 -0.108670
v -0.123674 0.289052 -0.112962
v -0.098455 0.061410 -0.110456
v -0.118176 0.063343 -0.100625
v -0.113634 0.080211 -0.095619
v -0.093469 0.078451 -0.104484
v -0.044348 0.115292 -0.102836
v -0.022087 0.114421 -0.100727
v -0.158688 0.079849 -0.041731
v -0.163507 0.076395 -0.016108
v -0.132350 0.081766 -0.082061
v -0.147431 0.081331 -0.064134
v -0.161510 0.070864 0.010508
v -0.105236 0.038987 0.093254
v -0.085179 0.032665 0.108717
v -0.043556 0.024514 0.129472
v -0.022784 0.022507 0.134341
v -0.153585 0.063009 0.034754
v -0.064359 0.027855 0.120954
v -0.141357 0.054185 0.056226
v -0.124527 0.045980 0.075621
v -0.065709 0.116007 -0.102212
v -0.069567 0.095204 -0.105013
v -0.089402 0.096824 -0.100993
v -0.036026 0.346713 -0.143777
v -0.055871 0.349779 -0.144370
v -0.075213 0.354346 -0.143680
v -0.090061 0.379465 -0.142088
v -0.093418 0.361128 -0.140506
v -0.110209 0.368800 -0.135632
v -0.107575 0.386539 -0.137233
v -0.138623 0.399504 -0.126580
v -0.139490 0.383847 -0.124821
v -0.150354 0.389631 -0.121235
v -0.150004 0.404178 -0.123169
v -0.159843 0.394573 -0.118287
v -0.167354 0.398096 -0.113984
v -0.173536 0.399937 -0.108206
v -0.181029 0.396972 -0.107204
v -0.187332 0.419537 -0.108932
v -0.178241 0.422977 -0.111629
v -0.138463 0.416303 -0.126193
v -0.123674 0.410748 -0.131104
v -0.033865 0.382575 -0.140443
v -0.015535 0.379316 -0.136834
v -0.159780 0.312488 -0.001821
v -0.163496 0.307447 -0.023241
v -0.165263 0.305322 -0.043266
v -0.163529 0.306331 -0.060610
v -0.160332 0.310280 -0.076657
v -0.155016 0.316148 -0.090415
v -0.153668 0.331848 -0.100116
v -0.148550 0.324371 -0.102166
v -0.149318 0.342205 -0.108963
v -0.142262 0.334597 -0.111771
v -0.136196 0.346645 -0.119809
v -0.130301 0.360271 -0.126203
v -0.126192 0.376224 -0.129990
v -0.124106 0.393164 -0.131574
v -0.106710 0.405223 -0.136401
v -0.089145 0.398961 -0.141185
v -0.071099 0.411341 -0.141721
v -0.071509 0.429198 -0.137738
v -0.070646 0.392501 -0.144340
v -0.071369 0.373140 -0.145252
v -0.073236 0.519379 -0.086187
v -0.056222 0.512307 -0.098536
v -0.205904 0.364081 -0.105313
v -0.200986 0.361059 -0.104827
v -0.202337 0.355466 -0.104241
v -0.211353 0.356602 -0.104637
v -0.220361 0.360890 -0.103823
v -0.218665 0.377336 -0.103317
v -0.212649 0.369436 -0.104894
v -0.228161 0.368450 -0.100773
v -0.233311 0.378388 -0.096309
v -0.223416 0.386614 -0.100069
v -0.235390 0.389389 -0.091346
v -0.226324 0.395781 -0.095981
v -0.233685 0.401259 -0.087589
v -0.227535 0.403007 -0.092463
v -0.204955 0.431326 -0.097466
v -0.214084 0.421680 -0.095422
v -0.222044 0.411114 -0.093643
v -0.188469 0.390736 -0.107117
v -0.196749 0.384107 -0.107068
v -0.204675 0.376899 -0.106316
v -0.209819 0.385548 -0.105474
v -0.201459 0.393347 -0.106836
v -0.192858 0.400814 -0.108183
v -0.034147 0.364994 -0.142673
v -0.053020 0.368905 -0.144774
v -0.160275 0.408157 -0.119965
v -0.168592 0.410454 -0.116135
v -0.176064 0.410364 -0.111239
v -0.184493 0.407430 -0.109076
v -0.170430 0.423462 -0.115775
v -0.161431 0.422428 -0.119588
v -0.150601 0.419823 -0.122827
v -0.052389 0.387079 -0.143533
v -0.016088 0.362329 -0.140086
v -0.178702 0.448808 0.014350
v -0.185786 0.472246 0.001508
v -0.190960 0.488574 -0.019421
v -0.189960 0.493924 -0.044952
v -0.262031 0.214460 -0.062009
v -0.016783 0.165752 -0.103976
v -0.019282 0.141168 -0.100680
v -0.040790 0.139987 -0.104236
v -0.015753 0.281546 -0.133793
v -0.016963 0.344899 -0.142633
v -0.103623 0.338911 0.097751
v -0.091725 0.339863 0.102205
v -0.092626 0.353862 0.093583
v -0.104840 0.352914 0.088770
v -0.122898 0.336586 0.085266
v -0.114037 0.337880 0.091885
v -0.115690 0.351573 0.083143
v -0.125034 0.349502 0.076759
v -0.130664 0.333902 0.077949
v -0.133255 0.346562 0.069942
v -0.112880 0.322583 0.098902
v -0.102597 0.323446 0.104623
v -0.090891 0.324633 0.108480
v -0.128410 0.320284 0.084623
v -0.121384 0.321787 0.091891
v -0.002906 0.552330 0.067355
v -0.003295 0.558087 0.082351
v 0.001580 0.601050 0.095131
v 0.001872 0.605355 0.093071
v -0.010002 0.476280 0.024168
v -0.008883 0.486930 0.022887
v -0.012923 0.341056 0.101401
v -0.013759 0.374917 0.084538
v -0.015364 0.387583 0.073706
v -0.016020 0.403112 0.064567
v -0.011888 0.465780 0.029713
v -0.013142 0.358772 0.093932
v -0.168122 -0.096812 -0.081388
v -0.151074 -0.115228 -0.100797
v -0.153861 -0.090004 -0.098181
v -0.140961 -0.103130 -0.111636
v -0.161796 -0.023529 -0.074174
v -0.161292 -0.049361 -0.080454
v -0.162470 0.002071 -0.071260
v -0.121072 -0.111926 -0.124530
v -0.095067 -0.116420 -0.133694
v -0.091105 -0.097116 -0.140757
v -0.147275 -0.000597 -0.095340
v -0.147491 -0.026066 -0.098055
v -0.144792 -0.085625 -0.107438
v -0.159503 -0.071560 -0.088223
v -0.146269 -0.071745 -0.105311
v -0.115627 -0.095110 -0.130719
v -0.134151 -0.090687 -0.118116
v -0.055865 0.057246 -0.119712
v -0.031637 0.037803 -0.128802
v -0.059569 0.037858 -0.127311
v -0.136654 0.065149 -0.085449
v -0.123644 0.044566 -0.105505
v -0.131833 -0.073917 -0.120428
v -0.112586 -0.075557 -0.134310
v -0.087873 -0.075799 -0.144970
v -0.087099 -0.003376 -0.138787
v -0.086786 -0.026905 -0.143919
v -0.110170 -0.028427 -0.133354
v -0.110140 -0.003378 -0.128697
v -0.127946 0.022237 -0.110886
v -0.130133 -0.002671 -0.114340
v -0.085950 0.018915 -0.131729
v -0.108095 0.020314 -0.123336
v -0.103601 0.042111 -0.116794
v -0.130406 -0.028398 -0.117744
v -0.057359 -0.050477 -0.151268
v -0.086328 -0.051501 -0.146439
v -0.026769 -0.049470 -0.148920
v -0.082566 0.039675 -0.123657
v -0.078098 0.059446 -0.116011
v -0.073563 0.077198 -0.109165
v -0.062090 0.138812 -0.104018
v -0.173743 -0.326119 0.064223
v -0.011895 -0.171288 0.006416
v -0.008197 -0.164062 -0.020063
v -0.176710 -0.061734 0.037875
v -0.186437 -0.076642 -0.037219
v -0.173542 -0.073284 -0.065662
v -0.037420 -0.166706 0.072958
v -0.023058 -0.174550 0.050442
v -0.158638 -0.071351 0.065415
v -0.112110 -0.121339 0.098102
v -0.016240 -0.175418 0.028612
v -0.146953 -0.050374 -0.101742
v -0.131110 -0.052547 -0.119836
v -0.110946 -0.052975 -0.135189
v -0.058560 -0.074515 -0.150367
v -0.026734 -0.072435 -0.147439
v -0.020031 -0.114414 0.097311
v -0.016056 -0.105158 0.104354
v -0.007449 -0.107185 0.104900
v -0.008038 -0.121182 0.095184
v -0.103721 0.017139 0.093021
v -0.081740 0.010301 0.106602
v -0.038981 0.001743 0.125377
v -0.019439 0.000129 0.130038
v -0.157013 0.044576 0.035923
v -0.059813 0.005134 0.117640
v -0.143903 0.034895 0.057512
v -0.125137 0.025322 0.076469
v -0.242198 -0.763074 -0.056718
v -0.249851 -0.790393 -0.052263
v -0.250702 -0.788803 -0.067201
v -0.239749 -0.761627 -0.071453
v -0.254610 -0.753185 -0.099094
v -0.243943 -0.757981 -0.091604
v -0.268635 -0.749308 -0.100745
v -0.273498 -0.778861 -0.100005
v -0.285066 -0.777017 -0.092992
v -0.281417 -0.747292 -0.095931
v -0.290389 -0.746061 -0.086432
v -0.300164 -0.774940 -0.072479
v -0.302299 -0.774725 -0.054351
v -0.300265 -0.746320 -0.055732
v -0.296734 -0.745618 -0.074170
v -0.296316 -0.751836 -0.035690
v -0.298397 -0.778972 -0.034345
v -0.282145 -0.758317 -0.024810
v -0.248041 -0.764677 -0.040313
v -0.253286 -0.791348 -0.035119
v -0.260000 -0.782341 -0.098745
v -0.251574 -0.786381 -0.088342
v -0.238577 -0.760934 -0.081610
v -0.251102 -0.787718 -0.077372
v -0.255801 -0.816346 -0.062227
v -0.251085 -0.817764 -0.046369
v -0.265636 -0.810246 -0.098569
v -0.261240 -0.812871 -0.084759
v -0.288548 -0.805187 -0.090355
v -0.278683 -0.806531 -0.101029
v -0.307353 -0.802080 -0.071425
v -0.293154 -0.775760 -0.083638
v -0.298689 -0.803606 -0.081572
v -0.309144 -0.800820 -0.053192
v -0.303935 -0.803884 -0.030235
v -0.255247 -0.817105 -0.028111
v -0.259692 -0.814734 -0.073105
v -0.331578 -0.892928 0.127435
v -0.324461 -0.895119 0.128978
v -0.324348 -0.889580 0.127704
v -0.328906 -0.888617 0.126835
v -0.292203 -0.901301 0.136186
v -0.281504 -0.907494 0.134432
v -0.279436 -0.895210 0.136664
v -0.287398 -0.891472 0.138294
v -0.310573 -0.898280 0.136463
v -0.318477 -0.896518 0.135895
v -0.317214 -0.900655 0.132683
v -0.312212 -0.901638 0.133100
v -0.351875 -0.885818 0.097708
v -0.357227 -0.884863 0.094777
v -0.357079 -0.889016 0.093524
v -0.353055 -0.890145 0.094925
v -0.339630 -0.891646 0.116323
v -0.345450 -0.890855 0.113605
v -0.344847 -0.894549 0.111649
v -0.341473 -0.896079 0.113211
v -0.290677 -0.886243 0.116186
v -0.289757 -0.887456 0.130061
v -0.277290 -0.892791 0.127586
v -0.275780 -0.888287 0.113851
v -0.273906 -0.903667 0.123516
v -0.282989 -0.907405 0.120728
v -0.281864 -0.907866 0.106748
v -0.272458 -0.901239 0.108536
v -0.295435 -0.905004 0.122812
v -0.295500 -0.905069 0.109858
v -0.300926 -0.895496 0.113888
v -0.301616 -0.894722 0.128628
v -0.319470 -0.890583 0.116297
v -0.322722 -0.892721 0.128175
v -0.315549 -0.887798 0.129371
v -0.312860 -0.883972 0.117637
v -0.307277 -0.890029 0.130570
v -0.301478 -0.887048 0.118728
v -0.300641 -0.898044 0.116653
v -0.302815 -0.898199 0.130472
v -0.309007 -0.902293 0.126445
v -0.306782 -0.902367 0.113324
v -0.315813 -0.899724 0.113347
v -0.318364 -0.900571 0.125609
v -0.329640 -0.881127 0.110268
v -0.329836 -0.886288 0.121095
v -0.322446 -0.888177 0.121981
v -0.319552 -0.883993 0.112391
v -0.319847 -0.896857 0.122170
v -0.325992 -0.899058 0.120286
v -0.324023 -0.898381 0.109866
v -0.318071 -0.894968 0.112392
v -0.333508 -0.895524 0.108818
v -0.333453 -0.897646 0.119493
v -0.335993 -0.886712 0.110926
v -0.336143 -0.890695 0.120699
v -0.350714 -0.883967 0.097323
v -0.349249 -0.888456 0.106632
v -0.344944 -0.883592 0.107997
v -0.345592 -0.877930 0.097845
v -0.338912 -0.884092 0.109790
v -0.337732 -0.880048 0.101886
v -0.335728 -0.889898 0.110586
v -0.339865 -0.896430 0.107931
v -0.340252 -0.894411 0.099765
v -0.336129 -0.887015 0.103954
v -0.346793 -0.895063 0.106088
v -0.348326 -0.892419 0.096231
v -0.358488 -0.874921 0.080628
v -0.361973 -0.881373 0.077541
v -0.360935 -0.883324 0.087995
v -0.357575 -0.878379 0.089317
v -0.351801 -0.878613 0.091998
v -0.352046 -0.875553 0.085849
v -0.349301 -0.884414 0.092389
v -0.351828 -0.891163 0.089864
v -0.352630 -0.890183 0.083776
v -0.350839 -0.882333 0.087542
v -0.358571 -0.889572 0.087964
v -0.358910 -0.888031 0.079337
v -0.275040 -0.884836 0.099905
v -0.294557 -0.884668 0.102900
v -0.284684 -0.906971 0.130103
v -0.272199 -0.899563 0.094173
v -0.291592 -0.905660 0.130869
v -0.299244 -0.904031 0.098057
v -0.282628 -0.907040 0.092453
v -0.299504 -0.896093 0.107846
v -0.315670 -0.891250 0.135372
v -0.317314 -0.892598 0.106858
v -0.318538 -0.899333 0.097521
v -0.311055 -0.892504 0.135949
v -0.313231 -0.881030 0.101480
v -0.331465 -0.878312 0.093054
v -0.327457 -0.898772 0.126360
v -0.331480 -0.898045 0.125764
v -0.337023 -0.895315 0.091473
v -0.336299 -0.885501 0.101710
v -0.343926 -0.886535 0.113342
v -0.351508 -0.881514 0.087628
v -0.351224 -0.891541 0.080409
v -0.340349 -0.886856 0.114475
v -0.347384 -0.873776 0.081729
v -0.355476 -0.881545 0.093815
v -0.363223 -0.879502 0.064896
v -0.360232 -0.888222 0.068219
v -0.352535 -0.881417 0.095635
v -0.358742 -0.871657 0.069737
v -0.256365 -0.765064 -0.028556
v -0.261810 -0.790619 -0.022877
v -0.268113 -0.763575 -0.023164
v -0.286013 -0.784962 -0.022283
v -0.273454 -0.789369 -0.018968
v -0.265894 -0.814727 -0.014039
v -0.291370 -0.809206 -0.016996
v -0.278862 -0.812351 -0.011137
v -0.313978 -0.822148 -0.074174
v -0.317737 -0.821581 -0.054594
v -0.302708 -0.824099 -0.083633
v -0.283341 -0.827416 -0.104703
v -0.293785 -0.825442 -0.094358
v -0.269576 -0.834195 -0.003528
v -0.260301 -0.838498 -0.021931
v -0.283727 -0.830186 0.001443
v -0.299184 -0.826141 -0.005832
v -0.269933 -0.881256 0.083568
v -0.270466 -0.880644 0.062279
v -0.282649 -0.866855 0.065949
v -0.288279 -0.874843 0.085051
v -0.302190 -0.863137 0.061827
v -0.307609 -0.873372 0.081302
v -0.320197 -0.862064 0.053910
v -0.325600 -0.870527 0.073712
v -0.336285 -0.862252 0.044258
v -0.342169 -0.868638 0.063627
v -0.350600 -0.866209 0.034292
v -0.356158 -0.868896 0.054057
v -0.360606 -0.874426 0.028435
v -0.364508 -0.876948 0.048678
v -0.268859 -0.899412 0.077419
v -0.270385 -0.897092 0.056877
v -0.281820 -0.908447 0.074229
v -0.283222 -0.908243 0.053421
v -0.298917 -0.904900 0.073490
v -0.299314 -0.904740 0.051611
v -0.359074 -0.888031 0.030253
v -0.361203 -0.889549 0.051305
v -0.317537 -0.900557 0.069807
v -0.316931 -0.899549 0.047479
v -0.335045 -0.897557 0.064011
v -0.333825 -0.896496 0.041472
v -0.349754 -0.894482 0.057321
v -0.348173 -0.893676 0.035218
v -0.277169 -0.861285 0.042172
v -0.295490 -0.851485 0.041132
v -0.313144 -0.851268 0.031935
v -0.328848 -0.854495 0.020997
v -0.342921 -0.862350 0.010650
v -0.354125 -0.870746 0.005474
v -0.323935 -0.842519 -0.007125
v -0.335948 -0.860252 -0.015466
v -0.345755 -0.870596 -0.018295
v -0.331483 -0.858509 -0.041790
v -0.338927 -0.870566 -0.042306
v -0.322755 -0.859292 -0.084144
v -0.331440 -0.872423 -0.086187
v -0.334561 -0.870245 -0.066280
v -0.326710 -0.858031 -0.065715
v -0.321466 -0.841776 -0.036278
v -0.319592 -0.840557 -0.060963
v -0.314607 -0.841098 -0.078700
v -0.316175 -0.876635 -0.109644
v -0.326065 -0.874382 -0.099702
v -0.318290 -0.860317 -0.097307
v -0.310303 -0.861254 -0.108849
v -0.294859 -0.865665 -0.116228
v -0.300243 -0.881725 -0.113617
v -0.279502 -0.871885 -0.105752
v -0.284122 -0.887750 -0.105440
v -0.301282 -0.842997 -0.101244
v -0.308098 -0.842442 -0.090470
v -0.289252 -0.845639 -0.109760
v -0.275455 -0.851107 -0.101088
v -0.272670 -0.853618 -0.084160
v -0.275607 -0.874807 -0.086688
v -0.277099 -0.890667 -0.087658
v -0.271105 -0.879267 0.036981
v -0.274100 -0.892173 0.032547
v -0.306830 -0.838052 0.011564
v -0.288435 -0.840924 0.019999
v -0.271398 -0.852641 0.012839
v -0.269128 -0.876611 0.009597
v -0.276988 -0.889650 0.005383
v -0.278067 -0.888557 -0.019186
v -0.268568 -0.877436 -0.016642
v -0.284969 -0.900863 0.028831
v -0.287299 -0.894559 0.002557
v -0.287089 -0.893262 -0.021470
v -0.276687 -0.889327 -0.040625
v -0.269026 -0.877469 -0.038978
v -0.276509 -0.889417 -0.057848
v -0.271628 -0.875640 -0.056701
v -0.273639 -0.874861 -0.070939
v -0.276177 -0.890140 -0.072119
v -0.266611 -0.856235 -0.057037
v -0.269344 -0.854432 -0.069911
v -0.263827 -0.858854 -0.039023
v -0.263938 -0.858098 -0.015950
v -0.354232 -0.884697 0.006465
v -0.347020 -0.882347 -0.017435
v -0.339618 -0.880776 -0.041171
v -0.335064 -0.882068 -0.064806
v -0.329601 -0.884750 -0.083153
v -0.323852 -0.886436 -0.094635
v -0.302109 -0.890994 -0.105802
v -0.315333 -0.887874 -0.103230
v -0.290601 -0.895275 -0.100214
v -0.285744 -0.898344 -0.085932
v -0.284740 -0.899472 -0.072760
v -0.285559 -0.895743 -0.042682
v -0.284401 -0.898512 -0.059118
v -0.255734 -0.840311 -0.042344
v -0.258874 -0.838537 -0.060114
v -0.263613 -0.836361 -0.071491
v -0.271018 -0.831757 -0.098098
v -0.267267 -0.834063 -0.082985
v -0.299596 -0.901298 0.025967
v -0.316109 -0.896813 0.021632
v -0.331753 -0.893617 0.015865
v -0.344720 -0.890662 0.010463
v -0.339912 -0.888403 -0.014353
v -0.328408 -0.891450 -0.010353
v -0.313917 -0.894949 -0.005517
v -0.299106 -0.896103 -0.000640
v -0.333304 -0.887835 -0.037979
v -0.323413 -0.891547 -0.034103
v -0.310407 -0.894941 -0.030259
v -0.297802 -0.895950 -0.024944
v -0.295394 -0.898773 -0.046379
v -0.306033 -0.896820 -0.051992
v -0.317465 -0.893308 -0.055638
v -0.326894 -0.889128 -0.060293
v -0.321705 -0.890548 -0.077393
v -0.312669 -0.894006 -0.072023
v -0.302508 -0.897538 -0.067868
v -0.293884 -0.899636 -0.063026
v -0.317154 -0.891325 -0.087435
v -0.303670 -0.894343 -0.097849
v -0.311516 -0.892212 -0.094147
v -0.296006 -0.897303 -0.094775
v -0.293453 -0.898950 -0.084799
v -0.293211 -0.899731 -0.074345
v -0.300934 -0.897325 -0.077520
v -0.300026 -0.896899 -0.085114
v -0.309840 -0.894108 -0.081321
v -0.306837 -0.894210 -0.088134
v -0.299957 -0.896223 -0.090944
v -0.303435 -0.894868 -0.092319
v -0.310987 -0.825740 -0.026040
v -0.196003 -0.492547 0.014989
v -0.180706 -0.493523 0.009896
v -0.212019 -0.486781 0.015954
v -0.134652 -0.084049 0.085119
v -0.085325 0.144777 0.101680
v -0.085016 0.187024 0.094952
v -0.084823 0.165697 0.098236
v -0.141623 -0.110336 0.088663
v -0.130562 0.212169 0.042497
v -0.106863 0.366585 0.078907
v -0.076655 0.653266 -0.015024
v -0.074707 0.649972 -0.015980
v -0.073532 0.646871 -0.017882
v -0.072810 0.644492 -0.020800
v -0.072070 0.642497 -0.023905
v -0.070271 0.642309 -0.027089
v -0.075403 0.648046 -0.020711
v -0.072731 0.650627 -0.023685
v -0.073185 0.652202 -0.021888
v -0.075753 0.650359 -0.019012
f 2 3 1
f 1 3 4
f 3 2 5
f 5 2 6
f 3 7 4
f 4 7 8
f 10 11 9
f 9 11 12
f 14 15 13
f 13 15 16
f 18 19 17
f 17 19 20
f 22 23 21
f 21 23 24
f 26 18 25
f 25 18 17
f 27 28 17
f 17 28 25
f 30 31 29
f 29 31 32
f 34 35 33
f 33 35 36
f 21 24 37
f 37 24 38
f 40 31 39
f 39 31 38
f 34 33 28
f 28 33 25
f 41 42 44
f 44 42 43
f 36 45 33
f 33 45 25
f 46 47 49
f 49 47 48
f 51 52 50
f 50 52 53
f 55 53 54
f 54 53 52
f 57 58 56
f 56 58 59
f 61 62 60
f 60 62 63
f 65 66 64
f 64 66 67
f 69 70 68
f 68 70 71
f 65 73 72
f 72 73 74
f 64 75 65
f 65 75 73
f 77 78 76
f 76 78 79
f 80 81 83
f 83 81 82
f 81 85 84
f 84 85 86
f 88 89 87
f 87 89 69
f 88 87 90
f 90 87 91
f 93 94 92
f 92 94 95
f 96 84 43
f 43 84 44
f 51 98 97
f 97 98 86
f 97 99 51
f 51 99 52
f 54 52 100
f 100 52 99
f 58 101 59
f 59 101 102
f 62 103 63
f 63 103 104
f 105 106 6
f 6 106 5
f 108 109 107
f 107 109 110
f 112 113 111
f 111 113 114
f 116 117 115
f 115 117 118
f 120 121 119
f 119 121 122
f 124 125 123
f 123 125 126
f 128 129 127
f 127 129 130
f 130 131 127
f 127 131 132
f 134 1 133
f 133 1 135
f 1 4 135
f 135 4 136
f 4 8 136
f 136 8 137
f 138 139 15
f 15 139 140
f 140 139 141
f 141 139 142
f 144 57 143
f 143 57 56
f 145 146 141
f 141 146 147
f 146 149 148
f 148 149 150
f 152 153 151
f 151 153 154
f 141 147 140
f 140 147 155
f 157 11 156
f 156 11 158
f 160 161 159
f 159 161 162
f 164 165 163
f 163 165 166
f 165 160 166
f 166 160 159
f 168 169 167
f 167 169 170
f 169 171 170
f 170 171 172
f 149 173 150
f 150 173 174
f 175 176 149
f 149 176 173
f 178 172 177
f 177 172 171
f 180 181 179
f 179 181 182
f 184 180 183
f 183 180 179
f 186 187 185
f 185 187 188
f 190 191 189
f 189 191 192
f 7 193 8
f 8 193 194
f 196 162 195
f 195 162 161
f 197 168 198
f 198 168 167
f 181 199 182
f 182 199 200
f 202 203 201
f 201 203 204
f 187 186 205
f 205 186 206
f 208 209 207
f 207 209 210
f 212 213 211
f 211 213 214
f 215 216 218
f 218 216 217
f 220 209 219
f 219 209 208
f 204 186 221
f 221 186 185
f 201 204 222
f 222 204 221
f 223 211 220
f 220 211 209
f 224 225 214
f 214 225 210
f 203 206 204
f 204 206 186
f 227 187 226
f 226 187 205
f 27 228 21
f 21 228 22
f 230 231 229
f 229 231 232
f 234 235 233
f 233 235 236
f 238 239 237
f 237 239 240
f 119 122 118
f 118 122 115
f 112 242 241
f 241 242 243
f 98 51 244
f 244 51 50
f 245 138 14
f 14 138 15
f 11 10 158
f 158 10 246
f 89 85 69
f 69 85 70
f 11 157 12
f 12 157 247
f 249 164 248
f 248 164 163
f 177 250 178
f 178 250 251
f 253 254 252
f 252 254 255
f 187 227 188
f 188 227 256
f 212 257 213
f 213 257 258
f 260 134 259
f 259 134 133
f 165 164 135
f 135 164 133
f 160 165 136
f 136 165 135
f 136 137 160
f 160 137 161
f 137 261 161
f 161 261 195
f 263 264 262
f 262 264 265
f 13 16 266
f 266 16 267
f 268 267 155
f 155 267 16
f 147 269 155
f 155 269 268
f 162 196 167
f 167 196 198
f 167 170 162
f 162 170 159
f 170 172 159
f 159 172 166
f 172 178 166
f 166 178 163
f 178 251 163
f 163 251 248
f 168 270 169
f 169 270 271
f 272 273 171
f 171 273 177
f 271 272 169
f 169 272 171
f 168 197 270
f 270 197 274
f 250 177 275
f 275 177 273
f 277 45 276
f 276 45 278
f 280 281 279
f 279 281 282
f 284 104 283
f 283 104 103
f 285 215 286
f 286 215 218
f 288 289 287
f 287 289 290
f 291 80 66
f 66 80 83
f 293 294 292
f 292 294 295
f 73 91 74
f 74 91 87
f 91 73 92
f 92 73 75
f 279 77 280
f 280 77 76
f 80 291 70
f 70 291 71
f 277 47 96
f 96 47 82
f 297 175 296
f 296 175 149
f 299 154 298
f 298 154 153
f 225 300 210
f 210 300 207
f 224 301 206
f 206 301 205
f 210 209 214
f 214 209 211
f 226 205 302
f 302 205 301
f 304 305 303
f 303 305 306
f 308 309 307
f 307 309 310
f 72 291 65
f 65 291 66
f 66 83 67
f 67 83 46
f 312 313 311
f 311 313 314
f 316 317 315
f 315 317 36
f 29 318 35
f 35 318 319
f 321 32 320
f 320 32 322
f 311 314 323
f 323 314 324
f 315 325 316
f 316 325 326
f 318 287 319
f 319 287 290
f 328 321 327
f 327 321 320
f 329 330 39
f 39 330 331
f 332 333 40
f 40 333 322
f 309 334 285
f 285 334 335
f 236 2 134
f 134 2 1
f 260 336 233
f 233 336 337
f 237 14 265
f 265 14 13
f 84 86 44
f 44 86 98
f 189 192 7
f 7 192 193
f 44 98 41
f 41 98 244
f 237 240 14
f 14 240 245
f 7 3 189
f 189 3 5
f 338 71 72
f 72 71 291
f 262 265 266
f 266 265 13
f 124 123 339
f 339 123 105
f 123 109 105
f 105 109 106
f 189 5 190
f 190 5 106
f 111 114 12
f 12 114 9
f 264 340 265
f 265 340 237
f 342 343 341
f 341 343 344
f 6 235 105
f 105 235 339
f 234 346 345
f 345 346 347
f 349 350 348
f 348 350 351
f 107 352 108
f 108 352 353
f 355 356 354
f 354 356 357
f 237 340 238
f 238 340 358
f 12 247 111
f 111 247 359
f 264 263 116
f 116 263 360
f 361 362 222
f 222 362 201
f 364 365 363
f 363 365 366
f 368 369 367
f 367 369 370
f 372 373 371
f 371 373 374
f 375 376 372
f 372 376 377
f 378 379 381
f 381 379 380
f 382 383 269
f 269 383 268
f 150 174 365
f 365 174 384
f 380 377 381
f 381 377 376
f 271 270 180
f 180 270 181
f 273 272 252
f 252 272 184
f 272 271 184
f 184 271 180
f 181 270 274
f 252 255 273
f 273 255 275
f 254 385 255
f 255 385 386
f 387 388 179
f 179 388 183
f 389 387 182
f 182 387 179
f 182 200 389
f 389 200 390
f 388 391 183
f 183 391 253
f 391 392 253
f 253 392 254
f 394 379 393
f 393 379 378
f 185 188 395
f 395 188 396
f 221 185 397
f 397 185 395
f 222 221 398
f 398 221 397
f 188 256 396
f 396 256 399
f 400 401 256
f 256 401 399
f 402 403 405
f 405 403 404
f 148 150 364
f 364 150 365
f 393 406 394
f 394 406 407
f 158 246 393
f 393 246 406
f 342 19 238
f 238 19 239
f 23 22 350
f 350 22 354
f 244 50 245
f 245 50 138
f 55 142 53
f 53 142 139
f 145 144 296
f 296 144 143
f 355 228 341
f 341 228 20
f 41 240 42
f 42 240 239
f 283 308 284
f 284 308 307
f 349 409 408
f 408 409 410
f 244 245 41
f 41 245 240
f 268 383 406
f 406 383 407
f 346 411 349
f 349 411 409
f 251 412 248
f 248 412 413
f 275 414 250
f 250 414 415
f 25 45 26
f 26 45 277
f 43 26 96
f 96 26 277
f 416 417 61
f 61 417 62
f 329 24 408
f 408 24 23
f 31 40 32
f 32 40 322
f 39 38 329
f 329 38 24
f 37 38 30
f 30 38 31
f 418 419 421
f 421 419 420
f 78 295 79
f 79 295 294
f 124 339 422
f 422 339 345
f 232 131 357
f 357 131 351
f 2 236 6
f 6 236 235
f 252 184 253
f 253 184 183
f 227 423 256
f 256 423 400
f 423 227 305
f 305 227 226
f 424 258 425
f 425 258 257
f 426 427 212
f 212 427 257
f 259 133 249
f 249 133 164
f 419 418 428
f 428 418 429
f 327 430 328
f 328 430 288
f 49 431 46
f 46 431 67
f 306 302 424
f 424 302 258
f 313 432 314
f 314 432 433
f 32 321 29
f 29 321 318
f 324 314 433
f 287 318 328
f 328 318 321
f 134 260 236
f 236 260 233
f 345 339 234
f 234 339 235
f 357 351 354
f 354 351 350
f 408 23 349
f 349 23 350
f 317 278 36
f 36 278 45
f 432 313 429
f 429 313 428
f 435 428 434
f 434 428 313
f 42 239 18
f 18 239 19
f 43 42 26
f 26 42 18
f 121 120 436
f 436 120 437
f 302 301 258
f 258 301 213
f 110 109 126
f 126 109 123
f 238 358 342
f 342 358 343
f 341 20 342
f 342 20 19
f 322 438 320
f 320 438 439
f 320 439 327
f 327 439 430
f 333 440 322
f 322 440 438
f 289 288 323
f 323 288 430
f 115 340 116
f 116 340 264
f 146 145 149
f 149 145 296
f 15 140 16
f 16 140 155
f 441 442 152
f 152 442 153
f 225 224 203
f 203 224 206
f 175 297 154
f 154 297 151
f 293 443 294
f 294 443 444
f 248 413 249
f 249 413 445
f 446 447 400
f 400 447 401
f 388 387 396
f 396 387 395
f 387 389 395
f 395 389 397
f 391 388 399
f 399 388 396
f 401 392 399
f 399 392 391
f 255 386 275
f 275 386 414
f 449 450 448
f 448 450 451
f 335 452 285
f 285 452 215
f 453 298 442
f 442 298 153
f 211 223 212
f 212 223 426
f 425 257 454
f 454 257 427
f 266 10 262
f 262 10 9
f 360 113 456
f 456 113 455
f 8 194 137
f 137 194 261
f 10 266 246
f 246 266 267
f 203 202 225
f 225 202 300
f 262 9 263
f 263 9 114
f 108 353 190
f 190 353 191
f 389 390 397
f 397 390 398
f 457 422 128
f 128 422 129
f 156 158 378
f 378 158 393
f 347 346 348
f 348 346 349
f 447 458 401
f 401 458 392
f 364 382 148
f 148 382 269
f 55 54 57
f 57 54 58
f 75 64 459
f 459 64 460
f 100 90 101
f 101 90 95
f 101 58 100
f 100 58 54
f 142 55 144
f 144 55 57
f 147 146 269
f 269 146 148
f 459 93 75
f 75 93 92
f 144 145 142
f 142 145 141
f 228 27 20
f 20 27 17
f 154 299 175
f 175 299 176
f 214 213 224
f 224 213 301
f 424 461 306
f 306 461 303
f 285 286 309
f 309 286 310
f 462 334 308
f 308 334 309
f 302 306 226
f 226 306 305
f 37 28 21
f 21 28 27
f 29 35 30
f 30 35 34
f 30 34 37
f 37 34 28
f 344 436 356
f 356 436 229
f 325 290 326
f 326 290 289
f 311 439 312
f 312 439 438
f 35 319 36
f 36 319 315
f 439 311 430
f 430 311 323
f 315 319 325
f 325 319 290
f 440 463 438
f 438 463 312
f 341 344 355
f 355 344 356
f 360 456 116
f 116 456 117
f 354 22 355
f 355 22 228
f 326 289 324
f 324 289 323
f 74 87 68
f 68 87 69
f 50 53 138
f 138 53 139
f 268 406 267
f 267 406 246
f 190 106 108
f 108 106 109
f 241 455 112
f 112 455 113
f 358 122 343
f 343 122 121
f 129 347 130
f 130 347 348
f 348 351 130
f 130 351 131
f 229 232 356
f 356 232 357
f 340 115 358
f 358 115 122
f 111 359 112
f 112 359 242
f 125 124 457
f 457 124 422
f 231 132 232
f 232 132 131
f 343 121 344
f 344 121 436
f 263 114 360
f 360 114 113
f 347 129 345
f 345 129 422
f 230 229 437
f 437 229 436
f 464 446 423
f 423 446 400
f 465 466 468
f 468 466 467
f 470 471 469
f 469 471 472
f 469 472 373
f 373 472 374
f 474 469 473
f 473 469 373
f 471 475 472
f 472 475 476
f 472 477 374
f 374 477 478
f 477 472 476
f 479 480 476
f 476 480 477
f 473 373 377
f 377 373 372
f 481 482 479
f 479 482 480
f 483 484 481
f 481 484 482
f 403 402 485
f 485 402 486
f 487 488 483
f 483 488 484
f 487 489 488
f 488 489 490
f 489 491 490
f 490 491 492
f 491 493 492
f 492 493 494
f 493 495 494
f 494 495 496
f 497 498 481
f 481 498 483
f 484 499 482
f 482 499 367
f 370 480 367
f 367 480 482
f 480 370 477
f 477 370 478
f 500 497 479
f 479 497 481
f 451 473 380
f 380 473 377
f 448 451 379
f 379 451 380
f 501 502 504
f 504 502 503
f 449 505 507
f 507 505 506
f 486 508 505
f 505 508 506
f 508 509 506
f 506 509 510
f 511 507 510
f 510 507 506
f 509 508 512
f 512 508 513
f 515 509 514
f 514 509 512
f 509 515 510
f 510 515 516
f 510 516 511
f 511 516 517
f 486 505 485
f 485 505 518
f 505 449 518
f 518 449 448
f 383 382 403
f 403 382 404
f 363 404 364
f 364 404 382
f 403 485 383
f 383 485 407
f 519 520 361
f 361 520 362
f 522 496 521
f 521 496 495
f 450 474 451
f 451 474 473
f 363 366 523
f 523 366 524
f 525 499 488
f 488 499 484
f 488 490 525
f 525 490 526
f 496 522 520
f 520 522 527
f 494 496 519
f 519 496 520
f 492 494 528
f 528 494 519
f 529 530 495
f 495 530 521
f 490 492 526
f 526 492 528
f 529 495 531
f 531 495 493
f 533 534 532
f 532 534 535
f 523 524 533
f 533 524 534
f 486 402 532
f 532 402 533
f 529 536 530
f 530 536 537
f 536 538 537
f 537 538 539
f 540 541 539
f 539 541 537
f 530 537 535
f 535 537 541
f 542 539 543
f 543 539 538
f 539 542 540
f 540 542 544
f 541 540 513
f 513 540 512
f 540 544 512
f 512 544 514
f 546 547 545
f 545 547 548
f 549 550 531
f 531 550 551
f 550 549 552
f 552 549 553
f 546 550 554
f 554 550 552
f 547 546 555
f 555 546 554
f 498 556 558
f 558 556 557
f 559 557 560
f 560 557 556
f 561 562 560
f 560 562 559
f 557 559 552
f 552 559 554
f 559 562 554
f 554 562 555
f 558 557 553
f 553 557 552
f 475 471 563
f 563 471 564
f 565 563 567
f 567 563 566
f 471 470 564
f 564 470 466
f 564 466 568
f 568 466 465
f 568 465 569
f 569 465 570
f 572 573 571
f 571 573 574
f 569 575 567
f 567 575 576
f 577 565 576
f 576 565 567
f 578 579 581
f 581 579 580
f 575 561 576
f 576 561 560
f 556 577 560
f 560 577 576
f 577 556 497
f 497 556 498
f 565 577 500
f 500 577 497
f 563 565 475
f 475 565 500
f 553 489 558
f 558 489 487
f 531 493 549
f 549 493 491
f 489 553 491
f 491 553 549
f 394 407 518
f 518 407 485
f 518 448 394
f 394 448 379
f 545 548 538
f 538 548 543
f 551 545 536
f 536 545 538
f 536 529 551
f 551 529 531
f 507 582 449
f 449 582 450
f 511 583 507
f 507 583 582
f 511 517 583
f 583 517 584
f 585 586 588
f 588 586 587
f 590 591 589
f 589 591 592
f 591 590 593
f 593 590 594
f 596 597 595
f 595 597 598
f 599 600 602
f 602 600 601
f 604 605 603
f 603 605 606
f 608 609 607
f 607 609 610
f 612 613 611
f 611 613 614
f 615 616 618
f 618 616 617
f 620 621 619
f 619 621 622
f 624 625 623
f 623 625 626
f 628 629 627
f 627 629 630
f 632 633 631
f 631 633 634
f 635 636 638
f 638 636 637
f 639 640 642
f 642 640 641
f 644 645 643
f 643 645 646
f 619 622 647
f 647 622 648
f 650 651 649
f 649 651 652
f 601 653 602
f 602 653 654
f 656 657 655
f 655 657 658
f 660 661 659
f 659 661 662
f 664 665 663
f 663 665 666
f 593 594 667
f 667 594 668
f 669 670 672
f 672 670 671
f 673 674 676
f 676 674 675
f 633 632 677
f 677 632 678
f 663 666 679
f 679 666 680
f 681 682 684
f 684 682 683
f 686 687 685
f 685 687 688
f 690 661 689
f 689 661 691
f 693 686 692
f 692 686 685
f 695 597 694
f 694 597 668
f 594 696 668
f 668 696 694
f 697 698 696
f 696 698 699
f 700 701 697
f 697 701 698
f 702 585 703
f 703 585 588
f 671 690 672
f 672 690 689
f 640 639 704
f 704 639 705
f 679 706 663
f 663 706 658
f 708 709 707
f 707 709 710
f 711 712 610
f 610 712 607
f 713 714 716
f 716 714 715
f 717 718 720
f 720 718 719
f 722 634 721
f 721 634 633
f 724 725 723
f 723 725 726
f 728 729 727
f 727 729 730
f 732 733 731
f 731 733 734
f 707 710 735
f 735 710 736
f 643 737 644
f 644 737 738
f 740 741 739
f 739 741 742
f 608 744 743
f 743 744 745
f 747 748 746
f 746 748 749
f 751 752 750
f 750 752 753
f 754 755 757
f 757 755 756
f 758 759 761
f 761 759 760
f 763 764 762
f 762 764 765
f 767 768 766
f 766 768 769
f 771 772 770
f 770 772 773
f 775 776 774
f 774 776 777
f 779 780 778
f 778 780 781
f 783 712 782
f 782 712 784
f 785 786 788
f 788 786 787
f 790 628 789
f 789 628 627
f 792 793 791
f 791 793 794
f 795 796 726
f 726 796 723
f 798 799 797
f 797 799 800
f 721 633 801
f 801 633 677
f 797 800 802
f 802 800 803
f 805 806 804
f 804 806 807
f 809 810 808
f 808 810 811
f 813 814 812
f 812 814 815
f 809 808 817
f 817 808 816
f 818 819 804
f 804 819 805
f 820 821 818
f 818 821 819
f 821 820 587
f 587 820 822
f 809 823 810
f 810 823 824
f 814 807 815
f 815 807 806
f 826 426 825
f 825 426 223
f 426 826 427
f 427 826 827
f 828 829 454
f 454 829 830
f 831 832 677
f 677 832 801
f 834 835 833
f 833 835 836
f 838 839 837
f 837 839 840
f 841 842 844
f 844 842 843
f 845 846 803
f 803 846 802
f 847 831 678
f 678 831 677
f 848 849 851
f 851 849 850
f 853 854 852
f 852 854 855
f 857 858 856
f 856 858 680
f 860 861 859
f 859 861 862
f 864 865 863
f 863 865 866
f 868 869 867
f 867 869 870
f 839 871 840
f 840 871 872
f 849 848 874
f 874 848 873
f 876 877 875
f 875 877 878
f 880 881 879
f 879 881 882
f 883 884 886
f 886 884 885
f 846 887 802
f 802 887 888
f 890 891 889
f 889 891 888
f 893 894 892
f 892 894 895
f 896 897 728
f 728 897 729
f 899 900 898
f 898 900 901
f 902 852 904
f 904 852 903
f 849 905 850
f 850 905 906
f 875 878 907
f 907 878 908
f 910 911 909
f 909 911 912
f 914 915 913
f 913 915 916
f 917 918 862
f 862 918 859
f 919 920 856
f 856 920 921
f 923 924 922
f 922 924 925
f 926 927 925
f 925 927 922
f 929 930 928
f 928 930 693
f 932 695 931
f 931 695 694
f 823 867 824
f 824 867 933
f 935 936 934
f 934 936 937
f 938 868 823
f 823 868 867
f 940 847 939
f 939 847 678
f 632 655 678
f 678 655 939
f 941 942 619
f 619 942 620
f 687 943 688
f 688 943 944
f 851 850 945
f 945 850 903
f 850 906 903
f 903 906 904
f 946 947 949
f 949 947 948
f 951 952 950
f 950 952 953
f 955 956 954
f 954 956 957
f 907 958 875
f 875 958 874
f 960 961 959
f 959 961 962
f 963 853 902
f 902 853 852
f 909 964 910
f 910 964 965
f 967 968 966
f 966 968 969
f 971 972 970
f 970 972 973
f 974 960 975
f 975 960 959
f 977 978 976
f 976 978 979
f 981 977 980
f 980 977 976
f 980 982 981
f 981 982 983
f 985 983 984
f 984 983 982
f 984 986 985
f 985 986 987
f 989 990 988
f 988 990 991
f 993 994 992
f 992 994 995
f 997 998 996
f 996 998 999
f 1001 1002 1000
f 1000 1002 1003
f 1005 1006 1004
f 1004 1006 1007
f 1004 1008 1005
f 1005 1008 1009
f 1008 1010 1009
f 1009 1010 1011
f 1013 1011 1012
f 1012 1011 1010
f 1014 1015 1017
f 1017 1015 1016
f 1019 1020 1018
f 1018 1020 1021
f 1022 1023 976
f 976 1023 980
f 1024 1025 982
f 982 1025 984
f 992 995 1026
f 1026 995 1027
f 956 955 1028
f 1028 955 1029
f 1030 1031 1033
f 1033 1031 1032
f 1010 1008 1034
f 1034 1008 1035
f 1008 1004 1035
f 1035 1004 1036
f 1037 1038 1002
f 1002 1038 1007
f 1002 1001 1037
f 1037 1001 1039
f 1040 1041 997
f 997 1041 998
f 1015 1014 1043
f 1043 1014 1042
f 1044 1045 1047
f 1047 1045 1046
f 1044 1020 1048
f 1048 1020 1049
f 1050 1051 1003
f 1003 1051 1000
f 1052 1050 1006
f 1006 1050 1003
f 1053 1054 1011
f 1011 1054 1009
f 1013 1045 1055
f 1055 1045 1056
f 1058 1059 1057
f 1057 1059 1060
f 1062 1063 1061
f 1061 1063 1064
f 1065 1066 1050
f 1050 1066 1051
f 1067 1065 1052
f 1052 1065 1050
f 1068 1069 1054
f 1054 1069 1070
f 1071 1068 1053
f 1053 1068 1054
f 1073 1071 1072
f 1072 1071 1074
f 1074 1071 1055
f 1055 1071 1053
f 1076 1077 1075
f 1075 1077 1078
f 1079 1080 1057
f 1057 1080 1058
f 1081 1082 1064
f 1064 1082 1061
f 1084 1085 1083
f 1083 1085 1086
f 1088 1089 1087
f 1087 1089 1090
f 1092 1093 1091
f 1091 1093 1094
f 1096 1097 1095
f 1095 1097 1098
f 1099 1100 1102
f 1102 1100 1101
f 1103 1104 1099
f 1099 1104 1100
f 1106 1107 1105
f 1105 1107 1108
f 1110 1111 1109
f 1109 1111 1112
f 1114 1115 1113
f 1113 1115 1116
f 1118 1119 1117
f 1117 1119 1077
f 1117 1120 1122
f 1122 1120 1121
f 1105 1123 1106
f 1106 1123 1124
f 1125 1126 1128
f 1128 1126 1127
f 1130 1131 1129
f 1129 1131 1132
f 1134 1135 1133
f 1133 1135 1114
f 1113 1136 1114
f 1114 1136 1133
f 1118 1137 1113
f 1113 1137 1136
f 1118 1117 1137
f 1137 1117 1122
f 1139 1140 1138
f 1138 1140 1141
f 1143 953 1142
f 1142 953 952
f 1145 957 1144
f 1144 957 956
f 1028 1146 956
f 956 1146 1144
f 1014 1147 1042
f 1042 1147 1148
f 1014 1017 1147
f 1147 1017 1149
f 1059 1058 1150
f 1150 1058 1151
f 1153 1080 1152
f 1152 1080 1154
f 1156 1088 1155
f 1155 1088 1087
f 1157 1158 1106
f 1106 1158 1107
f 1106 1124 1157
f 1157 1124 1159
f 1161 1162 1160
f 1160 1162 1163
f 1165 1166 1164
f 1164 1166 1167
f 1168 1031 1012
f 1012 1031 1046
f 1024 1023 1035
f 1035 1023 1034
f 1036 1038 1025
f 1025 1038 1169
f 1170 1171 1039
f 1039 1171 1037
f 1028 1029 1042
f 1042 1029 1043
f 1172 1173 1175
f 1175 1173 1174
f 1055 1053 1013
f 1013 1053 1011
f 1005 1009 1070
f 1070 1009 1054
f 996 999 1062
f 1062 999 1063
f 1016 1060 1017
f 1017 1060 1059
f 1017 1059 1149
f 1149 1059 1150
f 1177 1178 1176
f 1176 1178 1103
f 1176 1072 1179
f 1179 1072 1074
f 1073 1102 1086
f 1086 1102 1083
f 1180 1181 1067
f 1067 1181 1065
f 1182 1183 1184
f 1184 1183 1181
f 1186 1187 1185
f 1185 1187 1188
f 1189 1190 798
f 798 1190 799
f 1192 1193 1191
f 1191 1193 1194
f 1195 1196 1194
f 1194 1196 1191
f 1196 1195 1198
f 1198 1195 1197
f 1200 674 1199
f 1199 674 673
f 928 1201 1203
f 1203 1201 1202
f 861 1204 862
f 862 1204 921
f 1205 1206 913
f 913 1206 1207
f 882 1208 879
f 879 1208 1209
f 1210 1211 1167
f 1167 1211 1164
f 1212 769 1213
f 1213 769 768
f 727 1214 728
f 728 1214 1215
f 1217 1218 1216
f 1216 1218 1219
f 1220 813 1221
f 1221 813 812
f 827 828 427
f 427 828 454
f 1223 1224 1222
f 1222 1224 1165
f 1226 1227 1225
f 1225 1227 1228
f 851 1229 848
f 848 1229 1230
f 834 854 835
f 835 854 1231
f 1233 1234 1232
f 1232 1234 1235
f 1237 751 1236
f 1236 751 750
f 743 819 1238
f 1238 819 821
f 1240 1241 1239
f 1239 1241 1242
f 1244 1245 1243
f 1243 1245 1246
f 844 1247 841
f 841 1247 1248
f 1250 1251 1249
f 1249 1251 1252
f 1254 893 1253
f 1253 893 1237
f 1255 1256 1258
f 1258 1256 1257
f 1260 1261 1259
f 1259 1261 1262
f 945 903 855
f 855 903 852
f 855 1263 945
f 945 1263 1264
f 832 845 801
f 801 845 803
f 800 721 803
f 803 721 801
f 721 800 722
f 722 800 799
f 1266 1267 1265
f 1265 1267 1268
f 1270 795 1269
f 1269 795 726
f 725 1271 726
f 726 1271 1269
f 737 765 738
f 738 765 764
f 759 740 760
f 760 740 739
f 717 1272 1274
f 1274 1272 1273
f 1163 1226 1275
f 1275 1226 1225
f 1277 882 1276
f 1276 882 881
f 1041 1040 1027
f 1027 1040 1026
f 900 935 901
f 901 935 934
f 1164 1278 1165
f 1165 1278 1222
f 1211 1279 1164
f 1164 1279 1278
f 442 1280 453
f 453 1280 1281
f 788 1282 785
f 785 1282 1283
f 1285 1286 1284
f 1284 1286 1287
f 1284 1288 1285
f 1285 1288 1289
f 757 1289 754
f 754 1289 1288
f 605 604 675
f 675 604 676
f 1290 1291 1293
f 1293 1291 1292
f 1295 1296 1294
f 1294 1296 1297
f 696 699 694
f 694 699 931
f 1298 1299 592
f 592 1299 589
f 1299 1300 589
f 589 1300 700
f 1300 1301 700
f 700 1301 701
f 743 745 819
f 819 745 805
f 1303 1304 1302
f 1302 1304 1305
f 1306 1307 1305
f 1305 1307 1302
f 609 1298 610
f 610 1298 592
f 587 822 588
f 588 822 1308
f 703 588 1309
f 1309 588 1308
f 1310 703 571
f 571 703 1309
f 1311 1312 789
f 789 1312 790
f 825 223 1313
f 1313 223 220
f 219 1314 220
f 220 1314 1313
f 1315 1316 1311
f 1311 1316 1312
f 1317 1318 1319
f 1319 1318 1241
f 441 1320 442
f 442 1320 1280
f 1321 217 572
f 572 217 216
f 1323 1230 1322
f 1322 1230 1229
f 1324 1325 631
f 631 1325 656
f 1034 1168 1010
f 1010 1168 1012
f 1327 1328 1326
f 1326 1328 1329
f 1331 1202 1330
f 1330 1202 1201
f 571 1309 572
f 572 1309 1321
f 573 572 1332
f 1332 572 216
f 1334 1335 1333
f 1333 1335 1336
f 1337 1338 918
f 918 1338 859
f 1339 863 1340
f 1340 863 866
f 1341 1342 1344
f 1344 1342 1343
f 1345 1346 919
f 919 1346 920
f 1347 1348 673
f 673 1348 1199
f 693 1349 928
f 928 1349 1201
f 1351 1257 1350
f 1350 1257 1256
f 1350 1352 1351
f 1351 1352 1353
f 653 930 654
f 654 930 662
f 1279 1354 1278
f 1278 1354 1355
f 1357 1358 1356
f 1356 1358 1359
f 937 1360 1140
f 1140 1360 1361
f 1225 1228 909
f 909 1228 964
f 901 934 1362
f 1362 934 1139
f 1364 1365 1363
f 1363 1365 1362
f 1367 912 1366
f 1366 912 911
f 1143 1142 1368
f 1368 1142 1369
f 1144 1186 1145
f 1145 1186 1185
f 1146 1175 1144
f 1144 1175 1186
f 1175 1146 1172
f 1172 1146 1148
f 1147 1018 1148
f 1148 1018 1172
f 1018 1147 1019
f 1019 1147 1149
f 1149 1150 1019
f 1019 1150 1370
f 1150 1151 1370
f 1370 1151 1371
f 1151 1153 1371
f 1371 1153 1177
f 1152 1156 1178
f 1178 1156 1372
f 1155 1158 1373
f 1373 1158 1374
f 1157 1159 1376
f 1376 1159 1375
f 1378 1379 1377
f 1377 1379 1380
f 1382 1383 1381
f 1381 1383 1384
f 1382 1386 1385
f 1385 1386 1387
f 1386 1233 1387
f 1387 1233 1232
f 1389 1390 1388
f 1388 1390 1391
f 1393 1394 1392
f 1392 1394 1395
f 1397 1398 1396
f 1396 1398 1399
f 629 1397 630
f 630 1397 1396
f 1342 1400 1343
f 1343 1400 1401
f 1403 1404 1402
f 1402 1404 1405
f 1407 1408 1406
f 1406 1408 1409
f 1411 1412 1410
f 1410 1412 1413
f 793 1414 794
f 794 1414 1415
f 1417 1341 1416
f 1416 1341 1344
f 704 705 1347
f 1347 705 1418
f 741 1419 742
f 742 1419 1420
f 1422 669 1421
f 1421 669 672
f 645 1423 646
f 646 1423 1424
f 1196 1198 614
f 614 1198 611
f 613 1425 614
f 614 1425 1426
f 1427 616 659
f 659 616 660
f 614 1426 1196
f 1196 1426 1191
f 696 594 697
f 697 594 590
f 697 590 700
f 700 590 589
f 703 1310 702
f 702 1310 1428
f 1421 672 1192
f 1192 672 689
f 1271 648 1269
f 1269 648 622
f 621 1270 622
f 622 1270 1269
f 1429 1430 1417
f 1417 1430 1341
f 1431 1432 1434
f 1434 1432 1433
f 1436 1437 1435
f 1435 1437 1438
f 1440 1441 1439
f 1439 1441 1442
f 1443 1444 1446
f 1446 1444 1445
f 823 809 938
f 938 809 817
f 810 1447 811
f 811 1447 1448
f 1449 1450 679
f 679 1450 706
f 913 916 1205
f 1205 916 1451
f 1275 1225 912
f 912 1225 909
f 1452 1453 880
f 880 1453 881
f 1444 1401 1445
f 1445 1401 1400
f 936 1454 937
f 937 1454 1360
f 824 1455 810
f 810 1455 1447
f 631 656 632
f 632 656 655
f 966 1456 967
f 967 1456 1457
f 1459 1460 1458
f 1458 1460 1461
f 1460 1462 1461
f 1461 1462 1463
f 972 974 973
f 973 974 975
f 990 995 991
f 991 995 994
f 1464 1187 1033
f 1033 1187 1174
f 1018 1021 1172
f 1172 1021 1173
f 1000 999 1001
f 1001 999 998
f 976 979 1022
f 1022 979 1032
f 1023 1024 980
f 980 1024 982
f 989 986 1171
f 1171 986 1169
f 1171 1170 989
f 989 1170 990
f 1170 1027 990
f 990 1027 995
f 1041 1039 998
f 998 1039 1001
f 1051 1063 1000
f 1000 1063 999
f 1066 1064 1051
f 1051 1064 1063
f 1183 1081 1066
f 1066 1081 1064
f 1178 1372 1103
f 1103 1372 1104
f 1092 1091 1465
f 1465 1091 1182
f 1467 1465 1466
f 1466 1465 1468
f 1469 1470 1184
f 1184 1470 1468
f 1095 1098 1471
f 1471 1098 1101
f 1076 1374 1120
f 1120 1374 1376
f 1110 1472 1127
f 1127 1472 1132
f 1472 1473 1132
f 1132 1473 1129
f 1474 1475 1466
f 1466 1475 1473
f 1119 1118 1116
f 1116 1118 1113
f 1375 1121 1376
f 1376 1121 1120
f 1127 1132 1128
f 1128 1132 1131
f 1227 1476 1228
f 1228 1476 1361
f 1365 1477 1362
f 1362 1477 872
f 1478 1479 1323
f 1323 1479 1230
f 1480 1481 914
f 914 1481 915
f 913 1277 914
f 914 1277 1276
f 1168 1034 1022
f 1022 1034 1023
f 1035 1036 1024
f 1024 1036 1025
f 1039 1041 1170
f 1170 1041 1027
f 1042 1148 1028
f 1028 1148 1146
f 968 1459 969
f 969 1459 1458
f 1482 1483 664
f 664 1483 665
f 1485 1486 1484
f 1484 1486 1487
f 1489 1490 1488
f 1488 1490 1491
f 1492 1493 722
f 722 1493 634
f 1495 1496 1494
f 1494 1496 1497
f 1498 1207 1339
f 1339 1207 863
f 1224 1499 1165
f 1165 1499 1166
f 1160 1163 1500
f 1500 1163 1275
f 1500 877 1160
f 1160 877 1501
f 876 873 1502
f 1502 873 1479
f 945 1264 851
f 851 1264 1229
f 835 1231 839
f 839 1231 871
f 1503 1283 778
f 778 1283 1282
f 716 715 1505
f 1505 715 1504
f 1446 1445 1507
f 1507 1445 1506
f 779 792 1381
f 1381 792 791
f 1430 1409 1341
f 1341 1409 1342
f 1411 1429 1508
f 1508 1429 1417
f 635 1510 1509
f 1509 1510 1511
f 1377 1380 1315
f 1315 1380 1316
f 1445 1400 1506
f 1506 1400 1408
f 918 917 1336
f 1336 917 1333
f 1513 1514 1512
f 1512 1514 870
f 1515 1516 1363
f 1363 1516 1364
f 1453 1517 881
f 881 1517 1276
f 992 1518 993
f 993 1518 1519
f 1520 1029 1518
f 1518 1029 955
f 1520 1026 1521
f 1521 1026 1040
f 1522 1015 1521
f 1521 1015 1043
f 996 1523 997
f 997 1523 1522
f 1060 1016 1524
f 1524 1016 1523
f 1061 1525 1062
f 1062 1525 1524
f 1079 1527 1526
f 1526 1527 1528
f 1093 1529 1094
f 1094 1529 1528
f 1111 1530 1112
f 1112 1530 1531
f 1532 1533 1105
f 1105 1533 1123
f 934 937 1139
f 1139 937 1140
f 1138 1363 1139
f 1139 1363 1362
f 1534 1222 1355
f 1355 1222 1278
f 1535 1223 1534
f 1534 1223 1222
f 821 587 1238
f 1238 587 586
f 1319 711 1317
f 1317 711 1536
f 1538 1200 1537
f 1537 1200 1199
f 1508 1417 1539
f 1539 1417 1416
f 1540 1541 840
f 840 1541 837
f 1231 898 871
f 871 898 901
f 1500 1275 1367
f 1367 1275 912
f 1543 1379 1542
f 1542 1379 1395
f 1539 772 1508
f 1508 772 1544
f 1546 1403 1545
f 1545 1403 1402
f 1548 1549 1547
f 1547 1549 1550
f 1552 1548 1551
f 1551 1548 1547
f 1554 1555 1553
f 1553 1555 1556
f 1558 1559 1557
f 1557 1559 1560
f 1562 1563 1561
f 1561 1563 1564
f 1566 1567 1565
f 1565 1567 1568
f 1570 1571 1569
f 1569 1571 1572
f 1574 1575 1573
f 1573 1575 1576
f 1577 1578 1572
f 1572 1578 1569
f 1580 1581 1579
f 1579 1581 1582
f 1584 1585 1583
f 1583 1585 1586
f 1588 1555 1587
f 1587 1555 1589
f 1591 1592 1590
f 1590 1592 1593
f 1595 1596 1594
f 1594 1596 1597
f 1596 1581 1597
f 1597 1581 1576
f 1599 1570 1598
f 1598 1570 1569
f 1601 1602 1600
f 1600 1602 1603
f 1605 1606 1604
f 1604 1606 1607
f 1608 1609 1568
f 1568 1609 1565
f 1611 1612 1610
f 1610 1612 1613
f 1615 1616 1614
f 1614 1616 1617
f 1619 1617 1618
f 1618 1617 1616
f 1621 1622 1620
f 1620 1622 1623
f 1625 1626 1624
f 1624 1626 1627
f 1629 1630 1628
f 1628 1630 1631
f 1633 1634 1632
f 1632 1634 1635
f 1636 1637 1639
f 1639 1637 1638
f 1641 1642 1640
f 1640 1642 1643
f 1624 1627 1644
f 1644 1627 1645
f 1647 1648 1646
f 1646 1648 1649
f 1651 1652 1650
f 1650 1652 1653
f 1655 1656 1654
f 1654 1656 1657
f 1659 1660 1658
f 1658 1660 1661
f 1662 1663 1631
f 1631 1663 1628
f 1651 1665 1664
f 1664 1665 1666
f 1667 1656 1619
f 1619 1656 1617
f 1669 1670 1668
f 1668 1670 1671
f 1632 1635 1672
f 1672 1635 1673
f 1674 1675 1638
f 1638 1675 1639
f 1677 1678 1676
f 1676 1678 1679
f 1680 1640 1681
f 1681 1640 1643
f 1682 1683 1643
f 1643 1683 1681
f 1670 1669 1235
f 1235 1669 1232
f 1396 1399 1674
f 1674 1399 1675
f 627 630 1679
f 1679 630 1676
f 1681 1315 1680
f 1680 1315 1311
f 1683 1377 1681
f 1681 1377 1315
f 1672 1673 1387
f 1387 1673 1385
f 1636 1684 1646
f 1646 1684 1685
f 1687 1688 1686
f 1686 1688 1689
f 1585 1690 1586
f 1586 1690 1691
f 1599 1692 1551
f 1551 1692 1693
f 1552 1558 1694
f 1694 1558 1557
f 1696 1615 1695
f 1695 1615 1614
f 1698 1699 1697
f 1697 1699 1623
f 1700 1701 1703
f 1703 1701 1702
f 1705 1706 1704
f 1704 1706 1707
f 1708 1709 1640
f 1640 1709 1641
f 1710 1711 1713
f 1713 1711 1712
f 1652 1655 1653
f 1653 1655 1654
f 1714 1699 1712
f 1712 1699 1713
f 1715 1710 1716
f 1716 1710 1713
f 1717 1708 1680
f 1680 1708 1640
f 1393 1392 1715
f 1715 1392 1710
f 1719 1720 1718
f 1718 1720 1721
f 1680 1311 1717
f 1717 1311 789
f 1378 1711 1392
f 1392 1711 1710
f 1388 1391 1719
f 1719 1391 1720
f 1723 1606 1722
f 1722 1606 1689
f 1725 1568 1724
f 1724 1568 1567
f 1726 1647 1685
f 1685 1647 1646
f 1728 1554 1727
f 1727 1554 1553
f 1591 1687 1600
f 1600 1687 1686
f 1730 1595 1729
f 1729 1595 1594
f 1601 1605 1731
f 1731 1605 1604
f 1733 1663 1732
f 1732 1663 1734
f 1736 1639 1735
f 1735 1639 1675
f 1658 1644 1737
f 1737 1644 1645
f 1726 1662 1724
f 1724 1662 1631
f 1399 1738 1675
f 1675 1738 1735
f 1621 1667 1739
f 1739 1667 1619
f 1714 1740 1620
f 1620 1740 1741
f 1592 1549 1593
f 1593 1549 1742
f 1602 1571 1603
f 1603 1571 1550
f 1688 1690 1689
f 1689 1690 1722
f 1588 1559 1582
f 1582 1559 1579
f 1673 1735 1385
f 1385 1735 1738
f 1387 1232 1672
f 1672 1232 1669
f 1580 1692 1573
f 1573 1692 1743
f 1377 1683 1378
f 1378 1683 1711
f 1664 1666 1744
f 1744 1666 1745
f 1744 1696 1664
f 1664 1696 1695
f 1746 1747 1732
f 1732 1747 1748
f 1749 1750 1677
f 1677 1750 1678
f 1709 1708 1750
f 1750 1708 1678
f 1668 1632 1669
f 1669 1632 1672
f 1633 1746 1734
f 1734 1746 1732
f 1679 1678 1717
f 1717 1678 1708
f 789 627 1717
f 1717 627 1679
f 1563 1723 1564
f 1564 1723 1722
f 1728 1584 1751
f 1751 1584 1583
f 1674 1676 1396
f 1396 1676 630
f 1666 1566 1745
f 1745 1566 1565
f 1627 1629 1645
f 1645 1629 1628
f 1637 1749 1638
f 1638 1749 1677
f 1648 1665 1649
f 1649 1665 1752
f 1740 1642 1741
f 1741 1642 1657
f 1676 1674 1677
f 1677 1674 1638
f 1683 1682 1711
f 1711 1682 1712
f 1618 1753 1619
f 1619 1753 1739
f 1701 1739 1702
f 1702 1739 1753
f 1754 1214 1756
f 1756 1214 1755
f 647 1757 619
f 619 1757 941
f 1759 1193 1758
f 1758 1193 691
f 1419 1760 1420
f 1420 1760 1761
f 682 1762 683
f 683 1762 1763
f 1412 780 1413
f 1413 780 1384
f 1383 1398 1384
f 1384 1398 1413
f 1197 1424 1764
f 1764 1424 1423
f 1537 1287 1538
f 1538 1287 1286
f 1634 1684 1635
f 1635 1684 1736
f 1724 1631 1725
f 1725 1631 1630
f 1562 1730 1610
f 1610 1730 1729
f 1735 1673 1736
f 1736 1673 1635
f 1757 1195 941
f 941 1195 1194
f 1766 200 1765
f 1765 200 199
f 475 500 476
f 476 500 479
f 498 558 483
f 483 558 487
f 545 551 546
f 546 551 550
f 453 1281 219
f 219 1281 1314
f 298 453 208
f 208 453 219
f 368 1765 1767
f 1767 1765 199
f 523 405 363
f 363 405 404
f 523 533 405
f 405 533 402
f 298 208 299
f 299 208 207
f 299 207 176
f 176 207 300
f 176 300 173
f 173 300 202
f 173 202 174
f 174 202 201
f 1337 918 1768
f 1768 918 1336
f 1769 1770 1338
f 1338 1770 859
f 581 570 578
f 578 570 1771
f 555 562 580
f 580 562 561
f 504 1772 501
f 501 1772 548
f 517 542 584
f 584 542 543
f 515 514 516
f 516 514 544
f 542 517 544
f 544 517 516
f 561 575 580
f 580 575 581
f 575 569 581
f 581 569 570
f 501 548 1773
f 1773 548 547
f 1774 1775 570
f 570 1775 1771
f 369 368 1776
f 1776 368 1767
f 372 369 375
f 375 369 1776
f 822 1280 1308
f 1308 1280 1320
f 820 1281 822
f 822 1281 1280
f 818 1314 820
f 820 1314 1281
f 1314 818 1313
f 1313 818 804
f 807 814 825
f 825 814 826
f 814 813 826
f 826 813 827
f 813 1220 827
f 827 1220 828
f 580 579 555
f 555 579 547
f 1477 1540 872
f 872 1540 840
f 367 499 368
f 368 499 1765
f 1766 1765 525
f 525 1765 499
f 1777 1766 526
f 526 1766 525
f 520 527 362
f 362 527 384
f 361 1778 519
f 519 1778 528
f 371 1779 372
f 372 1779 369
f 369 1779 370
f 370 1779 478
f 1779 371 478
f 478 371 374
f 1778 1777 528
f 528 1777 526
f 1781 1782 1780
f 1780 1782 1783
f 431 460 67
f 67 460 64
f 68 338 74
f 74 338 72
f 1785 1782 1784
f 1784 1782 1786
f 1787 1788 1790
f 1790 1788 1789
f 1792 1789 1791
f 1791 1789 1793
f 1791 1794 1792
f 1792 1794 1795
f 1794 1796 1795
f 1795 1796 1797
f 1797 1798 938
f 938 1798 868
f 1798 1799 868
f 868 1799 869
f 1801 1802 1800
f 1800 1802 1451
f 1803 1804 1205
f 1205 1804 1206
f 1805 1806 864
f 864 1806 865
f 1806 1807 865
f 865 1807 1808
f 68 71 338
f 287 328 288
f 1320 1321 1308
f 1308 1321 1309
f 1320 441 1321
f 1321 441 217
f 441 152 217
f 217 152 218
f 151 286 152
f 152 286 218
f 297 310 151
f 151 310 286
f 296 307 297
f 297 307 310
f 296 143 307
f 307 143 284
f 143 56 284
f 284 56 104
f 56 59 104
f 104 59 63
f 59 102 63
f 63 102 60
f 102 94 60
f 60 94 282
f 93 459 279
f 279 459 77
f 459 460 77
f 77 460 78
f 460 431 78
f 78 431 295
f 431 49 295
f 295 49 292
f 48 421 49
f 49 421 292
f 276 278 418
f 418 278 429
f 317 432 278
f 278 432 429
f 432 317 433
f 433 317 316
f 326 324 316
f 316 324 433
f 1536 592 1809
f 1809 592 591
f 1810 744 1812
f 1812 744 1811
f 1814 1815 1813
f 1813 1815 1816
f 1817 748 1818
f 1818 748 747
f 1812 1819 1810
f 1810 1819 1817
f 1820 1821 748
f 748 1821 749
f 1823 1824 1822
f 1822 1824 1825
f 1827 1828 1826
f 1826 1828 1829
f 1831 1832 1830
f 1830 1832 1833
f 1834 1827 1243
f 1243 1827 1826
f 1313 804 825
f 825 804 807
f 1835 1253 1236
f 1236 1253 1237
f 1836 1837 1438
f 1438 1837 1435
f 1838 1505 1840
f 1840 1505 1839
f 1841 1842 716
f 716 1842 713
f 1843 1844 1510
f 1510 1844 1845
f 1847 1848 1846
f 1846 1848 1849
f 1850 1240 1822
f 1822 1240 1239
f 636 1831 637
f 637 1831 1830
f 1852 1853 1851
f 1851 1853 1854
f 1855 1856 1858
f 1858 1856 1857
f 1846 1849 1859
f 1859 1849 1860
f 1343 1401 1509
f 1509 1401 1861
f 1509 1861 635
f 635 1861 636
f 1863 1864 1862
f 1862 1864 1865
f 1283 1503 1867
f 1867 1503 1866
f 1868 1867 681
f 681 1867 682
f 1286 1285 683
f 683 1285 684
f 757 756 1274
f 1274 756 1869
f 1274 1869 717
f 717 1869 718
f 1434 1433 719
f 719 1433 720
f 1200 1538 1545
f 1545 1538 1763
f 1285 1289 684
f 684 1289 1273
f 684 1273 681
f 681 1273 1272
f 785 1283 1868
f 1868 1283 1867
f 786 785 1870
f 1870 785 1868
f 1289 757 1273
f 1273 757 1274
f 1539 1416 1871
f 1871 1416 1872
f 773 1871 1403
f 1403 1871 1404
f 675 674 1405
f 1405 674 1402
f 1864 1873 1865
f 1865 1873 1874
f 638 1843 635
f 635 1843 1510
f 1344 1343 1511
f 1511 1343 1509
f 772 1539 773
f 773 1539 1871
f 674 1200 1402
f 1402 1200 1545
f 1538 1286 1763
f 1763 1286 683
f 1444 1443 1875
f 1875 1443 1876
f 1875 1876 1831
f 1831 1876 1832
f 1416 1344 1872
f 1872 1344 1511
f 1877 1878 774
f 774 1878 1879
f 1878 1847 1879
f 1879 1847 1846
f 1880 714 1881
f 1881 714 1848
f 1401 1444 1861
f 1861 1444 1875
f 1861 1875 636
f 636 1875 1831
f 1823 1863 1882
f 1882 1863 1862
f 1441 1440 1884
f 1884 1440 1883
f 1883 1852 1884
f 1884 1852 1851
f 1886 1887 1885
f 1885 1887 1888
f 1358 1889 1359
f 1359 1889 1890
f 1891 1886 1892
f 1892 1886 1885
f 774 1879 775
f 775 1879 1893
f 1859 1893 1846
f 1846 1893 1879
f 713 1842 1849
f 1849 1842 1860
f 1318 1895 1894
f 1894 1895 1896
f 1873 1897 1874
f 1874 1897 1898
f 1898 605 1899
f 1899 605 675
f 1405 1844 675
f 675 1844 1899
f 1404 1845 1405
f 1405 1845 1844
f 593 1296 591
f 591 1296 1809
f 1295 1292 1900
f 1900 1292 1895
f 606 1897 1291
f 1291 1897 1896
f 1510 1845 1511
f 1511 1845 1872
f 1871 1872 1404
f 1404 1872 1845
f 1866 770 1762
f 1762 770 1546
f 1762 682 1866
f 1866 682 1867
f 1870 1868 1272
f 1272 1868 681
f 1272 717 1870
f 1870 717 720
f 1870 720 786
f 786 720 1433
f 786 1433 787
f 787 1433 1432
f 1261 1414 1432
f 1432 1414 787
f 1389 1234 1260
f 1260 1234 1415
f 1719 1670 1388
f 1388 1670 1235
f 1718 1671 1719
f 1719 1671 1670
f 1705 1747 1718
f 1718 1747 1671
f 1659 1901 1704
f 1704 1901 1748
f 1877 1903 1902
f 1902 1903 1904
f 1259 1905 1390
f 1390 1905 1394
f 1715 1720 1393
f 1393 1720 1391
f 1716 1721 1715
f 1715 1721 1720
f 1698 1706 1716
f 1716 1706 1721
f 277 276 47
f 47 276 48
f 84 96 81
f 81 96 82
f 80 70 81
f 81 70 85
f 99 97 88
f 88 97 89
f 90 100 88
f 88 100 99
f 101 95 102
f 102 95 94
f 1906 1907 280
f 280 1907 281
f 97 86 89
f 89 86 85
f 60 282 61
f 61 282 281
f 83 82 46
f 46 82 47
f 293 292 420
f 420 292 421
f 419 1908 420
f 420 1908 1909
f 92 95 91
f 91 95 90
f 279 282 93
f 93 282 94
f 276 418 48
f 48 418 421
f 1910 1660 1697
f 1697 1660 1707
f 1703 1624 1700
f 1700 1624 1644
f 1622 1910 1623
f 1623 1910 1697
f 1701 1700 1911
f 1911 1700 1661
f 1700 1644 1661
f 1661 1644 1658
f 1901 1737 1733
f 1733 1737 1645
f 1625 1912 1604
f 1604 1912 1731
f 1912 1913 1731
f 1731 1913 1914
f 1913 1577 1914
f 1914 1577 1572
f 1915 1578 1616
f 1616 1578 1618
f 1915 1916 1598
f 1598 1916 1743
f 1916 1574 1743
f 1743 1574 1573
f 1575 1917 1576
f 1576 1917 1597
f 1917 1609 1597
f 1597 1609 1594
f 1608 1611 1729
f 1729 1611 1610
f 1918 1612 1629
f 1629 1612 1630
f 1626 1918 1627
f 1627 1918 1629
f 1920 1921 1919
f 1919 1921 1922
f 1920 1924 1923
f 1923 1924 1925
f 1926 1927 1924
f 1924 1927 1925
f 1929 1930 1928
f 1928 1930 1931
f 1932 1933 1935
f 1935 1933 1934
f 1937 1938 1936
f 1936 1938 1939
f 1941 1942 1940
f 1940 1942 1943
f 1941 1945 1944
f 1944 1945 1946
f 1947 1948 1694
f 1694 1948 1949
f 1950 1951 1953
f 1953 1951 1952
f 1955 1956 1954
f 1954 1956 1589
f 1958 1956 1957
f 1957 1956 1932
f 1960 1934 1959
f 1959 1934 1933
f 1962 1963 1961
f 1961 1963 1964
f 1965 1955 1751
f 1751 1955 1954
f 1935 1930 1932
f 1932 1930 1957
f 1951 1950 1926
f 1926 1950 1929
f 1966 1967 1593
f 1593 1967 1590
f 1969 1967 1968
f 1968 1967 1964
f 1962 1921 1970
f 1970 1921 1971
f 1963 1945 1964
f 1964 1945 1968
f 1972 1948 1922
f 1922 1948 1919
f 1966 1972 1961
f 1961 1972 1922
f 1958 1953 1587
f 1587 1953 1560
f 1974 1975 1973
f 1973 1975 1976
f 1978 1979 1977
f 1977 1979 1691
f 1979 1975 1691
f 1691 1975 1586
f 1938 1942 1939
f 1939 1942 1980
f 1952 1947 1557
f 1557 1947 1694
f 1969 1978 1981
f 1981 1978 1977
f 1983 1984 1982
f 1982 1984 1985
f 1986 1987 1989
f 1989 1987 1988
f 1990 1991 1983
f 1983 1991 1984
f 1990 1993 1992
f 1992 1993 1994
f 1995 1996 1994
f 1994 1996 1997
f 1999 2000 1998
f 1998 2000 2001
f 2003 2004 2002
f 2002 2004 2005
f 2007 2008 2006
f 2006 2008 2009
f 2011 2012 2010
f 2010 2012 2013
f 2014 2015 2017
f 2017 2015 2016
f 2018 2019 2021
f 2021 2019 2020
f 2022 1989 2024
f 2024 1989 2023
f 1989 1988 2023
f 2023 1988 2025
f 2026 2027 2017
f 2017 2027 2014
f 2029 2030 2028
f 2028 2030 2031
f 2033 2034 2032
f 2032 2034 2035
f 2032 2035 2036
f 2036 2035 2037
f 2039 2040 2038
f 2038 2040 2041
f 1982 2042 1983
f 1983 2042 2043
f 2045 2046 2044
f 2044 2046 2047
f 2049 2050 2048
f 2048 2050 2051
f 2053 2054 2052
f 2052 2054 2055
f 2057 2058 2056
f 2056 2058 2059
f 2060 2061 2033
f 2033 2061 2034
f 2063 2064 2062
f 2062 2064 2065
f 2066 2035 2067
f 2067 2035 2034
f 2069 2039 2068
f 2068 2039 2038
f 2025 2070 2023
f 2023 2070 2071
f 2072 2024 2071
f 2071 2024 2023
f 2074 2020 2073
f 2073 2020 2019
f 2050 2049 2047
f 2047 2049 2075
f 1983 2043 1990
f 1990 2043 1993
f 2006 2050 2007
f 2007 2050 2076
f 2050 2006 2051
f 2051 2006 2077
f 2079 2080 2078
f 2078 2080 2081
f 2082 2083 2085
f 2085 2083 2084
f 2010 2013 2086
f 2086 2013 2087
f 2089 2033 2088
f 2088 2033 2032
f 2090 2060 2089
f 2089 2060 2033
f 2092 2093 2091
f 2091 2093 2094
f 2096 1986 2095
f 2095 1986 2097
f 2097 1986 2022
f 2022 1986 1989
f 2015 2094 2016
f 2016 2094 2098
f 2016 2098 2100
f 2100 2098 2099
f 2017 2016 2101
f 2101 2016 2100
f 2017 2101 2026
f 2026 2101 2102
f 2100 2099 2104
f 2104 2099 2103
f 2104 2105 2100
f 2100 2105 2101
f 2105 2106 2101
f 2101 2106 2102
f 2108 2061 2107
f 2107 2061 2109
f 2111 2112 2110
f 2110 2112 2020
f 2020 2074 2110
f 2110 2074 2113
f 2115 2116 2114
f 2114 2116 2117
f 2118 2119 1995
f 1995 2119 2120
f 2121 2122 2027
f 2027 2122 2014
f 2047 2075 2044
f 2044 2075 2123
f 2124 2125 2127
f 2127 2125 2126
f 2129 2130 2128
f 2128 2130 2131
f 2132 2133 2057
f 2057 2133 2058
f 2134 1999 2136
f 2136 1999 2135
f 2055 2138 2137
f 2137 2138 2139
f 2141 2142 2140
f 2140 2142 2143
f 2083 2082 2064
f 2064 2082 2065
f 2082 2144 2065
f 2065 2144 2145
f 2040 2146 2041
f 2041 2146 2147
f 2060 2090 2148
f 2148 2090 2149
f 2048 2051 2137
f 2137 2051 2150
f 2151 1997 2135
f 2135 1997 1996
f 2152 2150 2077
f 2077 2150 2051
f 2046 2045 2118
f 2118 2045 2119
f 2154 2155 2153
f 2153 2155 2156
f 2158 2159 2157
f 2157 2159 2160
f 2162 2163 2161
f 2161 2163 2164
f 2164 2163 2165
f 2165 2163 2166
f 2168 2169 2167
f 2167 2169 2170
f 2003 2172 2171
f 2171 2172 2173
f 2174 2175 2002
f 2002 2175 2176
f 2145 2177 2065
f 2065 2177 2062
f 2178 2179 2180
f 2180 2179 2134
f 2181 2052 2152
f 2152 2052 2150
f 2040 2127 2146
f 2146 2127 2182
f 2130 2162 2131
f 2131 2162 2161
f 2052 2055 2150
f 2150 2055 2137
f 2184 2185 2183
f 2183 2185 2186
f 2159 2030 2160
f 2160 2030 2187
f 2146 2182 2029
f 2029 2182 2188
f 2189 2190 2192
f 2192 2190 2191
f 2172 2003 2176
f 2176 2003 2002
f 1998 2151 1999
f 1999 2151 2135
f 2177 2172 2062
f 2062 2172 2176
f 2172 2177 2173
f 2173 2177 2193
f 2063 2194 2064
f 2064 2194 2195
f 2066 2197 2196
f 2196 2197 2198
f 2002 2005 2174
f 2174 2005 2199
f 2004 2003 2200
f 2200 2003 2171
f 2198 2201 2171
f 2171 2201 2200
f 2197 2202 2198
f 2198 2202 2201
f 2202 2197 2203
f 2203 2197 2204
f 2196 2198 2173
f 2173 2198 2171
f 2205 2069 2170
f 2170 2069 2206
f 2197 2066 2204
f 2204 2066 2067
f 2107 2207 2108
f 2108 2207 2208
f 2210 2208 2209
f 2209 2208 2207
f 2185 2211 2212
f 2213 2214 2211
f 2211 2214 2212
f 1998 2001 2213
f 2213 2001 2214
f 2134 2215 1999
f 1999 2215 2000
f 2216 2217 2219
f 2219 2217 2218
f 2206 2220 2170
f 2170 2220 2167
f 2069 2068 2206
f 2206 2068 2221
f 2151 1998 2222
f 2222 1998 2213
f 2124 2039 2205
f 2205 2039 2069
f 2142 2223 2143
f 2143 2223 2128
f 2203 2186 2202
f 2202 2186 2185
f 2185 2184 2211
f 2211 2184 2224
f 2224 2225 2222
f 2222 2225 2226
f 2071 2227 2072
f 2072 2227 2228
f 2229 2074 2230
f 2230 2074 2073
f 2074 2229 2113
f 2113 2229 2231
f 2232 2225 2227
f 2227 2225 2224
f 2233 2234 2031
f 2031 2234 2028
f 2236 2231 2235
f 2235 2231 2229
f 2230 2183 2229
f 2229 2183 2235
f 2237 1987 2096
f 2096 1987 1986
f 2152 2238 2181
f 2181 2238 2239
f 2080 2240 2081
f 2081 2240 2241
f 2236 2242 1971
f 1971 2242 1970
f 1925 2113 1923
f 1923 2113 2231
f 2110 1927 2111
f 2111 1927 1928
f 2103 2111 1931
f 1931 2111 1928
f 1931 2243 2103
f 2103 2243 2104
f 2105 2104 2244
f 2244 2104 2243
f 1939 1980 2148
f 2148 1980 2109
f 1980 1944 2109
f 2109 1944 2107
f 1946 2245 2207
f 2207 2245 2209
f 2245 1970 2209
f 2209 1970 2242
f 2231 2236 1923
f 1923 2236 1971
f 2113 1925 2110
f 2110 1925 1927
f 2234 2246 2028
f 2028 2246 2147
f 2247 2248 2058
f 2058 2248 2059
f 2114 2117 2249
f 2249 2117 2250
f 2252 2253 2251
f 2251 2253 2254
f 2094 2015 2091
f 2091 2015 2255
f 2256 2255 2014
f 2014 2255 2015
f 2257 2145 2258
f 2258 2145 2144
f 2131 2161 2123
f 2123 2161 2044
f 2045 2044 2164
f 2164 2044 2161
f 2045 2164 2119
f 2119 2164 2165
f 2259 2120 2165
f 2165 2120 2119
f 2260 2261 2259
f 2259 2261 2120
f 2205 2262 2124
f 2124 2262 2125
f 2180 2263 2178
f 2178 2263 2264
f 2265 2266 2092
f 2092 2266 2093
f 1992 2267 2268
f 2184 2228 2224
f 2224 2228 2227
f 2048 2269 2049
f 2049 2269 2141
f 2129 2168 2157
f 2157 2168 2167
f 2049 2141 2075
f 2075 2141 2140
f 2199 2215 2270
f 2270 2215 2271
f 2142 2141 2272
f 2272 2141 2269
f 2089 2026 2090
f 2090 2026 2102
f 2146 2029 2147
f 2147 2029 2028
f 2111 2103 2112
f 2112 2103 2099
f 2061 2060 2109
f 2109 2060 2148
f 2273 2274 2041
f 2041 2274 2038
f 2260 2275 2261
f 2261 2275 2136
f 2057 2138 2132
f 2132 2138 2276
f 2272 2269 2056
f 2056 2269 2139
f 2277 2278 2270
f 2270 2278 2199
f 2029 2188 2030
f 2030 2188 2187
f 2040 2039 2127
f 2127 2039 2124
f 2064 2195 2083
f 2083 2195 2279
f 2056 2139 2057
f 2057 2139 2138
f 2278 2277 2247
f 2247 2277 2248
f 2062 2176 2063
f 2063 2176 2175
f 2280 2210 2242
f 2242 2210 2209
f 2282 2233 2281
f 2281 2233 2031
f 2216 2219 2283
f 2283 2219 2221
f 2158 2220 2218
f 2218 2220 2219
f 2217 2282 2218
f 2218 2282 2281
f 2220 2158 2167
f 2167 2158 2157
f 2223 2264 2128
f 2128 2264 2263
f 2261 1996 2120
f 2120 1996 1995
f 2213 2211 2222
f 2222 2211 2224
f 2283 2221 2284
f 2284 2221 2068
f 2135 1996 2136
f 2136 1996 2261
f 2144 2081 2258
f 2258 2081 2241
f 2235 2280 2236
f 2236 2280 2242
f 2246 2273 2147
f 2147 2273 2041
f 2036 2285 2032
f 2032 2285 2088
f 2077 2286 2152
f 2152 2286 2238
f 1937 1960 1973
f 1973 1960 1959
f 2070 2232 2071
f 2071 2232 2227
f 2244 2287 2105
f 2105 2287 2106
f 1936 1939 2149
f 2149 1939 2148
f 1944 1946 2107
f 2107 1946 2207
f 2285 2121 2088
f 2088 2121 2027
f 2253 2249 2254
f 2254 2249 2250
f 2006 2009 2077
f 2077 2009 2286
f 2289 2086 2288
f 2288 2086 2087
f 2223 2142 2290
f 2290 2142 2272
f 2128 2131 2143
f 2143 2131 2123
f 2156 2291 2153
f 2153 2291 2175
f 2292 2293 2278
f 2278 2293 2294
f 2075 2140 2123
f 2123 2140 2143
f 2262 2169 2275
f 2275 2169 2180
f 2275 2180 2136
f 2136 2180 2134
f 2274 2284 2038
f 2038 2284 2068
f 2127 2126 2182
f 2182 2126 2166
f 2094 2093 2098
f 2098 2093 2021
f 2098 2021 2099
f 2099 2021 2112
f 2018 2021 2266
f 2266 2021 2093
f 2251 2289 2252
f 2252 2289 2288
f 1997 2151 2226
f 2226 2151 2222
f 2206 2221 2220
f 2220 2221 2219
f 2269 2048 2139
f 2139 2048 2137
f 2159 2158 2281
f 2281 2158 2218
f 2156 2155 2190
f 2190 2155 2191
f 1974 1965 1583
f 1583 1965 1751
f 2088 2027 2089
f 2089 2027 2026
f 2030 2159 2031
f 2031 2159 2281
f 2106 2149 2102
f 2102 2149 2090
f 2287 1936 2106
f 2106 1936 2149
f 2293 2154 2294
f 2294 2154 2153
f 2021 2020 2112
f 2247 2295 2278
f 2278 2295 2292
f 2284 2296 2283
f 2283 2296 2297
f 2298 2296 2274
f 2274 2296 2284
f 2273 2299 2274
f 2274 2299 2298
f 2246 2300 2273
f 2273 2300 2299
f 2283 2297 2216
f 2216 2297 2301
f 2216 2301 2217
f 2217 2301 2302
f 2302 2303 2217
f 2217 2303 2282
f 2304 2301 2305
f 2305 2301 2297
f 2307 2308 2306
f 2306 2308 2309
f 2306 2310 2307
f 2307 2310 2311
f 2307 2312 2308
f 2308 2312 2313
f 2314 2315 2312
f 2312 2315 2316
f 2316 2317 2312
f 2312 2317 2313
f 2317 2305 2313
f 2313 2305 2318
f 2314 2312 2311
f 2311 2312 2307
f 2319 2320 2322
f 2322 2320 2321
f 2322 2311 2319
f 2319 2311 2310
f 2313 2318 2308
f 2308 2318 2309
f 2296 2298 2318
f 2318 2298 2309
f 2309 2298 2323
f 2323 2298 2299
f 2306 2309 2324
f 2324 2309 2323
f 2310 2306 2325
f 2325 2306 2324
f 2296 2318 2297
f 2297 2318 2305
f 2319 2310 2326
f 2326 2310 2325
f 2328 2325 2327
f 2327 2325 2324
f 2325 2328 2326
f 2326 2328 2329
f 2331 2328 2330
f 2330 2328 2327
f 2332 2333 2327
f 2327 2333 2330
f 2328 2331 2329
f 2329 2331 2334
f 2324 2323 2327
f 2327 2323 2332
f 2300 2332 2299
f 2299 2332 2323
f 2326 2335 2319
f 2319 2335 2320
f 2305 2317 2336
f 2336 2317 2316
f 2336 2316 2337
f 2337 2316 2315
f 2338 2304 2336
f 2336 2304 2305
f 2337 2339 2336
f 2336 2339 2338
f 2337 2315 2341
f 2341 2315 2340
f 2342 2300 2234
f 2234 2300 2246
f 2303 2343 2282
f 2282 2343 2233
f 2234 2233 2342
f 2342 2233 2343
f 2342 2343 2333
f 2333 2343 2344
f 2333 2344 2330
f 2330 2344 2345
f 2346 2344 2303
f 2303 2344 2343
f 2332 2300 2333
f 2333 2300 2342
f 2347 2346 2302
f 2302 2346 2303
f 2301 2304 2302
f 2302 2304 2347
f 2304 2338 2347
f 2347 2338 2348
f 2348 2349 2347
f 2347 2349 2346
f 2350 2351 2348
f 2348 2351 2349
f 2349 2345 2346
f 2346 2345 2344
f 2345 2349 2352
f 2352 2349 2351
f 2338 2339 2348
f 2348 2339 2350
f 2350 2339 2353
f 2353 2339 2354
f 2356 2357 2355
f 2355 2357 2353
f 2351 2350 2357
f 2357 2350 2353
f 2353 2354 2355
f 2355 2354 2335
f 2320 2335 2341
f 2341 2335 2354
f 2339 2337 2354
f 2354 2337 2341
f 2352 2331 2345
f 2345 2331 2330
f 2356 2334 2352
f 2352 2334 2331
f 2356 2352 2357
f 2357 2352 2351
f 2355 2329 2356
f 2356 2329 2334
f 2335 2326 2355
f 2355 2326 2329
f 2321 2314 2322
f 2322 2314 2311
f 2321 2320 2340
f 2340 2320 2341
f 2315 2314 2340
f 2340 2314 2321
f 2125 2260 2126
f 2126 2260 2259
f 2157 2160 2129
f 2129 2160 2130
f 2188 2163 2187
f 2187 2163 2162
f 2182 2166 2188
f 2188 2166 2163
f 2180 2169 2263
f 2263 2169 2168
f 2160 2187 2130
f 2130 2187 2162
f 2275 2260 2262
f 2262 2260 2125
f 2128 2263 2129
f 2129 2263 2168
f 2262 2205 2169
f 2169 2205 2170
f 2165 2166 2259
f 2259 2166 2126
f 2359 2360 2358
f 2358 2360 2361
f 2363 2364 2362
f 2362 2364 2365
f 2367 2363 2366
f 2366 2363 2362
f 2368 2369 2371
f 2371 2369 2370
f 2372 2373 2248
f 2248 2373 2059
f 2364 2374 2365
f 2365 2374 2375
f 2377 2378 2376
f 2376 2378 2379
f 2290 2380 2223
f 2223 2380 2381
f 2223 2381 2264
f 2264 2381 2382
f 2384 2385 2383
f 2383 2385 2386
f 2364 2371 2374
f 2374 2371 2387
f 2059 2373 2290
f 2290 2373 2380
f 2378 2360 2379
f 2379 2360 2388
f 2374 2387 2359
f 2359 2387 2389
f 2390 2367 2386
f 2386 2367 2391
f 2393 2394 2392
f 2392 2394 2395
f 2386 2391 2383
f 2383 2391 2396
f 2367 2366 2391
f 2391 2366 2397
f 2363 2367 2368
f 2368 2367 2390
f 2398 2399 2361
f 2361 2399 2358
f 2399 2400 2358
f 2358 2400 2375
f 2390 2401 2368
f 2368 2401 2369
f 2372 2384 2376
f 2376 2384 2383
f 2374 2359 2375
f 2375 2359 2358
f 2402 2403 2365
f 2365 2403 2362
f 2359 2389 2360
f 2360 2389 2388
f 2364 2363 2371
f 2371 2363 2368
f 2405 2398 2404
f 2404 2398 2361
f 2392 2395 2406
f 2406 2395 2397
f 2377 2396 2394
f 2394 2396 2395
f 2394 2393 2404
f 2404 2393 2405
f 2396 2377 2383
f 2383 2377 2376
f 2406 2397 2407
f 2407 2397 2366
f 2400 2402 2375
f 2375 2402 2365
f 2385 2270 2401
f 2401 2270 2271
f 2403 2407 2362
f 2362 2407 2366
f 2371 2370 2387
f 2387 2370 2382
f 2391 2397 2396
f 2396 2397 2395
f 2378 2377 2404
f 2404 2377 2394
f 2360 2378 2361
f 2361 2378 2404
f 2407 2408 2406
f 2406 2408 2409
f 2410 2408 2403
f 2403 2408 2407
f 2411 2410 2402
f 2402 2410 2403
f 2412 2411 2400
f 2400 2411 2402
f 2406 2409 2392
f 2392 2409 2413
f 2392 2413 2393
f 2393 2413 2414
f 2415 2405 2414
f 2414 2405 2393
f 2416 2413 2417
f 2417 2413 2409
f 2419 2420 2418
f 2418 2420 2421
f 2420 2422 2421
f 2421 2422 2423
f 2420 2424 2422
f 2422 2424 2425
f 2426 2427 2424
f 2424 2427 2428
f 2428 2429 2424
f 2424 2429 2425
f 2426 2424 2419
f 2419 2424 2420
f 2419 2418 2431
f 2431 2418 2430
f 2425 2432 2422
f 2422 2432 2423
f 2408 2410 2432
f 2432 2410 2423
f 2423 2410 2433
f 2433 2410 2411
f 2421 2423 2434
f 2434 2423 2433
f 2435 2418 2434
f 2434 2418 2421
f 2429 2417 2425
f 2425 2417 2432
f 2408 2432 2409
f 2409 2432 2417
f 2418 2435 2430
f 2430 2435 2436
f 2438 2435 2437
f 2437 2435 2434
f 2435 2438 2436
f 2436 2438 2439
f 2441 2438 2440
f 2440 2438 2437
f 2442 2443 2437
f 2437 2443 2440
f 2439 2438 2444
f 2444 2438 2441
f 2433 2442 2434
f 2434 2442 2437
f 2412 2442 2411
f 2411 2442 2433
f 2436 2445 2430
f 2430 2445 2446
f 2430 2446 2431
f 2431 2446 2447
f 2417 2429 2448
f 2448 2429 2428
f 2427 2449 2428
f 2428 2449 2448
f 2450 2416 2448
f 2448 2416 2417
f 2451 2450 2449
f 2449 2450 2448
f 2427 2452 2449
f 2449 2452 2453
f 2447 2446 2452
f 2452 2446 2453
f 2454 2412 2399
f 2399 2412 2400
f 2415 2455 2405
f 2405 2455 2398
f 2399 2398 2454
f 2454 2398 2455
f 2454 2455 2443
f 2443 2455 2456
f 2443 2456 2440
f 2440 2456 2457
f 2458 2456 2415
f 2415 2456 2455
f 2443 2442 2454
f 2454 2442 2412
f 2459 2458 2414
f 2414 2458 2415
f 2413 2416 2414
f 2414 2416 2459
f 2459 2416 2460
f 2460 2416 2450
f 2460 2461 2459
f 2459 2461 2458
f 2462 2463 2460
f 2460 2463 2461
f 2461 2457 2458
f 2458 2457 2456
f 2457 2461 2464
f 2464 2461 2463
f 2451 2462 2450
f 2450 2462 2460
f 2462 2451 2465
f 2465 2451 2466
f 2468 2469 2467
f 2467 2469 2465
f 2463 2462 2469
f 2469 2462 2465
f 2465 2466 2467
f 2467 2466 2445
f 2446 2445 2453
f 2453 2445 2466
f 2451 2449 2466
f 2466 2449 2453
f 2464 2441 2457
f 2457 2441 2440
f 2468 2444 2464
f 2464 2444 2441
f 2468 2464 2469
f 2469 2464 2463
f 2467 2439 2468
f 2468 2439 2444
f 2445 2436 2467
f 2467 2436 2439
f 2447 2426 2431
f 2431 2426 2419
f 2427 2426 2452
f 2452 2426 2447
f 2369 2179 2370
f 2370 2179 2178
f 2376 2379 2372
f 2372 2379 2373
f 2389 2381 2388
f 2388 2381 2380
f 2387 2382 2389
f 2389 2382 2381
f 2270 2385 2277
f 2277 2385 2384
f 2379 2388 2373
f 2373 2388 2380
f 2401 2271 2369
f 2369 2271 2179
f 2248 2277 2372
f 2372 2277 2384
f 2401 2390 2385
f 2385 2390 2386
f 2264 2382 2178
f 2178 2382 2370
f 2215 2134 2271
f 2271 2134 2179
f 2005 2000 2199
f 2199 2000 2215
f 2004 2001 2005
f 2005 2001 2000
f 2200 2214 2004
f 2004 2214 2001
f 2470 2471 2473
f 2473 2471 2472
f 2475 2476 2474
f 2474 2476 2477
f 2479 2475 2478
f 2478 2475 2474
f 2481 2482 2480
f 2480 2482 2483
f 2476 2484 2477
f 2477 2484 2485
f 2487 2488 2486
f 2486 2488 2489
f 2133 2490 2058
f 2058 2490 2491
f 2058 2491 2247
f 2247 2491 2492
f 2494 2495 2493
f 2493 2495 2496
f 2476 2483 2484
f 2484 2483 2497
f 2472 2498 2488
f 2488 2498 2489
f 2484 2497 2471
f 2471 2497 2499
f 2500 2479 2496
f 2496 2479 2501
f 2502 2503 2505
f 2505 2503 2504
f 2496 2501 2493
f 2493 2501 2506
f 2479 2478 2501
f 2501 2478 2507
f 2475 2479 2480
f 2480 2479 2500
f 2508 2509 2473
f 2473 2509 2470
f 2509 2510 2470
f 2470 2510 2485
f 2511 2481 2500
f 2500 2481 2480
f 2512 2494 2486
f 2486 2494 2493
f 2485 2484 2470
f 2470 2484 2471
f 2513 2514 2477
f 2477 2514 2474
f 2471 2499 2472
f 2472 2499 2498
f 2476 2475 2483
f 2483 2475 2480
f 2516 2508 2515
f 2515 2508 2473
f 2502 2505 2517
f 2517 2505 2507
f 2504 2487 2505
f 2505 2487 2506
f 2503 2516 2504
f 2504 2516 2515
f 2506 2487 2493
f 2493 2487 2486
f 2517 2507 2518
f 2518 2507 2478
f 2510 2513 2485
f 2485 2513 2477
f 2511 2495 2293
f 2293 2495 2154
f 2514 2518 2474
f 2474 2518 2478
f 2483 2482 2497
f 2497 2482 2492
f 2501 2507 2506
f 2506 2507 2505
f 2488 2487 2515
f 2515 2487 2504
f 2472 2488 2473
f 2473 2488 2515
f 2518 2519 2517
f 2517 2519 2520
f 2521 2519 2514
f 2514 2519 2518
f 2522 2521 2513
f 2513 2521 2514
f 2523 2522 2510
f 2510 2522 2513
f 2517 2520 2502
f 2502 2520 2524
f 2502 2524 2503
f 2503 2524 2525
f 2525 2526 2503
f 2503 2526 2516
f 2527 2524 2528
f 2528 2524 2520
f 2530 2531 2529
f 2529 2531 2532
f 2531 2533 2532
f 2532 2533 2534
f 2531 2535 2533
f 2533 2535 2536
f 2537 2538 2535
f 2535 2538 2539
f 2539 2540 2535
f 2535 2540 2536
f 2537 2535 2530
f 2530 2535 2531
f 2529 2541 2530
f 2530 2541 2542
f 2543 2534 2536
f 2536 2534 2533
f 2519 2521 2543
f 2543 2521 2534
f 2534 2521 2544
f 2544 2521 2522
f 2532 2534 2545
f 2545 2534 2544
f 2529 2532 2546
f 2546 2532 2545
f 2536 2540 2543
f 2543 2540 2528
f 2519 2543 2520
f 2520 2543 2528
f 2541 2529 2547
f 2547 2529 2546
f 2548 2549 2545
f 2545 2549 2546
f 2549 2550 2546
f 2546 2550 2547
f 2551 2552 2548
f 2548 2552 2549
f 2548 2553 2551
f 2551 2553 2554
f 2550 2549 2555
f 2555 2549 2552
f 2545 2544 2548
f 2548 2544 2553
f 2523 2553 2522
f 2522 2553 2544
f 2547 2556 2541
f 2541 2556 2557
f 2541 2557 2542
f 2542 2557 2558
f 2528 2540 2559
f 2559 2540 2539
f 2538 2560 2539
f 2539 2560 2559
f 2561 2527 2559
f 2559 2527 2528
f 2560 2562 2559
f 2559 2562 2561
f 2560 2538 2564
f 2564 2538 2563
f 2558 2557 2563
f 2563 2557 2564
f 2565 2523 2509
f 2509 2523 2510
f 2526 2566 2516
f 2516 2566 2508
f 2509 2508 2565
f 2565 2508 2566
f 2565 2566 2554
f 2554 2566 2567
f 2554 2567 2551
f 2551 2567 2568
f 2569 2567 2526
f 2526 2567 2566
f 2553 2523 2554
f 2554 2523 2565
f 2570 2569 2525
f 2525 2569 2526
f 2524 2527 2525
f 2525 2527 2570
f 2527 2561 2570
f 2570 2561 2571
f 2571 2572 2570
f 2570 2572 2569
f 2573 2574 2571
f 2571 2574 2572
f 2572 2568 2569
f 2569 2568 2567
f 2568 2572 2575
f 2575 2572 2574
f 2562 2573 2561
f 2561 2573 2571
f 2573 2562 2576
f 2576 2562 2577
f 2579 2580 2578
f 2578 2580 2576
f 2574 2573 2580
f 2580 2573 2576
f 2576 2577 2578
f 2578 2577 2556
f 2557 2556 2564
f 2564 2556 2577
f 2562 2560 2577
f 2577 2560 2564
f 2575 2552 2568
f 2568 2552 2551
f 2579 2555 2575
f 2575 2555 2552
f 2579 2575 2580
f 2580 2575 2574
f 2550 2555 2578
f 2578 2555 2579
f 2556 2547 2578
f 2578 2547 2550
f 2558 2537 2542
f 2542 2537 2530
f 2538 2537 2563
f 2563 2537 2558
f 2292 2295 2481
f 2481 2295 2482
f 2486 2489 2512
f 2512 2489 2581
f 2499 2491 2498
f 2498 2491 2490
f 2497 2492 2499
f 2499 2492 2491
f 2155 2154 2494
f 2494 2154 2495
f 2581 2489 2490
f 2490 2489 2498
f 2293 2292 2511
f 2511 2292 2481
f 2191 2155 2512
f 2512 2155 2494
f 2500 2496 2511
f 2511 2496 2495
f 2247 2492 2295
f 2295 2492 2482
f 2583 2584 2582
f 2582 2584 2585
f 2587 2588 2586
f 2586 2588 2589
f 2591 2587 2590
f 2590 2587 2586
f 2593 2594 2592
f 2592 2594 2595
f 2596 2597 2599
f 2599 2597 2598
f 2588 2600 2589
f 2589 2600 2601
f 2602 2603 2605
f 2605 2603 2604
f 2606 2607 2609
f 2609 2607 2608
f 2609 2608 2190
f 2190 2608 2610
f 2611 2612 2614
f 2614 2612 2613
f 2600 2588 2615
f 2615 2588 2595
f 2599 2598 2606
f 2606 2598 2607
f 2584 2616 2604
f 2604 2616 2605
f 2600 2615 2583
f 2583 2615 2617
f 2591 2619 2618
f 2618 2619 2614
f 2621 2622 2620
f 2620 2622 2623
f 2619 2624 2614
f 2614 2624 2611
f 2591 2590 2619
f 2619 2590 2625
f 2587 2591 2592
f 2592 2591 2618
f 2626 2627 2585
f 2585 2627 2582
f 2627 2628 2582
f 2582 2628 2601
f 2629 2593 2618
f 2618 2593 2592
f 2602 2597 2611
f 2611 2597 2612
f 2600 2583 2601
f 2601 2583 2582
f 2630 2631 2589
f 2589 2631 2586
f 2583 2617 2584
f 2584 2617 2616
f 2588 2587 2595
f 2595 2587 2592
f 2633 2626 2632
f 2632 2626 2585
f 2620 2623 2634
f 2634 2623 2625
f 2622 2603 2623
f 2623 2603 2624
f 2621 2633 2622
f 2622 2633 2632
f 2611 2624 2602
f 2602 2624 2603
f 2634 2625 2635
f 2635 2625 2590
f 2628 2630 2601
f 2601 2630 2589
f 2613 2195 2629
f 2629 2195 2194
f 2631 2635 2586
f 2586 2635 2590
f 2595 2594 2615
f 2615 2594 2610
f 2619 2625 2624
f 2624 2625 2623
f 2632 2604 2622
f 2622 2604 2603
f 2585 2584 2632
f 2632 2584 2604
f 2635 2636 2634
f 2634 2636 2637
f 2638 2636 2631
f 2631 2636 2635
f 2639 2638 2630
f 2630 2638 2631
f 2640 2639 2628
f 2628 2639 2630
f 2634 2637 2620
f 2620 2637 2641
f 2620 2641 2621
f 2621 2641 2642
f 2642 2643 2621
f 2621 2643 2633
f 2641 2637 2644
f 2644 2637 2645
f 2646 2647 2649
f 2649 2647 2648
f 2648 2650 2649
f 2649 2650 2651
f 2648 2652 2650
f 2650 2652 2653
f 2652 2654 2656
f 2656 2654 2655
f 2656 2657 2652
f 2652 2657 2653
f 2654 2652 2647
f 2647 2652 2648
f 2647 2646 2659
f 2659 2646 2658
f 2660 2651 2653
f 2653 2651 2650
f 2636 2638 2660
f 2660 2638 2651
f 2651 2638 2661
f 2661 2638 2639
f 2651 2661 2649
f 2649 2661 2662
f 2663 2646 2662
f 2662 2646 2649
f 2653 2657 2660
f 2660 2657 2645
f 2636 2660 2637
f 2637 2660 2645
f 2646 2663 2658
f 2658 2663 2664
f 2665 2666 2662
f 2662 2666 2663
f 2666 2667 2663
f 2663 2667 2664
f 2668 2669 2665
f 2665 2669 2666
f 2665 2670 2668
f 2668 2670 2671
f 2667 2666 2672
f 2672 2666 2669
f 2662 2661 2665
f 2665 2661 2670
f 2640 2670 2639
f 2639 2670 2661
f 2673 2674 2664
f 2664 2674 2658
f 2658 2674 2659
f 2659 2674 2675
f 2645 2657 2676
f 2676 2657 2656
f 2677 2676 2655
f 2655 2676 2656
f 2676 2678 2645
f 2645 2678 2644
f 2677 2679 2676
f 2676 2679 2678
f 2655 2680 2677
f 2677 2680 2681
f 2675 2674 2680
f 2680 2674 2681
f 2682 2640 2627
f 2627 2640 2628
f 2643 2683 2633
f 2633 2683 2626
f 2682 2627 2683
f 2683 2627 2626
f 2683 2684 2682
f 2682 2684 2671
f 2684 2685 2671
f 2671 2685 2668
f 2686 2684 2643
f 2643 2684 2683
f 2670 2640 2671
f 2671 2640 2682
f 2687 2686 2642
f 2642 2686 2643
f 2642 2641 2687
f 2687 2641 2644
f 2687 2644 2688
f 2688 2644 2678
f 2688 2689 2687
f 2687 2689 2686
f 2690 2691 2688
f 2688 2691 2689
f 2689 2685 2686
f 2686 2685 2684
f 2685 2689 2692
f 2692 2689 2691
f 2679 2690 2678
f 2678 2690 2688
f 2690 2679 2693
f 2693 2679 2694
f 2696 2697 2695
f 2695 2697 2693
f 2691 2690 2697
f 2697 2690 2693
f 2693 2694 2695
f 2695 2694 2673
f 2674 2673 2681
f 2681 2673 2694
f 2679 2677 2694
f 2694 2677 2681
f 2685 2692 2668
f 2668 2692 2669
f 2696 2672 2692
f 2692 2672 2669
f 2696 2692 2697
f 2697 2692 2691
f 2695 2667 2696
f 2696 2667 2672
f 2673 2664 2695
f 2695 2664 2667
f 2675 2654 2659
f 2659 2654 2647
f 2655 2654 2680
f 2680 2654 2675
f 2291 2156 2593
f 2593 2156 2594
f 2597 2602 2598
f 2598 2602 2605
f 2616 2617 2607
f 2607 2617 2608
f 2615 2610 2617
f 2617 2610 2608
f 2597 2596 2612
f 2612 2596 2698
f 2598 2605 2607
f 2607 2605 2616
f 2194 2291 2629
f 2629 2291 2593
f 2629 2618 2613
f 2613 2618 2614
f 2190 2610 2156
f 2156 2610 2594
f 2700 2010 2699
f 2699 2010 2086
f 2267 2701 2116
f 2116 2701 2702
f 2116 2702 2117
f 2117 2702 2703
f 2704 2705 2250
f 2250 2705 2254
f 2011 2706 2267
f 2267 2706 2701
f 2699 2086 2707
f 2707 2086 2289
f 2010 2700 2011
f 2011 2700 2706
f 2708 2707 2251
f 2251 2707 2289
f 2703 2704 2117
f 2117 2704 2250
f 2705 2708 2254
f 2254 2708 2251
f 2709 2710 2708
f 2708 2710 2707
f 2711 2709 2705
f 2705 2709 2708
f 2712 2711 2704
f 2704 2711 2705
f 2713 2712 2703
f 2703 2712 2704
f 2707 2710 2699
f 2699 2710 2714
f 2699 2714 2700
f 2700 2714 2715
f 2716 2706 2715
f 2715 2706 2700
f 2714 2710 2717
f 2717 2710 2718
f 2720 2721 2719
f 2719 2721 2722
f 2721 2723 2722
f 2722 2723 2724
f 2721 2725 2723
f 2723 2725 2726
f 2727 2728 2725
f 2725 2728 2726
f 2729 2725 2720
f 2720 2725 2721
f 2731 2729 2730
f 2730 2729 2720
f 2719 2732 2720
f 2720 2732 2730
f 2726 2733 2723
f 2723 2733 2724
f 2709 2711 2733
f 2733 2711 2724
f 2724 2711 2734
f 2734 2711 2712
f 2722 2724 2735
f 2735 2724 2734
f 2719 2722 2736
f 2736 2722 2735
f 2726 2728 2733
f 2733 2728 2718
f 2709 2733 2710
f 2710 2733 2718
f 2732 2719 2737
f 2737 2719 2736
f 2738 2739 2735
f 2735 2739 2736
f 2739 2740 2736
f 2736 2740 2737
f 2741 2742 2738
f 2738 2742 2739
f 2738 2743 2741
f 2741 2743 2744
f 2740 2739 2745
f 2745 2739 2742
f 2735 2734 2738
f 2738 2734 2743
f 2713 2743 2712
f 2712 2743 2734
f 2737 2746 2732
f 2732 2746 2747
f 2732 2747 2730
f 2730 2747 2731
f 2718 2728 2748
f 2748 2728 2727
f 2749 2750 2727
f 2727 2750 2748
f 2748 2751 2718
f 2718 2751 2717
f 2750 2752 2748
f 2748 2752 2751
f 2750 2749 2754
f 2754 2749 2753
f 2731 2747 2753
f 2753 2747 2754
f 2727 2725 2749
f 2749 2725 2729
f 2749 2729 2753
f 2753 2729 2731
f 2702 2755 2703
f 2703 2755 2713
f 2706 2716 2701
f 2701 2716 2756
f 2755 2702 2756
f 2756 2702 2701
f 2756 2757 2755
f 2755 2757 2744
f 2757 2758 2744
f 2744 2758 2741
f 2759 2757 2716
f 2716 2757 2756
f 2743 2713 2744
f 2744 2713 2755
f 2760 2759 2715
f 2715 2759 2716
f 2715 2714 2760
f 2760 2714 2717
f 2760 2717 2761
f 2761 2717 2751
f 2761 2762 2760
f 2760 2762 2759
f 2763 2764 2761
f 2761 2764 2762
f 2762 2758 2759
f 2759 2758 2757
f 2758 2762 2765
f 2765 2762 2764
f 2752 2763 2751
f 2751 2763 2761
f 2763 2752 2766
f 2766 2752 2767
f 2768 2769 2766
f 2766 2769 2770
f 2764 2763 2770
f 2770 2763 2766
f 2766 2767 2768
f 2768 2767 2746
f 2747 2746 2754
f 2754 2746 2767
f 2752 2750 2767
f 2767 2750 2754
f 2758 2765 2741
f 2741 2765 2742
f 2769 2745 2765
f 2765 2745 2742
f 2769 2765 2770
f 2770 2765 2764
f 2768 2740 2769
f 2769 2740 2745
f 2746 2737 2768
f 2768 2737 2740
f 2201 2212 2200
f 2200 2212 2214
f 2201 2202 2212
f 2212 2202 2185
f 2512 2581 2191
f 2191 2581 2192
f 2059 2290 2056
f 2056 2290 2272
f 2174 2199 2294
f 2294 2199 2278
f 2063 2175 2194
f 2194 2175 2291
f 2192 2581 2133
f 2133 2581 2490
f 2133 2132 2192
f 2192 2132 2189
f 2054 2276 2055
f 2055 2276 2138
f 2083 2279 2084
f 2084 2279 2771
f 2771 2279 2599
f 2599 2279 2596
f 2606 2772 2599
f 2599 2772 2771
f 2772 2773 2771
f 2771 2773 2084
f 2773 2774 2084
f 2084 2774 2085
f 2085 2775 2082
f 2082 2775 2144
f 2774 2078 2085
f 2085 2078 2775
f 2078 2774 2079
f 2079 2774 2776
f 2774 2773 2776
f 2776 2773 2777
f 2773 2772 2777
f 2777 2772 2778
f 2190 2189 2609
f 2609 2189 2778
f 2053 2052 2779
f 2779 2052 2181
f 2144 2775 2081
f 2081 2775 2078
f 2294 2153 2174
f 2174 2153 2175
f 2132 2276 2189
f 2189 2276 2778
f 2606 2609 2772
f 2772 2609 2778
f 2195 2613 2698
f 2698 2613 2612
f 2596 2279 2698
f 2698 2279 2195
f 2054 2777 2276
f 2276 2777 2778
f 2777 2054 2776
f 2776 2054 2053
f 2053 2779 2776
f 2776 2779 2079
f 2779 2181 2079
f 2079 2181 2080
f 2181 2239 2080
f 2080 2239 2240
f 2122 2256 2014
f 2042 1982 2076
f 2076 1982 2007
f 1982 1985 2007
f 2007 1985 2008
f 2095 2097 2265
f 2265 2097 2266
f 2076 2050 2042
f 2042 2050 2047
f 2046 2043 2047
f 2047 2043 2042
f 2118 1993 2046
f 2046 1993 2043
f 1995 1994 2118
f 2118 1994 1993
f 2267 1992 2011
f 2011 1992 2012
f 1997 2012 1994
f 1994 2012 1992
f 2226 2013 1997
f 1997 2013 2012
f 2225 2087 2226
f 2226 2087 2013
f 2225 2232 2087
f 2087 2232 2288
f 2232 2070 2288
f 2288 2070 2252
f 2070 2025 2252
f 2252 2025 2253
f 1988 2249 2025
f 2025 2249 2253
f 2116 2115 2267
f 2267 2115 2268
f 2096 1984 2237
f 2237 1984 1991
f 2095 1985 2096
f 2096 1985 1984
f 2265 2008 2095
f 2095 2008 1985
f 2092 2009 2265
f 2265 2009 2008
f 2091 2286 2092
f 2092 2286 2009
f 2255 2238 2091
f 2091 2238 2286
f 2256 2239 2255
f 2255 2239 2238
f 2122 2240 2256
f 2256 2240 2239
f 2121 2241 2122
f 2122 2241 2240
f 2022 2018 2097
f 2097 2018 2266
f 2022 2024 2018
f 2018 2024 2019
f 2024 2072 2019
f 2019 2072 2073
f 2072 2228 2073
f 2073 2228 2230
f 2228 2184 2230
f 2230 2184 2183
f 2121 2285 2241
f 2241 2285 2258
f 2285 2036 2258
f 2258 2036 2257
f 2177 2145 2193
f 2193 2145 2257
f 2173 2193 2196
f 2196 2193 2037
f 2036 2037 2257
f 2257 2037 2193
f 2196 2037 2066
f 2066 2037 2035
f 2061 2108 2034
f 2034 2108 2067
f 2108 2208 2067
f 2067 2208 2204
f 2208 2210 2204
f 2204 2210 2203
f 2210 2280 2203
f 2203 2280 2186
f 2183 2186 2235
f 2235 2186 2280
f 1987 2114 1988
f 1988 2114 2249
f 2237 2115 1987
f 1987 2115 2114
f 1991 2268 2237
f 2237 2268 2115
f 1991 1990 2268
f 2268 1990 1992
f 107 110 2781
f 2781 110 2780
f 117 2782 118
f 118 2782 2783
f 119 2784 120
f 120 2784 2785
f 125 2786 126
f 126 2786 2787
f 127 2788 128
f 128 2788 2789
f 127 132 2788
f 2788 132 2790
f 231 230 2792
f 2792 230 2791
f 118 2783 119
f 119 2783 2784
f 241 243 2794
f 2794 243 2793
f 2781 2795 107
f 107 2795 352
f 120 2785 437
f 437 2785 2796
f 126 2787 110
f 110 2787 2780
f 455 2797 456
f 456 2797 2798
f 128 2789 457
f 457 2789 2799
f 456 2798 117
f 117 2798 2782
f 2794 2797 241
f 241 2797 455
f 457 2799 125
f 125 2799 2786
f 132 231 2790
f 2790 231 2792
f 230 437 2791
f 2791 437 2796
f 2792 2789 2790
f 2790 2789 2788
f 2785 2784 2801
f 2801 2784 2800
f 2786 2802 2787
f 2787 2802 2803
f 2792 2791 2805
f 2805 2791 2804
f 2784 2783 2800
f 2800 2783 2806
f 2785 2801 2796
f 2796 2801 2807
f 2787 2803 2780
f 2780 2803 2808
f 2789 2809 2799
f 2799 2809 2810
f 2799 2810 2786
f 2786 2810 2802
f 2791 2796 2804
f 2804 2796 2807
f 2789 2792 2809
f 2809 2792 2805
f 2812 2797 2811
f 2811 2797 2794
f 2809 2805 2810
f 2810 2805 2804
f 2810 2804 2802
f 2802 2804 2807
f 2802 2807 2803
f 2803 2807 2801
f 2808 2803 2800
f 2800 2803 2801
f 2814 699 2813
f 2813 699 698
f 2808 2815 2780
f 2780 2815 2781
f 2817 2782 2816
f 2816 2782 2798
f 2815 2818 2781
f 2781 2818 2795
f 2797 2812 2798
f 2798 2812 2816
f 2783 2782 2806
f 2806 2782 2817
f 2800 2806 2808
f 2808 2806 2815
f 2794 2793 2811
f 2811 2793 2819
f 174 201 384
f 384 201 362
f 200 1766 390
f 390 1766 1777
f 1777 1778 390
f 390 1778 398
f 1778 361 398
f 398 361 222
f 2820 2821 628
f 628 2821 629
f 1406 2820 790
f 790 2820 628
f 794 1415 1233
f 1233 1415 1234
f 1406 790 1407
f 1407 790 1312
f 1407 1312 2822
f 2822 1312 1316
f 2823 1380 1543
f 1543 1380 1379
f 1385 1738 1382
f 1382 1738 1383
f 1381 791 1382
f 1382 791 1386
f 791 794 1386
f 1386 794 1233
f 1259 1390 1260
f 1260 1390 1389
f 1905 1542 1394
f 1394 1542 1395
f 1410 1413 1397
f 1397 1413 1398
f 2821 1410 629
f 629 1410 1397
f 2823 2822 1380
f 1380 2822 1316
f 1392 1395 1378
f 1378 1395 1379
f 1738 1399 1383
f 1383 1399 1398
f 1388 1235 1389
f 1389 1235 1234
f 1393 1391 1394
f 1394 1391 1390
f 1381 1384 779
f 779 1384 780
f 1282 788 792
f 792 788 793
f 1431 1262 1432
f 1432 1262 1261
f 1400 1342 1408
f 1408 1342 1409
f 1508 1544 1411
f 1411 1544 1412
f 788 787 793
f 793 787 1414
f 2821 2820 1429
f 1429 2820 1430
f 2822 2823 1506
f 1506 2823 1507
f 778 1282 779
f 779 1282 792
f 2820 1406 1430
f 1430 1406 1409
f 1410 2821 1411
f 1411 2821 1429
f 1407 2822 1408
f 1408 2822 1506
f 1544 781 1412
f 1412 781 780
f 1260 1415 1261
f 1261 1415 1414
f 1334 2824 923
f 923 2824 924
f 2826 1268 2825
f 2825 1268 1267
f 769 1212 2827
f 2827 1212 2828
f 1492 1190 1266
f 1266 1190 1267
f 1488 2829 1489
f 1489 2829 2830
f 922 1329 923
f 923 1329 1328
f 1484 2831 1485
f 1485 2831 2832
f 1482 2833 1485
f 1485 2833 1486
f 1324 1493 1489
f 1489 1493 1490
f 1265 1491 1266
f 1266 1491 1490
f 2835 2836 2834
f 2834 2836 2837
f 1250 2838 2827
f 2827 2838 2839
f 1488 1491 2840
f 2840 1491 2841
f 1268 2826 2842
f 2842 2826 2843
f 2844 2845 1495
f 1495 2845 1496
f 1427 2847 2846
f 2846 2847 926
f 2829 1488 2848
f 2848 1488 2840
f 1329 922 2849
f 2849 922 927
f 2850 2851 768
f 768 2851 1213
f 1265 1268 2852
f 2852 1268 2842
f 1491 1265 2841
f 2841 1265 2852
f 2854 2855 2853
f 2853 2855 2856
f 2855 2857 2856
f 2856 2857 598
f 2857 2858 598
f 598 2858 595
f 2858 2859 595
f 595 2859 626
f 649 652 2860
f 2860 652 2861
f 639 642 2862
f 2862 642 2863
f 2864 705 2862
f 2862 705 639
f 2865 1418 2864
f 2864 1418 705
f 2866 2867 2865
f 2865 2867 1418
f 1760 1348 1761
f 1761 1348 2867
f 1764 2868 1197
f 1197 2868 1198
f 2869 611 2868
f 2868 611 1198
f 2870 612 2869
f 2869 612 611
f 1352 1350 944
f 944 1350 688
f 1350 1256 688
f 688 1256 685
f 1256 1255 685
f 685 1255 692
f 1255 2871 692
f 692 2871 2872
f 701 2873 698
f 698 2873 2813
f 2872 1349 692
f 692 1349 693
f 1696 1744 1574
f 1574 1744 1575
f 1753 1618 1577
f 1577 1618 1578
f 1729 1594 1608
f 1608 1594 1609
f 1725 1630 1611
f 1611 1630 1612
f 1604 1607 1625
f 1625 1607 1626
f 1624 1703 1625
f 1625 1703 1912
f 1703 1702 1912
f 1912 1702 1913
f 1702 1753 1913
f 1913 1753 1577
f 1598 1569 1915
f 1915 1569 1578
f 1616 1615 1915
f 1915 1615 1916
f 1615 1696 1916
f 1916 1696 1574
f 1744 1745 1575
f 1575 1745 1917
f 1745 1565 1917
f 1917 1565 1609
f 1568 1725 1608
f 1608 1725 1611
f 2874 1613 1918
f 1918 1613 1612
f 1607 2874 1626
f 1626 2874 1918
f 1610 1613 1562
f 1562 1613 1563
f 1547 1550 1570
f 1570 1550 1571
f 1573 1576 1580
f 1580 1576 1581
f 1553 1556 1595
f 1595 1556 1596
f 1556 1582 1596
f 1596 1582 1581
f 1551 1547 1599
f 1599 1547 1570
f 1731 1914 1601
f 1601 1914 1602
f 1686 1689 1605
f 1605 1689 1606
f 1598 1743 1599
f 1599 1743 1692
f 2874 1607 1723
f 1723 1607 1606
f 1727 1553 1730
f 1730 1553 1595
f 1600 1686 1601
f 1601 1686 1605
f 1914 1572 1602
f 1602 1572 1571
f 1579 1693 1580
f 1580 1693 1692
f 1613 2874 1563
f 1563 2874 1723
f 1561 1727 1562
f 1562 1727 1730
f 1949 1742 1548
f 1548 1742 1549
f 1694 1949 1552
f 1552 1949 1548
f 1954 1589 1554
f 1554 1589 1555
f 1693 1579 1558
f 1558 1579 1559
f 1561 1564 1584
f 1584 1564 1585
f 1582 1556 1588
f 1588 1556 1555
f 1600 1603 1591
f 1591 1603 1592
f 1981 1977 1687
f 1687 1977 1688
f 1564 1722 1585
f 1585 1722 1690
f 1551 1693 1552
f 1552 1693 1558
f 1751 1954 1728
f 1728 1954 1554
f 1590 1981 1591
f 1591 1981 1687
f 1603 1550 1592
f 1592 1550 1549
f 1977 1691 1688
f 1688 1691 1690
f 1587 1560 1588
f 1588 1560 1559
f 1727 1561 1728
f 1728 1561 1584
f 2875 1919 1947
f 1947 1919 1948
f 1557 1560 1952
f 1952 1560 1953
f 1933 1932 1955
f 1955 1932 1956
f 1587 1589 1958
f 1958 1589 1956
f 1959 1933 1965
f 1965 1933 1955
f 1961 1964 1966
f 1966 1964 1967
f 1981 1590 1969
f 1969 1590 1967
f 1742 1949 1972
f 1972 1949 1948
f 1593 1742 1966
f 1966 1742 1972
f 1957 1950 1958
f 1958 1950 1953
f 1583 1586 1974
f 1974 1586 1975
f 1940 1943 1978
f 1978 1943 1979
f 1943 1976 1979
f 1979 1976 1975
f 1951 2875 1952
f 1952 2875 1947
f 1968 1940 1969
f 1969 1940 1978
f 1973 1959 1974
f 1974 1959 1965
f 1923 1971 1920
f 1920 1971 1921
f 1919 2875 1920
f 1920 2875 1924
f 2875 1951 1924
f 1924 1951 1926
f 1950 1957 1929
f 1929 1957 1930
f 2244 2243 1934
f 1934 2243 1935
f 1973 1976 1937
f 1937 1976 1938
f 1944 1980 1941
f 1941 1980 1942
f 1940 1968 1941
f 1941 1968 1945
f 2287 2244 1960
f 1960 2244 1934
f 1970 2245 1962
f 1962 2245 1963
f 2243 1931 1935
f 1935 1931 1930
f 1927 1926 1928
f 1928 1926 1929
f 1961 1922 1962
f 1962 1922 1921
f 2245 1946 1963
f 1963 1946 1945
f 1976 1943 1938
f 1938 1943 1942
f 1936 2287 1937
f 1937 2287 1960
f 743 1238 608
f 608 1238 609
f 607 1811 608
f 608 1811 744
f 1304 2876 1305
f 1305 2876 2877
f 586 585 1298
f 1298 585 1299
f 585 702 1299
f 1299 702 1300
f 702 1428 1300
f 1300 1428 1301
f 1238 586 609
f 609 586 1298
f 2878 2879 1218
f 1218 2879 2877
f 2880 2881 1812
f 1812 2881 1819
f 2883 1821 2882
f 2882 1821 1820
f 2840 2841 620
f 620 2841 621
f 2842 2843 795
f 795 2843 796
f 892 895 2844
f 2844 895 2845
f 2848 2840 942
f 942 2840 620
f 2849 927 1202
f 1202 927 1203
f 2852 2842 1270
f 1270 2842 795
f 2841 2852 621
f 621 2852 1270
f 941 1759 942
f 942 1759 2884
f 659 929 1427
f 1427 929 2847
f 1237 2851 751
f 751 2851 2850
f 1216 2885 1217
f 1217 2885 1754
f 2887 734 2886
f 2886 734 733
f 2889 1816 2888
f 2888 1816 1815
f 2890 1245 2889
f 2889 1245 1816
f 1824 2891 1825
f 1825 2891 1246
f 2892 2893 2895
f 2895 2893 2894
f 1854 1833 1851
f 1851 1833 1832
f 1851 1832 1884
f 1884 1832 1876
f 1884 1876 1441
f 1441 1876 1443
f 1441 1443 1442
f 1442 1443 1446
f 1442 1446 2896
f 2896 1446 1507
f 2897 2823 2898
f 2898 2823 1543
f 1542 2899 1543
f 1543 2899 2898
f 1542 1905 2899
f 2899 1905 2900
f 1905 1259 2900
f 2900 1259 2901
f 1262 1431 2902
f 2902 1431 1904
f 1431 1434 1904
f 1904 1434 1902
f 1902 1434 2903
f 2903 1434 719
f 2903 719 2904
f 2904 719 718
f 1869 1881 718
f 718 1881 2904
f 1881 1869 1880
f 1880 1869 756
f 1880 756 2905
f 2905 756 755
f 2905 755 2906
f 2906 755 758
f 762 2907 763
f 763 2907 2908
f 724 723 2909
f 2909 723 894
f 796 895 723
f 723 895 894
f 2843 2845 796
f 796 2845 895
f 2826 1496 2843
f 2843 1496 2845
f 2825 1497 2826
f 2826 1497 1496
f 1189 2836 2825
f 2825 2836 1497
f 797 891 798
f 798 891 2837
f 802 888 797
f 797 888 891
f 2910 2911 2913
f 2913 2911 2912
f 1780 1783 2915
f 2915 1783 2914
f 2916 2917 831
f 831 2917 832
f 2918 2919 845
f 845 2919 846
f 2920 2916 847
f 847 2916 831
f 2921 2922 857
f 857 2922 858
f 2923 2924 860
f 860 2924 861
f 2919 2912 846
f 846 2912 887
f 2925 2920 940
f 940 2920 847
f 2924 2926 861
f 861 2926 1204
f 2917 2918 832
f 832 2918 845
f 2927 2928 1449
f 1449 2928 1450
f 2929 2930 889
f 889 2930 2931
f 2896 1507 2897
f 2897 1507 2823
f 2902 2901 1262
f 1262 2901 1259
f 2932 2933 750
f 750 2933 1236
f 2933 2934 1236
f 1236 2934 1835
f 2936 2937 2935
f 2935 2937 2938
f 2940 2941 2939
f 2939 2941 2942
f 2943 2944 1841
f 1841 2944 1842
f 2945 1860 2944
f 2944 1860 1842
f 2945 2946 1860
f 1860 2946 1859
f 1889 2947 1890
f 1890 2947 1856
f 1856 2947 1857
f 1857 2947 2948
f 2950 709 2949
f 2949 709 1829
f 2952 730 2951
f 2951 730 729
f 2866 2953 2867
f 2867 2953 1761
f 2953 2954 1761
f 1761 2954 1420
f 2954 2955 1420
f 1420 2955 742
f 2955 2956 742
f 742 2956 739
f 2956 2957 739
f 739 2957 760
f 2957 2958 760
f 760 2958 761
f 2958 2959 761
f 761 2959 2960
f 2959 2961 2960
f 2960 2961 2962
f 2963 2964 1839
f 1839 2964 1840
f 2964 2965 1840
f 1840 2965 2942
f 2966 2950 2939
f 2939 2950 2949
f 2935 2967 2936
f 2936 2967 2968
f 2969 2970 736
f 736 2970 735
f 734 2887 1815
f 1815 2887 2888
f 2887 2882 2888
f 2888 2882 2881
f 1819 1820 1817
f 1817 1820 748
f 1195 1757 1197
f 1197 1757 1424
f 1757 647 1424
f 1424 647 646
f 647 648 646
f 646 648 643
f 648 1271 643
f 643 1271 737
f 1271 725 737
f 737 725 765
f 725 724 765
f 765 724 762
f 762 724 2907
f 2907 724 2909
f 1254 1437 2909
f 2909 1437 2907
f 1438 1253 1836
f 1836 1253 1835
f 1836 1835 2938
f 2938 1835 2934
f 2971 2972 2935
f 2935 2972 2967
f 897 896 2969
f 2969 896 2970
f 1815 1814 734
f 734 1814 731
f 728 1215 896
f 896 1215 732
f 2885 1216 733
f 733 1216 2886
f 1216 1219 2886
f 2886 1219 2883
f 2876 1304 1821
f 1821 1304 749
f 1304 1303 749
f 749 1303 746
f 1818 2973 1817
f 1817 2973 1810
f 747 2974 1818
f 1818 2974 2973
f 747 746 2974
f 2974 746 1303
f 2976 2977 2975
f 2975 2977 2978
f 2976 2979 2901
f 2901 2979 2900
f 2980 2981 2982
f 2982 2981 2979
f 2981 2980 2983
f 2983 2980 2984
f 2985 2897 2983
f 2983 2897 2898
f 2987 2988 2986
f 2986 2988 2985
f 2896 2988 1442
f 1442 2988 1439
f 1903 2977 1904
f 1904 2977 2902
f 1856 1855 1890
f 1890 1855 2989
f 2989 2990 1890
f 1890 2990 1359
f 2990 2991 1359
f 1359 2991 1356
f 2946 2992 1859
f 1859 2992 1893
f 2992 2993 1893
f 1893 2993 775
f 2993 2994 775
f 775 2994 776
f 2986 1356 2987
f 2987 1356 2991
f 2975 2978 776
f 776 2978 777
f 2982 2994 2980
f 2980 2994 2995
f 1357 2984 2995
f 2995 2984 2980
f 2995 2996 1357
f 1357 2996 1358
f 2996 2997 1358
f 1358 2997 1889
f 2998 2999 2932
f 2932 2999 2933
f 2999 2971 2933
f 2933 2971 2934
f 1837 1836 2937
f 2937 1836 2938
f 2943 1841 2941
f 2941 1841 1838
f 3001 2944 3000
f 3000 2944 2943
f 3001 3002 2944
f 2944 3002 2945
f 3002 3003 2945
f 2945 3003 2946
f 2997 3003 1889
f 1889 3003 2947
f 2947 3003 2948
f 2948 3003 3002
f 3001 3004 3002
f 3002 3004 2948
f 3000 3005 3001
f 3001 3005 3004
f 2940 3006 3000
f 3000 3006 3005
f 2999 3007 2971
f 2971 3007 2972
f 2998 2951 2999
f 2999 2951 3007
f 3008 2952 2998
f 2998 2952 2951
f 2966 2965 2936
f 2936 2965 2937
f 2935 2938 2971
f 2971 2938 2934
f 3003 2997 2946
f 2946 2997 2992
f 2997 2996 2992
f 2992 2996 2993
f 2996 2995 2993
f 2993 2995 2994
f 1356 2986 1357
f 1357 2986 2984
f 2982 2975 2994
f 2994 2975 776
f 1844 1843 1899
f 1899 1843 3009
f 1843 638 3009
f 3009 638 3010
f 638 637 3010
f 3010 637 3011
f 637 1830 3011
f 3011 1830 3012
f 1830 1833 3012
f 3012 1833 2894
f 1833 1854 2894
f 2894 1854 2895
f 1854 1853 2895
f 2895 1853 1888
f 1858 1857 1885
f 1885 1857 1892
f 1899 3009 1898
f 1898 3009 1874
f 3009 3010 1874
f 1874 3010 1865
f 3010 3011 1865
f 1865 3011 1862
f 3011 3012 1862
f 1862 3012 1882
f 3012 2894 1882
f 1882 2894 2893
f 1850 2890 782
f 782 2890 2889
f 783 2880 1811
f 1811 2880 1812
f 744 1810 745
f 745 1810 2973
f 745 2973 805
f 805 2973 806
f 2973 2974 806
f 806 2974 815
f 1303 812 2974
f 2974 812 815
f 1303 1302 812
f 812 1302 1221
f 1307 3013 1302
f 1302 3013 1221
f 1734 3014 1633
f 1633 3014 1634
f 1646 1649 1636
f 1636 1649 1637
f 1654 1657 1641
f 1641 1657 1642
f 1639 1736 1636
f 1636 1736 1684
f 1716 1713 1698
f 1698 1713 1699
f 1718 1721 1705
f 1705 1721 1706
f 1653 1654 1709
f 1709 1654 1641
f 1620 1623 1714
f 1714 1623 1699
f 1712 1682 1714
f 1714 1682 1740
f 1668 1671 1746
f 1746 1671 1747
f 1752 1650 1749
f 1749 1650 1750
f 1750 1650 1709
f 1709 1650 1653
f 1632 1668 1633
f 1633 1668 1746
f 1649 1752 1637
f 1637 1752 1749
f 1682 1643 1740
f 1740 1643 1642
f 3014 1685 1634
f 1634 1685 1684
f 1704 1748 1705
f 1705 1748 1747
f 1697 1707 1698
f 1698 1707 1706
f 1739 1701 1621
f 1621 1701 1622
f 1567 1566 1647
f 1647 1566 1648
f 1664 1695 1651
f 1651 1695 1652
f 1614 1617 1655
f 1655 1617 1656
f 1704 1707 1659
f 1659 1707 1660
f 3014 1734 1662
f 1662 1734 1663
f 1650 1752 1651
f 1651 1752 1665
f 1741 1657 1667
f 1667 1657 1656
f 1695 1614 1652
f 1652 1614 1655
f 1724 1567 1726
f 1726 1567 1647
f 1645 1628 1733
f 1733 1628 1663
f 1685 3014 1726
f 1726 3014 1662
f 1620 1741 1621
f 1621 1741 1667
f 1566 1666 1648
f 1648 1666 1665
f 1658 1737 1659
f 1659 1737 1901
f 1911 1661 1910
f 1910 1661 1660
f 1701 1911 1622
f 1622 1911 1910
f 1732 1748 1733
f 1733 1748 1901
f 1857 2948 1892
f 1892 2948 3004
f 1892 3004 1891
f 1891 3004 3005
f 1828 3006 1829
f 1829 3006 2949
f 2967 736 2968
f 2968 736 710
f 2972 2969 2967
f 2967 2969 736
f 2969 2972 897
f 897 2972 3007
f 897 3007 729
f 729 3007 2951
f 3016 753 3015
f 3015 753 752
f 3018 767 3017
f 3017 767 766
f 3019 3020 1249
f 1249 3020 3021
f 2915 2914 3019
f 3019 2914 3020
f 3023 2914 3022
f 3022 2914 1783
f 2827 2839 769
f 769 2839 766
f 3025 2838 3024
f 3024 2838 3021
f 768 767 2850
f 2850 767 3026
f 2850 3026 751
f 751 3026 752
f 750 753 2932
f 2932 753 3027
f 3008 2998 3027
f 3027 2998 2932
f 3028 3029 3008
f 3008 3029 2952
f 3029 3030 2952
f 2952 3030 730
f 3032 3033 3031
f 3031 3033 3034
f 3036 3037 3035
f 3035 3037 3038
f 2870 3039 612
f 612 3039 3040
f 3041 3042 3031
f 3031 3042 3038
f 3034 1352 3043
f 3043 1352 944
f 612 3040 613
f 613 3040 3044
f 613 3044 1425
f 1425 3044 1422
f 3045 3042 669
f 669 3042 670
f 3041 3043 599
f 599 3043 600
f 772 771 1544
f 1544 771 781
f 1503 771 1866
f 1866 771 770
f 771 1503 781
f 781 1503 778
f 61 281 416
f 416 281 1907
f 283 103 3046
f 3046 103 3047
f 76 79 3048
f 3048 79 3049
f 280 76 1906
f 1906 76 3048
f 3051 335 3050
f 3050 335 334
f 3053 417 3052
f 3052 417 416
f 3055 435 3054
f 3054 435 434
f 428 435 419
f 419 435 1908
f 420 1909 293
f 293 1909 443
f 79 294 3049
f 3049 294 444
f 3057 444 3056
f 3056 444 443
f 3051 3058 335
f 335 3058 452
f 216 215 1332
f 1332 215 452
f 308 283 462
f 462 283 3046
f 3050 334 3059
f 3059 334 462
f 103 62 3047
f 3047 62 417
f 313 312 434
f 434 312 463
f 3061 574 3060
f 3060 574 573
f 1310 3062 1428
f 1428 3062 3063
f 1258 3064 1255
f 1255 3064 2871
f 932 3065 2853
f 2853 3065 3066
f 699 2814 931
f 931 2814 3067
f 3068 1301 3063
f 3063 1301 1428
f 571 574 1310
f 1310 574 3062
f 3060 573 3069
f 3069 573 1332
f 3070 3071 1906
f 1906 3071 1907
f 3072 3073 1908
f 1908 3073 1909
f 3075 2814 3074
f 3074 2814 2813
f 2854 3076 1258
f 1258 3076 3064
f 2871 3077 2872
f 2872 3077 3078
f 3074 2813 3079
f 3079 2813 2873
f 2872 3078 1349
f 1349 3078 3080
f 2873 701 3068
f 3068 701 1301
f 1330 1201 3080
f 3080 1201 1349
f 1264 1263 3081
f 3081 1263 3082
f 3083 3084 3082
f 3082 3084 3081
f 811 1448 3086
f 3086 1448 3085
f 808 811 3087
f 3087 811 3086
f 3088 3083 833
f 833 3083 3082
f 884 3089 885
f 885 3089 3090
f 3087 1790 808
f 808 1790 816
f 1790 3087 1787
f 1787 3087 3091
f 3092 3091 3086
f 3086 3091 3087
f 3093 3094 3084
f 3084 3094 3095
f 3089 3096 3090
f 3090 3096 3088
f 3097 3093 3083
f 3083 3093 3084
f 3099 3100 3098
f 3098 3100 1786
f 3101 1788 2913
f 2913 1788 3102
f 838 837 885
f 885 837 886
f 886 837 3103
f 3103 837 1541
f 3094 3093 3104
f 3104 3093 3097
f 3105 3106 3089
f 3089 3106 3096
f 3108 3109 3107
f 3107 3109 3110
f 3111 3112 3091
f 3091 3112 1787
f 3114 3108 3113
f 3113 3108 3107
f 3114 3115 3112
f 3112 3115 3102
f 3091 3092 3111
f 3111 3092 3116
f 839 838 835
f 835 838 836
f 885 3090 838
f 838 3090 836
f 3110 3117 1247
f 1247 3117 3118
f 1247 3118 1248
f 1248 3118 3119
f 3120 3121 3119
f 3119 3121 1248
f 1247 844 3110
f 3110 844 3107
f 844 843 3107
f 3107 843 3113
f 843 3099 3113
f 3113 3099 3122
f 1781 3123 3098
f 3098 3123 3124
f 2915 2931 1780
f 1780 2931 2930
f 3019 3125 2915
f 2915 3125 2931
f 890 3125 2834
f 2834 3125 1252
f 3125 3019 1252
f 1252 3019 1249
f 907 908 946
f 946 908 947
f 1185 1188 1369
f 1369 1188 948
f 954 957 951
f 951 957 952
f 910 965 953
f 953 965 950
f 905 958 960
f 960 958 961
f 3126 978 949
f 949 978 962
f 936 935 967
f 967 935 968
f 994 993 969
f 969 993 966
f 902 904 971
f 971 904 972
f 983 985 973
f 973 985 970
f 906 905 974
f 974 905 960
f 977 981 959
f 959 981 975
f 911 910 1143
f 1143 910 953
f 952 957 1142
f 1142 957 1145
f 911 1143 1366
f 1366 1143 1368
f 1185 1369 1145
f 1145 1369 1142
f 993 1519 966
f 966 1519 1456
f 965 1454 950
f 950 1454 1457
f 900 899 1459
f 1459 899 1460
f 988 991 1461
f 1461 991 1458
f 899 963 1460
f 1460 963 1462
f 985 987 970
f 970 987 1463
f 904 906 972
f 972 906 974
f 981 983 975
f 975 983 973
f 935 900 968
f 968 900 1459
f 991 994 1458
f 1458 994 969
f 1154 1526 1088
f 1088 1526 1089
f 1109 1112 1092
f 1092 1112 1093
f 1083 1098 1084
f 1084 1098 1097
f 1078 1471 1100
f 1100 1471 1101
f 1075 1078 1104
f 1104 1078 1100
f 1152 1154 1156
f 1156 1154 1088
f 1156 1155 1372
f 1372 1155 1373
f 1372 1373 1104
f 1104 1373 1075
f 1467 1109 1465
f 1465 1109 1092
f 1465 1182 1468
f 1468 1182 1184
f 1474 1470 1096
f 1096 1470 1097
f 1102 1101 1083
f 1083 1101 1098
f 1112 1531 1093
f 1093 1531 1529
f 1102 1073 1099
f 1099 1073 1072
f 1526 1154 1079
f 1079 1154 1080
f 1081 1091 1082
f 1082 1091 1094
f 1069 1068 1085
f 1085 1068 1086
f 1153 1151 1080
f 1080 1151 1058
f 1371 1177 1179
f 1179 1177 1176
f 1099 1072 1103
f 1103 1072 1176
f 1068 1071 1086
f 1086 1071 1073
f 1085 1084 1180
f 1180 1084 1469
f 1066 1065 1183
f 1183 1065 1181
f 1153 1152 1177
f 1177 1152 1178
f 1091 1081 1182
f 1182 1081 1183
f 1057 1525 1079
f 1079 1525 1527
f 1120 1117 1076
f 1076 1117 1077
f 1087 1090 1107
f 1107 1090 1108
f 1127 1126 1110
f 1110 1126 1111
f 1095 1116 1096
f 1096 1116 1115
f 1471 1078 1119
f 1119 1078 1077
f 1087 1107 1155
f 1155 1107 1158
f 1376 1374 1157
f 1157 1374 1158
f 1076 1075 1374
f 1374 1075 1373
f 1109 1467 1110
f 1110 1467 1472
f 1467 1466 1472
f 1472 1466 1473
f 1135 1475 1114
f 1114 1475 1115
f 1471 1119 1095
f 1095 1119 1116
f 1126 1532 1111
f 1111 1532 1530
f 914 1276 1480
f 1480 1276 1517
f 3127 3128 1223
f 1223 3128 1224
f 824 933 1455
f 1455 933 3129
f 3131 1448 3130
f 3130 1448 1447
f 3132 3133 1452
f 1452 3133 1453
f 3130 1447 1322
f 1322 1447 1455
f 933 1514 3129
f 3129 1514 3134
f 1161 3135 1480
f 1480 3135 1481
f 3128 3136 1224
f 1224 3136 1499
f 3133 1162 1453
f 1453 1162 1517
f 1515 3127 1535
f 1535 3127 1223
f 3095 3085 3131
f 3131 3085 1448
f 3137 3092 3085
f 3085 3092 3086
f 3138 3116 3137
f 3137 3116 3092
f 3110 3109 3117
f 3117 3109 3139
f 3105 3140 3117
f 3117 3140 3118
f 3140 3141 3118
f 3118 3141 3119
f 3142 3120 3141
f 3141 3120 3119
f 1498 3143 1277
f 1277 3143 882
f 3144 3145 1340
f 1340 3145 1339
f 1340 3146 3144
f 3144 3146 3147
f 3145 3144 3143
f 3143 3144 3148
f 871 901 872
f 872 901 1362
f 3149 3148 3147
f 3147 3148 3144
f 1208 3150 1209
f 3098 1786 1781
f 1781 1786 1782
f 2930 2929 3123
f 3123 2929 2911
f 1794 1791 2916
f 2916 1791 2917
f 1793 3101 2918
f 2918 3101 2919
f 1796 1794 2920
f 2920 1794 2916
f 3151 3152 2921
f 2921 3152 2922
f 3153 3154 2923
f 2923 3154 2924
f 2919 3101 2912
f 2912 3101 2913
f 3155 1796 2925
f 2925 1796 2920
f 3154 3156 2924
f 2924 3156 2926
f 1791 1793 2917
f 2917 1793 2918
f 3157 3158 2927
f 2927 3158 2928
f 1780 2930 1781
f 1781 2930 3123
f 2825 1267 1189
f 1189 1267 1190
f 2827 2828 1250
f 1250 2828 1251
f 1489 2830 1324
f 1324 2830 1325
f 923 1328 1334
f 1334 1328 1335
f 1485 2832 1482
f 1482 2832 1483
f 1266 1490 1492
f 1492 1490 1493
f 1333 1346 1334
f 1334 1346 2824
f 722 799 1492
f 1492 799 1190
f 664 657 1482
f 1482 657 2833
f 631 634 1324
f 1324 634 1493
f 2828 1494 1251
f 1251 1494 2835
f 1249 3021 1250
f 1250 3021 2838
f 798 2837 1189
f 1189 2837 2836
f 3100 842 3160
f 3160 842 3159
f 1788 3101 1789
f 1789 3101 1793
f 1792 816 1789
f 1789 816 1790
f 817 816 1795
f 1795 816 1792
f 938 817 1797
f 1797 817 1795
f 1796 3155 1797
f 1797 3155 1798
f 3155 3158 1798
f 1798 3158 1799
f 3157 3152 1801
f 1801 3152 1802
f 3151 3156 1803
f 1803 3156 1804
f 3154 3153 1805
f 1805 3153 1806
f 3153 3161 1806
f 1806 3161 1807
f 3099 843 3100
f 3100 843 842
f 1788 1787 3102
f 3102 1787 3112
f 2910 3115 3124
f 3124 3115 3122
f 3099 3098 3122
f 3122 3098 3124
f 416 1907 3052
f 3052 1907 3071
f 3046 3047 3163
f 3163 3047 3162
f 249 445 259
f 259 445 3164
f 425 3165 424
f 424 3165 461
f 408 410 329
f 329 410 330
f 39 331 40
f 40 331 332
f 305 304 423
f 423 304 464
f 385 254 458
f 458 254 392
f 250 415 251
f 251 415 412
f 233 337 234
f 234 337 3166
f 435 3055 1908
f 1908 3055 3072
f 443 1909 3056
f 3056 1909 3073
f 3167 3049 3057
f 3057 3049 444
f 452 3058 1332
f 1332 3058 3069
f 234 3166 346
f 346 3166 411
f 3046 3163 462
f 462 3163 3059
f 259 3164 260
f 260 3164 336
f 3047 417 3162
f 3162 417 3053
f 463 3168 434
f 434 3168 3054
f 454 830 425
f 425 830 3165
f 3062 3169 3063
f 3063 3169 3170
f 1355 1354 1534
f 1534 1354 3171
f 3063 3170 3068
f 3068 3170 3172
f 574 3061 3062
f 3062 3061 3169
f 1534 3171 1535
f 1535 3171 3173
f 3079 2873 3172
f 3172 2873 3068
f 2838 3025 2839
f 2839 3025 3174
f 3176 3177 3175
f 3175 3177 3178
f 3180 1125 3179
f 3179 1125 1128
f 3182 3183 3181
f 3181 3183 3184
f 1134 3185 1130
f 1130 3185 3182
f 3186 3187 3189
f 3189 3187 3188
f 3191 3189 3190
f 3190 3189 3188
f 1137 1122 3190
f 3190 1122 3192
f 3175 3178 3193
f 3193 3178 3194
f 3181 3184 3179
f 3179 3184 3195
f 3197 3198 3196
f 3196 3198 3180
f 3200 3178 3199
f 3199 3178 3177
f 3202 3196 3201
f 3201 3196 3195
f 3204 3184 3203
f 3203 3184 3183
f 3206 3207 3205
f 3205 3207 3186
f 3205 3186 3208
f 3208 3186 3189
f 3209 3208 3191
f 3191 3208 3189
f 3210 3194 3200
f 3200 3194 3178
f 3201 3195 3204
f 3204 3195 3184
f 3197 3211 3177
f 3177 3211 3199
f 3213 3214 3212
f 3212 3214 3215
f 3217 3218 3216
f 3216 3218 3219
f 3221 3222 3220
f 3220 3222 3223
f 3225 3226 3224
f 3224 3226 3227
f 3229 3230 3228
f 3228 3230 3231
f 3233 3234 3232
f 3232 3234 3235
f 3237 3238 3236
f 3236 3238 3239
f 3238 3240 3239
f 3239 3240 3241
f 3232 3235 3242
f 3242 3235 3243
f 3245 3246 3244
f 3244 3246 3247
f 3248 3249 3245
f 3245 3249 3246
f 3251 3252 3250
f 3250 3252 3253
f 3255 3252 3254
f 3254 3252 3251
f 3256 3257 3259
f 3259 3257 3258
f 3261 3262 3260
f 3260 3262 3263
f 3265 3263 3264
f 3264 3263 3262
f 3256 3259 3266
f 3266 3259 3267
f 3269 3270 3268
f 3268 3270 3271
f 3269 3272 3270
f 3270 3272 3273
f 3274 3275 3277
f 3277 3275 3276
f 3278 3279 3276
f 3276 3279 3277
f 3281 3282 3280
f 3280 3282 3283
f 3280 3284 3281
f 3281 3284 3285
f 3287 3288 3286
f 3286 3288 3289
f 3290 3291 3288
f 3288 3291 3289
f 3234 3218 3235
f 3235 3218 3217
f 3232 3292 3233
f 3233 3292 3293
f 3239 3294 3236
f 3236 3294 3219
f 3233 3293 3237
f 3237 3293 3295
f 3296 3294 3241
f 3241 3294 3239
f 3240 3238 3297
f 3297 3238 3298
f 3217 3216 3235
f 3235 3216 3243
f 3297 3299 3240
f 3240 3299 3242
f 3246 3300 3247
f 3247 3300 3223
f 3301 3302 3254
f 3254 3302 3244
f 3249 3303 3246
f 3246 3303 3300
f 3245 3304 3248
f 3248 3304 3292
f 3252 3221 3253
f 3253 3221 3220
f 3250 3248 3299
f 3299 3248 3292
f 3222 3221 3255
f 3255 3221 3252
f 3297 3301 3251
f 3251 3301 3254
f 3258 3214 3259
f 3259 3214 3213
f 3257 3256 3304
f 3304 3256 3305
f 3263 3306 3260
f 3260 3306 3215
f 3261 3257 3302
f 3302 3257 3304
f 3307 3306 3265
f 3265 3306 3263
f 3262 3301 3264
f 3264 3301 3308
f 3259 3213 3267
f 3267 3213 3212
f 3308 3309 3264
f 3264 3309 3266
f 3270 3310 3271
f 3271 3310 3231
f 3311 3312 3278
f 3278 3312 3268
f 3270 3273 3310
f 3310 3273 3313
f 3272 3269 3305
f 3305 3269 3314
f 3277 3229 3274
f 3274 3229 3228
f 3275 3272 3309
f 3309 3272 3305
f 3279 3230 3277
f 3277 3230 3229
f 3276 3308 3278
f 3278 3308 3311
f 3281 3315 3282
f 3282 3315 3227
f 3290 3316 3283
f 3283 3316 3317
f 3281 3285 3315
f 3315 3285 3318
f 3284 3280 3314
f 3314 3280 3319
f 3289 3225 3286
f 3286 3225 3224
f 3287 3284 3312
f 3284 3314 3312
f 3291 3226 3289
f 3289 3226 3225
f 3288 3311 3290
f 3290 3311 3316
f 3212 3215 3307
f 3307 3215 3306
f 3294 3296 3219
f 3219 3296 3216
f 3303 3220 3300
f 3300 3220 3223
f 3224 3227 3318
f 3318 3227 3315
f 3228 3231 3313
f 3313 3231 3310
f 3234 3233 3236
f 3236 3233 3237
f 3243 3241 3242
f 3242 3241 3240
f 3247 3255 3244
f 3244 3255 3254
f 3253 3249 3250
f 3250 3249 3248
f 3260 3258 3261
f 3261 3258 3257
f 3266 3267 3264
f 3264 3267 3265
f 3268 3271 3278
f 3278 3271 3279
f 3274 3273 3275
f 3275 3273 3272
f 3283 3282 3290
f 3290 3282 3291
f 3286 3285 3287
f 3287 3285 3284
f 3218 3234 3219
f 3219 3234 3236
f 3295 3298 3237
f 3237 3298 3238
f 3216 3296 3243
f 3243 3296 3241
f 3242 3299 3232
f 3232 3299 3292
f 3223 3222 3247
f 3247 3222 3255
f 3244 3302 3245
f 3245 3302 3304
f 3303 3249 3220
f 3220 3249 3253
f 3297 3251 3299
f 3299 3251 3250
f 3215 3214 3260
f 3260 3214 3258
f 3301 3262 3302
f 3302 3262 3261
f 3212 3307 3267
f 3267 3307 3265
f 3266 3309 3256
f 3256 3309 3305
f 3271 3231 3279
f 3279 3231 3230
f 3268 3312 3269
f 3269 3312 3314
f 3228 3313 3274
f 3274 3313 3273
f 3308 3276 3309
f 3309 3276 3275
f 3282 3227 3291
f 3291 3227 3226
f 3317 3319 3283
f 3283 3319 3280
f 3224 3318 3286
f 3286 3318 3285
f 3312 3311 3287
f 3311 3288 3287
f 3320 3321 3194
f 3194 3321 3193
f 1375 3321 1121
f 1121 3321 3322
f 3323 3324 3322
f 3322 3324 3192
f 3175 1124 3176
f 3176 1124 1123
f 3179 3195 3180
f 3180 3195 3196
f 3181 1131 3182
f 3182 1131 1130
f 3207 3185 3186
f 3186 3185 3187
f 1136 3188 1133
f 1133 3188 3187
f 3190 3188 1137
f 1137 3188 1136
f 3193 1159 3175
f 3175 1159 1124
f 3179 1128 3181
f 3181 1128 1131
f 1533 3198 1123
f 1123 3198 3176
f 3321 1375 3193
f 3193 1375 1159
f 3321 3320 3322
f 3322 3320 3323
f 1122 1121 3192
f 3192 1121 3322
f 3194 3210 3320
f 3320 3210 3325
f 3324 3323 3327
f 3327 3323 3326
f 3320 3325 3323
f 3323 3325 3326
f 3208 3328 3205
f 3205 3328 3329
f 3330 3206 3329
f 3329 3206 3205
f 3203 3331 3204
f 3204 3331 3332
f 3210 3333 3325
f 3325 3333 3334
f 3325 3334 3326
f 3326 3334 3335
f 3327 3326 3336
f 3336 3326 3335
f 3327 3209 3324
f 3324 3209 3191
f 3190 3192 3191
f 3191 3192 3324
f 3338 3339 3337
f 3337 3339 3340
f 3338 3341 3339
f 3339 3341 3342
f 3341 3343 3342
f 3342 3343 3344
f 3343 3345 3344
f 3344 3345 3346
f 3345 3347 3346
f 3346 3347 3348
f 3347 3349 3348
f 3348 3349 3350
f 3337 3340 3351
f 3351 3340 3352
f 3351 3352 3353
f 3353 3352 3354
f 3353 3354 3355
f 3355 3354 3356
f 3350 3349 3357
f 3357 3349 3358
f 3355 3356 3359
f 3359 3356 3360
f 3359 3360 3361
f 3361 3360 3362
f 3361 3362 3363
f 3363 3362 3364
f 3363 3364 3358
f 3358 3364 3357
f 3339 3342 3365
f 3365 3342 3366
f 3342 3344 3366
f 3366 3344 3367
f 3344 3346 3367
f 3367 3346 3368
f 3346 3348 3368
f 3368 3348 3369
f 3348 3350 3369
f 3369 3350 3370
f 3368 3369 3371
f 3371 3369 3372
f 3369 3370 3372
f 3372 3370 3373
f 3373 3374 3372
f 3372 3374 3375
f 3377 3378 3376
f 3376 3378 3379
f 3377 3375 3378
f 3378 3375 3374
f 3375 3380 3372
f 3372 3380 3371
f 3377 3381 3375
f 3375 3381 3380
f 3376 3382 3377
f 3377 3382 3381
f 3384 3385 3383
f 3383 3385 3386
f 3384 3383 3388
f 3388 3383 3387
f 3388 3387 3389
f 3389 3387 3390
f 3392 3385 3391
f 3391 3385 3384
f 3388 3393 3384
f 3384 3393 3391
f 3389 3394 3388
f 3388 3394 3393
f 3389 3395 3394
f 3394 3395 3396
f 3395 3389 3397
f 3397 3389 3390
f 3339 3365 3340
f 3340 3365 3398
f 3340 3398 3352
f 3352 3398 3399
f 3371 3400 3368
f 3368 3400 3367
f 3400 3401 3367
f 3367 3401 3366
f 3366 3401 3365
f 3365 3401 3402
f 3398 3365 3403
f 3403 3365 3402
f 3398 3403 3399
f 3399 3403 3404
f 3403 3405 3404
f 3404 3405 3406
f 3352 3399 3354
f 3354 3399 3407
f 3399 3404 3407
f 3407 3404 3408
f 3404 3406 3408
f 3408 3406 3409
f 3405 3410 3406
f 3406 3410 3411
f 3410 3412 3411
f 3411 3412 3413
f 3397 3414 3395
f 3395 3414 3415
f 3417 3415 3416
f 3416 3415 3412
f 3410 3418 3412
f 3412 3418 3416
f 3410 3405 3418
f 3418 3405 3419
f 3405 3403 3419
f 3419 3403 3402
f 3370 3350 3420
f 3420 3350 3357
f 3373 3370 3421
f 3421 3370 3420
f 3374 3373 3422
f 3422 3373 3421
f 3378 3374 3423
f 3423 3374 3422
f 3378 3423 3379
f 3379 3423 3424
f 3424 3425 3379
f 3379 3425 3386
f 3383 3426 3387
f 3387 3426 3427
f 3387 3427 3390
f 3390 3427 3428
f 3390 3428 3397
f 3397 3428 3429
f 3429 3430 3397
f 3397 3430 3414
f 3411 3413 3431
f 3431 3413 3432
f 3406 3411 3409
f 3409 3411 3431
f 3401 3400 3335
f 3335 3400 3336
f 3401 3335 3402
f 3402 3335 3334
f 3402 3334 3419
f 3419 3334 3333
f 3419 3333 3418
f 3418 3333 3433
f 3418 3433 3416
f 3416 3433 3434
f 3435 3417 3434
f 3434 3417 3416
f 3394 3396 3436
f 3436 3396 3437
f 3393 3394 3332
f 3332 3394 3436
f 3393 3332 3391
f 3391 3332 3331
f 3330 3392 3331
f 3331 3392 3391
f 3382 3329 3381
f 3381 3329 3328
f 3354 3407 3356
f 3356 3407 3438
f 3356 3438 3360
f 3360 3438 3439
f 3360 3439 3362
f 3362 3439 3440
f 3362 3440 3364
f 3364 3440 3441
f 3364 3441 3357
f 3357 3441 3420
f 3421 3420 3442
f 3442 3420 3441
f 3442 3441 3443
f 3443 3441 3440
f 3443 3440 3444
f 3444 3440 3439
f 3444 3439 3445
f 3445 3439 3438
f 3445 3438 3408
f 3408 3438 3407
f 3422 3421 3446
f 3446 3421 3442
f 3446 3442 3447
f 3447 3442 3443
f 3447 3443 3448
f 3448 3443 3444
f 3448 3444 3449
f 3449 3444 3445
f 3449 3445 3409
f 3409 3445 3408
f 3409 3431 3449
f 3449 3431 3450
f 3449 3450 3448
f 3448 3450 3451
f 3451 3452 3448
f 3448 3452 3447
f 3447 3452 3446
f 3446 3452 3453
f 3446 3453 3422
f 3422 3453 3423
f 3424 3423 3454
f 3454 3423 3453
f 3452 3455 3453
f 3453 3455 3454
f 3452 3451 3455
f 3455 3451 3456
f 3450 3457 3451
f 3451 3457 3456
f 3431 3432 3450
f 3450 3432 3457
f 3454 3458 3424
f 3424 3458 3425
f 3427 3426 3459
f 3459 3426 3460
f 3428 3427 3461
f 3461 3427 3459
f 3428 3461 3429
f 3429 3461 3462
f 3462 3463 3429
f 3429 3463 3430
f 3464 3465 3462
f 3462 3465 3463
f 3455 3466 3454
f 3454 3466 3458
f 3465 3464 3466
f 3466 3464 3467
f 3461 3459 3468
f 3468 3459 3469
f 3468 3469 3464
f 3464 3469 3467
f 3464 3462 3468
f 3468 3462 3461
f 3459 3460 3469
f 3469 3460 3467
f 3295 3351 3298
f 3298 3351 3353
f 3353 3355 3298
f 3298 3355 3297
f 3297 3355 3301
f 3301 3355 3359
f 3301 3359 3308
f 3308 3359 3361
f 3308 3361 3311
f 3311 3361 3363
f 3311 3363 3316
f 3316 3363 3358
f 3316 3358 3317
f 3317 3358 3349
f 3349 3347 3317
f 3317 3347 3319
f 3347 3345 3319
f 3319 3345 3314
f 3345 3343 3314
f 3314 3343 3305
f 3343 3341 3305
f 3305 3341 3304
f 3304 3341 3292
f 3292 3341 3338
f 3292 3338 3293
f 3293 3338 3337
f 3293 3337 3295
f 3295 3337 3351
f 3437 3202 3436
f 3436 3202 3201
f 3436 3201 3332
f 3332 3201 3204
f 3433 3200 3434
f 3434 3200 3199
f 3211 3435 3199
f 3199 3435 3434
f 3333 3210 3433
f 3433 3210 3200
f 3380 3470 3371
f 3400 3371 3336
f 3336 3371 3470
f 3381 3328 3380
f 3380 3328 3470
f 3470 3328 3209
f 3209 3328 3208
f 3336 3470 3327
f 3327 3470 3209
f 1545 1763 1546
f 1546 1763 1762
f 1403 1546 773
f 773 1546 770
f 1221 3013 1220
f 1220 3013 3471
f 1305 2877 1306
f 1306 2877 2879
f 1220 3471 828
f 828 3471 829
f 1217 1754 3472
f 3472 1754 1756
f 1049 3473 1048
f 1048 3473 3474
f 1371 1179 3473
f 3473 1179 3474
f 1074 3475 1179
f 1179 3475 3474
f 3474 3475 1048
f 1048 3475 1056
f 919 666 1345
f 1345 666 665
f 856 680 919
f 919 680 666
f 679 680 1449
f 1449 680 858
f 1367 878 1500
f 1500 878 877
f 1366 908 1367
f 1367 908 878
f 1512 916 1513
f 1513 916 915
f 947 1368 948
f 948 1368 1369
f 1047 1021 1044
f 1044 1021 1020
f 1370 1049 1019
f 1019 1049 1020
f 1173 1030 1174
f 1174 1030 1033
f 3126 1188 1464
f 1464 1188 1187
f 1800 1451 1512
f 1512 1451 916
f 1175 1174 1186
f 1186 1174 1187
f 1030 1173 1047
f 1047 1173 1021
f 1513 915 3476
f 3476 915 1481
f 1345 665 3477
f 3477 665 1483
f 1502 1501 876
f 876 1501 877
f 1205 1451 1803
f 1803 1451 1802
f 3479 2832 3478
f 3478 2832 2831
f 1449 858 2927
f 2927 858 2922
f 908 1366 947
f 947 1366 1368
f 949 948 3126
f 3126 948 1188
f 3480 3135 1502
f 1502 3135 1501
f 2927 2922 3157
f 3157 2922 3152
f 3477 1483 3479
f 3479 1483 2832
f 1803 1802 3151
f 3151 1802 3152
f 663 658 664
f 664 658 657
f 655 658 939
f 939 658 706
f 1512 870 1800
f 1800 870 869
f 875 874 876
f 876 874 873
f 849 874 905
f 905 874 958
f 949 962 946
f 946 962 961
f 978 3126 979
f 979 3126 1464
f 1031 1168 1032
f 1032 1168 1022
f 1045 1013 1046
f 1046 1013 1012
f 1045 1044 1056
f 1056 1044 1048
f 1047 1046 1030
f 1030 1046 1031
f 939 706 940
f 940 706 1450
f 979 1464 1032
f 1032 1464 1033
f 3480 1478 3476
f 3476 1478 3134
f 2829 1487 2830
f 2830 1487 1486
f 848 1230 873
f 873 1230 1479
f 867 870 933
f 933 870 1514
f 1800 869 1801
f 1801 869 1799
f 2830 1486 1325
f 1325 1486 2833
f 940 1450 2925
f 2925 1450 2928
f 946 961 907
f 907 961 958
f 959 962 977
f 977 962 978
f 3476 3134 1513
f 1513 3134 1514
f 2925 2928 3155
f 3155 2928 3158
f 1325 2833 656
f 656 2833 657
f 1801 1799 3157
f 3157 1799 3158
f 1074 1055 3475
f 3475 1055 1056
f 1371 3473 1370
f 1370 3473 1049
f 2884 615 3481
f 3481 615 618
f 3478 2831 2846
f 2846 2831 617
f 2831 1484 617
f 617 1484 618
f 1484 1487 618
f 618 1487 3481
f 2848 3481 2829
f 2829 3481 1487
f 1480 1517 1161
f 1161 1517 1162
f 3129 1323 1455
f 1455 1323 1322
f 3129 3134 1323
f 1323 3134 1478
f 1535 3173 1515
f 1515 3173 1516
f 3085 3095 3137
f 3137 3095 3094
f 3137 3094 3138
f 3138 3094 3104
f 3117 3139 3105
f 3105 3139 3106
f 1138 1141 3127
f 3127 1141 3128
f 3081 3131 1264
f 1264 3131 3130
f 1227 1226 3132
f 3132 1226 3133
f 1264 3130 1229
f 1229 3130 1322
f 1160 1501 1161
f 1161 1501 3135
f 1141 1476 3128
f 3128 1476 3136
f 1226 1163 3133
f 3133 1163 1162
f 1363 1138 1515
f 1515 1138 3127
f 3084 3095 3081
f 3081 3095 3131
f 3089 884 3105
f 3105 884 3140
f 884 883 3140
f 3140 883 3141
f 883 3482 3141
f 3141 3482 3142
f 3476 1481 3480
f 3480 1481 3135
f 1502 1479 3480
f 3480 1479 1478
f 3168 463 440
f 714 1880 715
f 715 1880 2905
f 896 732 2970
f 2970 732 731
f 1263 834 3082
f 3082 834 833
f 898 1231 853
f 853 1231 854
f 3125 890 2931
f 2931 890 889
f 1237 893 2851
f 2851 893 892
f 898 853 899
f 899 853 963
f 988 987 989
f 989 987 986
f 1002 1007 1003
f 1003 1007 1006
f 1038 1036 1007
f 1007 1036 1004
f 1070 1052 1005
f 1005 1052 1006
f 1069 1067 1070
f 1070 1067 1052
f 1130 1129 1134
f 1134 1129 1135
f 879 1167 880
f 880 1167 1166
f 1171 1169 1037
f 1037 1169 1038
f 1085 1180 1069
f 1069 1180 1067
f 1209 1210 879
f 879 1210 1167
f 2885 1215 1754
f 1754 1215 1214
f 1263 855 834
f 834 855 854
f 708 1244 1826
f 1826 1244 1243
f 2909 894 1254
f 1254 894 893
f 1228 1361 964
f 964 1361 1360
f 2908 2907 1436
f 1436 2907 1437
f 2990 1440 2991
f 2991 1440 1439
f 964 1360 965
f 965 1360 1454
f 950 1457 951
f 951 1457 1456
f 970 1463 971
f 971 1463 1462
f 1025 1169 984
f 984 1169 986
f 1084 1097 1469
f 1469 1097 1470
f 1096 1115 1474
f 1474 1115 1475
f 1140 1361 1141
f 1141 1361 1476
f 1212 1495 2828
f 2828 1495 1494
f 880 1166 1452
f 1452 1166 1499
f 715 2905 1504
f 1504 2905 2906
f 954 1519 955
f 955 1519 1518
f 1026 1520 992
f 992 1520 1518
f 1029 1520 1043
f 1043 1520 1521
f 997 1522 1040
f 1040 1522 1521
f 1015 1522 1016
f 1016 1522 1523
f 1523 996 1524
f 1524 996 1062
f 1057 1060 1525
f 1525 1060 1524
f 1094 1528 1082
f 1082 1528 1527
f 1526 1528 1089
f 1089 1528 1529
f 1090 1531 1108
f 1108 1531 1530
f 1125 1533 1126
f 1126 1533 1532
f 3483 1755 727
f 727 1755 1214
f 735 1814 707
f 707 1814 1813
f 2891 1834 1246
f 1246 1834 1243
f 2904 1881 1847
f 1847 1881 1848
f 1852 1855 1853
f 1853 1855 1858
f 1902 2903 1877
f 1877 2903 1878
f 2903 2904 1878
f 1878 2904 1847
f 714 713 1848
f 1848 713 1849
f 1440 2990 1883
f 1883 2990 2989
f 1883 2989 1852
f 1852 2989 1855
f 2895 1888 2892
f 2892 1888 1887
f 774 777 1877
f 1877 777 1903
f 1251 2835 1252
f 1252 2835 2834
f 1213 2844 1212
f 1212 2844 1495
f 2851 892 1213
f 1213 892 2844
f 3123 2911 3124
f 3124 2911 2910
f 887 2929 888
f 888 2929 889
f 1435 2963 1436
f 1436 2963 2961
f 1253 1438 1254
f 1254 1438 1437
f 2970 731 735
f 735 731 1814
f 733 732 2885
f 2885 732 1215
f 2901 2902 2976
f 2976 2902 2977
f 2975 2982 2976
f 2976 2982 2979
f 2899 2900 2981
f 2981 2900 2979
f 2899 2981 2898
f 2898 2981 2983
f 2986 2985 2984
f 2984 2985 2983
f 2897 2985 2896
f 2896 2985 2988
f 2991 1439 2987
f 2987 1439 2988
f 777 2978 1903
f 1903 2978 2977
f 1885 1888 1858
f 1858 1888 1853
f 3090 3088 836
f 836 3088 833
f 3083 3088 3097
f 3097 3088 3096
f 3097 3096 3104
f 3104 3096 3106
f 3111 3116 3108
f 3108 3116 3109
f 3112 3111 3114
f 3114 3111 3108
f 3113 3122 3114
f 3114 3122 3115
f 891 890 2837
f 2837 890 2834
f 951 1456 954
f 954 1456 1519
f 967 1457 936
f 936 1457 1454
f 971 1462 902
f 902 1462 963
f 1461 1463 988
f 988 1463 987
f 1466 1468 1474
f 1474 1468 1470
f 1089 1529 1090
f 1090 1529 1531
f 1184 1181 1469
f 1469 1181 1180
f 1082 1527 1061
f 1061 1527 1525
f 1129 1473 1135
f 1135 1473 1475
f 1108 1530 1105
f 1105 1530 1532
f 1452 1499 3132
f 3132 1499 3136
f 3109 3116 3139
f 3139 3116 3138
f 2912 2911 887
f 887 2911 2929
f 2836 2835 1497
f 1497 2835 1494
f 2913 3102 2910
f 2910 3102 3115
f 1133 3187 1134
f 1134 3187 3185
f 3177 3176 3197
f 3197 3176 3198
f 3203 3183 3206
f 3206 3183 3207
f 3196 3202 3197
f 3197 3202 3211
f 3183 3182 3207
f 3207 3182 3185
f 1125 3180 1533
f 1533 3180 3198
f 3331 3203 3330
f 3330 3203 3206
f 3376 3379 3385
f 3385 3379 3386
f 3382 3376 3392
f 3392 3376 3385
f 3412 3415 3413
f 3413 3415 3414
f 3417 3396 3415
f 3415 3396 3395
f 3383 3386 3426
f 3426 3386 3425
f 3413 3414 3432
f 3432 3414 3430
f 3437 3396 3435
f 3435 3396 3417
f 3329 3382 3330
f 3330 3382 3392
f 3426 3425 3460
f 3460 3425 3458
f 3432 3430 3457
f 3457 3430 3463
f 3457 3463 3456
f 3456 3463 3465
f 3460 3458 3467
f 3467 3458 3466
f 3466 3455 3465
f 3465 3455 3456
f 3202 3437 3211
f 3211 3437 3435
f 3104 3106 3138
f 3138 3106 3139
f 3132 3136 1227
f 1227 3136 1476
f 943 687 600
f 600 687 601
f 596 625 667
f 667 625 1297
f 687 686 601
f 601 686 653
f 1319 784 711
f 711 784 712
f 1811 607 783
f 783 607 712
f 862 921 917
f 917 921 920
f 3478 925 3479
f 3479 925 924
f 2846 926 3478
f 3478 926 925
f 659 662 929
f 929 662 930
f 856 921 857
f 857 921 1204
f 1206 864 1207
f 1207 864 863
f 2876 1219 2877
f 2877 1219 1218
f 667 1297 593
f 593 1297 1296
f 917 920 1333
f 1333 920 1346
f 686 693 653
f 653 693 930
f 1277 913 1498
f 1498 913 1207
f 592 1536 610
f 610 1536 711
f 864 1206 1805
f 1805 1206 1804
f 1317 1536 1900
f 1900 1536 1809
f 1900 1809 1295
f 1295 1809 1296
f 3479 924 3477
f 3477 924 2824
f 927 926 1203
f 1203 926 2847
f 3484 2859 3032
f 3032 2859 3033
f 3472 2878 1217
f 1217 2878 1218
f 2889 2888 2880
f 2880 2888 2881
f 2886 2883 2887
f 2887 2883 2882
f 929 928 2847
f 2847 928 1203
f 857 1204 2921
f 2921 1204 2926
f 1820 1819 2882
f 2882 1819 2881
f 1821 2883 2876
f 2876 2883 1219
f 782 2889 783
f 783 2889 2880
f 1352 3034 1353
f 1353 3034 3033
f 3031 3034 3041
f 3041 3034 3043
f 944 943 3043
f 3043 943 600
f 1339 3145 1498
f 1498 3145 3143
f 1208 882 3148
f 3148 882 3143
f 2921 2926 3151
f 3151 2926 3156
f 3477 2824 1345
f 1345 2824 1346
f 1805 1804 3154
f 3154 1804 3156
f 886 3103 883
f 883 3103 3482
f 841 1248 3485
f 3485 1248 3121
f 2811 2819 2812
f 2812 2819 2816
f 2818 2815 2817
f 2817 2815 2806
f 2817 2816 2818
f 2818 2816 2819
f 2793 2795 2819
f 2819 2795 2818
f 243 352 2793
f 2793 352 2795
f 242 353 243
f 243 353 352
f 359 191 242
f 242 191 353
f 247 192 359
f 359 192 191
f 157 193 247
f 247 193 192
f 156 194 157
f 157 194 193
f 378 261 156
f 156 261 194
f 378 381 261
f 261 381 195
f 195 381 196
f 196 381 376
f 196 376 198
f 198 376 375
f 375 1776 198
f 198 1776 197
f 1776 1767 197
f 197 1767 274
f 181 274 199
f 199 274 1767
f 568 566 564
f 564 566 563
f 568 569 566
f 566 569 567
f 501 1773 1771
f 1771 1773 578
f 547 579 1773
f 1773 579 578
f 3486 470 474
f 474 470 469
f 450 582 3487
f 3487 582 3488
f 582 583 3488
f 3488 583 3489
f 583 584 3489
f 3489 584 3490
f 3490 584 3491
f 3491 584 543
f 470 3486 466
f 466 3486 467
f 3489 3490 503
f 503 3490 504
f 503 3492 3489
f 3489 3492 3488
f 3492 503 3493
f 3493 503 502
f 3495 3492 3494
f 3494 3492 3493
f 3487 3488 3495
f 3495 3488 3492
f 468 1774 465
f 465 1774 570
f 3494 3493 1775
f 1775 3493 1771
f 3490 3491 504
f 504 3491 1772
f 3491 543 1772
f 1772 543 548
f 450 3487 474
f 474 3487 3486
f 3495 467 3487
f 3487 467 3486
f 3494 468 3495
f 3495 468 467
f 468 3494 1774
f 1774 3494 1775
f 501 1771 502
f 502 1771 3493
f 527 366 384
f 384 366 365
f 522 524 527
f 527 524 366
f 521 534 522
f 522 534 524
f 530 535 521
f 521 535 534
f 508 486 513
f 513 486 532
f 513 532 541
f 541 532 535
f 667 668 596
f 596 668 597
f 1294 1297 624
f 624 1297 625
f 603 641 604
f 604 641 640
f 1290 1293 650
f 650 1293 651
f 1758 691 660
f 660 691 661
f 602 671 599
f 599 671 670
f 654 662 690
f 690 662 661
f 2856 598 695
f 695 598 597
f 602 654 671
f 671 654 690
f 604 640 676
f 676 640 704
f 1826 1829 708
f 708 1829 709
f 1288 1284 740
f 740 1284 741
f 755 754 758
f 758 754 759
f 2853 2856 932
f 932 2856 695
f 689 691 1192
f 1192 691 1193
f 784 1319 1240
f 1240 1319 1241
f 1813 1816 1244
f 1244 1816 1245
f 754 1288 759
f 759 1288 740
f 1894 1242 1318
f 1318 1242 1241
f 2867 1348 1418
f 1418 1348 1347
f 676 704 673
f 673 704 1347
f 1284 1287 741
f 741 1287 1419
f 1421 1426 1422
f 1422 1426 1425
f 1758 660 615
f 615 660 616
f 1192 1191 1421
f 1421 1191 1426
f 2962 1839 1504
f 1504 1839 1505
f 941 1194 1759
f 1759 1194 1193
f 1287 1537 1419
f 1419 1537 1760
f 1882 2893 1823
f 1823 2893 1824
f 1886 1891 1827
f 1827 1891 1828
f 1887 1886 1834
f 1834 1886 1827
f 1841 716 1838
f 1838 716 1505
f 782 784 1850
f 1850 784 1240
f 1239 1242 1863
f 1863 1242 1864
f 1242 1894 1864
f 1864 1894 1873
f 1822 1239 1823
f 1823 1239 1863
f 1318 1317 1895
f 1895 1317 1900
f 1894 1896 1873
f 1873 1896 1897
f 1291 1896 1292
f 1292 1896 1895
f 605 1898 606
f 606 1898 1897
f 1258 1257 2854
f 2854 1257 2855
f 1257 1351 2855
f 2855 1351 2857
f 1351 1353 2857
f 2857 1353 2858
f 1353 3033 2858
f 2858 3033 2859
f 2860 2861 3036
f 3036 2861 3037
f 2862 2863 2870
f 2870 2863 3039
f 2870 2869 2862
f 2862 2869 2864
f 2868 2865 2869
f 2869 2865 2864
f 1764 2866 2868
f 2868 2866 2865
f 1537 1199 1760
f 1760 1199 1348
f 615 2884 1758
f 1758 2884 1759
f 1825 1246 2890
f 2890 1246 1245
f 2893 2892 1824
f 1824 2892 2891
f 761 2960 758
f 758 2960 2906
f 3000 2943 2940
f 2940 2943 2941
f 2968 710 2950
f 2950 710 709
f 1764 1423 2866
f 2866 1423 2953
f 1423 645 2953
f 2953 645 2954
f 645 644 2954
f 2954 644 2955
f 644 738 2955
f 2955 738 2956
f 738 764 2956
f 2956 764 2957
f 764 763 2957
f 2957 763 2958
f 763 2908 2958
f 2958 2908 2959
f 2908 1436 2959
f 2959 1436 2961
f 1837 2964 1435
f 1435 2964 2963
f 1837 2937 2964
f 2964 2937 2965
f 2936 2968 2966
f 2966 2968 2950
f 1840 2942 1838
f 1838 2942 2941
f 2939 2949 2940
f 2940 2949 3006
f 2939 2942 2966
f 2966 2942 2965
f 1822 1825 1850
f 1850 1825 2890
f 1891 3005 1828
f 1828 3005 3006
f 3035 3038 3045
f 3045 3038 3042
f 3045 3044 3035
f 3035 3044 3040
f 669 1422 3045
f 3045 1422 3044
f 599 670 3041
f 3041 670 3042
f 931 3067 932
f 932 3067 3065
f 2853 3066 2854
f 2854 3066 3076
f 3067 3496 3065
f 3065 3496 3497
f 3066 3498 3076
f 3076 3498 3499
f 707 1813 708
f 708 1813 1244
f 2960 2962 2906
f 2906 2962 1504
f 2892 1887 2891
f 2891 1887 1834
f 1839 2962 2963
f 2963 2962 2961
f 595 626 596
f 596 626 625
f 623 626 3484
f 3484 626 2859
f 1291 1290 606
f 606 1290 603
f 1290 650 603
f 603 650 641
f 641 650 642
f 642 650 649
f 2860 2863 649
f 649 2863 642
f 3036 3039 2860
f 2860 3039 2863
f 3035 3040 3036
f 3036 3040 3039
f 1294 1293 1295
f 1295 1293 1292
f 624 651 1294
f 1294 651 1293
f 623 652 624
f 624 652 651
f 3484 2861 623
f 623 2861 652
f 3032 3037 3484
f 3484 3037 2861
f 3031 3038 3032
f 3032 3038 3037
f 3481 2848 2884
f 2884 2848 942
f 2846 617 1427
f 1427 617 616
f 3049 3167 3048
f 3048 3167 3500
f 1906 3048 3070
f 3070 3048 3500
f 1337 1768 3501
f 3501 1768 3502
f 3020 3503 3021
f 3021 3503 3024
f 2914 3023 3020
f 3020 3023 3503
f 859 1770 860
f 860 1770 3504
f 1336 3505 1768
f 1768 3505 3502
f 3065 3497 3066
f 3066 3497 3498
f 2814 3075 3067
f 3067 3075 3496
f 2839 3174 766
f 766 3174 3017
f 1337 3501 1338
f 1338 3501 1769
f 767 3018 3026
f 3026 3018 3506
f 3076 3499 3064
f 3064 3499 3507
f 727 730 3483
f 3483 730 3030
f 3064 3507 2871
f 2871 3507 3077
f 3100 3160 1786
f 1786 3160 1784
f 3026 3506 752
f 752 3506 3015
f 860 3504 2923
f 2923 3504 3508
f 753 3016 3027
f 3027 3016 3509
f 3027 3509 3008
f 3008 3509 3028
f 1782 1785 1783
f 1783 1785 3022
f 2923 3508 3153
f 3153 3508 3161
f 3148 3149 1208
f 1208 3149 3150
f 1335 1328 3510
f 3510 1328 1327
f 1336 1335 3505
f 3505 1335 3510
f 866 3511 1340
f 1340 3511 3146
f 865 1808 866
f 866 1808 3511
f 842 841 3159
f 3159 841 3485
f 2849 3512 1329
f 1329 3512 1326
f 1202 1331 2849
f 2849 1331 3512
f 3514 3515 3513
f 3513 3515 3516
f 3518 3516 3517
f 3517 3516 3515
f 3519 3520 3514
f 3514 3520 3515
f 3522 3523 3521
f 3521 3523 3524
f 3526 3527 3525
f 3525 3527 3528
f 3530 3531 3529
f 3529 3531 3532
f 3534 3535 3533
f 3533 3535 3536
f 3529 3532 3537
f 3537 3532 3538
f 3537 3539 3529
f 3529 3539 3540
f 3542 3543 3541
f 3541 3543 3544
f 3546 3547 3545
f 3545 3547 3548
f 3550 3534 3549
f 3549 3534 3533
f 3550 3543 3551
f 3551 3543 3552
f 3537 3545 3539
f 3539 3545 3548
f 3553 3554 3556
f 3556 3554 3555
f 3537 3557 3545
f 3545 3557 3546
f 3558 3559 3561
f 3561 3559 3560
f 3563 3564 3562
f 3562 3564 3565
f 3564 3563 3566
f 3566 3563 3567
f 3569 3570 3568
f 3568 3570 3571
f 3573 3574 3572
f 3572 3574 3575
f 3577 3578 3576
f 3576 3578 3579
f 3581 3582 3580
f 3580 3582 3583
f 3585 3586 3584
f 3584 3586 3579
f 3586 3587 3579
f 3579 3587 3576
f 3589 3590 3588
f 3588 3590 3591
f 3592 3593 3595
f 3595 3593 3594
f 3597 3598 3596
f 3596 3598 3595
f 3583 3600 3599
f 3599 3600 3601
f 3603 3599 3602
f 3602 3599 3601
f 3605 3606 3604
f 3604 3606 3607
f 3608 3555 3596
f 3596 3555 3554
f 3597 3610 3609
f 3609 3610 3565
f 3564 3611 3565
f 3565 3611 3609
f 3611 3564 3612
f 3612 3564 3566
f 3613 3614 3569
f 3569 3614 3570
f 3615 3616 3573
f 3573 3616 3574
f 3517 3617 3518
f 3518 3617 3618
f 3620 3621 3619
f 3619 3621 3622
f 3624 3625 3623
f 3623 3625 3626
f 3628 3629 3627
f 3627 3629 3630
f 3632 3633 3631
f 3631 3633 3634
f 3636 3637 3635
f 3635 3637 3638
f 3640 3641 3639
f 3639 3641 3642
f 3643 3644 3639
f 3639 3644 3640
f 3646 3513 3645
f 3645 3513 3647
f 3648 3514 3646
f 3646 3514 3513
f 3649 3519 3648
f 3648 3519 3514
f 3650 3651 3527
f 3527 3651 3652
f 3654 3651 3653
f 3653 3651 3650
f 3568 3571 3655
f 3655 3571 3656
f 3657 3658 3653
f 3653 3658 3659
f 3661 3662 3660
f 3660 3662 3658
f 3664 3665 3663
f 3663 3665 3666
f 3667 3657 3650
f 3650 3657 3653
f 3669 3523 3668
f 3668 3523 3670
f 3672 3673 3671
f 3671 3673 3674
f 3676 3677 3675
f 3675 3677 3678
f 3671 3674 3676
f 3676 3674 3677
f 3680 3681 3679
f 3679 3681 3682
f 3683 3684 3680
f 3680 3684 3681
f 3685 3686 3661
f 3661 3686 3662
f 3686 3687 3662
f 3662 3687 3688
f 3684 3683 3689
f 3689 3683 3690
f 3692 3693 3691
f 3691 3693 3694
f 3691 3694 3695
f 3695 3694 3696
f 3698 3699 3697
f 3697 3699 3700
f 3702 3703 3701
f 3701 3703 3704
f 3705 3706 3519
f 3519 3706 3520
f 3673 3672 3707
f 3707 3672 3708
f 3709 3710 3682
f 3682 3710 3679
f 3711 3712 3692
f 3692 3712 3693
f 3714 3715 3713
f 3713 3715 3716
f 3718 3700 3717
f 3717 3700 3699
f 3720 3721 3719
f 3719 3721 3722
f 3724 3725 3723
f 3723 3725 3726
f 3727 3728 3730
f 3730 3728 3729
f 3722 3721 3731
f 3731 3721 3732
f 3697 3700 3733
f 3733 3700 3714
f 3733 3714 3734
f 3734 3714 3713
f 3721 3723 3732
f 3732 3723 3735
f 3720 3736 3724
f 3724 3736 3737
f 3700 3718 3714
f 3714 3718 3715
f 3717 3699 3738
f 3738 3699 3739
f 3536 3740 3533
f 3533 3740 3540
f 3742 3743 3741
f 3741 3743 3744
f 3746 3747 3745
f 3745 3747 3748
f 3750 3751 3749
f 3749 3751 3752
f 3627 3632 3628
f 3628 3632 3631
f 3754 3755 3753
f 3753 3755 3626
f 3562 3565 3756
f 3756 3565 3610
f 3527 3652 3528
f 3528 3652 3757
f 3758 3524 3669
f 3669 3524 3523
f 3582 3598 3583
f 3583 3598 3600
f 3759 3670 3522
f 3522 3670 3523
f 3675 3678 3760
f 3760 3678 3761
f 3762 3763 3690
f 3690 3763 3689
f 3765 3766 3764
f 3764 3766 3767
f 3768 3739 3698
f 3698 3739 3699
f 3726 3725 3770
f 3770 3725 3769
f 3645 3647 3771
f 3771 3647 3772
f 3645 3678 3646
f 3646 3678 3677
f 3646 3677 3648
f 3648 3677 3674
f 3673 3649 3674
f 3674 3649 3648
f 3707 3773 3673
f 3673 3773 3649
f 3775 3776 3774
f 3774 3776 3777
f 3779 3526 3778
f 3778 3526 3525
f 3526 3779 3667
f 3667 3779 3780
f 3780 3781 3667
f 3667 3781 3657
f 3672 3679 3708
f 3708 3679 3710
f 3671 3680 3672
f 3672 3680 3679
f 3676 3683 3671
f 3671 3683 3680
f 3675 3690 3676
f 3676 3690 3683
f 3760 3762 3675
f 3675 3762 3690
f 3682 3681 3783
f 3783 3681 3782
f 3689 3784 3684
f 3684 3784 3785
f 3684 3785 3681
f 3681 3785 3782
f 3786 3709 3783
f 3783 3709 3682
f 3784 3689 3787
f 3787 3689 3763
f 3789 3557 3788
f 3788 3557 3790
f 3792 3793 3791
f 3791 3793 3794
f 3616 3615 3795
f 3795 3615 3796
f 3797 3798 3727
f 3727 3798 3728
f 3800 3801 3799
f 3799 3801 3802
f 3803 3578 3592
f 3592 3578 3593
f 3805 3806 3804
f 3804 3806 3807
f 3599 3603 3585
f 3585 3603 3586
f 3587 3586 3604
f 3604 3586 3603
f 3588 3591 3794
f 3794 3591 3791
f 3581 3803 3582
f 3582 3803 3592
f 3594 3561 3608
f 3608 3561 3790
f 3662 3688 3808
f 3808 3688 3809
f 3665 3664 3810
f 3810 3664 3811
f 3719 3812 3720
f 3720 3812 3736
f 3717 3813 3718
f 3718 3813 3737
f 3723 3721 3724
f 3724 3721 3720
f 3813 3717 3814
f 3814 3717 3738
f 3815 3816 303
f 303 3816 304
f 3818 3819 3817
f 3817 3819 3820
f 3578 3803 3579
f 3579 3803 3584
f 3558 3593 3577
f 3577 3593 3578
f 3822 3823 3821
f 3821 3823 3824
f 3546 3826 3825
f 3825 3826 3827
f 3828 3829 3547
f 3547 3829 3541
f 3831 3542 3830
f 3830 3542 3832
f 3834 3822 3833
f 3833 3822 3821
f 3835 3836 3827
f 3827 3836 3825
f 3800 3799 3828
f 3828 3799 3829
f 3830 3832 3837
f 3837 3832 3838
f 331 330 3551
f 3551 330 3839
f 3831 333 3552
f 3552 333 332
f 3819 3797 3841
f 3841 3797 3840
f 3513 3516 3647
f 3647 3516 3746
f 337 336 3745
f 3745 336 3772
f 3525 3528 3775
f 3775 3528 3749
f 3610 3597 3554
f 3554 3597 3596
f 3706 3702 3520
f 3520 3702 3701
f 3756 3610 3553
f 3553 3610 3554
f 3757 3750 3528
f 3528 3750 3749
f 3517 3515 3701
f 3701 3515 3520
f 3842 3584 3581
f 3581 3584 3803
f 3525 3775 3778
f 3778 3775 3774
f 3638 3843 3635
f 3635 3843 3618
f 3617 3621 3618
f 3618 3621 3635
f 3617 3517 3704
f 3704 3517 3701
f 3521 3624 3522
f 3522 3624 3623
f 3749 3844 3775
f 3775 3844 3776
f 3846 3847 3845
f 3845 3847 3848
f 3843 3747 3618
f 3618 3747 3518
f 3850 3851 3849
f 3849 3851 3748
f 3853 3854 3852
f 3852 3854 3855
f 3856 3857 3622
f 3622 3857 3619
f 3859 3860 3858
f 3858 3860 3861
f 3862 3844 3752
f 3752 3844 3749
f 3863 3759 3623
f 3623 3759 3522
f 3864 3777 3630
f 3630 3777 3776
f 3713 3865 3734
f 3734 3865 3866
f 3868 3869 3867
f 3867 3869 3870
f 3872 3873 3871
f 3871 3873 3874
f 3876 3877 3875
f 3875 3877 3878
f 3879 3880 3878
f 3878 3880 3881
f 3882 3883 3885
f 3885 3883 3884
f 3780 3886 3781
f 3781 3886 3887
f 3888 3685 3869
f 3869 3685 3661
f 3880 3879 3883
f 3883 3879 3884
f 3693 3783 3694
f 3694 3783 3782
f 3696 3785 3764
f 3764 3785 3784
f 3694 3782 3696
f 3696 3782 3785
f 3693 3786 3783
f 3787 3765 3784
f 3784 3765 3764
f 386 385 3765
f 3765 385 3766
f 3695 3889 3691
f 3691 3889 3890
f 3691 3890 3692
f 3692 3890 3891
f 3892 3711 3891
f 3891 3711 3692
f 3767 3893 3695
f 3695 3893 3889
f 3766 3894 3767
f 3767 3894 3893
f 3882 3885 3895
f 3895 3885 3896
f 3898 3698 3897
f 3897 3698 3697
f 3897 3697 3899
f 3899 3697 3733
f 3899 3733 3900
f 3900 3733 3734
f 3901 3768 3898
f 3898 3768 3698
f 3901 3902 3768
f 3768 3902 3903
f 3904 3905 3907
f 3907 3905 3906
f 3869 3661 3870
f 3870 3661 3660
f 3908 3909 3896
f 3896 3909 3895
f 3909 3758 3895
f 3895 3758 3669
f 3751 3531 3752
f 3752 3531 3848
f 3858 3536 3854
f 3854 3536 3535
f 3652 3562 3757
f 3757 3562 3756
f 3651 3654 3563
f 3563 3654 3567
f 3655 3656 3808
f 3808 3656 3659
f 3530 3740 3845
f 3845 3740 3861
f 3751 3750 3556
f 3556 3750 3553
f 3817 3820 3796
f 3796 3820 3795
f 410 409 3910
f 3910 409 3855
f 3750 3757 3553
f 3553 3757 3756
f 3908 3886 3909
f 3909 3886 3780
f 409 411 3855
f 3855 411 3851
f 413 412 3760
f 3760 412 3762
f 415 414 3763
f 3763 414 3787
f 3790 3557 3538
f 3538 3557 3537
f 3555 3608 3538
f 3538 3608 3790
f 3574 3911 3575
f 3575 3911 3912
f 3535 3534 3910
f 3910 3534 3839
f 3831 3552 3542
f 3542 3552 3543
f 3534 3550 3839
f 3839 3550 3551
f 3543 3550 3544
f 3544 3550 3549
f 3913 3914 3916
f 3916 3914 3915
f 3806 3805 3589
f 3589 3805 3590
f 3849 3843 3917
f 3917 3843 3638
f 3853 3644 3859
f 3859 3644 3742
f 3747 3746 3518
f 3518 3746 3516
f 3695 3696 3767
f 3767 3696 3764
f 3903 3918 3768
f 3768 3918 3739
f 3738 3739 3816
f 3816 3739 3918
f 3919 3920 3769
f 3769 3920 3770
f 3921 3726 3922
f 3922 3726 3770
f 3678 3645 3761
f 3761 3645 3771
f 3924 3913 3923
f 3923 3913 3916
f 3802 3925 3838
f 3838 3925 3837
f 3577 3926 3558
f 3558 3926 3559
f 3815 3919 3814
f 3814 3919 3769
f 3927 3928 3822
f 3822 3928 3823
f 3829 3832 3541
f 3541 3832 3542
f 3834 3927 3822
f 3832 3829 3838
f 3838 3829 3799
f 3745 3772 3746
f 3746 3772 3647
f 3849 3748 3843
f 3843 3748 3747
f 3854 3853 3858
f 3858 3853 3859
f 3854 3535 3855
f 3855 3535 3910
f 3557 3789 3546
f 3546 3789 3826
f 3923 3823 3924
f 3924 3823 3928
f 3823 3923 3929
f 3929 3923 3930
f 3531 3751 3532
f 3532 3751 3556
f 3532 3556 3538
f 3538 3556 3555
f 3932 3634 3931
f 3931 3634 3633
f 3814 3769 3813
f 3813 3769 3725
f 3620 3636 3621
f 3621 3636 3635
f 3847 3862 3848
f 3848 3862 3752
f 3531 3530 3848
f 3848 3530 3845
f 3933 3934 3830
f 3830 3934 3831
f 3925 3933 3837
f 3837 3933 3830
f 3934 440 3831
f 3831 440 333
f 3925 3802 3833
f 3833 3802 3801
f 3776 3844 3630
f 3630 3844 3627
f 3808 3659 3662
f 3662 3659 3658
f 3667 3650 3526
f 3526 3650 3527
f 3935 3666 3936
f 3936 3666 3665
f 3718 3737 3715
f 3715 3737 3736
f 3663 3809 3664
f 3664 3809 3688
f 3807 3806 3938
f 3938 3806 3937
f 445 413 3761
f 3761 413 3760
f 3902 447 3903
f 3903 447 446
f 3897 3890 3898
f 3898 3890 3889
f 3899 3891 3897
f 3897 3891 3890
f 3898 3889 3901
f 3901 3889 3893
f 3893 3894 3901
f 3901 3894 3902
f 414 386 3787
f 3787 386 3765
f 3940 3941 3939
f 3939 3941 3942
f 3840 3797 3943
f 3943 3797 3727
f 3665 3810 3936
f 3936 3810 3944
f 3921 3735 3726
f 3726 3735 3723
f 3920 3945 3770
f 3770 3945 3922
f 3521 3524 3774
f 3774 3524 3778
f 3864 3946 3625
f 3625 3946 3947
f 3773 3705 3649
f 3649 3705 3519
f 3779 3778 3758
f 3758 3778 3524
f 3812 3716 3736
f 3736 3716 3715
f 3624 3521 3777
f 3777 3521 3774
f 3703 3856 3704
f 3704 3856 3622
f 3900 3892 3899
f 3899 3892 3891
f 3641 3917 3642
f 3642 3917 3948
f 3895 3669 3882
f 3882 3669 3668
f 3855 3851 3852
f 3852 3851 3850
f 3894 458 3902
f 3902 458 447
f 3781 3887 3660
f 3660 3887 3870
f 3570 3566 3571
f 3571 3566 3567
f 3950 3576 3949
f 3949 3576 3587
f 3605 3602 3614
f 3614 3602 3612
f 3614 3612 3570
f 3570 3612 3566
f 3571 3567 3656
f 3656 3567 3654
f 3660 3658 3781
f 3781 3658 3657
f 3604 3607 3587
f 3587 3607 3949
f 3653 3659 3654
f 3654 3659 3656
f 3529 3540 3530
f 3530 3540 3740
f 3687 3811 3688
f 3688 3811 3664
f 3813 3725 3737
f 3737 3725 3724
f 3919 3815 461
f 461 3815 303
f 3818 3798 3819
f 3819 3798 3797
f 3819 3841 3820
f 3820 3841 3951
f 3816 3815 3738
f 3738 3815 3814
f 3540 3539 3533
f 3533 3539 3549
f 3548 3547 3544
f 3544 3547 3541
f 3539 3548 3549
f 3549 3548 3544
f 3741 3931 3860
f 3860 3931 3846
f 3801 3800 3835
f 3835 3800 3836
f 3934 3933 3824
f 3824 3933 3821
f 3825 3828 3546
f 3546 3828 3547
f 3833 3821 3925
f 3925 3821 3933
f 3800 3828 3836
f 3836 3828 3825
f 3824 3952 3934
f 3934 3952 440
f 3860 3846 3861
f 3861 3846 3845
f 3629 3946 3630
f 3630 3946 3864
f 3740 3536 3861
f 3861 3536 3858
f 3833 3801 3834
f 3834 3801 3835
f 3583 3599 3580
f 3580 3599 3585
f 3651 3563 3652
f 3652 3563 3562
f 3758 3909 3779
f 3779 3909 3780
f 3621 3617 3622
f 3622 3617 3704
f 3625 3947 3626
f 3626 3947 3753
f 3633 3632 3847
f 3847 3632 3862
f 3852 3850 3640
f 3640 3850 3641
f 3644 3853 3640
f 3640 3853 3852
f 3859 3742 3860
f 3860 3742 3741
f 3632 3627 3862
f 3862 3627 3844
f 3755 3863 3626
f 3626 3863 3623
f 3917 3638 3948
f 3948 3638 3637
f 3644 3643 3742
f 3742 3643 3743
f 3931 3633 3846
f 3846 3633 3847
f 3625 3624 3864
f 3864 3624 3777
f 3917 3641 3849
f 3849 3641 3850
f 3744 3932 3741
f 3741 3932 3931
f 3903 446 3918
f 3918 446 464
f 3953 3954 3956
f 3956 3954 3955
f 3958 3959 3957
f 3957 3959 3960
f 3876 3958 3877
f 3877 3958 3957
f 3877 3957 3961
f 3961 3957 3962
f 3963 3964 3958
f 3958 3964 3959
f 3965 3966 3876
f 3876 3966 3958
f 3966 3963 3958
f 3966 3967 3963
f 3963 3967 3968
f 3878 3877 3879
f 3879 3877 3961
f 3967 3969 3968
f 3968 3969 3970
f 3969 3971 3970
f 3970 3971 3972
f 3974 3904 3973
f 3973 3904 3907
f 3971 3975 3972
f 3972 3975 3976
f 3976 3975 3978
f 3978 3975 3977
f 3979 3980 3977
f 3977 3980 3978
f 3981 3982 3979
f 3979 3982 3980
f 3983 3984 3981
f 3981 3984 3982
f 3972 3985 3970
f 3970 3985 3986
f 3871 3987 3969
f 3969 3987 3971
f 3872 3871 3967
f 3967 3871 3969
f 3965 3872 3966
f 3966 3872 3967
f 3970 3986 3968
f 3968 3986 3988
f 3879 3961 3884
f 3884 3961 3940
f 3884 3940 3885
f 3885 3940 3939
f 3989 3990 3992
f 3992 3990 3991
f 3942 3993 3995
f 3995 3993 3994
f 3994 3996 3995
f 3995 3996 3974
f 3997 3998 3994
f 3994 3998 3996
f 3999 3997 3993
f 3993 3997 3994
f 4001 3996 4000
f 4000 3996 3998
f 4000 3998 4002
f 4002 3998 4003
f 4004 4003 3997
f 3997 4003 3998
f 3997 3999 4004
f 4004 3999 4005
f 4006 3995 3973
f 3973 3995 3974
f 3939 3942 4006
f 4006 3942 3995
f 3906 3887 3907
f 3907 3887 3886
f 3887 3906 3870
f 3870 3906 3867
f 3908 3973 3886
f 3886 3973 3907
f 3865 4007 3866
f 3866 4007 4008
f 3984 3983 4009
f 4009 3983 4010
f 3961 3962 3940
f 3940 3962 3941
f 4012 3868 4011
f 4011 3868 3867
f 4013 3975 3987
f 3987 3975 3971
f 4014 3977 4013
f 4013 3977 3975
f 4015 4010 4007
f 4007 4010 3983
f 4007 3983 4008
f 4008 3983 3981
f 4008 3981 4016
f 4016 3981 3979
f 4017 3984 4018
f 4018 3984 4009
f 3977 4014 3979
f 3979 4014 4016
f 3982 3984 4019
f 4019 3984 4017
f 4021 4022 4020
f 4020 4022 4023
f 4022 4012 4023
f 4023 4012 4011
f 4023 3904 4020
f 4020 3904 3974
f 4024 4025 4018
f 4018 4025 4017
f 4026 4027 4024
f 4024 4027 4025
f 4028 4026 4029
f 4029 4026 4024
f 4018 4021 4024
f 4024 4021 4029
f 4030 4031 4026
f 4026 4031 4027
f 4032 4030 4028
f 4028 4030 4026
f 4029 4001 4028
f 4028 4001 4000
f 4028 4000 4032
f 4032 4000 4002
f 4034 4035 4033
f 4033 4035 4036
f 4037 4038 4019
f 4019 4038 4039
f 4041 4039 4040
f 4040 4039 4038
f 4040 4038 4042
f 4042 4038 4036
f 4042 4036 4043
f 4043 4036 4035
f 3985 4044 4046
f 4046 4044 4045
f 4047 4048 4045
f 4045 4048 4046
f 4047 4049 4048
f 4048 4049 4050
f 4042 4047 4040
f 4040 4047 4045
f 4043 4049 4042
f 4042 4049 4047
f 4040 4045 4041
f 4041 4045 4044
f 4052 3959 4051
f 4051 3959 3964
f 4053 4054 4051
f 4051 4054 4055
f 3956 3960 4052
f 4052 3960 3959
f 3953 3956 4056
f 4056 3956 4052
f 4058 3953 4057
f 4057 3953 4056
f 4060 4061 4059
f 4059 4061 4062
f 4063 4064 4054
f 4054 4064 4057
f 4054 4053 4063
f 4063 4053 4065
f 4066 4067 4069
f 4069 4067 4068
f 4048 4050 4063
f 4063 4050 4064
f 4063 4065 4048
f 4048 4065 4046
f 3985 4046 3986
f 3986 4046 4065
f 3986 4065 3988
f 3988 4065 4053
f 3988 4053 3964
f 3964 4053 4051
f 3976 3978 4044
f 4044 3978 4041
f 3980 3982 4039
f 4039 3982 4019
f 4039 4041 3980
f 3980 4041 3978
f 3973 3908 4006
f 4006 3908 3896
f 3885 3939 3896
f 3896 3939 4006
f 4031 4034 4027
f 4027 4034 4033
f 4027 4033 4025
f 4025 4033 4037
f 4019 4017 4037
f 4037 4017 4025
f 3993 3942 4070
f 4070 3942 3941
f 3999 3993 4071
f 4071 3993 4070
f 3999 4071 4005
f 4005 4071 4072
f 4073 4074 4076
f 4076 4074 4075
f 4078 4079 4077
f 4077 4079 4080
f 4082 4080 4081
f 4081 4080 4079
f 4084 4085 4083
f 4083 4085 4086
f 4087 4088 4090
f 4090 4088 4089
f 4092 4093 4091
f 4091 4093 4094
f 4096 4097 4095
f 4095 4097 4098
f 4100 4101 4099
f 4099 4101 4102
f 4103 4104 4106
f 4106 4104 4105
f 4108 4109 4107
f 4107 4109 4110
f 4112 4113 4111
f 4111 4113 4114
f 4116 4117 4115
f 4115 4117 4118
f 4120 4121 4119
f 4119 4121 4122
f 4123 4124 4126
f 4126 4124 4125
f 4127 4128 4130
f 4130 4128 4129
f 4132 4133 4131
f 4131 4133 4134
f 4136 4108 4135
f 4135 4108 4107
f 4138 4139 4137
f 4137 4139 4140
f 4141 4142 4088
f 4088 4142 4089
f 4144 4145 4143
f 4143 4145 4146
f 4148 4149 4147
f 4147 4149 4150
f 4152 4153 4151
f 4151 4153 4154
f 4156 4082 4155
f 4155 4082 4081
f 4157 4158 4160
f 4160 4158 4159
f 4161 4162 4164
f 4164 4162 4163
f 4166 4122 4165
f 4165 4122 4121
f 4168 4152 4167
f 4167 4152 4151
f 4169 4170 4172
f 4172 4170 4171
f 4174 4175 4173
f 4173 4175 4176
f 4178 4149 4177
f 4177 4149 4179
f 4173 4176 4180
f 4180 4176 4181
f 4156 4085 4182
f 4182 4085 4183
f 4182 4184 4156
f 4156 4184 4082
f 4185 4186 4184
f 4184 4186 4187
f 4186 4188 4187
f 4187 4188 4189
f 4190 4191 4073
f 4073 4191 4074
f 4177 4179 4158
f 4158 4179 4159
f 4193 4127 4192
f 4192 4127 4130
f 4144 4194 4151
f 4151 4194 4167
f 4196 4197 4195
f 4195 4197 4198
f 4095 4199 4096
f 4096 4199 4200
f 4201 4202 4204
f 4204 4202 4203
f 4205 4206 4208
f 4208 4206 4207
f 4121 4120 4209
f 4209 4120 4210
f 4212 4213 4211
f 4211 4213 4214
f 4216 4217 4215
f 4215 4217 4218
f 4220 4221 4219
f 4219 4221 4222
f 4224 4196 4223
f 4223 4196 4195
f 4225 4226 4134
f 4134 4226 4131
f 4228 4229 4227
f 4227 4229 4230
f 4232 4233 4231
f 4231 4233 4098
f 4235 4236 4234
f 4234 4236 4237
f 4239 4240 4238
f 4238 4240 4241
f 4242 4243 4245
f 4245 4243 4244
f 4246 4247 4249
f 4249 4247 4248
f 4251 4252 4250
f 4250 4252 4253
f 4255 4256 4254
f 4254 4256 4257
f 4259 4260 4258
f 4258 4260 4261
f 4263 4264 4262
f 4262 4264 4265
f 4267 4268 4266
f 4266 4268 4269
f 4271 4199 4270
f 4270 4199 4272
f 4273 4274 4276
f 4276 4274 4275
f 4115 4118 4277
f 4277 4118 4278
f 4280 4281 4279
f 4279 4281 4282
f 4211 4283 4212
f 4212 4283 4284
f 4286 4287 4285
f 4285 4287 4288
f 4165 4121 4289
f 4289 4121 4209
f 4291 4286 4290
f 4290 4286 4285
f 4293 4294 4292
f 4292 4294 4295
f 4297 4298 4296
f 4296 4298 4299
f 4301 4302 4300
f 4300 4302 4303
f 4299 4304 4296
f 4296 4304 4305
f 4306 4292 4307
f 4307 4292 4295
f 4307 4308 4306
f 4306 4308 4309
f 4310 4309 4075
f 4075 4309 4308
f 4299 4298 4312
f 4312 4298 4311
f 4302 4301 4293
f 4293 4301 4294
f 3735 3921 4313
f 4313 3921 4314
f 4315 4314 3922
f 3922 4314 3921
f 4316 3945 829
f 829 3945 830
f 4289 4317 4165
f 4165 4317 4318
f 4320 4321 4319
f 4319 4321 4322
f 4324 4325 4323
f 4323 4325 4326
f 4327 4328 4330
f 4330 4328 4329
f 4290 4331 4291
f 4291 4331 4332
f 4165 4318 4166
f 4166 4318 4333
f 4334 4335 4337
f 4337 4335 4336
f 4339 4340 4338
f 4338 4340 4341
f 4168 4343 4342
f 4342 4343 4344
f 4346 4347 4345
f 4345 4347 4348
f 4350 4351 4349
f 4349 4351 4352
f 4354 4355 4353
f 4353 4355 4356
f 4357 4358 4324
f 4324 4358 4325
f 4337 4359 4334
f 4334 4359 4360
f 4362 4363 4361
f 4361 4363 4364
f 4366 4367 4365
f 4365 4367 4368
f 4369 4370 4372
f 4372 4370 4371
f 4331 4290 4374
f 4374 4290 4373
f 4373 4376 4375
f 4375 4376 4377
f 4379 4380 4378
f 4378 4380 4381
f 4217 4382 4218
f 4218 4382 4383
f 4385 4386 4384
f 4384 4386 4387
f 4388 4389 4338
f 4338 4389 4390
f 4337 4336 4392
f 4392 4336 4391
f 4394 4362 4393
f 4393 4362 4361
f 4396 4397 4395
f 4395 4397 4398
f 4400 4401 4399
f 4399 4401 4402
f 4345 4403 4346
f 4346 4403 4404
f 4405 4406 4342
f 4342 4406 4407
f 4409 4410 4408
f 4408 4410 4411
f 4408 4412 4409
f 4409 4412 4413
f 4181 4415 4414
f 4414 4415 4416
f 4182 4183 4417
f 4417 4183 4418
f 4419 4353 4311
f 4311 4353 4312
f 4421 4422 4420
f 4420 4422 4423
f 4353 4356 4312
f 4312 4356 4424
f 4166 4333 4425
f 4425 4333 4426
f 4425 4143 4166
f 4166 4143 4122
f 4427 4107 4428
f 4428 4107 4110
f 4429 4430 4174
f 4174 4430 4175
f 4335 4431 4336
f 4336 4431 4390
f 4336 4390 4391
f 4391 4390 4389
f 4432 4433 4435
f 4435 4433 4434
f 4437 4438 4436
f 4436 4438 4439
f 4441 4442 4440
f 4440 4442 4443
f 4359 4444 4361
f 4361 4444 4393
f 4446 4447 4445
f 4445 4447 4448
f 4338 4341 4388
f 4388 4341 4449
f 4450 4451 4398
f 4398 4451 4395
f 4453 4454 4452
f 4452 4454 4455
f 4457 4458 4456
f 4456 4458 4459
f 4460 4461 4448
f 4448 4461 4445
f 4463 4464 4462
f 4462 4464 4465
f 4462 4465 4466
f 4466 4465 4467
f 4468 4469 4467
f 4467 4469 4466
f 4469 4468 4470
f 4470 4468 4471
f 4472 4473 4471
f 4471 4473 4470
f 4475 4476 4474
f 4474 4476 4477
f 4479 4480 4478
f 4478 4480 4481
f 4483 4484 4482
f 4482 4484 4485
f 4487 4488 4486
f 4486 4488 4489
f 4491 4492 4490
f 4490 4492 4493
f 4494 4495 4493
f 4493 4495 4490
f 4496 4497 4494
f 4494 4497 4495
f 4497 4496 4498
f 4498 4496 4499
f 4500 4501 4503
f 4503 4501 4502
f 4505 4506 4504
f 4504 4506 4507
f 4466 4508 4462
f 4462 4508 4509
f 4470 4510 4469
f 4469 4510 4511
f 4513 4479 4512
f 4512 4479 4478
f 4515 4443 4514
f 4514 4443 4442
f 4516 4517 4519
f 4519 4517 4518
f 4521 4495 4520
f 4520 4495 4497
f 4522 4490 4521
f 4521 4490 4495
f 4491 4523 4488
f 4488 4523 4524
f 4525 4489 4524
f 4524 4489 4488
f 4484 4526 4485
f 4485 4526 4527
f 4503 4528 4500
f 4500 4528 4529
f 4530 4531 4533
f 4533 4531 4532
f 4535 4506 4534
f 4534 4506 4530
f 4486 4536 4487
f 4487 4536 4537
f 4487 4537 4492
f 4492 4537 4538
f 4494 4539 4496
f 4496 4539 4540
f 4542 4533 4541
f 4541 4533 4499
f 4544 4545 4543
f 4543 4545 4546
f 4548 4549 4547
f 4547 4549 4550
f 4536 4551 4537
f 4537 4551 4552
f 4537 4552 4538
f 4538 4552 4553
f 4554 4539 4556
f 4556 4539 4555
f 4557 4540 4554
f 4554 4540 4539
f 4559 4557 4558
f 4558 4557 4560
f 4540 4557 4541
f 4541 4557 4559
f 4562 4563 4561
f 4561 4563 4564
f 4546 4565 4543
f 4543 4565 4566
f 4547 4567 4548
f 4548 4567 4568
f 4570 4571 4569
f 4569 4571 4572
f 4574 4575 4573
f 4573 4575 4576
f 4578 4579 4577
f 4577 4579 4580
f 4582 4583 4581
f 4581 4583 4584
f 4585 4586 4588
f 4588 4586 4587
f 4589 4585 4590
f 4590 4585 4588
f 4592 4593 4591
f 4591 4593 4594
f 4596 4597 4595
f 4595 4597 4598
f 4600 4601 4599
f 4599 4601 4602
f 4563 4604 4603
f 4603 4604 4605
f 4603 4606 4608
f 4608 4606 4607
f 4609 4610 4594
f 4594 4610 4591
f 4611 4612 4614
f 4614 4612 4613
f 4616 4617 4615
f 4615 4617 4618
f 4602 4620 4619
f 4619 4620 4621
f 4619 4622 4602
f 4602 4622 4599
f 4605 4599 4623
f 4623 4599 4622
f 4605 4623 4603
f 4603 4623 4606
f 4625 4626 4624
f 4624 4626 4627
f 4438 4437 4628
f 4628 4437 4629
f 4442 4441 4630
f 4630 4441 4631
f 4630 4632 4442
f 4442 4632 4514
f 4633 4634 4529
f 4529 4634 4500
f 4500 4634 4501
f 4501 4634 4635
f 4637 4546 4636
f 4636 4546 4545
f 4639 4565 4638
f 4638 4565 4640
f 4573 4576 4641
f 4641 4576 4642
f 4593 4643 4594
f 4594 4643 4644
f 4645 4609 4644
f 4644 4609 4594
f 4647 4648 4646
f 4646 4648 4649
f 4651 4652 4650
f 4650 4652 4653
f 4654 4498 4519
f 4519 4498 4532
f 4520 4508 4521
f 4521 4508 4511
f 4522 4510 4523
f 4523 4510 4655
f 4524 4656 4525
f 4525 4656 4657
f 4514 4529 4515
f 4515 4529 4528
f 4658 4659 4661
f 4661 4659 4660
f 4496 4540 4499
f 4499 4540 4541
f 4493 4555 4494
f 4494 4555 4539
f 4549 4483 4550
f 4550 4483 4482
f 4545 4544 4501
f 4501 4544 4502
f 4636 4545 4635
f 4635 4545 4501
f 4589 4663 4662
f 4662 4663 4664
f 4662 4665 4558
f 4558 4665 4559
f 4569 4586 4570
f 4570 4586 4560
f 4552 4666 4553
f 4553 4666 4667
f 4668 4669 4670
f 4670 4669 4666
f 4672 4673 4671
f 4671 4673 4674
f 4287 4675 4288
f 4288 4675 4676
f 4678 4679 4677
f 4677 4679 4680
f 4681 4678 4682
f 4682 4678 4677
f 4682 4683 4681
f 4681 4683 4684
f 4161 4164 4685
f 4685 4164 4686
f 4414 4687 4689
f 4689 4687 4688
f 4405 4690 4346
f 4346 4690 4347
f 4691 4399 4693
f 4693 4399 4692
f 1209 4694 4365
f 4365 4694 4366
f 4650 1211 4651
f 4651 1211 1210
f 4695 4696 4255
f 4255 4696 4256
f 4697 4698 4218
f 4218 4698 4215
f 4700 4701 4699
f 4699 4701 4702
f 4703 4704 4303
f 4303 4704 4300
f 4315 3922 4316
f 4316 3922 3945
f 4653 4706 4705
f 4705 4706 4707
f 4709 4710 4708
f 4708 4710 4711
f 4335 4334 4713
f 4713 4334 4712
f 4714 4340 4321
f 4321 4340 4322
f 4716 4717 4715
f 4715 4717 4718
f 4238 4241 4719
f 4719 4241 4720
f 4231 4721 4307
f 4307 4721 4308
f 4723 4724 4722
f 4722 4724 4725
f 4727 4728 4726
f 4726 4728 4729
f 4730 4731 4327
f 4327 4731 4328
f 4733 4734 4732
f 4732 4734 4735
f 4720 4381 4736
f 4736 4381 4737
f 4738 4739 4741
f 4741 4739 4740
f 4743 4744 4742
f 4742 4744 4745
f 4338 4390 4339
f 4339 4390 4431
f 4746 4747 4431
f 4431 4747 4339
f 4291 4332 4289
f 4289 4332 4317
f 4289 4209 4291
f 4291 4209 4286
f 4287 4286 4210
f 4210 4286 4209
f 4749 4750 4748
f 4748 4750 4751
f 4212 4284 4752
f 4752 4284 4753
f 4752 4754 4212
f 4212 4754 4213
f 4252 4251 4225
f 4225 4251 4226
f 4227 4230 4248
f 4248 4230 4249
f 4205 4755 4757
f 4757 4755 4756
f 4708 4711 4758
f 4758 4711 4647
f 4367 4366 4759
f 4759 4366 4760
f 4526 4513 4527
f 4527 4513 4512
f 4420 4423 4385
f 4385 4423 4386
f 4705 4761 4653
f 4653 4761 4650
f 4761 1279 4650
f 4650 1279 1211
f 4762 4763 3944
f 3944 4763 3936
f 4274 4273 4765
f 4765 4273 4764
f 4767 4768 4766
f 4766 4768 4769
f 4770 4771 4769
f 4769 4771 4766
f 4771 4770 4242
f 4242 4770 4243
f 4093 4163 4094
f 4094 4163 4162
f 4772 4773 4775
f 4775 4773 4774
f 4777 4778 4776
f 4776 4778 4779
f 4417 4185 4182
f 4182 4185 4184
f 4780 4078 4781
f 4781 4078 4077
f 4781 4077 4782
f 4782 4077 4189
f 4188 4783 4189
f 4189 4783 4782
f 4295 4232 4307
f 4307 4232 4231
f 4785 4786 4784
f 4784 4786 4787
f 4784 1307 4785
f 4785 1307 1306
f 4078 4780 4096
f 4096 4780 4097
f 4075 4074 4310
f 4310 4074 4788
f 4788 4074 4789
f 4789 4074 4191
f 4789 4191 4059
f 4059 4191 4790
f 4791 4277 4792
f 4792 4277 4278
f 3732 3735 4793
f 4793 3735 4313
f 4793 4794 3732
f 3732 4794 3731
f 4792 4795 4791
f 4791 4795 4796
f 4797 4798 4799
f 4799 4798 4724
f 4763 4800 3936
f 3936 4800 3935
f 4801 4062 3729
f 3729 4062 3730
f 4713 4712 4802
f 4802 4712 4803
f 4146 4804 4119
f 4119 4804 4805
f 4498 4654 4497
f 4497 4654 4520
f 4806 4807 1326
f 1326 4807 1327
f 4689 4688 1330
f 1330 4688 1331
f 4801 4789 4062
f 4062 4789 4059
f 3730 4062 4808
f 4808 4062 4061
f 4810 4811 4809
f 4809 4811 4812
f 4813 4403 4814
f 4814 4403 4345
f 4815 4816 4349
f 4349 4816 4350
f 4817 4818 4820
f 4820 4818 4819
f 4406 4821 4407
f 4407 4821 4822
f 4823 4161 4824
f 4824 4161 4685
f 4181 4414 4825
f 4825 4414 4689
f 4741 4740 4826
f 4826 4740 4827
f 4828 4829 4827
f 4827 4829 4826
f 4142 4141 4415
f 4415 4141 4148
f 4830 1354 4761
f 4761 1354 1279
f 4832 4833 4831
f 4831 4833 4834
f 4835 4836 4626
f 4626 4836 4421
f 4451 4709 4395
f 4395 4709 4708
f 4627 4420 4837
f 4837 4420 4385
f 4837 1365 4838
f 4838 1365 1364
f 4397 4396 4839
f 4839 4396 4840
f 4842 4628 4841
f 4841 4628 4629
f 4671 4674 4631
f 4631 4674 4630
f 4674 4659 4630
f 4630 4659 4632
f 4633 4632 4658
f 4658 4632 4659
f 4658 4504 4633
f 4633 4504 4634
f 4635 4634 4507
f 4507 4634 4504
f 4843 4636 4507
f 4507 4636 4635
f 4844 4637 4843
f 4843 4637 4636
f 4637 4844 4640
f 4640 4844 4664
f 4638 4663 4642
f 4642 4663 4845
f 4847 4643 4846
f 4846 4643 4641
f 4644 4848 4645
f 4645 4848 4849
f 4851 4852 4850
f 4850 4852 4853
f 4855 4856 4854
f 4854 4856 4857
f 4859 4860 4858
f 4858 4860 4857
f 4715 4718 4859
f 4859 4718 4860
f 4862 4863 4861
f 4861 4863 4864
f 4866 4867 4865
f 4865 4867 4868
f 4870 4871 4869
f 4869 4871 4872
f 4869 4872 4116
f 4116 4872 4117
f 4820 4819 4874
f 4874 4819 4873
f 4876 4877 4875
f 4875 4877 4878
f 4880 4881 4879
f 4879 4881 4882
f 4884 4885 4883
f 4883 4885 4886
f 4887 4888 4280
f 4280 4888 4281
f 4818 4817 4889
f 4889 4817 4890
f 4891 4193 4823
f 4823 4193 4192
f 4892 4893 4228
f 4228 4893 4229
f 4158 4157 4894
f 4894 4157 4895
f 4896 4897 4132
f 4132 4897 4133
f 4099 4683 4100
f 4100 4683 4682
f 4101 4100 4899
f 4899 4100 4898
f 4150 4106 4147
f 4147 4106 4900
f 4100 4682 4898
f 4898 4682 4677
f 4080 4082 4187
f 4187 4082 4184
f 4077 4080 4189
f 4189 4080 4187
f 4191 4190 4790
f 4790 4190 4901
f 4177 4158 4680
f 4680 4158 4894
f 4108 4136 4752
f 4752 4136 4754
f 4752 4753 4108
f 4108 4753 4109
f 4817 4902 4890
f 4890 4902 4903
f 4904 4905 4907
f 4907 4905 4906
f 4909 4910 4908
f 4908 4910 4911
f 4913 4914 4912
f 4912 4914 4915
f 4916 4917 4919
f 4919 4917 4918
f 4312 4424 4299
f 4299 4424 4304
f 4920 4921 4297
f 4297 4921 4298
f 4194 4922 4167
f 4167 4922 4923
f 4924 4400 4691
f 4691 4400 4399
f 4395 4708 4396
f 4396 4708 4758
f 4367 4925 4368
f 4368 4925 4926
f 4919 4918 4873
f 4873 4918 4874
f 4836 4927 4421
f 4421 4927 4422
f 4921 4928 4298
f 4298 4928 4311
f 4143 4146 4122
f 4122 4146 4119
f 4929 4930 4455
f 4455 4930 4452
f 4932 4933 4931
f 4931 4933 4934
f 4935 4936 4932
f 4932 4936 4933
f 4461 4460 4457
f 4457 4460 4458
f 4480 4479 4475
f 4475 4479 4476
f 4660 4673 4517
f 4517 4673 4937
f 4661 4505 4658
f 4658 4505 4504
f 4484 4483 4489
f 4489 4483 4486
f 4462 4509 4463
f 4463 4509 4518
f 4469 4511 4466
f 4466 4511 4508
f 4655 4473 4656
f 4656 4473 4477
f 4476 4657 4477
f 4477 4657 4656
f 4479 4513 4476
f 4476 4513 4657
f 4489 4525 4484
f 4484 4525 4526
f 4483 4549 4486
f 4486 4549 4536
f 4549 4548 4536
f 4536 4548 4551
f 4548 4568 4551
f 4551 4568 4670
f 4663 4589 4845
f 4845 4589 4590
f 4668 4577 4938
f 4938 4577 4580
f 4940 4938 4939
f 4939 4938 4941
f 4940 4942 4669
f 4669 4942 4943
f 4587 4582 4944
f 4944 4582 4581
f 4848 4847 4608
f 4608 4847 4564
f 4616 4945 4613
f 4613 4945 4598
f 4615 4946 4616
f 4616 4946 4945
f 4947 4939 4948
f 4948 4939 4946
f 4599 4605 4600
f 4600 4605 4604
f 4608 4607 4848
f 4848 4607 4849
f 4613 4612 4616
f 4616 4612 4617
f 4835 4949 4709
f 4709 4949 4710
f 4357 1477 4837
f 4837 1477 1365
f 4712 4950 4803
f 4803 4950 4951
f 4401 4952 4402
f 4402 4952 4953
f 4759 4760 4402
f 4402 4760 4399
f 4508 4520 4509
f 4509 4520 4654
f 4510 4522 4511
f 4511 4522 4521
f 4513 4526 4657
f 4657 4526 4525
f 4632 4633 4514
f 4514 4633 4529
f 4931 4934 4453
f 4453 4934 4454
f 4153 4954 4154
f 4154 4954 4955
f 4957 4958 4956
f 4956 4958 4959
f 4961 4962 4960
f 4960 4962 4963
f 4120 4964 4210
f 4210 4964 4965
f 4967 4968 4966
f 4966 4968 4969
f 4349 4692 4815
f 4815 4692 4970
f 4652 4971 4653
f 4653 4971 4706
f 4758 4647 4972
f 4972 4647 4646
f 4973 4363 4646
f 4646 4363 4972
f 4950 4360 4974
f 4974 4360 4364
f 4431 4335 4746
f 4746 4335 4713
f 4358 4714 4325
f 4325 4714 4321
f 4765 4764 4266
f 4266 4764 4975
f 4202 4976 4203
f 4203 4976 4977
f 4917 4978 4918
f 4918 4978 4979
f 4279 4282 4854
f 4854 4282 4269
f 4820 4880 4817
f 4817 4880 4902
f 4890 4903 4980
f 4980 4903 4886
f 4982 4983 4981
f 4981 4983 4123
f 4795 4851 4796
f 4796 4851 4850
f 4918 4979 4874
f 4874 4979 4881
f 4809 4404 4810
f 4810 4404 4403
f 4354 4985 4984
f 4984 4985 4986
f 1364 1516 4838
f 4838 1516 4987
f 4759 4988 4367
f 4367 4988 4925
f 4989 4990 4481
f 4481 4990 4478
f 4443 4515 4990
f 4990 4515 4991
f 4527 4512 4992
f 4992 4512 4991
f 4528 4503 4992
f 4992 4503 4993
f 4993 4994 4485
f 4485 4994 4482
f 4544 4995 4502
f 4502 4995 4994
f 4995 4996 4550
f 4550 4996 4547
f 4998 4999 4997
f 4997 4999 4566
f 4998 5000 4578
f 4578 5000 4579
f 5001 5002 4596
f 4596 5002 4597
f 5003 4591 5004
f 5004 4591 4610
f 4626 4421 4627
f 4627 4421 4420
f 4837 4838 4627
f 4627 4838 4624
f 4761 4705 4830
f 4830 4705 5005
f 4705 4707 5005
f 5005 4707 5006
f 4308 4721 4075
f 4075 4721 4076
f 5007 4200 4797
f 4797 4200 4798
f 4685 4686 5008
f 5008 4686 5009
f 4889 4890 5010
f 5010 4890 4980
f 4323 1541 4324
f 4324 1541 1540
f 4385 4384 4358
f 4358 4384 4714
f 4396 4758 4840
f 4840 4758 4972
f 4866 4852 5011
f 5011 4852 5012
f 5013 4260 4980
f 4980 4260 5010
f 4875 4878 5014
f 5014 4878 5015
f 5017 5018 5016
f 5016 5018 5019
f 5016 5019 5020
f 5020 5019 5021
f 5023 5024 5022
f 5022 5024 5025
f 5027 5028 5026
f 5026 5028 5029
f 5031 5032 5030
f 5030 5032 5033
f 5035 5036 5034
f 5034 5036 5037
f 5039 5040 5038
f 5038 5040 5041
f 5043 5044 5042
f 5042 5044 5045
f 5038 5046 5039
f 5039 5046 5047
f 5049 5050 5048
f 5048 5050 5051
f 5053 5054 5052
f 5052 5054 5055
f 5057 5024 5056
f 5056 5024 5058
f 5060 5061 5059
f 5059 5061 5062
f 5064 5065 5063
f 5063 5065 5066
f 5043 5050 5064
f 5064 5050 5065
f 5038 5041 5067
f 5067 5041 5068
f 5070 5071 5069
f 5069 5071 5072
f 5074 5075 5073
f 5073 5075 5076
f 5034 5077 5035
f 5035 5077 5078
f 5080 5081 5079
f 5079 5081 5082
f 5084 5085 5083
f 5083 5085 5086
f 5085 5084 5087
f 5087 5084 5088
f 5090 5091 5089
f 5089 5091 5092
f 5094 5095 5093
f 5093 5095 5096
f 5098 5099 5097
f 5097 5099 5100
f 5102 5103 5101
f 5101 5103 5104
f 5105 5106 5108
f 5108 5106 5107
f 5110 5111 5109
f 5109 5111 5112
f 5114 5094 5113
f 5113 5094 5093
f 5116 5117 5115
f 5115 5117 5118
f 5120 5121 5119
f 5119 5121 5122
f 5124 5125 5123
f 5123 5125 5126
f 5128 5129 5127
f 5127 5129 5130
f 5097 5131 5098
f 5098 5131 5132
f 5134 5135 5133
f 5133 5135 5122
f 5084 5125 5088
f 5088 5125 5136
f 5138 5139 5137
f 5137 5139 5140
f 5142 5102 5141
f 5141 5102 5101
f 5106 5143 5107
f 5107 5143 5144
f 5146 5147 5145
f 5145 5147 5148
f 5149 5150 5109
f 5109 5150 5110
f 5151 5110 5152
f 5152 5110 5150
f 4715 5140 4716
f 4716 5140 5139
f 5143 4870 5144
f 5144 4870 4869
f 4115 5146 4116
f 4116 5146 5145
f 4791 4796 5149
f 5149 4796 5150
f 4796 4850 5150
f 5150 4850 5152
f 4858 5142 4859
f 4859 5142 5141
f 5153 5154 5115
f 5115 5154 5105
f 5156 5157 5155
f 5155 5157 5158
f 5159 5160 5053
f 5053 5160 5054
f 5161 5162 5020
f 5020 5162 5068
f 5026 5029 5163
f 5163 5029 5021
f 5083 5086 5164
f 5164 5086 5165
f 5090 5167 5166
f 5166 5167 5168
f 5169 5170 5172
f 5172 5170 5171
f 5174 5175 5173
f 5173 5175 5176
f 5177 5109 5178
f 5178 5109 5112
f 5179 5180 5182
f 5182 5180 5181
f 5123 5126 5120
f 5120 5126 5121
f 5180 5167 5181
f 5181 5167 5183
f 5184 5185 5179
f 5179 5185 5180
f 5186 5149 5177
f 5177 5149 5109
f 4868 5184 4865
f 4865 5184 5179
f 5188 5189 5187
f 5187 5189 5190
f 4277 4791 5186
f 5186 4791 5149
f 5179 5182 4865
f 4865 5182 4853
f 5189 4862 5190
f 5190 4862 4861
f 5156 5075 5191
f 5191 5075 5192
f 5036 5035 5193
f 5193 5035 5194
f 5115 5118 5153
f 5153 5118 5195
f 5022 5025 5196
f 5196 5025 5197
f 5155 5158 5069
f 5069 5158 5062
f 5063 5066 5198
f 5198 5066 5199
f 5073 5076 5200
f 5200 5076 5072
f 5202 5131 5201
f 5201 5131 5203
f 5143 5106 5204
f 5204 5106 5205
f 5114 5113 5206
f 5206 5113 5127
f 5098 5132 5193
f 5193 5132 5195
f 5204 5207 5143
f 5143 5207 4870
f 5088 5136 5208
f 5208 5136 5092
f 5209 5210 5089
f 5089 5210 5183
f 5211 5018 5060
f 5060 5018 5061
f 5017 5040 5070
f 5070 5040 5071
f 5191 5160 5156
f 5156 5160 5157
f 5048 5028 5049
f 5049 5028 5058
f 5207 5204 4858
f 4858 5204 5142
f 4859 5141 4715
f 4715 5141 5140
f 5212 5162 5042
f 5042 5162 5051
f 5182 5152 4853
f 4853 5152 4850
f 5214 5134 5213
f 5213 5134 5133
f 5164 5165 5133
f 5133 5165 5213
f 5215 5216 5201
f 5201 5216 5217
f 5147 5218 5148
f 5148 5218 5219
f 5147 5177 5218
f 5218 5177 5178
f 5141 5101 5140
f 5140 5101 5137
f 5201 5217 5202
f 5202 5217 5104
f 5146 5186 5147
f 5147 5186 5177
f 4277 5186 4115
f 4115 5186 5146
f 5191 5192 5031
f 5031 5192 5032
f 5052 5055 5220
f 5220 5055 5197
f 4116 5145 4869
f 4869 5145 5144
f 5034 5037 5214
f 5214 5037 5134
f 5097 5100 5114
f 5114 5100 5094
f 5108 5107 5219
f 5219 5107 5148
f 5221 5135 5116
f 5116 5135 5117
f 5124 5111 5209
f 5209 5111 5210
f 5107 5144 5148
f 5148 5144 5145
f 5152 5182 5151
f 5151 5182 5181
f 5208 5222 5088
f 5088 5222 5087
f 5222 5208 5171
f 5171 5208 5172
f 5223 1756 4698
f 4698 1756 1755
f 4427 5224 4107
f 4107 5224 4135
f 4178 4679 5225
f 5225 4679 5226
f 5227 5228 4892
f 4892 5228 4893
f 5229 5230 4171
f 4171 5230 4172
f 4855 4268 4884
f 4884 4268 4885
f 4884 4871 4855
f 4855 4871 4856
f 4684 5231 4896
f 4896 5231 4897
f 4768 4767 5009
f 5009 4767 5008
f 5205 5154 5102
f 5102 5154 5103
f 5099 5098 5194
f 5194 5098 5193
f 5198 5199 5079
f 5079 5199 5033
f 5102 5142 5205
f 5205 5142 5204
f 5224 4427 4681
f 4681 4427 4678
f 3712 3711 5232
f 5232 3711 5233
f 3968 3988 3963
f 3963 3988 3964
f 3976 4044 3972
f 3972 4044 3985
f 4038 4037 4036
f 4036 4037 4033
f 4794 4762 3731
f 3731 4762 3944
f 3731 3944 3722
f 3722 3944 3810
f 3874 5234 5232
f 5232 5234 3712
f 3906 3905 3867
f 3867 3905 4011
f 3904 4023 3905
f 3905 4023 4011
f 3719 3722 3811
f 3811 3722 3810
f 3812 3719 3687
f 3687 3719 3811
f 3716 3812 3686
f 3686 3812 3687
f 3713 3716 3685
f 3685 3716 3686
f 4810 4403 5235
f 5235 4403 4813
f 4345 1770 4814
f 4814 1770 1769
f 4067 4066 4058
f 4058 4066 5236
f 4043 4068 4049
f 4049 4068 4050
f 4034 5237 3989
f 3989 5237 3990
f 4031 4030 4072
f 4072 4030 4005
f 4003 4004 4002
f 4002 4004 4032
f 4004 4005 4032
f 4032 4005 4030
f 4067 4064 4068
f 4068 4064 4050
f 4058 4057 4067
f 4067 4057 4064
f 4035 4034 5238
f 5238 4034 3989
f 5236 5239 4058
f 4058 5239 5240
f 5234 3874 5241
f 5241 3874 3873
f 5241 3873 3881
f 3881 3873 3878
f 4800 4763 4788
f 4788 4763 4310
f 4763 4762 4310
f 4310 4762 4309
f 4762 4794 4309
f 4309 4794 4306
f 4794 4793 4306
f 4306 4793 4292
f 4293 4313 4302
f 4302 4313 4314
f 4302 4314 4303
f 4303 4314 4315
f 4303 4315 4703
f 4703 4315 4316
f 4035 4069 4043
f 4043 4069 4068
f 4324 1540 4357
f 4357 1540 1477
f 5232 3987 3874
f 3874 3987 3871
f 3987 5232 4013
f 4013 5232 5233
f 4013 5233 4014
f 4014 5233 5242
f 3888 4015 3865
f 3865 4015 4007
f 3866 4008 5243
f 5243 4008 4016
f 3873 5244 3878
f 3878 5244 3875
f 3965 5244 3872
f 3872 5244 3873
f 3876 3875 3965
f 3965 3875 5244
f 5243 4016 5242
f 5242 4016 4014
f 5246 5247 5245
f 5245 5247 5248
f 3576 3950 3577
f 3577 3950 3926
f 3584 3842 3585
f 3585 3842 3580
f 5249 5247 1784
f 1784 5247 1785
f 5250 5251 5253
f 5253 5251 5252
f 5255 5252 5254
f 5254 5252 5256
f 5254 5256 5258
f 5258 5256 5257
f 5258 5257 5260
f 5260 5257 5259
f 4356 5261 4424
f 4424 5261 5259
f 4355 5262 4356
f 4356 5262 5261
f 4924 5264 5263
f 5263 5264 5265
f 4693 5266 4691
f 4691 5266 5267
f 4351 5268 4352
f 4352 5268 5269
f 1808 1807 4351
f 4351 1807 5268
f 3580 3842 3581
f 3799 3802 3838
f 4800 4788 4801
f 4801 4788 4789
f 3729 3935 4801
f 4801 3935 4800
f 3728 3666 3729
f 3729 3666 3935
f 3728 3798 3666
f 3666 3798 3663
f 3798 3818 3663
f 3663 3818 3809
f 3818 3817 3809
f 3809 3817 3808
f 3796 3655 3817
f 3817 3655 3808
f 3615 3568 3796
f 3796 3568 3655
f 3573 3569 3615
f 3615 3569 3568
f 3572 3613 3573
f 3573 3613 3569
f 3792 3606 3572
f 3572 3606 3613
f 3607 3791 3949
f 3949 3791 3591
f 3590 3950 3591
f 3591 3950 3949
f 3805 3926 3590
f 3590 3926 3950
f 3804 3559 3805
f 3805 3559 3926
f 3804 3914 3559
f 3559 3914 3560
f 3924 3789 3913
f 3913 3789 3788
f 3924 3928 3789
f 3789 3928 3826
f 3928 3927 3826
f 3826 3927 3827
f 3927 3834 3827
f 3827 3834 3835
f 4079 4078 5270
f 5270 4078 5007
f 5271 5272 4233
f 4233 5272 5273
f 5275 5276 5274
f 5274 5276 5277
f 5278 5279 4236
f 4236 5279 4237
f 5278 5280 5271
f 5271 5280 5272
f 4235 5281 4236
f 4236 5281 5282
f 5284 5285 5283
f 5283 5285 5286
f 5288 5289 5287
f 5287 5289 5290
f 5292 5293 5291
f 5291 5293 5294
f 5287 5290 4726
f 4726 5290 5295
f 4293 4292 4313
f 4313 4292 4793
f 4720 4736 4719
f 4719 4736 5296
f 5297 4909 5298
f 5298 4909 4908
f 5299 5300 4976
f 4976 5300 5301
f 5302 4202 5303
f 5303 4202 4201
f 5304 5305 4983
f 4983 5305 5306
f 5308 5309 5307
f 5307 5309 5310
f 4722 4725 5283
f 5283 4725 5311
f 5291 5294 4125
f 4125 5294 4126
f 5313 5314 5312
f 5312 5314 5315
f 5316 5317 5319
f 5319 5317 5318
f 5321 5308 5320
f 5320 5308 5307
f 4819 4981 4873
f 4873 4981 5322
f 4981 4123 5322
f 5322 4123 4126
f 5324 5325 5323
f 5323 5325 5326
f 4764 5327 4975
f 4975 5327 5328
f 4172 5327 4169
f 4169 5327 5329
f 4768 4171 4769
f 4769 4171 4170
f 4243 4755 4244
f 4244 4755 5330
f 4755 4205 5330
f 5330 4205 4208
f 4206 4906 4207
f 4207 4906 4905
f 4686 5014 5009
f 5009 5014 5229
f 4756 4770 4170
f 4170 4770 4769
f 4170 4169 4756
f 4756 4169 4757
f 4273 5329 4764
f 4764 5329 5327
f 4276 5331 4273
f 4273 5331 5329
f 4770 4756 4243
f 4243 4756 4755
f 5333 4889 5332
f 5332 4889 5010
f 4877 5332 4878
f 4878 5332 4259
f 4875 4164 4876
f 4876 4164 4163
f 5334 5335 5324
f 5324 5335 5325
f 4983 5306 4123
f 4123 5306 4124
f 4818 4982 4819
f 4819 4982 4981
f 5332 5010 4259
f 4259 5010 4260
f 5014 4686 4875
f 4875 4686 4164
f 4171 4768 5229
f 5229 4768 5009
f 5337 4916 5336
f 5336 4916 4919
f 5293 5337 5294
f 5294 5337 5336
f 4982 4818 5333
f 5333 4818 4889
f 5338 5339 4262
f 4262 5339 5340
f 5307 5310 5338
f 5338 5310 5339
f 5341 5342 4204
f 4204 5342 5309
f 5336 4919 5322
f 5322 4919 4873
f 5294 5336 4126
f 4126 5336 5322
f 5323 5326 5343
f 5343 5326 5286
f 4914 5344 4915
f 4915 5344 5345
f 5312 5315 5344
f 5344 5315 5345
f 5347 5348 5346
f 5346 5348 5349
f 5350 5351 4832
f 4832 5351 4833
f 5352 5353 5349
f 5349 5353 5346
f 5354 5338 4265
f 4265 5338 4262
f 5320 5307 5354
f 5354 5307 5338
f 4201 5308 5303
f 5303 5308 5321
f 5356 5357 5355
f 5355 5357 4799
f 5358 5359 5334
f 5334 5359 5335
f 5358 5360 4093
f 4093 5360 4163
f 5360 5305 4163
f 4163 5305 4876
f 5305 5304 4876
f 4876 5304 4877
f 5270 4778 4079
f 4079 4778 4081
f 4779 5361 4774
f 4774 5361 5357
f 5356 5359 4775
f 4775 5359 4092
f 5333 5304 4982
f 4982 5304 4983
f 5332 4877 5333
f 5333 4877 5304
f 5015 4258 5230
f 5230 4258 5328
f 5327 4172 5328
f 5328 4172 5230
f 4169 5329 4757
f 4757 5329 5331
f 4757 5331 4205
f 4205 5331 4206
f 5331 4276 4206
f 4206 4276 4906
f 4276 4275 4906
f 4906 4275 4907
f 4275 4888 4907
f 4907 4888 4744
f 4887 4717 4745
f 4745 4717 4864
f 4716 5139 4861
f 4861 5139 5190
f 5139 5138 5190
f 5190 5138 5187
f 5138 5216 5187
f 5187 5216 5176
f 5215 5362 5173
f 5173 5362 5130
f 5364 5365 5363
f 5363 5365 5340
f 4742 4863 5366
f 5366 4863 4867
f 4862 5189 4868
f 4868 5189 5184
f 5189 5188 5184
f 5184 5188 5185
f 5188 5175 5185
f 5185 5175 5168
f 3560 3788 3561
f 3561 3788 3790
f 3596 3595 3608
f 3608 3595 3594
f 3598 3582 3595
f 3595 3582 3592
f 3600 3609 3601
f 3601 3609 3611
f 3602 3601 3612
f 3612 3601 3611
f 3606 3605 3613
f 3613 3605 3614
f 3793 5367 3794
f 3794 5367 5368
f 3598 3597 3600
f 3600 3597 3609
f 3793 3792 3575
f 3575 3792 3572
f 3561 3594 3558
f 3558 3594 3593
f 3807 3915 3804
f 3804 3915 3914
f 3916 3915 5370
f 5370 3915 5369
f 3602 3605 3603
f 3603 3605 3604
f 3606 3792 3607
f 3607 3792 3791
f 3914 3913 3560
f 3560 3913 3788
f 5174 5129 5166
f 5166 5129 5371
f 5170 5169 5093
f 5093 5169 5113
f 5166 5371 5090
f 5090 5371 5091
f 5128 5169 5372
f 5372 5169 5172
f 5127 5113 5128
f 5128 5113 5169
f 5114 5206 5203
f 5203 5206 5362
f 5200 5373 5073
f 5073 5373 5096
f 5374 5375 5200
f 5200 5375 5373
f 5039 5047 5374
f 5374 5047 5375
f 5087 5046 5085
f 5085 5046 5376
f 5212 5377 5067
f 5067 5377 5376
f 5042 5045 5212
f 5212 5045 5377
f 5064 5378 5043
f 5043 5378 5044
f 5063 5077 5064
f 5064 5077 5378
f 5079 5082 5198
f 5198 5082 5078
f 5099 5081 5100
f 5100 5081 5379
f 5100 5379 5094
f 5094 5379 5095
f 5381 5382 5380
f 5380 5382 5383
f 5385 5386 5384
f 5384 5386 5383
f 5385 5387 5386
f 5386 5387 5388
f 5390 5391 5389
f 5389 5391 5392
f 5393 5394 5396
f 5396 5394 5395
f 5398 5399 5397
f 5397 5399 5400
f 5402 5403 5401
f 5401 5403 5404
f 5406 5407 5405
f 5405 5407 5404
f 5408 5409 5163
f 5163 5409 5410
f 5411 5412 5414
f 5414 5412 5413
f 5057 5416 5415
f 5415 5416 5417
f 5393 5416 5418
f 5418 5416 5419
f 5396 5395 5420
f 5420 5395 5421
f 5423 5424 5422
f 5422 5424 5425
f 5415 5417 5220
f 5220 5417 5426
f 5418 5391 5393
f 5393 5391 5394
f 5414 5388 5411
f 5411 5388 5392
f 5059 5427 5060
f 5060 5427 5428
f 5423 5427 5429
f 5429 5427 5430
f 5432 5382 5431
f 5431 5382 5425
f 5429 5407 5423
f 5423 5407 5424
f 5380 5409 5381
f 5381 5409 5433
f 5381 5433 5422
f 5422 5433 5428
f 5027 5412 5056
f 5056 5412 5419
f 5435 5436 5434
f 5434 5436 5437
f 5159 5439 5438
f 5438 5439 5440
f 5053 5436 5159
f 5159 5436 5439
f 5441 5403 5398
f 5398 5403 5399
f 5163 5410 5026
f 5026 5410 5413
f 5438 5440 5442
f 5442 5440 5430
f 5444 5445 5443
f 5443 5445 5446
f 5447 5448 5450
f 5450 5448 5449
f 5451 5446 5452
f 5452 5446 5445
f 5454 5455 5453
f 5453 5455 5451
f 5456 5454 5458
f 5458 5454 5457
f 5460 5461 5459
f 5459 5461 5462
f 5464 5465 5463
f 5463 5465 5466
f 5468 5469 5467
f 5467 5469 5470
f 5472 5473 5471
f 5471 5473 5474
f 5475 5476 5478
f 5478 5476 5477
f 5479 5480 5482
f 5482 5480 5481
f 5483 5484 5448
f 5448 5484 5485
f 5448 5485 5449
f 5449 5485 5486
f 5487 5476 5488
f 5488 5476 5475
f 5490 5491 5489
f 5489 5491 5492
f 5494 5495 5493
f 5493 5495 5496
f 5498 5494 5497
f 5497 5494 5493
f 5500 5501 5499
f 5499 5501 5502
f 5503 5504 5446
f 5446 5504 5443
f 5506 5507 5505
f 5505 5507 5508
f 5510 5511 5509
f 5509 5511 5512
f 5514 5515 5513
f 5513 5515 5516
f 5518 5519 5517
f 5517 5519 5520
f 5495 5521 5496
f 5496 5521 5522
f 5524 5525 5523
f 5523 5525 5526
f 5527 5528 5494
f 5494 5528 5495
f 5499 5502 5529
f 5529 5502 5530
f 5531 5532 5485
f 5485 5532 5486
f 5485 5484 5531
f 5531 5484 5533
f 5482 5481 5534
f 5534 5481 5535
f 5536 5512 5506
f 5506 5512 5511
f 5455 5503 5451
f 5451 5503 5446
f 5467 5470 5511
f 5511 5470 5537
f 5538 5467 5510
f 5510 5467 5511
f 5540 5541 5539
f 5539 5541 5542
f 5543 5544 5546
f 5546 5544 5545
f 5548 5472 5547
f 5547 5472 5471
f 5493 5496 5549
f 5549 5496 5550
f 5496 5522 5550
f 5550 5522 5551
f 5553 5554 5552
f 5552 5554 5555
f 5557 5447 5556
f 5556 5447 5558
f 5557 5483 5447
f 5447 5483 5448
f 5478 5477 5553
f 5553 5477 5559
f 5477 5560 5559
f 5559 5560 5561
f 5476 5562 5477
f 5477 5562 5560
f 5476 5487 5562
f 5562 5487 5563
f 5560 5564 5561
f 5561 5564 5565
f 5564 5560 5566
f 5566 5560 5562
f 5563 5567 5562
f 5562 5567 5566
f 5569 5521 5568
f 5568 5521 5570
f 5481 5572 5571
f 5571 5572 5573
f 5574 5535 5571
f 5571 5535 5481
f 5576 5577 5575
f 5575 5577 5578
f 5579 5580 5456
f 5456 5580 5581
f 5475 5582 5488
f 5488 5582 5583
f 5584 5536 5505
f 5505 5536 5506
f 5585 5586 5588
f 5588 5586 5587
f 5590 5591 5589
f 5589 5591 5592
f 5519 5593 5520
f 5520 5593 5594
f 5595 5596 5462
f 5462 5596 5597
f 5599 5600 5598
f 5598 5600 5514
f 5602 5603 5601
f 5601 5603 5604
f 5524 5543 5525
f 5525 5543 5546
f 5543 5524 5606
f 5606 5524 5605
f 5607 5608 5500
f 5500 5608 5501
f 5610 5551 5609
f 5609 5551 5522
f 5611 5510 5598
f 5598 5510 5509
f 5612 5597 5457
f 5457 5597 5458
f 5510 5611 5538
f 5538 5611 5613
f 5580 5508 5581
f 5581 5508 5507
f 5615 5616 5614
f 5614 5616 5617
f 5619 5620 5618
f 5618 5620 5621
f 5623 5624 5622
f 5622 5624 5625
f 5627 5624 5626
f 5626 5624 5623
f 5629 5630 5628
f 5628 5630 5631
f 5633 5634 5632
f 5632 5634 5466
f 5635 5636 5463
f 5463 5636 5637
f 5523 5638 5524
f 5524 5638 5605
f 5639 5640 5641
f 5641 5640 5595
f 5611 5513 5613
f 5613 5513 5642
f 5643 5586 5608
f 5608 5586 5501
f 5622 5625 5590
f 5590 5625 5591
f 5598 5514 5611
f 5611 5514 5513
f 5645 5646 5644
f 5644 5646 5647
f 5620 5619 5491
f 5491 5619 5648
f 5649 5643 5492
f 5492 5643 5608
f 5650 5651 5653
f 5653 5651 5652
f 5463 5466 5635
f 5635 5466 5634
f 5597 5612 5462
f 5462 5612 5459
f 5635 5634 5523
f 5523 5634 5638
f 5654 5638 5633
f 5633 5638 5634
f 5655 5656 5525
f 5525 5656 5526
f 5658 5659 5657
f 5657 5659 5527
f 5660 5464 5637
f 5637 5464 5463
f 5632 5466 5661
f 5661 5466 5465
f 5661 5662 5632
f 5632 5662 5658
f 5662 5663 5658
f 5658 5663 5659
f 5665 5659 5664
f 5664 5659 5663
f 5632 5658 5633
f 5633 5658 5657
f 5666 5629 5530
f 5530 5629 5667
f 5528 5527 5665
f 5665 5527 5659
f 5668 5669 5570
f 5570 5669 5568
f 5669 5668 5670
f 5670 5668 5671
f 5646 5672 5673
f 5672 5674 5673
f 5673 5674 5675
f 5674 5460 5675
f 5675 5460 5459
f 5461 5676 5462
f 5462 5676 5595
f 5677 5678 5680
f 5680 5678 5679
f 5628 5681 5629
f 5629 5681 5667
f 5682 5529 5667
f 5667 5529 5530
f 5675 5459 5683
f 5683 5459 5612
f 5585 5666 5502
f 5502 5666 5530
f 5589 5684 5602
f 5602 5684 5603
f 5646 5645 5663
f 5663 5645 5664
f 5685 5647 5673
f 5673 5647 5646
f 5686 5687 5683
f 5683 5687 5685
f 5688 5689 5533
f 5533 5689 5531
f 5690 5691 5535
f 5535 5691 5534
f 5692 5690 5574
f 5574 5690 5535
f 5685 5687 5689
f 5689 5687 5693
f 5489 5694 5490
f 5490 5694 5695
f 5690 5692 5696
f 5696 5692 5697
f 5696 5644 5690
f 5690 5644 5691
f 5447 5450 5558
f 5558 5450 5698
f 5699 5700 5642
f 5642 5700 5613
f 5701 5702 5540
f 5540 5702 5541
f 5431 5703 5432
f 5432 5703 5697
f 5385 5384 5574
f 5574 5384 5692
f 5389 5387 5573
f 5573 5387 5571
f 5565 5390 5573
f 5573 5390 5389
f 5390 5565 5704
f 5704 5565 5564
f 5566 5705 5564
f 5564 5705 5704
f 5569 5441 5609
f 5609 5441 5398
f 5568 5405 5569
f 5569 5405 5441
f 5670 5706 5669
f 5669 5706 5406
f 5703 5431 5670
f 5670 5431 5706
f 5432 5697 5384
f 5384 5697 5692
f 5574 5571 5385
f 5385 5571 5387
f 5607 5707 5489
f 5489 5707 5694
f 5518 5708 5519
f 5519 5708 5709
f 5711 5576 5710
f 5710 5576 5575
f 5713 5714 5712
f 5712 5714 5715
f 5553 5552 5478
f 5478 5552 5716
f 5717 5475 5716
f 5716 5475 5478
f 5718 5719 5605
f 5605 5719 5606
f 5505 5622 5584
f 5584 5622 5590
f 5508 5623 5505
f 5505 5623 5622
f 5626 5623 5580
f 5580 5623 5508
f 5580 5579 5626
f 5626 5579 5720
f 5579 5721 5720
f 5720 5721 5722
f 5666 5585 5723
f 5723 5585 5588
f 5724 5725 5639
f 5639 5725 5640
f 5554 5726 5555
f 5555 5726 5727
f 5453 5728 5729
f 5689 5688 5685
f 5685 5688 5647
f 5604 5730 5512
f 5512 5730 5509
f 5628 5631 5618
f 5618 5631 5592
f 5601 5604 5536
f 5536 5604 5512
f 5732 5676 5731
f 5731 5676 5660
f 5730 5604 5733
f 5733 5604 5603
f 5563 5487 5551
f 5551 5487 5550
f 5489 5492 5607
f 5607 5492 5608
f 5573 5572 5565
f 5565 5572 5561
f 5609 5522 5569
f 5569 5522 5521
f 5499 5734 5500
f 5500 5734 5735
f 5596 5736 5721
f 5721 5736 5722
f 5737 5600 5594
f 5594 5600 5520
f 5599 5730 5517
f 5517 5730 5733
f 5660 5738 5731
f 5731 5738 5739
f 5648 5649 5491
f 5491 5649 5492
f 5501 5586 5502
f 5502 5586 5585
f 5525 5546 5655
f 5655 5546 5740
f 5600 5599 5520
f 5520 5599 5517
f 5708 5739 5709
f 5709 5739 5738
f 5636 5635 5526
f 5526 5635 5523
f 5670 5671 5703
f 5703 5671 5741
f 5490 5695 5742
f 5742 5695 5743
f 5682 5678 5744
f 5744 5678 5677
f 5678 5681 5679
f 5679 5681 5621
f 5742 5743 5679
f 5679 5743 5680
f 5618 5621 5628
f 5628 5621 5681
f 5725 5724 5589
f 5589 5724 5684
f 5456 5458 5579
f 5579 5458 5721
f 5675 5683 5673
f 5673 5683 5685
f 5529 5682 5745
f 5745 5682 5744
f 5721 5458 5596
f 5596 5458 5597
f 5701 5540 5719
f 5719 5540 5606
f 5703 5741 5697
f 5697 5741 5696
f 5500 5735 5607
f 5607 5735 5707
f 5549 5746 5493
f 5493 5746 5497
f 5700 5747 5613
f 5613 5747 5538
f 5420 5421 5434
f 5434 5421 5400
f 5689 5693 5531
f 5531 5693 5532
f 5705 5566 5748
f 5748 5566 5567
f 5609 5398 5610
f 5610 5398 5397
f 5669 5406 5568
f 5568 5406 5405
f 5488 5583 5549
f 5549 5583 5746
f 5714 5713 5710
f 5710 5713 5711
f 5747 5468 5538
f 5538 5468 5467
f 5548 5547 5749
f 5749 5547 5750
f 5733 5603 5751
f 5751 5603 5684
f 5589 5602 5590
f 5590 5602 5584
f 5636 5752 5614
f 5614 5752 5615
f 5753 5754 5738
f 5738 5754 5755
f 5602 5601 5584
f 5584 5601 5536
f 5723 5736 5630
f 5630 5736 5640
f 5595 5640 5596
f 5596 5640 5736
f 5734 5499 5745
f 5745 5499 5529
f 5627 5587 5643
f 5643 5587 5586
f 5553 5559 5554
f 5554 5559 5480
f 5559 5561 5480
f 5480 5561 5572
f 5554 5480 5726
f 5726 5480 5479
f 5749 5750 5715
f 5715 5750 5712
f 5683 5612 5686
f 5686 5612 5457
f 5678 5682 5681
f 5681 5682 5667
f 5598 5509 5599
f 5599 5509 5730
f 5679 5621 5742
f 5742 5621 5620
f 5652 5616 5653
f 5653 5616 5615
f 5220 5426 5052
f 5052 5426 5437
f 5487 5488 5550
f 5550 5488 5549
f 5742 5620 5490
f 5490 5620 5491
f 5551 5610 5563
f 5563 5610 5567
f 5610 5397 5567
f 5567 5397 5748
f 5614 5617 5753
f 5753 5617 5754
f 5480 5572 5481
f 5755 5756 5738
f 5738 5756 5709
f 5745 5744 5758
f 5758 5744 5757
f 5745 5758 5734
f 5734 5758 5759
f 5735 5734 5760
f 5760 5734 5759
f 5707 5735 5761
f 5761 5735 5760
f 5744 5677 5757
f 5757 5677 5762
f 5677 5680 5762
f 5762 5680 5763
f 5763 5680 5764
f 5764 5680 5743
f 5765 5766 5762
f 5762 5766 5757
f 5768 5769 5767
f 5767 5769 5770
f 5771 5772 5770
f 5770 5772 5767
f 5770 5769 5774
f 5774 5769 5773
f 5775 5776 5774
f 5774 5776 5777
f 5773 5778 5774
f 5774 5778 5775
f 5779 5766 5773
f 5773 5766 5778
f 5777 5771 5774
f 5774 5771 5770
f 5780 5781 5783
f 5783 5781 5782
f 5781 5780 5771
f 5771 5780 5772
f 5773 5769 5779
f 5779 5769 5768
f 5768 5759 5779
f 5779 5759 5758
f 5768 5784 5759
f 5759 5784 5760
f 5767 5785 5768
f 5768 5785 5784
f 5785 5767 5786
f 5786 5767 5772
f 5766 5779 5757
f 5757 5779 5758
f 5780 5787 5772
f 5772 5787 5786
f 5785 5786 5788
f 5788 5786 5789
f 5786 5787 5789
f 5789 5787 5790
f 5788 5789 5791
f 5791 5789 5792
f 5791 5793 5788
f 5788 5793 5794
f 5795 5792 5790
f 5790 5792 5789
f 5785 5788 5784
f 5784 5788 5794
f 5784 5794 5760
f 5760 5794 5761
f 5787 5780 5796
f 5796 5780 5783
f 5775 5778 5797
f 5797 5778 5766
f 5797 5798 5775
f 5775 5798 5776
f 5766 5765 5797
f 5797 5765 5799
f 5798 5797 5800
f 5800 5797 5799
f 5798 5801 5776
f 5776 5801 5802
f 5707 5761 5694
f 5694 5761 5803
f 5695 5804 5743
f 5743 5804 5764
f 5804 5695 5803
f 5803 5695 5694
f 5803 5793 5804
f 5804 5793 5805
f 5793 5791 5805
f 5805 5791 5806
f 5804 5805 5764
f 5764 5805 5807
f 5803 5761 5793
f 5793 5761 5794
f 5808 5763 5807
f 5807 5763 5764
f 5808 5765 5763
f 5763 5765 5762
f 5809 5799 5808
f 5808 5799 5765
f 5809 5808 5810
f 5810 5808 5807
f 5811 5809 5812
f 5812 5809 5810
f 5805 5806 5807
f 5807 5806 5810
f 5806 5813 5810
f 5810 5813 5812
f 5799 5809 5800
f 5800 5809 5811
f 5815 5800 5814
f 5814 5800 5811
f 5814 5817 5816
f 5816 5817 5818
f 5814 5811 5817
f 5817 5811 5812
f 5814 5816 5815
f 5815 5816 5796
f 5815 5796 5801
f 5801 5796 5783
f 5801 5798 5815
f 5815 5798 5800
f 5791 5792 5806
f 5806 5792 5813
f 5818 5813 5795
f 5795 5813 5792
f 5818 5817 5813
f 5813 5817 5812
f 5816 5818 5790
f 5790 5818 5795
f 5790 5787 5816
f 5816 5787 5796
f 5771 5777 5781
f 5781 5777 5782
f 5782 5802 5783
f 5783 5802 5801
f 5782 5777 5802
f 5802 5777 5776
f 5588 5587 5722
f 5722 5587 5720
f 5591 5619 5592
f 5592 5619 5618
f 5625 5624 5648
f 5648 5624 5649
f 5624 5627 5649
f 5649 5627 5643
f 5631 5630 5725
f 5725 5630 5640
f 5625 5648 5591
f 5591 5648 5619
f 5588 5722 5723
f 5723 5722 5736
f 5631 5725 5592
f 5592 5725 5589
f 5723 5630 5666
f 5666 5630 5629
f 5587 5627 5720
f 5720 5627 5626
f 5820 5821 5819
f 5819 5821 5822
f 5824 5825 5823
f 5823 5825 5826
f 5823 5826 5827
f 5827 5826 5828
f 5829 5830 5832
f 5832 5830 5831
f 5518 5833 5708
f 5708 5833 5834
f 5835 5836 5824
f 5824 5836 5825
f 5838 5839 5837
f 5837 5839 5840
f 5751 5684 5842
f 5842 5684 5841
f 5843 5841 5724
f 5724 5841 5684
f 5845 5846 5844
f 5844 5846 5847
f 5848 5830 5836
f 5836 5830 5825
f 5518 5751 5833
f 5833 5751 5842
f 5839 5838 5821
f 5821 5838 5849
f 5850 5848 5822
f 5822 5848 5836
f 5851 5845 5828
f 5828 5845 5852
f 5854 5855 5853
f 5853 5855 5856
f 5845 5844 5852
f 5852 5844 5857
f 5858 5827 5852
f 5852 5827 5828
f 5851 5828 5829
f 5829 5828 5826
f 5819 5859 5820
f 5820 5859 5860
f 5835 5861 5819
f 5819 5861 5859
f 5851 5829 5862
f 5862 5829 5832
f 5844 5847 5837
f 5837 5847 5834
f 5819 5822 5835
f 5835 5822 5836
f 5823 5863 5824
f 5824 5863 5864
f 5849 5850 5821
f 5821 5850 5822
f 5825 5830 5826
f 5826 5830 5829
f 5820 5860 5865
f 5865 5860 5866
f 5858 5854 5867
f 5867 5854 5853
f 5854 5857 5855
f 5855 5857 5840
f 5855 5865 5856
f 5856 5865 5866
f 5837 5840 5844
f 5844 5840 5857
f 5827 5858 5868
f 5868 5858 5867
f 5824 5864 5835
f 5835 5864 5861
f 5732 5731 5862
f 5862 5731 5846
f 5863 5823 5868
f 5868 5823 5827
f 5843 5831 5848
f 5848 5831 5830
f 5854 5858 5857
f 5857 5858 5852
f 5855 5840 5865
f 5865 5840 5839
f 5865 5839 5820
f 5820 5839 5821
f 5868 5867 5870
f 5870 5867 5869
f 5868 5870 5863
f 5863 5870 5871
f 5863 5871 5864
f 5864 5871 5872
f 5864 5872 5861
f 5861 5872 5873
f 5867 5853 5869
f 5869 5853 5874
f 5853 5856 5874
f 5874 5856 5875
f 5856 5866 5875
f 5875 5866 5876
f 5877 5878 5874
f 5874 5878 5869
f 5880 5881 5879
f 5879 5881 5882
f 5883 5884 5880
f 5880 5884 5881
f 5881 5884 5886
f 5886 5884 5885
f 5887 5888 5886
f 5886 5888 5889
f 5885 5890 5886
f 5886 5890 5887
f 5889 5882 5886
f 5886 5882 5881
f 5882 5891 5879
f 5879 5891 5892
f 5885 5884 5893
f 5893 5884 5883
f 5883 5871 5893
f 5893 5871 5870
f 5883 5894 5871
f 5871 5894 5872
f 5880 5895 5883
f 5883 5895 5894
f 5896 5895 5879
f 5879 5895 5880
f 5893 5878 5885
f 5885 5878 5890
f 5878 5893 5869
f 5869 5893 5870
f 5897 5896 5892
f 5892 5896 5879
f 5895 5896 5898
f 5898 5896 5899
f 5896 5897 5899
f 5899 5897 5900
f 5898 5899 5901
f 5901 5899 5902
f 5901 5903 5898
f 5898 5903 5904
f 5900 5905 5899
f 5899 5905 5902
f 5898 5904 5895
f 5895 5904 5894
f 5894 5904 5872
f 5872 5904 5873
f 5897 5892 5907
f 5907 5892 5906
f 5892 5891 5906
f 5906 5891 5908
f 5887 5890 5909
f 5909 5890 5878
f 5888 5887 5910
f 5910 5887 5909
f 5878 5877 5909
f 5909 5877 5911
f 5909 5911 5910
f 5910 5911 5912
f 5913 5914 5910
f 5910 5914 5888
f 5908 5914 5906
f 5906 5914 5913
f 5861 5873 5859
f 5859 5873 5915
f 5860 5916 5866
f 5866 5916 5876
f 5916 5860 5915
f 5915 5860 5859
f 5915 5903 5916
f 5916 5903 5917
f 5903 5901 5917
f 5917 5901 5918
f 5916 5917 5876
f 5876 5917 5919
f 5903 5915 5904
f 5904 5915 5873
f 5920 5875 5919
f 5919 5875 5876
f 5920 5877 5875
f 5875 5877 5874
f 5920 5921 5877
f 5877 5921 5911
f 5921 5920 5922
f 5922 5920 5919
f 5923 5921 5924
f 5924 5921 5922
f 5917 5918 5919
f 5919 5918 5922
f 5918 5925 5922
f 5922 5925 5924
f 5921 5923 5911
f 5911 5923 5912
f 5927 5912 5926
f 5926 5912 5923
f 5926 5929 5928
f 5928 5929 5930
f 5926 5923 5929
f 5929 5923 5924
f 5926 5928 5927
f 5927 5928 5907
f 5927 5907 5913
f 5913 5907 5906
f 5913 5910 5927
f 5927 5910 5912
f 5901 5902 5918
f 5918 5902 5925
f 5930 5925 5905
f 5905 5925 5902
f 5930 5929 5925
f 5925 5929 5924
f 5928 5930 5900
f 5900 5930 5905
f 5900 5897 5928
f 5928 5897 5907
f 5882 5889 5891
f 5891 5889 5908
f 5908 5889 5914
f 5914 5889 5888
f 5832 5831 5641
f 5641 5831 5639
f 5833 5838 5834
f 5834 5838 5837
f 5842 5841 5849
f 5849 5841 5850
f 5841 5843 5850
f 5850 5843 5848
f 5847 5846 5739
f 5739 5846 5731
f 5842 5849 5833
f 5833 5849 5838
f 5862 5832 5732
f 5732 5832 5641
f 5847 5739 5834
f 5834 5739 5708
f 5862 5846 5851
f 5851 5846 5845
f 5831 5843 5639
f 5639 5843 5724
f 5676 5732 5595
f 5595 5732 5641
f 5676 5461 5660
f 5660 5461 5464
f 5461 5460 5464
f 5464 5460 5465
f 5460 5674 5465
f 5465 5674 5661
f 5931 5932 5934
f 5934 5932 5933
f 5936 5937 5935
f 5935 5937 5938
f 5935 5938 5939
f 5939 5938 5940
f 5942 5943 5941
f 5941 5943 5944
f 5945 5946 5936
f 5936 5946 5937
f 5948 5949 5947
f 5947 5949 5950
f 5951 5952 5519
f 5519 5952 5593
f 5953 5951 5709
f 5709 5951 5519
f 5955 5956 5954
f 5954 5956 5957
f 5958 5942 5946
f 5946 5942 5937
f 5948 5959 5949
f 5949 5959 5933
f 5960 5958 5934
f 5934 5958 5946
f 5961 5955 5940
f 5940 5955 5962
f 5963 5964 5966
f 5966 5964 5965
f 5955 5954 5962
f 5962 5954 5967
f 5968 5939 5962
f 5962 5939 5940
f 5961 5940 5941
f 5941 5940 5938
f 5931 5969 5932
f 5932 5969 5970
f 5945 5971 5931
f 5931 5971 5969
f 5941 5944 5961
f 5961 5944 5972
f 5954 5957 5947
f 5947 5957 5973
f 5945 5931 5946
f 5946 5931 5934
f 5935 5974 5936
f 5936 5974 5975
f 5959 5960 5933
f 5933 5960 5934
f 5937 5942 5938
f 5938 5942 5941
f 5932 5970 5976
f 5976 5970 5977
f 5968 5964 5978
f 5978 5964 5963
f 5965 5964 5950
f 5950 5964 5967
f 5976 5977 5965
f 5965 5977 5966
f 5947 5950 5954
f 5954 5950 5967
f 5939 5968 5979
f 5979 5968 5978
f 5936 5975 5945
f 5945 5975 5971
f 5972 5754 5956
f 5956 5754 5617
f 5974 5935 5979
f 5979 5935 5939
f 5953 5943 5958
f 5958 5943 5942
f 5964 5968 5967
f 5967 5968 5962
f 5965 5950 5976
f 5976 5950 5949
f 5976 5949 5932
f 5932 5949 5933
f 5979 5978 5981
f 5981 5978 5980
f 5979 5981 5974
f 5974 5981 5982
f 5974 5982 5975
f 5975 5982 5983
f 5975 5983 5971
f 5971 5983 5984
f 5978 5963 5980
f 5980 5963 5985
f 5963 5966 5985
f 5985 5966 5986
f 5986 5966 5987
f 5987 5966 5977
f 5988 5989 5985
f 5985 5989 5980
f 5991 5992 5990
f 5990 5992 5993
f 5994 5995 5991
f 5991 5995 5992
f 5992 5995 5997
f 5997 5995 5996
f 5998 5999 5997
f 5997 5999 6000
f 5996 6001 5997
f 5997 6001 5998
f 6000 5993 5997
f 5997 5993 5992
f 6002 6003 5993
f 5993 6003 5990
f 5995 5994 5996
f 5996 5994 6004
f 5994 5982 6004
f 6004 5982 5981
f 5994 6005 5982
f 5982 6005 5983
f 5991 6006 5994
f 5994 6006 6005
f 6006 5991 6007
f 6007 5991 5990
f 5996 6004 6001
f 6001 6004 5989
f 5989 6004 5980
f 5980 6004 5981
f 6003 6008 5990
f 5990 6008 6007
f 6009 6006 6010
f 6010 6006 6007
f 6008 6011 6007
f 6007 6011 6010
f 6012 6009 6013
f 6013 6009 6010
f 6009 6012 6015
f 6015 6012 6014
f 6011 6016 6010
f 6010 6016 6013
f 6006 6009 6005
f 6005 6009 6015
f 6005 6015 5983
f 5983 6015 5984
f 6008 6003 6018
f 6018 6003 6017
f 6003 6002 6017
f 6017 6002 6019
f 5998 6001 6020
f 6020 6001 5989
f 5999 5998 6021
f 6021 5998 6020
f 5989 5988 6020
f 6020 5988 6022
f 6021 6020 6023
f 6023 6020 6022
f 6021 6024 5999
f 5999 6024 6025
f 6019 6025 6017
f 6017 6025 6024
f 5971 5984 5969
f 5969 5984 6026
f 5970 6027 5977
f 5977 6027 5987
f 6027 5970 6026
f 6026 5970 5969
f 6026 6014 6027
f 6027 6014 6028
f 6014 6012 6028
f 6028 6012 6029
f 6027 6028 5987
f 5987 6028 6030
f 6026 5984 6014
f 6014 5984 6015
f 6031 5986 6030
f 6030 5986 5987
f 6031 5988 5986
f 5986 5988 5985
f 6032 6022 6031
f 6031 6022 5988
f 6032 6031 6033
f 6033 6031 6030
f 6034 6032 6035
f 6035 6032 6033
f 6028 6029 6030
f 6030 6029 6033
f 6029 6036 6033
f 6033 6036 6035
f 6032 6034 6022
f 6022 6034 6023
f 6038 6023 6037
f 6037 6023 6034
f 6037 6040 6039
f 6039 6040 6041
f 6037 6034 6040
f 6040 6034 6035
f 6037 6039 6038
f 6038 6039 6018
f 6038 6018 6024
f 6024 6018 6017
f 6024 6021 6038
f 6038 6021 6023
f 6012 6013 6029
f 6029 6013 6036
f 6041 6036 6016
f 6016 6036 6013
f 6041 6040 6036
f 6036 6040 6035
f 6041 6016 6039
f 6039 6016 6011
f 6011 6008 6039
f 6039 6008 6018
f 5993 6000 6002
f 6002 6000 6019
f 6019 6000 6025
f 6025 6000 5999
f 5943 5756 5944
f 5944 5756 5755
f 6042 5948 5973
f 5973 5948 5947
f 5952 5951 5959
f 5959 5951 5960
f 5951 5953 5960
f 5960 5953 5958
f 5616 5957 5617
f 5617 5957 5956
f 6042 5952 5948
f 5948 5952 5959
f 5944 5755 5972
f 5972 5755 5754
f 5957 5616 5973
f 5973 5616 5652
f 5956 5955 5972
f 5972 5955 5961
f 5943 5953 5756
f 5756 5953 5709
f 6044 6045 6043
f 6043 6045 6046
f 6048 6049 6047
f 6047 6049 6050
f 6047 6050 6051
f 6051 6050 6052
f 6054 6055 6053
f 6053 6055 6056
f 6057 6058 6060
f 6060 6058 6059
f 6061 6062 6048
f 6048 6062 6049
f 6063 6064 6066
f 6066 6064 6065
f 6067 6068 6070
f 6070 6068 6069
f 6071 6069 5653
f 5653 6069 6068
f 6072 6073 6075
f 6075 6073 6074
f 6062 6076 6049
f 6049 6076 6054
f 6058 6067 6059
f 6059 6067 6070
f 6064 6077 6065
f 6065 6077 6045
f 6078 6076 6046
f 6046 6076 6062
f 6073 6080 6079
f 6079 6080 6052
f 6082 6083 6081
f 6081 6083 6084
f 6072 6085 6073
f 6073 6085 6080
f 6086 6051 6080
f 6080 6051 6052
f 6079 6052 6053
f 6053 6052 6050
f 6043 6087 6044
f 6044 6087 6088
f 6061 6089 6043
f 6043 6089 6087
f 6053 6056 6079
f 6079 6056 6090
f 6063 6072 6060
f 6060 6072 6075
f 6043 6046 6061
f 6061 6046 6062
f 6047 6091 6048
f 6048 6091 6092
f 6077 6078 6045
f 6045 6078 6046
f 6049 6054 6050
f 6050 6054 6053
f 6044 6088 6093
f 6093 6088 6094
f 6086 6082 6095
f 6095 6082 6081
f 6083 6082 6066
f 6066 6082 6085
f 6093 6094 6083
f 6083 6094 6084
f 6072 6063 6085
f 6085 6063 6066
f 6051 6086 6096
f 6096 6086 6095
f 6048 6092 6061
f 6061 6092 6089
f 5656 5655 6090
f 6090 5655 6074
f 6091 6047 6096
f 6096 6047 6051
f 6071 6055 6076
f 6076 6055 6054
f 6082 6086 6085
f 6085 6086 6080
f 6093 6083 6065
f 6065 6083 6066
f 6044 6093 6045
f 6045 6093 6065
f 6096 6095 6098
f 6098 6095 6097
f 6096 6098 6091
f 6091 6098 6099
f 6091 6099 6092
f 6092 6099 6100
f 6092 6100 6089
f 6089 6100 6101
f 6095 6081 6097
f 6097 6081 6102
f 6081 6084 6102
f 6102 6084 6103
f 6103 6084 6104
f 6104 6084 6094
f 6106 6097 6105
f 6105 6097 6102
f 6107 6108 6110
f 6110 6108 6109
f 6111 6112 6108
f 6108 6112 6109
f 6109 6112 6114
f 6114 6112 6113
f 6114 6115 6117
f 6117 6115 6116
f 6113 6118 6114
f 6114 6118 6115
f 6117 6110 6114
f 6114 6110 6109
f 6110 6119 6107
f 6107 6119 6120
f 6112 6111 6113
f 6113 6111 6121
f 6111 6099 6121
f 6121 6099 6098
f 6111 6122 6099
f 6099 6122 6100
f 6123 6122 6108
f 6108 6122 6111
f 6124 6123 6107
f 6107 6123 6108
f 6113 6121 6118
f 6118 6121 6106
f 6106 6121 6097
f 6097 6121 6098
f 6125 6124 6120
f 6120 6124 6107
f 6126 6123 6127
f 6127 6123 6124
f 6125 6128 6124
f 6124 6128 6127
f 6129 6126 6130
f 6130 6126 6127
f 6126 6129 6132
f 6132 6129 6131
f 6128 6133 6127
f 6127 6133 6130
f 6123 6126 6122
f 6122 6126 6132
f 6122 6132 6100
f 6100 6132 6101
f 6120 6134 6125
f 6125 6134 6135
f 6120 6119 6134
f 6134 6119 6136
f 6115 6118 6137
f 6137 6118 6106
f 6115 6137 6116
f 6116 6137 6138
f 6137 6106 6139
f 6139 6106 6105
f 6138 6137 6140
f 6140 6137 6139
f 6141 6142 6138
f 6138 6142 6116
f 6136 6142 6134
f 6134 6142 6141
f 6089 6101 6087
f 6087 6101 6143
f 6088 6144 6094
f 6094 6144 6104
f 6143 6144 6087
f 6087 6144 6088
f 6131 6145 6143
f 6143 6145 6144
f 6129 6146 6131
f 6131 6146 6145
f 6144 6145 6104
f 6104 6145 6147
f 6143 6101 6131
f 6131 6101 6132
f 6148 6103 6147
f 6147 6103 6104
f 6103 6148 6102
f 6102 6148 6105
f 6148 6149 6105
f 6105 6149 6139
f 6149 6148 6150
f 6150 6148 6147
f 6151 6149 6152
f 6152 6149 6150
f 6145 6146 6147
f 6147 6146 6150
f 6146 6153 6150
f 6150 6153 6152
f 6149 6151 6139
f 6139 6151 6140
f 6155 6140 6154
f 6154 6140 6151
f 6154 6157 6156
f 6156 6157 6158
f 6154 6151 6157
f 6157 6151 6152
f 6154 6156 6155
f 6155 6156 6135
f 6155 6135 6141
f 6141 6135 6134
f 6141 6138 6155
f 6155 6138 6140
f 6146 6129 6153
f 6153 6129 6130
f 6158 6153 6133
f 6133 6153 6130
f 6158 6157 6153
f 6153 6157 6152
f 6156 6158 6128
f 6128 6158 6133
f 6128 6125 6156
f 6156 6125 6135
f 6110 6117 6119
f 6119 6117 6136
f 6136 6117 6142
f 6142 6117 6116
f 6055 5615 6056
f 6056 5615 5752
f 6060 6059 6063
f 6063 6059 6064
f 6077 6070 6078
f 6078 6070 6069
f 6069 6071 6078
f 6078 6071 6076
f 6159 6057 6075
f 6075 6057 6060
f 6059 6070 6064
f 6064 6070 6077
f 6056 5752 6090
f 6090 5752 5656
f 6090 6074 6079
f 6079 6074 6073
f 6055 6071 5615
f 5615 6071 5653
f 5547 5471 6160
f 6160 5471 6161
f 5729 5577 6163
f 6163 5577 6162
f 5577 5576 6162
f 6162 5576 6164
f 5713 6165 5711
f 5711 6165 6166
f 5474 5729 6167
f 6167 5729 6163
f 5750 5547 6168
f 6168 5547 6160
f 5471 5474 6161
f 6161 5474 6167
f 6169 5712 6168
f 6168 5712 5750
f 5711 6166 5576
f 5576 6166 6164
f 6165 5713 6169
f 6169 5713 5712
f 6168 6170 6169
f 6169 6170 6171
f 6169 6171 6165
f 6165 6171 6172
f 6165 6172 6166
f 6166 6172 6173
f 6166 6173 6164
f 6164 6173 6174
f 6168 6160 6170
f 6170 6160 6175
f 6160 6161 6175
f 6175 6161 6176
f 6161 6167 6176
f 6176 6167 6177
f 6179 6170 6178
f 6178 6170 6175
f 6181 6182 6180
f 6180 6182 6183
f 6184 6185 6181
f 6181 6185 6182
f 6186 6187 6185
f 6185 6187 6182
f 6186 6188 6187
f 6187 6188 6189
f 6190 6183 6187
f 6187 6183 6182
f 6183 6190 6191
f 6191 6190 6192
f 6191 6193 6183
f 6183 6193 6180
f 6186 6185 6194
f 6194 6185 6184
f 6184 6172 6194
f 6194 6172 6171
f 6184 6195 6172
f 6172 6195 6173
f 6181 6196 6184
f 6184 6196 6195
f 6196 6181 6197
f 6197 6181 6180
f 6186 6194 6188
f 6188 6194 6179
f 6179 6194 6170
f 6170 6194 6171
f 6193 6198 6180
f 6180 6198 6197
f 6199 6196 6200
f 6200 6196 6197
f 6198 6201 6197
f 6197 6201 6200
f 6202 6199 6203
f 6203 6199 6200
f 6199 6202 6205
f 6205 6202 6204
f 6201 6206 6200
f 6200 6206 6203
f 6196 6199 6195
f 6195 6199 6205
f 6195 6205 6173
f 6173 6205 6174
f 6198 6193 6208
f 6208 6193 6207
f 6193 6191 6207
f 6207 6191 6192
f 6189 6188 6209
f 6209 6188 6179
f 6210 6189 6211
f 6211 6189 6209
f 6209 6179 6212
f 6212 6179 6178
f 6211 6209 6213
f 6213 6209 6212
f 6211 6214 6210
f 6210 6214 6215
f 6192 6215 6207
f 6207 6215 6214
f 6190 6187 6210
f 6210 6187 6189
f 6192 6190 6215
f 6215 6190 6210
f 6162 6164 6216
f 6216 6164 6174
f 6167 6163 6177
f 6177 6163 6217
f 6216 6217 6162
f 6162 6217 6163
f 6204 6218 6216
f 6216 6218 6217
f 6202 6219 6204
f 6204 6219 6218
f 6217 6218 6177
f 6177 6218 6220
f 6216 6174 6204
f 6204 6174 6205
f 6221 6176 6220
f 6220 6176 6177
f 6176 6221 6175
f 6175 6221 6178
f 6221 6222 6178
f 6178 6222 6212
f 6222 6221 6223
f 6223 6221 6220
f 6224 6222 6225
f 6225 6222 6223
f 6218 6219 6220
f 6220 6219 6223
f 6219 6226 6223
f 6223 6226 6225
f 6222 6224 6212
f 6212 6224 6213
f 6228 6213 6227
f 6227 6213 6224
f 6229 6227 6231
f 6231 6227 6230
f 6227 6224 6230
f 6230 6224 6225
f 6227 6229 6228
f 6228 6229 6208
f 6228 6208 6214
f 6214 6208 6207
f 6214 6211 6228
f 6228 6211 6213
f 6219 6202 6226
f 6226 6202 6203
f 6231 6226 6206
f 6206 6226 6203
f 6231 6230 6226
f 6226 6230 6225
f 6229 6231 6201
f 6201 6231 6206
f 6201 6198 6229
f 6229 6198 6208
f 5674 5672 5661
f 5661 5672 5662
f 5662 5672 5663
f 5663 5672 5646
f 5651 6042 5652
f 5652 6042 5973
f 5518 5517 5751
f 5751 5517 5733
f 5738 5660 5753
f 5753 5660 5637
f 5752 5636 5656
f 5656 5636 5526
f 5952 6042 5593
f 5593 6042 5651
f 5593 5651 5594
f 5594 5651 5650
f 5600 5737 5514
f 5514 5737 5515
f 5546 5545 5740
f 5740 5545 6232
f 6232 6058 5740
f 5740 6058 6057
f 6067 6058 6233
f 6233 6058 6232
f 6233 6232 6234
f 6234 6232 5545
f 6234 5545 6235
f 6235 5545 5544
f 5606 6236 5543
f 5543 6236 5544
f 6235 5544 5539
f 5539 5544 6236
f 6237 6235 5542
f 5542 6235 5539
f 6235 6237 6234
f 6234 6237 6238
f 6234 6238 6233
f 6233 6238 6239
f 5653 6068 5650
f 5650 6068 6239
f 5642 5513 6240
f 6240 5513 5516
f 5539 6236 5540
f 5540 6236 5606
f 5636 5614 5637
f 5637 5614 5753
f 6239 5737 5650
f 5650 5737 5594
f 6239 6068 6233
f 6233 6068 6067
f 6075 6074 6159
f 6159 6074 5655
f 6057 6159 5740
f 5740 6159 5655
f 5515 5737 6238
f 6238 5737 6239
f 6238 6237 5515
f 5515 6237 5516
f 5542 6240 6237
f 6237 6240 5516
f 6240 5542 5642
f 5642 5542 5541
f 5702 5699 5541
f 5541 5699 5642
f 5582 5475 5717
f 5470 5443 5537
f 5537 5443 5504
f 5469 5444 5470
f 5470 5444 5443
f 5726 5557 5727
f 5727 5557 5556
f 5537 5504 5511
f 5511 5504 5506
f 5504 5503 5506
f 5506 5503 5507
f 5503 5455 5507
f 5507 5455 5581
f 5455 5454 5581
f 5581 5454 5456
f 5473 5453 5474
f 5474 5453 5729
f 5457 5454 5473
f 5473 5454 5453
f 5473 5472 5457
f 5457 5472 5686
f 5472 5548 5686
f 5686 5548 5687
f 5749 5693 5548
f 5548 5693 5687
f 5715 5532 5749
f 5749 5532 5693
f 5714 5486 5715
f 5715 5486 5532
f 5714 5710 5486
f 5486 5710 5449
f 5728 5578 5729
f 5729 5578 5577
f 5452 5445 5698
f 5698 5445 5558
f 5445 5444 5558
f 5558 5444 5556
f 5444 5469 5556
f 5556 5469 5727
f 5469 5468 5727
f 5727 5468 5555
f 5468 5747 5555
f 5555 5747 5552
f 5747 5700 5552
f 5552 5700 5716
f 5700 5699 5716
f 5716 5699 5717
f 5699 5702 5717
f 5717 5702 5582
f 5702 5701 5582
f 5582 5701 5583
f 5726 5479 5557
f 5557 5479 5483
f 5483 5479 5484
f 5484 5479 5482
f 5534 5533 5482
f 5482 5533 5484
f 5691 5688 5534
f 5534 5688 5533
f 5644 5647 5691
f 5691 5647 5688
f 5719 5746 5701
f 5701 5746 5583
f 5718 5497 5719
f 5719 5497 5746
f 5718 5605 5654
f 5654 5605 5638
f 5498 5654 5657
f 5657 5654 5633
f 5497 5718 5498
f 5498 5718 5654
f 5657 5527 5498
f 5498 5527 5494
f 5528 5570 5495
f 5495 5570 5521
f 5665 5668 5528
f 5528 5668 5570
f 5664 5671 5665
f 5665 5671 5668
f 5645 5741 5664
f 5664 5741 5671
f 5644 5696 5645
f 5645 5696 5741
f 5710 5575 5449
f 5449 5575 5450
f 5575 5578 5450
f 5450 5578 5698
f 5578 5728 5698
f 5698 5728 5452
f 5452 5728 5451
f 5451 5728 5453
f 3619 6241 3620
f 3620 6241 6242
f 6243 6244 3628
f 3628 6244 3629
f 6245 6246 3634
f 3634 6246 3631
f 6247 6248 3636
f 3636 6248 3637
f 6249 6250 3642
f 3642 6250 3639
f 3639 6250 3643
f 3643 6250 6251
f 3743 6252 3744
f 3744 6252 6253
f 6246 6243 3631
f 3631 6243 3628
f 3753 6254 3754
f 3754 6254 6255
f 3857 6256 3619
f 3619 6256 6241
f 6257 6245 3932
f 3932 6245 3634
f 6242 6247 3620
f 3620 6247 3636
f 6258 6259 3946
f 3946 6259 3947
f 6260 6249 3948
f 3948 6249 3642
f 6244 6258 3629
f 3629 6258 3946
f 3947 6259 3753
f 3753 6259 6254
f 6248 6260 3637
f 3637 6260 3948
f 3643 6251 3743
f 3743 6251 6252
f 3744 6253 3932
f 3932 6253 6257
f 6250 6249 6251
f 6251 6249 6252
f 6245 6261 6246
f 6246 6261 6262
f 6263 6264 6247
f 6247 6264 6248
f 6252 6265 6253
f 6253 6265 6266
f 6246 6262 6243
f 6243 6262 6267
f 6268 6261 6257
f 6257 6261 6245
f 6269 6263 6242
f 6242 6263 6247
f 6270 6271 6260
f 6260 6271 6249
f 6264 6270 6248
f 6248 6270 6260
f 6253 6266 6257
f 6257 6266 6268
f 6249 6271 6252
f 6252 6271 6265
f 6254 6259 6272
f 6272 6259 6273
f 6266 6265 6270
f 6270 6265 6271
f 6268 6266 6264
f 6264 6266 6270
f 6261 6268 6263
f 6263 6268 6264
f 6269 6262 6263
f 6263 6262 6261
f 4186 4185 6274
f 6274 4185 6275
f 6241 6276 6242
f 6242 6276 6269
f 6258 6244 6277
f 6277 6244 6278
f 6256 6279 6241
f 6241 6279 6276
f 6259 6258 6273
f 6273 6258 6277
f 6243 6267 6244
f 6244 6267 6278
f 6276 6267 6269
f 6269 6267 6262
f 6254 6272 6255
f 6255 6272 6280
f 3865 3713 3888
f 3888 3713 3685
f 5242 5233 3892
f 3892 5233 3711
f 3900 5243 3892
f 3892 5243 5242
f 3734 3866 3900
f 3900 3866 5243
f 4117 6281 4118
f 4118 6281 6282
f 4118 6282 4278
f 4278 6282 4879
f 4717 4887 4718
f 4718 4887 4280
f 4792 4278 4882
f 4882 4278 4879
f 4795 4792 6283
f 6283 4792 4882
f 4852 4851 5012
f 5012 4851 6284
f 4856 5207 4857
f 4857 5207 4858
f 4860 4279 4857
f 4857 4279 4854
f 4718 4280 4860
f 4860 4280 4279
f 4864 4863 4745
f 4745 4863 4742
f 5366 4867 5011
f 5011 4867 4866
f 4871 4884 4872
f 4872 4884 4883
f 4872 4883 4117
f 4117 4883 6281
f 6284 4851 6283
f 6283 4851 4795
f 4852 4866 4853
f 4853 4866 4865
f 4871 4870 4856
f 4856 4870 5207
f 4717 4716 4864
f 4864 4716 4861
f 4868 4867 4862
f 4862 4867 4863
f 4268 4855 4269
f 4269 4855 4854
f 4281 4274 4282
f 4282 4274 4765
f 4744 4743 4907
f 4907 4743 4904
f 4874 4881 4820
f 4820 4881 4880
f 4885 5013 4886
f 4886 5013 4980
f 4888 4275 4281
f 4281 4275 4274
f 4902 6282 4903
f 4903 6282 6281
f 6283 4979 6284
f 6284 4979 4978
f 4282 4765 4269
f 4269 4765 4266
f 4880 4879 4902
f 4902 4879 6282
f 4903 6281 4886
f 4886 6281 4883
f 4882 4881 6283
f 6283 4881 4979
f 5013 4885 4267
f 4267 4885 4268
f 4888 4887 4744
f 4744 4887 4745
f 4410 6285 4411
f 4411 6285 4812
f 4750 4749 6286
f 6286 4749 6287
f 6289 4695 6288
f 6288 4695 4255
f 4750 4675 4751
f 4751 4675 4965
f 6290 6291 4963
f 4963 6291 4960
f 4807 4806 4411
f 4411 4806 4408
f 6292 6293 4959
f 4959 6293 4956
f 4958 6294 4959
f 4959 6294 4955
f 4962 4964 4963
f 4963 4964 4805
f 4962 4961 4751
f 4751 4961 4748
f 6296 6297 6295
f 6295 6297 6298
f 6299 6300 6288
f 6288 6300 4735
f 6302 4961 6301
f 6301 4961 4960
f 6304 6287 6303
f 6303 6287 4749
f 4968 6305 4969
f 4969 6305 6306
f 4413 6308 6307
f 6307 6308 4900
f 6301 4960 6309
f 6309 4960 6291
f 4412 4408 6310
f 6310 4408 4806
f 4696 6311 4256
f 4256 6311 6312
f 6303 4749 6313
f 6313 4749 4748
f 6313 4748 6302
f 6302 4748 4961
f 6315 6316 6314
f 6314 6316 6317
f 4084 6318 6315
f 6315 6318 6316
f 4083 6319 4084
f 4084 6319 6318
f 4112 6320 4083
f 4083 6320 6319
f 6322 4138 6321
f 6321 4138 4137
f 6324 4128 6323
f 6323 4128 4127
f 4127 4193 6323
f 6323 4193 6325
f 4193 4891 6325
f 6325 4891 6326
f 4891 6327 6326
f 6326 6327 6328
f 6327 4824 5227
f 5227 4824 5228
f 5231 4684 6329
f 6329 4684 4683
f 4683 4099 6329
f 6329 4099 6330
f 4099 4102 6330
f 6330 4102 6331
f 4174 4826 4429
f 4429 4826 4829
f 4173 4741 4174
f 4174 4741 4826
f 4180 4738 4173
f 4173 4738 4741
f 6332 6333 4180
f 4180 6333 4738
f 6274 6334 4186
f 4186 6334 4188
f 4181 4825 4180
f 4180 4825 6332
f 5044 5213 5045
f 5045 5213 5165
f 5046 5087 5047
f 5047 5087 5222
f 5077 5063 5078
f 5078 5063 5198
f 5081 5099 5082
f 5082 5099 5194
f 5095 5074 5096
f 5096 5074 5073
f 5373 5170 5096
f 5096 5170 5093
f 5375 5171 5373
f 5373 5171 5170
f 5047 5222 5375
f 5375 5222 5171
f 5046 5038 5376
f 5376 5038 5067
f 5377 5086 5376
f 5376 5086 5085
f 5045 5165 5377
f 5377 5165 5086
f 5378 5214 5044
f 5044 5214 5213
f 5077 5034 5378
f 5378 5034 5214
f 5082 5194 5078
f 5078 5194 5035
f 5081 5080 5379
f 5379 5080 6335
f 5379 6335 5095
f 5095 6335 5074
f 5032 5080 5033
f 5033 5080 5079
f 5040 5017 5041
f 5041 5017 5016
f 5050 5043 5051
f 5051 5043 5042
f 5065 5023 5066
f 5066 5023 5022
f 5050 5049 5065
f 5065 5049 5023
f 5041 5016 5068
f 5068 5016 5020
f 5071 5374 5072
f 5072 5374 5200
f 5075 5156 5076
f 5076 5156 5155
f 5162 5212 5068
f 5068 5212 5067
f 5075 5074 5192
f 5192 5074 6335
f 5066 5022 5199
f 5199 5022 5196
f 5076 5155 5072
f 5072 5155 5069
f 5040 5039 5071
f 5071 5039 5374
f 5162 5161 5051
f 5051 5161 5048
f 5192 6335 5032
f 5032 6335 5080
f 5199 5196 5033
f 5033 5196 5030
f 5018 5211 5019
f 5019 5211 5408
f 5019 5408 5021
f 5021 5408 5163
f 5024 5057 5025
f 5025 5057 5415
f 5028 5048 5029
f 5029 5048 5161
f 5054 5031 5055
f 5055 5031 5030
f 5024 5023 5058
f 5058 5023 5049
f 5061 5070 5062
f 5062 5070 5069
f 5157 5438 5158
f 5158 5438 5442
f 5160 5191 5054
f 5054 5191 5031
f 5029 5161 5021
f 5021 5161 5020
f 5025 5415 5197
f 5197 5415 5220
f 5158 5442 5062
f 5062 5442 5059
f 5018 5017 5061
f 5061 5017 5070
f 5160 5159 5157
f 5157 5159 5438
f 5028 5027 5058
f 5058 5027 5056
f 5055 5030 5197
f 5197 5030 5196
f 5409 5380 5410
f 5410 5380 6336
f 5026 5413 5027
f 5027 5413 5412
f 5396 5417 5393
f 5393 5417 5416
f 5416 5057 5419
f 5419 5057 5056
f 5417 5396 5426
f 5426 5396 5420
f 5427 5423 5428
f 5428 5423 5422
f 5427 5059 5430
f 5430 5059 5442
f 5409 5408 5433
f 5433 5408 5211
f 5433 5211 5428
f 5428 5211 5060
f 5412 5411 5419
f 5419 5411 5418
f 5436 5053 5437
f 5437 5053 5052
f 5439 5402 5440
f 5440 5402 5401
f 5436 5435 5439
f 5439 5435 5402
f 5410 6336 5413
f 5413 6336 5414
f 5440 5401 5430
f 5430 5401 5429
f 5426 5420 5437
f 5437 5420 5434
f 5382 5432 5383
f 5383 5432 5384
f 5386 6336 5383
f 5383 6336 5380
f 6336 5386 5414
f 5414 5386 5388
f 5391 5418 5392
f 5392 5418 5411
f 5705 5395 5704
f 5704 5395 5394
f 5399 5435 5400
f 5400 5435 5434
f 5403 5441 5404
f 5404 5441 5405
f 5407 5429 5404
f 5404 5429 5401
f 5395 5705 5421
f 5421 5705 5748
f 5424 5706 5425
f 5425 5706 5431
f 5391 5390 5394
f 5394 5390 5704
f 5392 5388 5389
f 5389 5388 5387
f 5382 5381 5425
f 5425 5381 5422
f 5407 5406 5424
f 5424 5406 5706
f 5403 5402 5399
f 5399 5402 5435
f 5421 5748 5400
f 5400 5748 5397
f 4097 4721 4098
f 4098 4721 4231
f 4233 5273 4098
f 4098 5273 4095
f 6337 6338 4785
f 4785 6338 4786
f 4076 4780 4073
f 4073 4780 4781
f 4782 4190 4781
f 4781 4190 4073
f 4783 4901 4782
f 4782 4901 4190
f 4780 4076 4097
f 4097 4076 4721
f 6337 2879 4701
f 4701 2879 2878
f 5280 6339 5272
f 5272 6339 6340
f 5282 5281 6341
f 6341 5281 6342
f 4109 6302 4110
f 4110 6302 6301
f 4283 6304 4284
f 4284 6304 6303
f 6305 4379 6306
f 6306 4379 4378
f 4110 6301 4428
f 4428 6301 6309
f 6310 4688 4412
f 4412 4688 4687
f 4284 6303 4753
f 4753 6303 6313
f 4753 6313 4109
f 4109 6313 6302
f 6343 5226 4428
f 4428 5226 4427
f 4147 4900 4416
f 4416 4900 6308
f 6312 6311 4241
f 4241 6311 4720
f 5223 6344 4702
f 4702 6344 4699
f 4221 4220 6345
f 6345 4220 6346
f 5276 5275 6347
f 6347 5275 6348
f 5275 4728 6348
f 6348 4728 6349
f 4727 6350 5284
f 5284 6350 5285
f 6351 6352 6354
f 6354 6352 6353
f 5313 5312 5292
f 5292 5312 5293
f 5312 5344 5293
f 5293 5344 5337
f 5344 4914 5337
f 5337 4914 4916
f 4914 4913 4916
f 4916 4913 4917
f 4913 6355 4917
f 4917 6355 4978
f 6356 6357 6284
f 6284 6357 5012
f 6357 6358 5012
f 5012 6358 5011
f 5011 6358 5366
f 5366 6358 6359
f 6360 4742 6359
f 6359 4742 5366
f 4743 6361 4904
f 4904 6361 5364
f 5363 4905 5364
f 5364 4905 4904
f 5363 6362 4905
f 4905 6362 4207
f 6362 6363 4207
f 4207 6363 4208
f 6363 5342 4208
f 4208 5342 5330
f 5342 5341 5330
f 5330 5341 4244
f 5341 6364 4244
f 4244 6364 4245
f 6364 6365 4245
f 4245 6365 4246
f 6366 6367 4253
f 4253 6367 4250
f 4214 6368 4211
f 4211 6368 4380
f 4380 4379 4211
f 4211 4379 4283
f 4379 6305 4283
f 4283 6305 6304
f 6305 4968 6304
f 6304 4968 6287
f 4968 4967 6287
f 6287 4967 6286
f 4967 6297 6286
f 6286 6297 4676
f 6296 4376 4288
f 4288 4376 4285
f 4376 4373 4285
f 4285 4373 4290
f 6369 6370 6372
f 6372 6370 6371
f 5245 6373 5246
f 5246 6373 6374
f 4317 6375 4318
f 4318 6375 6376
f 4331 6377 4332
f 4332 6377 6378
f 6379 4333 6376
f 6376 4333 4318
f 4343 6380 4344
f 4344 6380 6381
f 4347 6382 4348
f 4348 6382 6383
f 4374 6371 4331
f 4331 6371 6377
f 4333 6379 4426
f 4426 6379 6384
f 4690 6385 4347
f 4347 6385 6382
f 4332 6378 4317
f 4317 6378 6375
f 4922 6386 4923
f 4923 6386 6387
f 6388 6389 4375
f 4375 6389 6390
f 6355 6356 4978
f 4978 6356 6284
f 4742 6360 4743
f 4743 6360 6361
f 6391 4238 6392
f 6392 4238 4719
f 6392 4719 6393
f 6393 4719 5296
f 6395 6396 6394
f 6394 6396 6397
f 6399 6400 6398
f 6398 6400 6401
f 6402 5302 6403
f 6403 5302 5303
f 5303 5321 6403
f 6403 5321 6404
f 5320 6405 5321
f 5321 6405 6404
f 5319 6406 5350
f 5350 6406 5351
f 5319 5318 6406
f 6406 5318 6407
f 5288 4197 6408
f 6408 4197 6409
f 4217 4216 6410
f 6410 4216 6411
f 5227 6412 6327
f 6327 6412 6328
f 4892 6413 5227
f 5227 6413 6412
f 4228 6414 4892
f 4892 6414 6413
f 4227 6415 4228
f 4228 6415 6414
f 4248 6416 4227
f 4227 6416 6415
f 4247 6417 4248
f 4248 6417 6416
f 6417 4247 6419
f 6419 4247 6418
f 6419 6418 6421
f 6421 6418 6420
f 6422 5301 6423
f 6423 5301 5300
f 6423 5300 6424
f 6424 5300 6399
f 6408 6409 6398
f 6398 6409 6425
f 6426 6427 6397
f 6397 6427 6394
f 6428 4224 6429
f 6429 4224 4223
f 6347 6346 5276
f 5276 6346 4220
f 6346 6347 6341
f 6341 6347 6339
f 5280 5278 5282
f 5282 5278 4236
f 4896 5224 4684
f 4684 5224 4681
f 4132 4135 4896
f 4896 4135 5224
f 4131 4136 4132
f 4132 4136 4135
f 4226 4754 4131
f 4131 4754 4136
f 4251 4213 4226
f 4226 4213 4754
f 4250 4214 4251
f 4251 4214 4213
f 4250 6367 4214
f 4214 6367 6368
f 6367 4910 6368
f 6368 4910 4737
f 4909 5297 4736
f 4736 5297 5296
f 5297 6395 5296
f 5296 6395 6393
f 6427 6430 6394
f 6394 6430 6431
f 6429 4383 6428
f 6428 4383 4382
f 4219 5277 4220
f 4220 5277 5276
f 4222 4697 4383
f 4383 4697 4218
f 6345 4699 4221
f 4221 4699 6344
f 6342 4700 6345
f 6345 4700 4699
f 4235 4786 5281
f 5281 4786 6338
f 4234 4787 4235
f 4235 4787 4786
f 5279 5278 6432
f 6432 5278 5271
f 4237 5279 6433
f 6433 5279 6432
f 4787 4234 6433
f 6433 4234 4237
f 6435 6436 6434
f 6434 6436 6437
f 6359 6438 6360
f 6360 6438 6437
f 6439 6440 6441
f 6441 6440 6438
f 6443 6439 6442
f 6442 6439 6441
f 6357 6356 6442
f 6442 6356 6444
f 6444 6446 6445
f 6445 6446 6447
f 4912 6446 4913
f 4913 6446 6355
f 6361 6436 5364
f 5364 6436 5365
f 5319 5350 5316
f 5316 5350 6448
f 4832 6449 5350
f 5350 6449 6448
f 4831 6450 4832
f 4832 6450 6449
f 5354 6451 5320
f 5320 6451 6405
f 4265 6452 5354
f 5354 6452 6451
f 4264 6453 4265
f 4265 6453 6452
f 6450 4831 6447
f 6447 4831 6445
f 4263 6435 4264
f 4264 6435 6434
f 6454 6453 6439
f 6439 6453 6440
f 6439 6443 6454
f 6454 6443 4834
f 4833 6455 4834
f 4834 6455 6454
f 5351 6456 4833
f 4833 6456 6455
f 6457 6391 6458
f 6458 6391 6392
f 6458 6392 6431
f 6431 6392 6393
f 5298 6396 5297
f 5297 6396 6395
f 6402 6400 5302
f 5302 6400 5299
f 6402 6403 6459
f 6459 6403 6460
f 6460 6403 6461
f 6461 6403 6404
f 6405 6462 6404
f 6404 6462 6461
f 6406 6462 5351
f 5351 6462 6456
f 6406 6407 6462
f 6462 6407 6461
f 6407 6463 6461
f 6461 6463 6460
f 6463 6464 6460
f 6460 6464 6459
f 6464 6465 6459
f 6459 6465 6401
f 6430 6466 6431
f 6431 6466 6458
f 6466 6410 6458
f 6458 6410 6457
f 6410 6411 6457
f 6457 6411 6467
f 6396 6424 6397
f 6397 6424 6425
f 6393 6395 6431
f 6431 6395 6394
f 6451 6456 6405
f 6405 6456 6462
f 6452 6455 6451
f 6451 6455 6456
f 6453 6454 6452
f 6452 6454 6455
f 6443 6445 4834
f 4834 6445 4831
f 6440 6453 6434
f 6434 6453 4264
f 6468 5306 5360
f 5360 5306 5305
f 6469 4124 6468
f 6468 4124 5306
f 6470 4125 6469
f 6469 4125 4124
f 6471 5291 6470
f 6470 5291 4125
f 6353 5292 6471
f 6471 5292 5291
f 5292 6353 5313
f 5313 6353 6352
f 5347 5314 6352
f 6352 5314 5313
f 5353 5318 5346
f 5346 5318 5317
f 5334 6468 5358
f 5358 6468 5360
f 5324 6469 5334
f 5334 6469 6468
f 5323 6470 5324
f 5324 6470 6469
f 5343 6471 5323
f 5323 6471 6470
f 6354 6353 5343
f 5343 6353 6471
f 6348 6349 4270
f 4270 6349 5311
f 5272 6340 5273
f 5273 6340 4272
f 6432 5271 4232
f 4232 5271 4233
f 4294 6432 4295
f 4295 6432 4232
f 6432 4294 6433
f 6433 4294 4301
f 4301 4300 6433
f 6433 4300 4787
f 4704 4784 4300
f 4300 4784 4787
f 4704 3013 4784
f 4784 3013 1307
f 5103 6472 5104
f 5104 6472 5202
f 5108 5116 5105
f 5105 5116 5115
f 5111 5124 5112
f 5112 5124 5123
f 5154 5205 5105
f 5105 5205 5106
f 5167 5180 5168
f 5168 5180 5185
f 5175 5188 5176
f 5176 5188 5187
f 5112 5123 5178
f 5178 5123 5120
f 5167 5090 5183
f 5183 5090 5089
f 5210 5151 5183
f 5183 5151 5181
f 5216 5138 5217
f 5217 5138 5137
f 5218 5119 5219
f 5219 5119 5221
f 5218 5178 5119
f 5119 5178 5120
f 5217 5137 5104
f 5104 5137 5101
f 5116 5108 5221
f 5221 5108 5219
f 5111 5110 5210
f 5210 5110 5151
f 5154 5153 5103
f 5103 5153 6472
f 5216 5215 5176
f 5176 5215 5173
f 5175 5174 5168
f 5168 5174 5166
f 5091 5172 5092
f 5092 5172 5208
f 5117 5037 5118
f 5118 5037 5036
f 5121 5164 5122
f 5122 5164 5133
f 5125 5084 5126
f 5126 5084 5083
f 5129 5174 5130
f 5130 5174 5173
f 5131 5202 5132
f 5132 5202 6472
f 5135 5221 5122
f 5122 5221 5119
f 5125 5124 5136
f 5136 5124 5209
f 5126 5083 5121
f 5121 5083 5164
f 5118 5036 5195
f 5195 5036 5193
f 5131 5097 5203
f 5203 5097 5114
f 5132 6472 5195
f 5195 6472 5153
f 5136 5209 5092
f 5092 5209 5089
f 5135 5134 5117
f 5117 5134 5037
f 5362 5206 5130
f 5130 5206 5127
f 5372 5371 5128
f 5128 5371 5129
f 5371 5372 5091
f 5091 5372 5172
f 5362 5215 5203
f 5203 5215 5201
f 6463 6407 5353
f 5353 6407 5318
f 6464 6463 5352
f 5352 6463 5353
f 6408 6465 5288
f 5288 6465 5289
f 4196 4224 6426
f 6426 4224 6427
f 6430 6427 6428
f 6428 6427 4224
f 6466 6430 4382
f 4382 6430 6428
f 6410 6466 4217
f 4217 6466 4382
f 4240 4239 3015
f 3015 4239 3016
f 4254 4257 3017
f 3017 4257 3018
f 6473 6474 4732
f 4732 6474 6475
f 6474 6374 6475
f 6475 6374 6373
f 5246 6374 3022
f 3022 6374 3023
f 4254 6299 4255
f 4255 6299 6288
f 6473 6300 3024
f 3024 6300 3025
f 6476 4257 6312
f 6312 4257 4256
f 4240 6476 4241
f 4241 6476 6312
f 6477 4239 6391
f 6391 4239 4238
f 6467 6477 6457
f 6457 6477 6391
f 6411 3029 6467
f 6467 3029 3028
f 4216 3030 6411
f 6411 3030 3029
f 6479 6480 6478
f 6478 6480 6481
f 6483 6484 6482
f 6482 6484 6485
f 6486 6487 4102
f 4102 6487 6331
f 6483 6488 6478
f 6478 6488 6489
f 4429 4829 6490
f 6490 4829 6479
f 6491 6486 4101
f 4101 6486 4102
f 4895 6491 4899
f 4899 6491 4101
f 4160 6488 4157
f 4157 6488 6492
f 6489 4087 6490
f 6490 4087 4090
f 4267 4261 5013
f 5013 4261 4260
f 4258 4261 5328
f 5328 4261 4975
f 4261 4267 4975
f 4975 4267 4266
f 5367 3793 3912
f 3912 3793 3575
f 6494 3616 6493
f 6493 3616 3795
f 6496 3589 6495
f 6495 3589 3588
f 6495 3588 5368
f 5368 3588 3794
f 3841 3840 3050
f 3050 3840 3051
f 3912 3911 3052
f 3052 3911 3053
f 3929 3930 3054
f 3054 3930 3055
f 5370 3930 3916
f 3916 3930 3923
f 3938 5369 3807
f 3807 5369 3915
f 3589 6496 3806
f 3806 6496 3937
f 3938 3937 3056
f 3056 3937 3057
f 3051 3840 3058
f 3058 3840 3943
f 3730 4808 3727
f 3727 4808 3943
f 3820 3951 3795
f 3795 3951 6493
f 3951 3841 3059
f 3059 3841 3050
f 3911 3574 6494
f 6494 3574 3616
f 3823 3929 3824
f 3824 3929 3952
f 4061 4060 3060
f 3060 4060 3061
f 6497 6498 4901
f 4901 6498 4790
f 6333 6499 4738
f 4738 6499 4739
f 6500 6501 6314
f 6314 6501 4418
f 6502 6275 4417
f 4417 6275 4185
f 6503 6497 4783
f 4783 6497 4901
f 6498 4060 4790
f 4790 4060 4059
f 4808 4061 3069
f 3069 4061 3060
f 5367 3071 5368
f 5368 3071 3070
f 5369 3073 5370
f 5370 3073 3072
f 6274 6275 3074
f 3074 6275 3075
f 6499 6504 4739
f 4739 6504 6317
f 6333 6332 3077
f 3077 6332 3078
f 6334 6274 3079
f 3079 6274 3074
f 6332 4825 3078
f 3078 4825 3080
f 6334 6503 4188
f 4188 6503 4783
f 4825 4689 3080
f 3080 4689 1330
f 6506 4747 6505
f 6505 4747 4746
f 6505 6507 6506
f 6506 6507 6508
f 4297 6509 4920
f 4920 6509 6510
f 4296 6511 4297
f 4297 6511 6509
f 6506 6508 4319
f 4319 6508 6512
f 4372 4371 6514
f 6514 4371 6513
f 6511 4296 5251
f 5251 4296 4305
f 5251 5250 6511
f 6511 5250 6515
f 6516 6509 6515
f 6515 6509 6511
f 6517 6507 6519
f 6519 6507 6518
f 6512 6520 6513
f 6513 6520 6514
f 6507 6517 6508
f 6508 6517 6521
f 5249 6523 6522
f 6522 6523 6524
f 6525 6370 5253
f 5253 6370 6526
f 4370 4323 4371
f 4371 4323 4326
f 4370 3103 4323
f 4323 3103 1541
f 6521 6517 6527
f 6527 6517 6519
f 6520 6528 6514
f 6514 6528 6529
f 6531 6532 6530
f 6530 6532 6533
f 5250 6534 6515
f 6515 6534 6535
f 6530 6533 6536
f 6536 6533 6537
f 6526 6538 6534
f 6534 6538 6537
f 6515 6535 6516
f 6516 6535 6539
f 4325 4321 4326
f 4326 4321 4320
f 4371 4326 6513
f 6513 4326 4320
f 6531 4731 6541
f 6541 4731 6540
f 4731 4730 6540
f 6540 4730 6542
f 4730 3121 6542
f 6542 3121 3120
f 6530 4328 6531
f 6531 4328 4731
f 4328 6530 4329
f 4329 6530 6536
f 4329 6536 6524
f 6524 6536 6543
f 6544 6545 6522
f 6522 6545 5248
f 6389 6388 5245
f 5245 6388 6373
f 6388 6546 6373
f 6373 6546 6475
f 4733 6546 6295
f 6295 6546 4377
f 4732 6475 4733
f 4733 6475 6546
f 4393 4432 4394
f 4394 4432 4435
f 4434 4672 4842
f 4842 4672 4671
f 4440 4439 4441
f 4441 4439 4438
f 4436 4450 4437
f 4437 4450 4398
f 4447 4444 4448
f 4448 4444 4392
f 4446 4464 4433
f 4433 4464 6547
f 4454 4423 4455
f 4455 4423 4422
f 4452 4481 4453
f 4453 4481 4480
f 4458 4389 4459
f 4459 4389 4388
f 4456 4471 4457
f 4457 4471 4468
f 4391 4460 4392
f 4392 4460 4448
f 4461 4467 4445
f 4445 4467 4465
f 4437 4398 4629
f 4629 4398 4397
f 4438 4628 4441
f 4441 4628 4631
f 4841 4629 4839
f 4839 4629 4397
f 4628 4842 4631
f 4631 4842 4671
f 4930 4989 4452
f 4452 4989 4481
f 4929 4927 4436
f 4436 4927 4450
f 4933 4387 4934
f 4934 4387 4386
f 4931 4475 4932
f 4932 4475 4474
f 4936 4449 4933
f 4933 4449 4387
f 4935 4472 4456
f 4456 4472 4471
f 4389 4458 4391
f 4391 4458 4460
f 4457 4468 4461
f 4461 4468 4467
f 4934 4386 4454
f 4454 4386 4423
f 4453 4480 4931
f 4931 4480 4475
f 4575 4997 4576
f 4576 4997 4639
f 4579 4596 4580
f 4580 4596 4595
f 4583 4582 4572
f 4572 4582 4569
f 4587 4944 4588
f 4588 4944 4562
f 4588 4562 4590
f 4590 4562 4561
f 4576 4639 4642
f 4642 4639 4638
f 4642 4845 4641
f 4641 4845 4846
f 4845 4590 4846
f 4846 4590 4561
f 4941 4938 4595
f 4595 4938 4580
f 4938 4940 4668
f 4668 4940 4669
f 4583 4942 4584
f 4584 4942 4947
f 4582 4587 4569
f 4569 4587 4586
f 5000 5001 4579
f 4579 5001 4596
f 4558 4560 4585
f 4585 4560 4586
f 4565 4639 4566
f 4566 4639 4997
f 4568 4567 4577
f 4577 4567 4578
f 4570 4554 4571
f 4571 4554 4556
f 4640 4565 4637
f 4637 4565 4546
f 4662 4664 4665
f 4665 4664 4844
f 4662 4558 4589
f 4589 4558 4585
f 4554 4570 4557
f 4557 4570 4560
f 4571 4667 4572
f 4572 4667 4943
f 4551 4670 4552
f 4552 4670 4666
f 4640 4664 4638
f 4638 4664 4663
f 4670 4568 4668
f 4668 4568 4577
f 4999 4996 4566
f 4566 4996 4543
f 4608 4564 4603
f 4603 4564 4563
f 4573 4593 4574
f 4574 4593 4592
f 4597 4614 4598
f 4598 4614 4613
f 4601 4600 4584
f 4584 4600 4581
f 4563 4562 4604
f 4604 4562 4944
f 4643 4593 4641
f 4641 4593 4573
f 4643 4847 4644
f 4644 4847 4848
f 4564 4847 4561
f 4561 4847 4846
f 4945 4941 4598
f 4598 4941 4595
f 4941 4945 4939
f 4939 4945 4946
f 4601 4948 4602
f 4602 4948 4620
f 4600 4604 4581
f 4581 4604 4944
f 5002 5003 4597
f 4597 5003 4614
f 4988 4759 4953
f 4953 4759 4402
f 4706 6548 4707
f 4707 6548 6549
f 4311 4928 4419
f 4419 4928 6550
f 4921 4920 6551
f 6551 4920 6552
f 4925 6553 4926
f 4926 6553 6554
f 4928 4921 4802
f 4802 4921 6551
f 6555 4985 6550
f 6550 4985 4419
f 4952 6556 4953
f 4953 6556 4649
f 4971 6557 4706
f 4706 6557 6548
f 4988 4648 4925
f 4925 4648 6553
f 4707 6549 5006
f 5006 6549 4987
f 4920 6510 6552
f 6552 6510 6518
f 6558 6510 6516
f 6516 6510 6509
f 6559 6558 6539
f 6539 6558 6516
f 6531 6541 6532
f 6532 6541 6560
f 6540 6561 6541
f 6541 6561 6529
f 6542 6562 6540
f 6540 6562 6561
f 6542 3120 6562
f 6562 3120 3142
f 4366 6563 4760
f 4760 6563 4970
f 4815 6564 4816
f 4816 6564 6565
f 3147 3146 6565
f 6565 3146 4816
f 6564 6563 6565
f 6565 6563 6566
f 4837 4385 4357
f 4357 4385 4358
f 6565 6566 3147
f 3147 6566 3149
f 4694 1209 3150
f 5247 5249 5248
f 5248 5249 6522
f 6372 6390 6545
f 6545 6390 6389
f 6375 5254 6376
f 6376 5254 5258
f 6377 6525 6378
f 6378 6525 5255
f 5260 6379 5258
f 5258 6379 6376
f 6380 6567 6381
f 6381 6567 6568
f 6382 6569 6383
f 6383 6569 6570
f 6377 6371 6525
f 6525 6371 6370
f 6379 5260 6384
f 6384 5260 6571
f 6385 6572 6382
f 6382 6572 6569
f 6378 5255 6375
f 6375 5255 5254
f 6386 6573 6387
f 6387 6573 6574
f 6545 6389 5248
f 5248 6389 5245
f 4675 4750 4676
f 4676 4750 6286
f 4734 6289 4735
f 4735 6289 6288
f 4804 6290 4805
f 4805 6290 4963
f 4811 4807 4812
f 4812 4807 4411
f 4954 6292 4955
f 4955 6292 4959
f 4964 4962 4965
f 4965 4962 4751
f 6285 4821 4812
f 4812 4821 4809
f 4675 4287 4965
f 4965 4287 4210
f 6294 4145 4955
f 4955 4145 4154
f 4964 4120 4805
f 4805 4120 4119
f 6298 4966 4734
f 4734 4966 6289
f 6300 6473 4735
f 4735 6473 4732
f 6297 6296 4676
f 4676 6296 4288
f 6523 3160 4330
f 4330 3160 3159
f 5253 5252 6525
f 6525 5252 5255
f 5256 5252 4305
f 4305 5252 5251
f 4304 5257 4305
f 4305 5257 5256
f 4424 5259 4304
f 4304 5259 5257
f 5261 6571 5259
f 5259 6571 5260
f 5262 6573 5261
f 5261 6573 6571
f 5264 6567 5265
f 5265 6567 6574
f 5266 6572 5267
f 5267 6572 6568
f 5268 6570 5269
f 5269 6570 6569
f 1807 3161 5268
f 5268 3161 6570
f 6524 6523 4329
f 4329 6523 4330
f 5253 6526 5250
f 5250 6526 6534
f 6543 6538 6544
f 6544 6538 6369
f 6524 6543 6522
f 6522 6543 6544
f 3071 5367 3052
f 3052 5367 3912
f 6493 3163 6494
f 6494 3163 3162
f 3164 445 3771
f 3771 445 3761
f 461 3165 3919
f 3919 3165 3920
f 330 410 3839
f 3839 410 3910
f 332 331 3552
f 3552 331 3551
f 464 304 3918
f 3918 304 3816
f 385 458 3766
f 3766 458 3894
f 412 415 3762
f 3762 415 3763
f 3166 337 3748
f 3748 337 3745
f 3072 3055 5370
f 5370 3055 3930
f 3073 5369 3056
f 3056 5369 3938
f 3167 3057 6496
f 6496 3057 3937
f 3069 3058 4808
f 4808 3058 3943
f 411 3166 3851
f 3851 3166 3748
f 3059 3163 3951
f 3951 3163 6493
f 336 3164 3772
f 3772 3164 3771
f 3053 3911 3162
f 3162 3911 6494
f 3054 3168 3929
f 3929 3168 3952
f 3165 830 3920
f 3920 830 3945
f 3170 3169 6497
f 6497 3169 6498
f 3171 1354 5005
f 5005 1354 4830
f 3172 3170 6503
f 6503 3170 6497
f 3169 3061 6498
f 6498 3061 4060
f 3173 3171 5006
f 5006 3171 5005
f 3079 3172 6334
f 6334 3172 6503
f 3174 3025 6299
f 6299 3025 6300
f 6576 6577 6575
f 6575 6577 6578
f 4612 4611 6579
f 6579 4611 6580
f 6582 6583 6581
f 6581 6583 6584
f 6584 6585 4618
f 4618 6585 4621
f 6586 6587 6589
f 6589 6587 6588
f 6588 6587 6590
f 6590 6587 6591
f 6592 4606 6590
f 6590 4606 4623
f 6594 6576 6593
f 6593 6576 6575
f 6595 6582 6579
f 6579 6582 6581
f 6580 6597 6596
f 6596 6597 6598
f 6577 6576 6599
f 6599 6576 6600
f 6595 6596 6601
f 6601 6596 6602
f 6583 6582 6603
f 6603 6582 6604
f 6586 6606 6605
f 6605 6606 6607
f 6587 6586 6608
f 6608 6586 6605
f 6587 6608 6591
f 6591 6608 6609
f 6576 6594 6600
f 6600 6594 6610
f 6582 6595 6604
f 6604 6595 6601
f 6599 6611 6577
f 6577 6611 6598
f 6613 6614 6612
f 6612 6614 6615
f 6617 6618 6616
f 6616 6618 6619
f 6621 6622 6620
f 6620 6622 6623
f 6625 6626 6624
f 6624 6626 6627
f 6629 6630 6628
f 6628 6630 6631
f 6633 6634 6632
f 6632 6634 6635
f 6637 6638 6636
f 6636 6638 6639
f 6640 6641 6637
f 6637 6641 6638
f 6643 6633 6642
f 6642 6633 6632
f 6645 6646 6644
f 6644 6646 6647
f 6646 6648 6647
f 6647 6648 6649
f 6651 6652 6650
f 6650 6652 6653
f 6653 6652 6654
f 6654 6652 6655
f 6656 6657 6659
f 6659 6657 6658
f 6661 6662 6660
f 6660 6662 6663
f 6662 6661 6664
f 6664 6661 6665
f 6667 6657 6666
f 6666 6657 6656
f 6669 6670 6668
f 6668 6670 6671
f 6672 6673 6670
f 6670 6673 6671
f 6674 6675 6677
f 6677 6675 6676
f 6675 6678 6676
f 6676 6678 6679
f 6681 6682 6680
f 6680 6682 6683
f 6684 6685 6683
f 6683 6685 6680
f 6687 6688 6686
f 6686 6688 6689
f 6687 6690 6688
f 6688 6690 6691
f 6619 6618 6633
f 6633 6618 6634
f 6632 6635 6693
f 6693 6635 6692
f 6617 6694 6636
f 6636 6694 6637
f 6695 6692 6639
f 6639 6692 6635
f 6637 6694 6640
f 6640 6694 6696
f 6698 6638 6697
f 6697 6638 6641
f 6643 6616 6633
f 6633 6616 6619
f 6642 6699 6641
f 6641 6699 6697
f 6646 6645 6700
f 6700 6645 6621
f 6644 6701 6654
f 6654 6701 6702
f 6700 6703 6646
f 6646 6703 6648
f 6693 6704 6649
f 6649 6704 6647
f 6620 6623 6651
f 6651 6623 6652
f 6693 6649 6699
f 6699 6649 6650
f 6652 6623 6655
f 6655 6623 6622
f 6654 6702 6653
f 6653 6702 6697
f 6615 6614 6657
f 6657 6614 6658
f 6705 6656 6704
f 6704 6656 6659
f 6613 6706 6660
f 6660 6706 6661
f 6704 6659 6701
f 6701 6659 6663
f 6661 6706 6665
f 6665 6706 6707
f 6708 6702 6664
f 6664 6702 6662
f 6612 6615 6667
f 6667 6615 6657
f 6666 6709 6664
f 6664 6709 6708
f 6629 6710 6669
f 6669 6710 6670
f 6668 6711 6679
f 6679 6711 6712
f 6713 6672 6710
f 6710 6672 6670
f 6714 6671 6705
f 6705 6671 6673
f 6628 6631 6674
f 6674 6631 6675
f 6705 6673 6709
f 6709 6673 6677
f 6631 6630 6675
f 6675 6630 6678
f 6712 6708 6679
f 6679 6708 6676
f 6625 6715 6682
f 6682 6715 6683
f 6716 6717 6681
f 6681 6717 6691
f 6718 6684 6715
f 6715 6684 6683
f 6719 6680 6714
f 6714 6680 6685
f 6624 6627 6686
f 6686 6627 6687
f 6689 6711 6685
f 6685 6711 6714
f 6627 6626 6687
f 6687 6626 6690
f 6717 6712 6691
f 6691 6712 6688
f 6612 6707 6613
f 6613 6707 6706
f 6616 6696 6617
f 6617 6696 6694
f 6703 6700 6620
f 6620 6700 6621
f 6715 6625 6718
f 6718 6625 6624
f 6710 6629 6713
f 6713 6629 6628
f 6639 6635 6636
f 6636 6635 6634
f 6641 6640 6642
f 6642 6640 6643
f 6654 6655 6644
f 6644 6655 6645
f 6651 6650 6648
f 6648 6650 6649
f 6659 6658 6663
f 6663 6658 6660
f 6665 6667 6664
f 6664 6667 6666
f 6678 6669 6679
f 6679 6669 6668
f 6673 6672 6677
f 6677 6672 6674
f 6690 6682 6691
f 6691 6682 6681
f 6685 6684 6689
f 6689 6684 6686
f 6636 6634 6617
f 6617 6634 6618
f 6638 6698 6639
f 6639 6698 6695
f 6640 6696 6643
f 6643 6696 6616
f 6693 6699 6632
f 6632 6699 6642
f 6655 6622 6645
f 6645 6622 6621
f 6704 6701 6647
f 6647 6701 6644
f 6651 6648 6620
f 6620 6648 6703
f 6650 6653 6699
f 6699 6653 6697
f 6613 6660 6614
f 6614 6660 6658
f 6663 6662 6701
f 6701 6662 6702
f 6665 6707 6667
f 6667 6707 6612
f 6705 6709 6656
f 6656 6709 6666
f 6630 6629 6678
f 6678 6629 6669
f 6714 6711 6671
f 6671 6711 6668
f 6672 6713 6674
f 6674 6713 6628
f 6677 6676 6709
f 6709 6676 6708
f 6626 6625 6690
f 6690 6625 6682
f 6680 6719 6681
f 6681 6719 6716
f 6684 6718 6686
f 6686 6718 6624
f 6711 6689 6712
f 6689 6688 6712
f 6593 6720 6594
f 6594 6720 6721
f 6722 6720 4607
f 4607 6720 4849
f 6592 6723 6722
f 6722 6723 6724
f 4610 4609 6578
f 6578 4609 6575
f 6596 6595 6580
f 6580 6595 6579
f 4618 4617 6584
f 6584 4617 6581
f 6589 6585 6586
f 6586 6585 6606
f 4622 4619 6588
f 6588 4619 6589
f 4622 6588 4623
f 4623 6588 6590
f 4609 4645 6575
f 6575 4645 6593
f 4617 4612 6581
f 6581 4612 6579
f 5004 4610 6597
f 6597 4610 6578
f 4645 4849 6593
f 6593 4849 6720
f 6724 6721 6722
f 6722 6721 6720
f 6722 4607 6592
f 6592 4607 4606
f 6725 6610 6721
f 6721 6610 6594
f 6723 6726 6724
f 6724 6726 6727
f 6727 6725 6724
f 6724 6725 6721
f 6728 6729 6605
f 6605 6729 6608
f 6605 6607 6728
f 6728 6607 6730
f 6731 6732 6604
f 6604 6732 6603
f 6733 6734 6725
f 6725 6734 6610
f 6735 6733 6727
f 6727 6733 6725
f 6735 6727 6736
f 6736 6727 6726
f 6591 6609 6723
f 6723 6609 6726
f 6723 6592 6591
f 6591 6592 6590
f 6738 6739 6737
f 6737 6739 6740
f 6740 6739 6742
f 6742 6739 6741
f 6743 6744 6741
f 6741 6744 6742
f 6745 6746 6743
f 6743 6746 6744
f 6747 6748 6745
f 6745 6748 6746
f 6749 6750 6747
f 6747 6750 6748
f 6752 6738 6751
f 6751 6738 6737
f 6754 6752 6753
f 6753 6752 6751
f 6756 6754 6755
f 6755 6754 6753
f 6758 6750 6757
f 6757 6750 6749
f 6760 6756 6759
f 6759 6756 6755
f 6762 6760 6761
f 6761 6760 6759
f 6764 6762 6763
f 6763 6762 6761
f 6757 6764 6758
f 6758 6764 6763
f 6766 6741 6765
f 6765 6741 6739
f 6767 6743 6766
f 6766 6743 6741
f 6768 6745 6767
f 6767 6745 6743
f 6769 6747 6768
f 6768 6747 6745
f 6770 6749 6769
f 6769 6749 6747
f 6772 6769 6771
f 6771 6769 6768
f 6773 6770 6772
f 6772 6770 6769
f 6774 6775 6772
f 6772 6775 6773
f 6777 6778 6776
f 6776 6778 6779
f 6775 6774 6778
f 6778 6774 6779
f 6771 6780 6772
f 6772 6780 6774
f 6780 6781 6774
f 6774 6781 6779
f 6781 6782 6779
f 6779 6782 6776
f 6784 6785 6783
f 6783 6785 6786
f 6786 6787 6783
f 6783 6787 6788
f 6790 6788 6789
f 6789 6788 6787
f 6786 6785 6791
f 6791 6785 6792
f 6791 6793 6786
f 6786 6793 6787
f 6793 6794 6787
f 6787 6794 6789
f 6795 6796 6794
f 6794 6796 6789
f 6790 6789 6797
f 6797 6789 6796
f 6798 6765 6738
f 6738 6765 6739
f 6799 6798 6752
f 6752 6798 6738
f 6767 6800 6768
f 6768 6800 6771
f 6766 6801 6767
f 6767 6801 6800
f 6802 6801 6765
f 6765 6801 6766
f 6798 6803 6765
f 6765 6803 6802
f 6804 6803 6799
f 6799 6803 6798
f 6805 6806 6804
f 6804 6806 6803
f 6807 6799 6754
f 6754 6799 6752
f 6808 6804 6807
f 6807 6804 6799
f 6809 6805 6808
f 6808 6805 6804
f 6810 6811 6805
f 6805 6811 6806
f 6812 6813 6810
f 6810 6813 6811
f 6814 6815 6796
f 6796 6815 6797
f 6813 6814 6816
f 6816 6814 6817
f 6816 6818 6813
f 6813 6818 6811
f 6819 6806 6818
f 6818 6806 6811
f 6802 6803 6819
f 6819 6803 6806
f 6757 6749 6820
f 6820 6749 6770
f 6820 6770 6821
f 6821 6770 6773
f 6821 6773 6822
f 6822 6773 6775
f 6822 6775 6823
f 6823 6775 6778
f 6824 6823 6777
f 6777 6823 6778
f 6784 6825 6777
f 6777 6825 6824
f 6826 6827 6788
f 6788 6827 6783
f 6828 6826 6790
f 6790 6826 6788
f 6829 6828 6797
f 6797 6828 6790
f 6815 6830 6797
f 6797 6830 6829
f 6832 6812 6831
f 6831 6812 6810
f 6831 6810 6809
f 6809 6810 6805
f 6736 6800 6735
f 6735 6800 6801
f 6733 6735 6802
f 6802 6735 6801
f 6734 6733 6819
f 6819 6733 6802
f 6833 6734 6818
f 6818 6734 6819
f 6834 6833 6816
f 6816 6833 6818
f 6816 6817 6834
f 6834 6817 6835
f 6837 6795 6836
f 6836 6795 6794
f 6836 6794 6731
f 6731 6794 6793
f 6732 6731 6791
f 6791 6731 6793
f 6791 6792 6732
f 6732 6792 6730
f 6729 6728 6781
f 6781 6728 6782
f 6838 6807 6756
f 6756 6807 6754
f 6839 6838 6760
f 6760 6838 6756
f 6840 6839 6762
f 6762 6839 6760
f 6841 6840 6764
f 6764 6840 6762
f 6820 6841 6757
f 6757 6841 6764
f 6841 6820 6842
f 6842 6820 6821
f 6840 6841 6843
f 6843 6841 6842
f 6839 6840 6844
f 6844 6840 6843
f 6838 6839 6845
f 6845 6839 6844
f 6807 6838 6808
f 6808 6838 6845
f 6842 6821 6846
f 6846 6821 6822
f 6843 6842 6847
f 6847 6842 6846
f 6844 6843 6848
f 6848 6843 6847
f 6845 6844 6849
f 6849 6844 6848
f 6808 6845 6809
f 6809 6845 6849
f 6850 6831 6849
f 6849 6831 6809
f 6851 6850 6848
f 6848 6850 6849
f 6847 6852 6848
f 6848 6852 6851
f 6853 6852 6846
f 6846 6852 6847
f 6846 6822 6853
f 6853 6822 6823
f 6853 6823 6854
f 6854 6823 6824
f 6854 6855 6853
f 6853 6855 6852
f 6856 6851 6855
f 6855 6851 6852
f 6856 6857 6851
f 6851 6857 6850
f 6857 6832 6850
f 6850 6832 6831
f 6825 6858 6824
f 6824 6858 6854
f 6860 6827 6859
f 6859 6827 6826
f 6859 6826 6861
f 6861 6826 6828
f 6862 6861 6829
f 6829 6861 6828
f 6830 6863 6829
f 6829 6863 6862
f 6863 6864 6862
f 6862 6864 6865
f 6858 6866 6854
f 6854 6866 6855
f 6867 6865 6866
f 6866 6865 6864
f 6869 6859 6868
f 6868 6859 6861
f 6867 6869 6865
f 6865 6869 6868
f 6861 6862 6868
f 6868 6862 6865
f 6867 6860 6869
f 6869 6860 6859
f 6753 6751 6698
f 6698 6751 6695
f 6697 6755 6698
f 6698 6755 6753
f 6759 6755 6702
f 6702 6755 6697
f 6761 6759 6708
f 6708 6759 6702
f 6763 6761 6712
f 6712 6761 6708
f 6758 6763 6717
f 6717 6763 6712
f 6750 6758 6716
f 6716 6758 6717
f 6719 6748 6716
f 6716 6748 6750
f 6714 6746 6719
f 6719 6746 6748
f 6705 6744 6714
f 6714 6744 6746
f 6704 6742 6705
f 6705 6742 6744
f 6740 6742 6693
f 6693 6742 6704
f 6737 6740 6692
f 6692 6740 6693
f 6751 6737 6695
f 6695 6737 6692
f 6601 6602 6836
f 6836 6602 6837
f 6604 6601 6731
f 6731 6601 6836
f 6599 6600 6834
f 6834 6600 6833
f 6834 6835 6599
f 6599 6835 6611
f 6600 6610 6833
f 6833 6610 6734
f 6780 6771 6870
f 6870 6771 6736
f 6736 6771 6800
f 6870 6729 6780
f 6780 6729 6781
f 6608 6729 6609
f 6609 6729 6870
f 6609 6870 6726
f 6726 6870 6736
f 5014 5015 5229
f 5229 5015 5230
f 4258 5015 4259
f 4259 5015 4878
f 3471 3013 4703
f 4703 3013 4704
f 2879 6337 1306
f 1306 6337 4785
f 829 3471 4316
f 4316 3471 4703
f 4702 3472 5223
f 5223 3472 1756
f 6871 6872 4534
f 4534 6872 4535
f 6871 4665 6872
f 6872 4665 4844
f 6871 6873 4665
f 4665 6873 4559
f 6871 4534 6873
f 6873 4534 4542
f 4153 4152 4822
f 4822 4152 4407
f 4152 4168 4407
f 4407 4168 4342
f 4343 4168 4923
f 4923 4168 4167
f 4363 4362 4972
f 4972 4362 4840
f 4362 4394 4840
f 4840 4394 4839
f 4401 4400 4986
f 4986 4400 4984
f 4435 4434 4841
f 4841 4434 4842
f 4506 4505 4530
f 4530 4505 4531
f 4506 4535 4507
f 4507 4535 4843
f 4661 4660 4516
f 4516 4660 4517
f 4673 4672 4937
f 4937 4672 6547
f 4400 4924 4984
f 4984 4924 5263
f 4673 4660 4674
f 4674 4660 4659
f 4505 4661 4531
f 4531 4661 4516
f 4952 4401 6874
f 6874 4401 4986
f 4954 4153 6875
f 6875 4153 4822
f 4363 4973 4364
f 4364 4973 4974
f 5264 4924 5267
f 5267 4924 4691
f 6293 6292 6876
f 6876 6292 6877
f 6380 4343 6387
f 6387 4343 4923
f 4394 4435 4839
f 4839 4435 4841
f 4672 4434 6547
f 6547 4434 4433
f 4973 6556 4974
f 4974 6556 6878
f 6567 6380 6574
f 6574 6380 6387
f 6292 4954 6877
f 6877 4954 6875
f 6567 5264 6568
f 6568 5264 5267
f 4145 4144 4154
f 4154 4144 4151
f 4194 4144 4425
f 4425 4144 4143
f 4355 4354 5263
f 5263 4354 4984
f 4360 4359 4364
f 4364 4359 4361
f 4444 4359 4392
f 4392 4359 4337
f 4447 4446 4432
f 4432 4446 4433
f 4464 4463 6547
f 6547 4463 4937
f 4519 4518 4654
f 4654 4518 4509
f 4533 4532 4499
f 4499 4532 4498
f 4533 4542 4530
f 4530 4542 4534
f 4519 4532 4516
f 4516 4532 4531
f 4922 4194 4426
f 4426 4194 4425
f 4463 4518 4937
f 4937 4518 4517
f 6555 4951 6874
f 6874 4951 6878
f 4958 4957 6290
f 6290 4957 6291
f 4334 4360 4712
f 4712 4360 4950
f 4985 4354 4419
f 4419 4354 4353
f 5262 4355 5265
f 5265 4355 5263
f 6294 4958 4804
f 4804 4958 6290
f 6386 4922 6384
f 6384 4922 4426
f 4444 4447 4393
f 4393 4447 4432
f 4464 4446 4465
f 4465 4446 4445
f 4985 6555 4986
f 4986 6555 6874
f 6573 6386 6571
f 6571 6386 6384
f 4145 6294 4146
f 4146 6294 4804
f 6573 5262 6574
f 6574 5262 5265
f 4542 4541 6873
f 6873 4541 4559
f 4535 6872 4843
f 4843 6872 4844
f 4104 4103 6879
f 6879 4103 6343
f 4105 6293 6307
f 6307 6293 6876
f 4104 4956 4105
f 4105 4956 6293
f 4956 4104 4957
f 4957 4104 6879
f 4957 6879 6291
f 6291 6879 6309
f 4648 4988 4649
f 4649 4988 4953
f 4802 4803 4928
f 4928 4803 6550
f 6550 4803 6555
f 6555 4803 4951
f 1516 3173 4987
f 4987 3173 5006
f 6519 6518 6558
f 6558 6518 6510
f 6527 6519 6559
f 6559 6519 6558
f 6528 6560 6529
f 6529 6560 6541
f 6548 4625 6549
f 6549 4625 4624
f 6551 6552 4746
f 4746 6552 6505
f 6553 4711 6554
f 6554 4711 4710
f 4802 6551 4713
f 4713 6551 4746
f 6556 4973 4649
f 4649 4973 4646
f 6557 4949 6548
f 6548 4949 4625
f 4648 4647 6553
f 6553 4647 4711
f 6549 4624 4987
f 4987 4624 4838
f 6552 6518 6505
f 6505 6518 6507
f 6561 4372 6529
f 6529 4372 6514
f 6562 4369 6561
f 6561 4369 4372
f 3142 3482 6562
f 6562 3482 4369
f 6556 4952 6878
f 6878 4952 6874
f 4951 4950 6878
f 6878 4950 4974
f 3168 440 3952
f 4204 4203 5341
f 5341 4203 6364
f 4219 4222 6429
f 6429 4222 4383
f 4319 4322 6506
f 6506 4322 4747
f 4340 4714 4341
f 4341 4714 4384
f 4375 4377 6388
f 6388 4377 6546
f 4378 4381 6311
f 6311 4381 4720
f 4449 4341 4387
f 4387 4341 4384
f 4473 4472 4477
f 4477 4472 4474
f 4492 4491 4487
f 4487 4491 4488
f 4523 4491 4522
f 4522 4491 4490
f 4492 4538 4493
f 4493 4538 4555
f 4538 4553 4555
f 4555 4553 4556
f 4620 4615 4621
f 4621 4615 4618
f 4652 4651 4368
f 4368 4651 4365
f 4523 4655 4524
f 4524 4655 4656
f 4553 4667 4556
f 4556 4667 4571
f 4651 1210 4365
f 4365 1210 1209
f 4698 4697 5223
f 5223 4697 6344
f 4340 4339 4322
f 4322 4339 4747
f 4726 4729 5287
f 5287 4729 4198
f 4381 4380 4737
f 4737 4380 6368
f 4836 4835 4451
f 4451 4835 4709
f 4910 6367 4911
f 4911 6367 6366
f 4912 4915 6450
f 6450 4915 6449
f 4927 4836 4450
f 4450 4836 4451
f 4930 4929 4439
f 4439 4929 4436
f 4936 4935 4459
f 4459 4935 4456
f 4473 4655 4470
f 4470 4655 4510
f 4942 4583 4943
f 4943 4583 4572
f 4948 4601 4947
f 4947 4601 4584
f 4949 4835 4625
f 4625 4835 4626
f 4966 4969 6289
f 6289 4969 4695
f 4971 4652 4926
f 4926 4652 4368
f 4203 4977 6364
f 6364 4977 6365
f 4990 4989 4443
f 4443 4989 4440
f 4990 4991 4478
f 4478 4991 4512
f 4992 4991 4528
f 4528 4991 4515
f 4992 4993 4527
f 4527 4993 4485
f 4994 4993 4502
f 4502 4993 4503
f 4994 4995 4482
f 4482 4995 4550
f 4543 4996 4544
f 4544 4996 4995
f 4999 4998 4567
f 4567 4998 4578
f 5000 4998 4575
f 4575 4998 4997
f 5002 5001 4592
f 4592 5001 4574
f 5003 5004 4614
f 4614 5004 4611
f 3483 4215 1755
f 1755 4215 4698
f 5274 5277 4195
f 4195 5277 4223
f 4726 5295 4727
f 4727 5295 6350
f 5309 5342 5310
f 5310 5342 6363
f 5315 5314 5316
f 5316 5314 5317
f 5339 6362 5340
f 5340 6362 5363
f 5310 6363 5339
f 5339 6363 6362
f 4204 5309 4201
f 4201 5309 5308
f 4915 5345 6449
f 6449 5345 6448
f 5345 5315 6448
f 6448 5315 5316
f 5348 5347 6351
f 6351 5347 6352
f 5365 4263 5340
f 5340 4263 4262
f 6295 6298 4733
f 4733 6298 4734
f 4969 6306 4695
f 4695 6306 4696
f 6306 4378 4696
f 4696 4378 6311
f 6369 6372 6544
f 6544 6372 6545
f 4375 6390 4373
f 4373 6390 4374
f 6421 6422 4911
f 4911 6422 4908
f 4910 4909 4737
f 4737 4909 4736
f 5277 4219 4223
f 4223 4219 6429
f 4697 4222 6344
f 6344 4222 4221
f 6436 6361 6437
f 6437 6361 6360
f 6438 6440 6437
f 6437 6440 6434
f 6438 6359 6441
f 6441 6359 6358
f 6442 6441 6357
f 6357 6441 6358
f 6442 6444 6443
f 6443 6444 6445
f 6446 6444 6355
f 6355 6444 6356
f 6446 4912 6447
f 6447 4912 6450
f 6436 6435 5365
f 5365 6435 4263
f 5314 5347 5317
f 5317 5347 5346
f 4319 6512 4320
f 4320 6512 6513
f 6520 6512 6521
f 6521 6512 6508
f 6528 6520 6527
f 6527 6520 6521
f 6532 6539 6533
f 6533 6539 6535
f 6533 6535 6537
f 6537 6535 6534
f 6538 6543 6537
f 6537 6543 6536
f 6295 4377 6296
f 6296 4377 4376
f 4989 4930 4440
f 4440 4930 4439
f 4927 4929 4422
f 4422 4929 4455
f 4449 4936 4388
f 4388 4936 4459
f 4472 4935 4474
f 4474 4935 4932
f 4942 4940 4947
f 4947 4940 4939
f 5001 5000 4574
f 4574 5000 4575
f 4669 4943 4666
f 4666 4943 4667
f 4996 4999 4547
f 4547 4999 4567
f 4948 4946 4620
f 4620 4946 4615
f 5003 5002 4591
f 4591 5002 4592
f 6557 4971 6554
f 6554 4971 4926
f 6532 6560 6539
f 6539 6560 6559
f 6390 6372 4374
f 4374 6372 6371
f 4966 6298 4967
f 4967 6298 6297
f 6538 6526 6369
f 6369 6526 6370
f 6585 6589 4621
f 4621 6589 4619
f 6597 6578 6598
f 6598 6578 6577
f 6606 6583 6607
f 6607 6583 6603
f 6611 6602 6598
f 6598 6602 6596
f 6585 6584 6606
f 6606 6584 6583
f 6597 6580 5004
f 5004 6580 4611
f 6607 6603 6730
f 6730 6603 6732
f 6776 6785 6777
f 6777 6785 6784
f 6785 6776 6792
f 6792 6776 6782
f 6815 6814 6812
f 6812 6814 6813
f 6817 6814 6795
f 6795 6814 6796
f 6825 6784 6827
f 6827 6784 6783
f 6830 6815 6832
f 6832 6815 6812
f 6817 6795 6835
f 6835 6795 6837
f 6792 6782 6730
f 6730 6782 6728
f 6858 6825 6860
f 6860 6825 6827
f 6863 6830 6857
f 6857 6830 6832
f 6864 6863 6856
f 6856 6863 6857
f 6866 6858 6867
f 6867 6858 6860
f 6866 6864 6855
f 6855 6864 6856
f 6835 6837 6611
f 6611 6837 6602
f 6560 6528 6559
f 6559 6528 6527
f 4949 6557 4710
f 4710 6557 6554
f 4430 4090 4175
f 4175 4090 4089
f 4777 4113 4155
f 4155 4113 4086
f 4175 4089 4176
f 4176 4089 4142
f 4199 4271 4200
f 4200 4271 4798
f 4199 4095 4272
f 4272 4095 5273
f 4406 4405 4404
f 4404 4405 4346
f 4410 4409 6877
f 6877 4409 6876
f 4409 4413 6876
f 6876 4413 6307
f 4415 4148 4416
f 4416 4148 4147
f 4690 4405 4344
f 4344 4405 4342
f 4693 4692 4352
f 4352 4692 4349
f 4701 4700 6337
f 6337 4700 6338
f 4778 4777 4081
f 4081 4777 4155
f 4821 4406 4809
f 4809 4406 4404
f 4176 4142 4181
f 4181 4142 4415
f 4760 4970 4399
f 4399 4970 4692
f 4200 5007 4096
f 4096 5007 4078
f 5266 4693 5269
f 5269 4693 4352
f 5270 5007 5361
f 5361 5007 4797
f 4778 5270 4779
f 4779 5270 5361
f 6285 4410 6875
f 6875 4410 6877
f 6308 4413 4687
f 4687 4413 4412
f 6480 6320 6481
f 6481 6320 6880
f 4701 2878 4702
f 4702 2878 3472
f 6339 6347 6340
f 6340 6347 6348
f 6341 6342 6346
f 6346 6342 6345
f 4416 6308 4414
f 4414 6308 4687
f 6385 4690 6381
f 6381 4690 4344
f 5282 6341 5280
f 5280 6341 6339
f 4700 6342 6338
f 6338 6342 5281
f 6340 6348 4272
f 4272 6348 4270
f 6480 6479 4828
f 4828 6479 4829
f 6490 6479 6489
f 6489 6479 6478
f 4090 4430 6490
f 6490 4430 4429
f 6563 6564 4970
f 4970 6564 4815
f 4694 6566 4366
f 4366 6566 6563
f 6572 6385 6568
f 6568 6385 6381
f 4821 6285 4822
f 4822 6285 6875
f 6572 5266 6569
f 6569 5266 5269
f 3482 3103 4369
f 4369 3103 4370
f 3121 4730 3485
f 3485 4730 4327
f 6277 6280 6273
f 6273 6280 6272
f 6267 6276 6278
f 6278 6276 6279
f 6278 6279 6277
f 6277 6279 6280
f 6279 6256 6280
f 6280 6256 6255
f 6256 3857 6255
f 6255 3857 3754
f 3857 3856 3754
f 3754 3856 3755
f 3856 3703 3755
f 3755 3703 3863
f 3703 3702 3863
f 3863 3702 3759
f 3702 3706 3759
f 3759 3706 3670
f 3706 3705 3670
f 3670 3705 3668
f 3705 3773 3668
f 3668 3773 3882
f 3882 3773 3883
f 3883 3773 3707
f 3707 3708 3883
f 3883 3708 3880
f 3708 3710 3880
f 3880 3710 3881
f 3709 5241 3710
f 3710 5241 3881
f 5241 3709 5234
f 5234 3709 3786
f 3693 3712 3786
f 3786 3712 5234
f 4051 4055 4052
f 4052 4055 4056
f 4056 4055 4057
f 4057 4055 4054
f 4066 5238 5236
f 5236 5238 3989
f 4066 4069 5238
f 5238 4069 4035
f 6881 3962 3960
f 3960 3962 3957
f 6883 4070 6882
f 6882 4070 3941
f 4070 6883 4071
f 4071 6883 6884
f 4071 6884 4072
f 4072 6884 6885
f 6885 6886 4072
f 4072 6886 4031
f 3955 6881 3956
f 3956 6881 3960
f 6884 3991 6885
f 6885 3991 3990
f 6883 6887 6884
f 6884 6887 3991
f 6887 6888 3991
f 3991 6888 3992
f 6888 6887 6889
f 6889 6887 6890
f 6887 6883 6890
f 6890 6883 6882
f 4058 5240 3953
f 3953 5240 3954
f 5236 6888 5239
f 5239 6888 6889
f 5237 6886 3990
f 3990 6886 6885
f 4034 4031 5237
f 5237 4031 6886
f 6881 6882 3962
f 3962 6882 3941
f 6881 3955 6882
f 6882 3955 6890
f 3955 3954 6890
f 6890 3954 6889
f 5239 6889 5240
f 5240 6889 3954
f 6888 5236 3992
f 3992 5236 3989
f 3869 3868 3888
f 3888 3868 4015
f 3868 4012 4015
f 4015 4012 4010
f 4012 4022 4010
f 4010 4022 4009
f 4022 4021 4009
f 4009 4021 4018
f 4020 3974 4001
f 4001 3974 3996
f 4021 4020 4029
f 4029 4020 4001
f 4085 4156 4086
f 4086 4156 4155
f 4113 4777 4114
f 4114 4777 4776
f 4130 4129 4094
f 4094 4129 4091
f 4139 4773 4140
f 4140 4773 4772
f 4149 4178 4150
f 4150 4178 5225
f 4160 4159 4087
f 4087 4159 4088
f 4149 4148 4179
f 4179 4148 4141
f 4085 4084 4183
f 4183 4084 6315
f 4179 4141 4159
f 4159 4141 4088
f 4192 4130 4162
f 4162 4130 4094
f 4197 5288 4198
f 4198 5288 5287
f 4229 4766 4230
f 4230 4766 4771
f 4245 4246 4242
f 4242 4246 4249
f 4183 6315 4418
f 4418 6315 6314
f 4679 4178 4680
f 4680 4178 4177
f 4724 4798 4725
f 4725 4798 4271
f 4728 5275 4729
f 4729 5275 5274
f 4230 4771 4249
f 4249 4771 4242
f 4724 4723 4799
f 4799 4723 5355
f 4823 4824 4891
f 4891 4824 6327
f 4823 4192 4161
f 4161 4192 4162
f 4893 4767 4229
f 4229 4767 4766
f 4894 4895 4898
f 4898 4895 4899
f 4106 4150 4103
f 4103 4150 5225
f 4680 4894 4677
f 4677 4894 4898
f 6420 4977 5301
f 5301 4977 4976
f 4679 4678 5226
f 5226 4678 4427
f 5228 5008 4893
f 4893 5008 4767
f 5285 6354 5286
f 5286 6354 5343
f 5289 5352 5290
f 5290 5352 5349
f 5290 5349 5295
f 5295 5349 5348
f 5302 5299 4202
f 4202 5299 4976
f 4725 4271 5311
f 5311 4271 4270
f 5325 4723 5326
f 5326 4723 4722
f 5335 5355 5325
f 5325 5355 4723
f 5326 4722 5286
f 5286 4722 5283
f 4799 5357 4797
f 4797 5357 5361
f 5359 5356 5335
f 5335 5356 5355
f 4775 4774 5356
f 5356 4774 5357
f 5359 5358 4092
f 4092 5358 4093
f 6316 4740 6317
f 6317 4740 4739
f 6318 4827 6316
f 6316 4827 4740
f 6319 4828 6318
f 6318 4828 4827
f 6320 6480 6319
f 6319 6480 4828
f 6484 6322 6485
f 6485 6322 6321
f 6487 6324 6331
f 6331 6324 6323
f 6331 6323 6330
f 6330 6323 6325
f 6325 6326 6330
f 6330 6326 6329
f 6326 6328 6329
f 6329 6328 5231
f 4824 4685 5228
f 5228 4685 5008
f 5226 6343 5225
f 5225 6343 4103
f 4728 4727 6349
f 6349 4727 5284
f 6350 6351 5285
f 5285 6351 6354
f 4247 4246 6418
f 6418 4246 6365
f 6400 6402 6401
f 6401 6402 6459
f 4197 4196 6409
f 6409 4196 6426
f 6412 4897 6328
f 6328 4897 5231
f 6413 4133 6412
f 6412 4133 4897
f 6414 4134 6413
f 6413 4134 4133
f 6415 4225 6414
f 6414 4225 4134
f 6416 4252 6415
f 6415 4252 4225
f 6417 4253 6416
f 6416 4253 4252
f 4253 6417 6366
f 6366 6417 6419
f 6366 6419 4911
f 4911 6419 6421
f 6422 6423 4908
f 4908 6423 5298
f 5298 6423 6396
f 6396 6423 6424
f 6409 6426 6425
f 6425 6426 6397
f 5300 5299 6399
f 6399 5299 6400
f 6465 6408 6401
f 6401 6408 6398
f 6424 6399 6425
f 6425 6399 6398
f 6349 5284 5311
f 5311 5284 5283
f 6465 6464 5289
f 5289 6464 5352
f 6488 6483 6492
f 6492 6483 6482
f 6486 6491 6482
f 6482 6491 6492
f 6491 4895 6492
f 6492 4895 4157
f 6488 4160 6489
f 6489 4160 4087
f 6501 6502 4418
f 4418 6502 4417
f 6504 6500 6317
f 6317 6500 6314
f 3497 3496 6501
f 6501 3496 6502
f 3499 3498 6504
f 6504 3498 6500
f 4729 5274 4198
f 4198 5274 4195
f 6418 6365 6420
f 6420 6365 4977
f 5295 5348 6350
f 6350 5348 6351
f 5301 6422 6420
f 6420 6422 6421
f 4113 4112 4086
f 4086 4112 4083
f 6320 4112 6880
f 6880 4112 4111
f 4091 4772 4092
f 4092 4772 4775
f 4129 4140 4091
f 4091 4140 4772
f 4137 4140 4128
f 4128 4140 4129
f 4128 6324 4137
f 4137 6324 6321
f 6324 6487 6321
f 6321 6487 6485
f 6487 6486 6485
f 6485 6486 6482
f 4774 4773 4779
f 4779 4773 4776
f 4773 4139 4776
f 4776 4139 4114
f 4139 4138 4114
f 4114 4138 4111
f 4138 6322 4111
f 4111 6322 6880
f 6322 6484 6880
f 6880 6484 6481
f 6484 6483 6481
f 6481 6483 6478
f 6879 6343 6309
f 6309 6343 4428
f 4106 4105 4900
f 4900 4105 6307
f 3500 3167 6495
f 6495 3167 6496
f 3500 6495 3070
f 3070 6495 5368
f 3502 5235 3501
f 3501 5235 4813
f 3024 3503 6473
f 6473 3503 6474
f 3503 3023 6474
f 6474 3023 6374
f 3504 1770 4348
f 4348 1770 4345
f 3502 3505 5235
f 5235 3505 4810
f 3498 3497 6500
f 6500 3497 6501
f 3496 3075 6502
f 6502 3075 6275
f 6299 4254 3174
f 3174 4254 3017
f 1769 3501 4814
f 4814 3501 4813
f 3506 3018 6476
f 6476 3018 4257
f 3507 3499 6499
f 6499 3499 6504
f 3030 4216 3483
f 3483 4216 4215
f 3077 3507 6333
f 6333 3507 6499
f 1784 3160 5249
f 5249 3160 6523
f 3015 3506 4240
f 4240 3506 6476
f 3508 3504 6383
f 6383 3504 4348
f 3509 3016 6477
f 6477 3016 4239
f 3028 3509 6467
f 6467 3509 6477
f 3022 1785 5246
f 5246 1785 5247
f 3161 3508 6570
f 6570 3508 6383
f 3150 3149 4694
f 4694 3149 6566
f 1327 4807 3510
f 3510 4807 4811
f 3510 4811 3505
f 3505 4811 4810
f 3146 3511 4816
f 4816 3511 4350
f 3511 1808 4350
f 4350 1808 4351
f 3485 4327 3159
f 3159 4327 4330
f 1326 3512 4806
f 4806 3512 6310
f 3512 1331 6310
f 6310 1331 4688
