v 0.046204 0.718323 0.061424
v 0.040674 0.705062 0.071181
v 0.051512 0.699944 0.062775
v 0.057408 0.709087 0.051865
v 0.048013 0.691717 0.070649
v 0.038372 0.693990 0.077071
v 0.058556 0.692311 0.053905
v 0.063846 0.697681 0.042570
v 0.065220 0.654989 0.049812
v 0.069528 0.648776 0.041065
v 0.068794 0.661352 0.040275
v 0.063465 0.664191 0.048894
v 0.064747 0.628470 0.051269
v 0.058959 0.620952 0.061036
v 0.061230 0.610282 0.052803
v 0.065948 0.617417 0.041815
v 0.026265 0.638533 0.081598
v 0.031612 0.631899 0.081647
v 0.035634 0.638454 0.079539
v 0.029573 0.644268 0.079359
v 0.017123 0.649311 0.085844
v 0.018280 0.654085 0.081647
v 0.013454 0.658805 0.086047
v 0.013116 0.653511 0.091405
v 0.020818 0.633229 0.082666
v 0.026530 0.626310 0.082494
v 0.021689 0.644467 0.082135
v 0.019479 0.640321 0.085045
v 0.016510 0.636149 0.096525
v 0.017985 0.640641 0.094268
v 0.014704 0.642895 0.100732
v 0.013577 0.637337 0.101073
v 0.019304 0.633621 0.087389
v 0.019717 0.637132 0.089666
v 0.017392 0.633730 0.092624
v 0.015986 0.630929 0.089894
v 0.016354 0.645275 0.089542
v 0.013455 0.648576 0.096114
v 0.009577 0.651179 0.102748
v 0.010601 0.643714 0.107613
v 0.042395 0.617449 0.077627
v 0.037344 0.624925 0.080521
v 0.032306 0.620059 0.081847
v 0.037029 0.614056 0.079961
v 0.017131 0.627381 0.086993
v 0.020732 0.611571 0.089983
v 0.021057 0.615535 0.089449
v 0.015058 0.617090 0.093240
v 0.015371 0.613333 0.093632
v 0.047494 0.601748 0.070862
v 0.041654 0.601269 0.075777
v 0.041984 0.594080 0.074215
v 0.047362 0.592959 0.068268
v 0.039531 0.588128 0.074230
v 0.045641 0.584562 0.066669
v 0.036019 0.570436 0.069435
v 0.041129 0.576687 0.067716
v 0.035467 0.582644 0.075672
v 0.030119 0.578001 0.079535
v 0.018663 0.583838 0.087578
v 0.012818 0.583005 0.090629
v 0.017305 0.570562 0.090180
v 0.023506 0.573585 0.085511
v 0.020197 0.605002 0.086569
v 0.024054 0.604538 0.083798
v 0.024510 0.606483 0.085830
v 0.020551 0.608069 0.088984
v 0.027824 0.603995 0.081848
v 0.029505 0.603666 0.081180
v 0.029332 0.605206 0.082286
v 0.027659 0.604740 0.082372
v 0.025731 0.604420 0.082915
v 0.024524 0.602601 0.083498
v 0.026834 0.603259 0.082330
v 0.021064 0.602231 0.086431
v 0.008785 0.601377 0.095012
v 0.012620 0.601589 0.093508
v 0.011208 0.605867 0.091891
v 0.007898 0.605956 0.093014
v 0.027522 0.607151 0.083784
v 0.030142 0.608934 0.083193
v 0.026522 0.612255 0.085998
v 0.025242 0.609290 0.086015
v 0.032840 0.610941 0.082278
v 0.031604 0.606291 0.081409
v 0.034664 0.606983 0.080329
v 0.028754 0.601921 0.081215
v 0.031512 0.600083 0.079885
v 0.032236 0.602945 0.080617
v 0.029329 0.597012 0.080726
v 0.026249 0.600228 0.082478
v 0.022808 0.598837 0.085513
v 0.018459 0.597738 0.089485
v 0.020747 0.592584 0.086928
v 0.025591 0.594460 0.083365
v 0.028422 0.615938 0.084375
v 0.036349 0.602084 0.078663
v 0.039737 0.608353 0.077614
v 0.036087 0.597189 0.078032
v 0.033882 0.592718 0.078400
v 0.029536 0.589057 0.080372
v 0.024412 0.586038 0.083957
v 0.019569 0.560352 0.079880
v 0.027446 0.564773 0.075384
v 0.036321 0.686024 0.076153
v 0.044896 0.684639 0.073095
v 0.045400 0.676155 0.069879
v 0.047259 0.678533 0.069217
v 0.041993 0.680432 0.072253
v 0.041442 0.677456 0.072273
v 0.057967 0.666770 0.054681
v 0.053451 0.669119 0.059376
v 0.053828 0.665202 0.058472
v 0.059723 0.660143 0.055028
v 0.046706 0.658662 0.066931
v 0.050800 0.659466 0.063343
v 0.047059 0.666386 0.065198
v 0.044210 0.665878 0.067923
v 0.040545 0.665724 0.070095
v 0.036455 0.666083 0.071422
v 0.036761 0.660577 0.071619
v 0.041725 0.659298 0.069844
v 0.035297 0.681662 0.073600
v 0.028201 0.681074 0.073553
v 0.029483 0.677869 0.073081
v 0.035678 0.678333 0.073650
v 0.019541 0.670741 0.069307
v 0.020663 0.673347 0.069962
v 0.017312 0.674912 0.071163
v 0.016457 0.670451 0.070847
v 0.018786 0.667384 0.071257
v 0.020839 0.669116 0.069876
v 0.037583 0.739710 0.056226
v 0.032863 0.723915 0.068861
v 0.052960 0.730668 0.046643
v 0.063318 0.718207 0.037793
v 0.070021 0.702973 0.029993
v 0.054535 0.604920 0.062973
v 0.055376 0.595109 0.058024
v 0.062404 0.600373 0.044944
v 0.060455 0.589562 0.041375
v 0.053156 0.584458 0.055808
v 0.039593 0.565812 0.055963
v 0.048046 0.574026 0.055153
v 0.055537 0.578894 0.037431
v 0.062514 0.588823 0.020000
v 0.065560 0.597323 0.026670
v 0.065783 0.602430 0.005519
v 0.057999 0.579949 0.010089
v 0.063117 0.600064 -0.002816
v 0.043004 0.546007 0.017717
v 0.044967 0.534698 0.014457
v 0.055798 0.540045 0.000605
v 0.054875 0.551184 0.003921
v 0.067203 0.606816 0.033143
v 0.070582 0.671278 0.030912
v 0.066107 0.672751 0.042004
v 0.072784 0.657320 0.029613
v 0.073577 0.727677 0.003481
v 0.069336 0.725062 0.021958
v 0.075426 0.708290 0.017160
v 0.079228 0.712162 0.000917
v 0.045559 0.762752 0.007144
v 0.043582 0.753509 0.034365
v 0.057136 0.741750 0.028525
v 0.060285 0.748456 0.006095
v 0.081247 0.712023 -0.013618
v 0.081616 0.709870 -0.031618
v 0.077002 0.724525 -0.040586
v 0.075354 0.729125 -0.018560
v 0.064907 0.742973 -0.049955
v 0.063090 0.748888 -0.023116
v 0.061448 0.585564 -0.011077
v 0.062599 0.603808 -0.015767
v 0.053889 0.564532 0.008288
v 0.060457 0.569804 -0.009208
v 0.046716 0.757063 -0.056747
v 0.045472 0.764947 -0.025310
v 0.069737 0.680399 -0.076240
v 0.072449 0.699051 -0.070487
v 0.079245 0.688851 -0.053451
v 0.076377 0.672968 -0.060801
v 0.058670 0.687913 -0.092212
v 0.061610 0.709731 -0.086075
v 0.057200 0.625301 -0.068755
v 0.050012 0.609800 -0.060015
v 0.041890 0.609669 -0.072618
v 0.047685 0.625565 -0.083534
v 0.054840 0.687039 0.063257
v 0.050936 0.681685 0.068335
v 0.054644 0.677817 0.062918
v 0.058776 0.680869 0.056518
v 0.062860 0.683152 0.046813
v 0.067410 0.685183 0.035264
v 0.077050 0.693436 0.011734
v 0.080779 0.698697 -0.002281
v 0.083125 0.696587 -0.027409
v 0.082700 0.698519 -0.013423
v 0.080991 0.677209 -0.043906
v 0.078716 0.667288 -0.048498
v 0.062171 0.611976 -0.032292
v 0.058899 0.590906 -0.028576
v 0.052341 0.593159 -0.042700
v 0.056484 0.610949 -0.047335
v 0.036609 0.594009 -0.063763
v 0.044460 0.594143 -0.053755
v 0.057467 0.559233 -0.027464
v 0.057869 0.546366 -0.031038
v 0.053125 0.549487 -0.046446
v 0.051608 0.561240 -0.042128
v 0.045536 0.549427 -0.058953
v 0.035483 0.548794 -0.067811
v 0.035037 0.562362 -0.064123
v 0.043492 0.562699 -0.054712
v 0.021844 0.527219 0.031264
v 0.022729 0.517865 0.027479
v 0.034671 0.520741 0.021127
v 0.032351 0.530643 0.024126
v 0.059945 0.536077 -0.036145
v 0.055943 0.540441 -0.051858
v 0.063337 0.626055 -0.053499
v 0.067265 0.628573 -0.042222
v 0.048823 0.539688 -0.064859
v 0.043454 0.577231 -0.052238
v 0.051284 0.575366 -0.041200
v 0.026825 0.594304 -0.072378
v 0.030962 0.609176 -0.082838
v 0.023740 0.649198 0.079458
v 0.026830 0.663784 0.072208
v 0.027416 0.667555 0.071490
v 0.023460 0.668358 0.070724
v 0.022289 0.665381 0.071754
v 0.015157 0.706396 0.081563
v 0.013751 0.689215 0.083144
v 0.026630 0.693251 0.081731
v 0.028224 0.707205 0.077836
v 0.053866 0.634206 0.069061
v 0.044685 0.640647 0.074927
v 0.041847 0.631807 0.078266
v 0.047812 0.623852 0.074249
v 0.050789 0.670678 0.062407
v 0.052515 0.672947 0.062193
v 0.049829 0.672669 0.064690
v 0.045216 0.610128 0.074507
v 0.051993 0.614482 0.068824
v 0.072119 0.642381 0.030040
v 0.061175 0.673303 0.051258
v 0.023986 0.773385 0.009709
v 0.023552 0.761847 0.040778
v 0.025409 0.768203 -0.059808
v 0.024594 0.775046 -0.026027
v 0.044878 0.717950 -0.098292
v 0.041834 0.694380 -0.105026
v 0.023647 0.698318 -0.114039
v 0.023514 0.726043 -0.105004
v 0.034781 0.626174 -0.094543
v 0.025377 0.548169 -0.073026
v 0.024489 0.563444 -0.070665
v 0.021954 0.743919 0.061098
v 0.018487 0.724575 0.074462
v 0.072544 0.688527 0.022942
v 0.064881 0.646010 0.053852
v 0.060063 0.653911 0.058294
v 0.057697 0.650058 0.063076
v 0.062142 0.639552 0.059452
v 0.067898 0.636890 0.045285
v 0.069481 0.628206 0.033378
v 0.071099 0.619407 0.019536
v 0.068531 0.608411 0.012226
v 0.080538 0.702797 -0.046386
v 0.074163 0.715353 -0.060173
v 0.063406 0.729092 -0.072256
v 0.046809 0.740783 -0.081959
v 0.082104 0.692438 -0.040074
v 0.024705 0.749516 -0.087161
v 0.014357 0.621632 0.091912
v 0.021421 0.621145 0.087018
v 0.012723 0.625828 0.091416
v 0.013836 0.596904 0.092593
v 0.009619 0.596517 0.094301
v 0.010500 0.590868 0.091223
v 0.015439 0.591424 0.089706
v 0.019586 0.555371 0.064495
v 0.029196 0.559615 0.059964
v 0.021259 0.536336 0.036332
v 0.031072 0.540255 0.028541
v 0.012596 0.634729 0.095225
v 0.010961 0.635046 0.095581
v 0.010737 0.633929 0.093437
v 0.012794 0.633841 0.093093
v 0.026325 0.605684 0.083886
v 0.010531 0.613581 0.095876
v 0.007389 0.613359 0.096523
v 0.007598 0.609690 0.095047
v 0.010770 0.609789 0.094375
v 0.045324 0.566638 0.034028
v 0.042584 0.557021 0.023274
v 0.059449 0.542029 -0.013776
v 0.059666 0.555117 -0.010903
v 0.057896 0.573665 -0.026453
v 0.034664 0.579116 -0.062684
v 0.025606 0.578742 -0.070061
v 0.001625 0.581048 -0.076715
v 0.001038 0.594967 -0.081371
v 0.014633 0.594773 -0.078674
v 0.013409 0.580275 -0.074625
v 0.031139 0.555689 0.044875
v 0.020550 0.551146 0.050953
v 0.021102 0.545101 0.042118
v 0.031000 0.549536 0.034707
v 0.007233 0.631790 0.096727
v 0.005874 0.630864 0.098383
v 0.006329 0.628532 0.095611
v 0.008167 0.630600 0.094762
v 0.013548 0.631845 0.091321
v 0.011373 0.630769 0.091560
v 0.011752 0.628817 0.091459
v 0.014075 0.634597 0.095850
v 0.014510 0.633156 0.093147
v 0.009366 0.635599 0.100633
v 0.012109 0.635456 0.098933
v 0.009376 0.635995 0.105624
v 0.008674 0.632910 0.095205
v 0.009247 0.631623 0.093596
v 0.012412 0.632828 0.091819
v 0.010755 0.632513 0.092047
v 0.009517 0.635578 0.098519
v 0.011363 0.635282 0.097214
v 0.009091 0.657234 0.096984
v 0.003151 0.658382 0.099550
v 0.003167 0.651841 0.105494
v 0.003222 0.644045 0.110753
v 0.003323 0.635769 0.108777
v 0.012477 0.542536 0.045814
v 0.012614 0.533951 0.040286
v 0.002080 0.723830 0.075846
v 0.002512 0.704718 0.081922
v 0.027063 0.604357 0.082261
v 0.027392 0.685095 0.076405
v 0.051714 0.648582 0.068705
v 0.030891 0.650118 0.076343
v 0.037462 0.645821 0.076159
v 0.037280 0.653385 0.073377
v 0.031327 0.656233 0.073859
v 0.018282 0.682113 0.076735
v 0.009709 0.678632 0.082171
v 0.013283 0.676567 0.075660
v 0.012735 0.670063 0.075655
v 0.009897 0.669687 0.084011
v 0.014080 0.662633 0.080291
v 0.015748 0.664916 0.074471
v 0.047883 0.674524 0.067211
v 0.050266 0.675928 0.065714
v 0.019247 0.657951 0.077466
v 0.024857 0.653970 0.076276
v 0.025732 0.658836 0.073638
v 0.020448 0.661487 0.073735
v 0.044094 0.650477 0.071875
v 0.056580 0.672967 0.057876
v 0.053139 0.661761 0.060180
v 0.070192 0.634547 -0.033722
v 0.066531 0.623512 -0.026797
v 0.073158 0.614043 -0.006586
v 0.070740 0.610138 -0.003637
v 0.065655 0.612744 -0.008130
v 0.071021 0.616326 -0.011100
v 0.081731 0.667132 -0.026352
v 0.081653 0.674199 -0.029992
v 0.081934 0.675402 -0.022724
v 0.081097 0.667926 -0.023557
v 0.080883 0.671419 -0.017340
v 0.080995 0.674647 -0.014934
v 0.080059 0.666675 -0.013567
v 0.080171 0.666874 -0.016977
v 0.082139 0.685752 -0.014121
v 0.080257 0.683842 -0.004131
v 0.078751 0.672022 -0.007217
v 0.074081 0.670004 0.016189
v 0.074761 0.658242 0.003916
v 0.076163 0.666661 -0.001255
v 0.076910 0.678772 0.005758
v 0.071372 0.615295 0.000643
v 0.071599 0.622820 0.004121
v 0.064748 0.616285 -0.016934
v 0.002686 0.705213 -0.115790
v 0.002580 0.733321 -0.105731
v 0.067177 0.661619 -0.077827
v 0.055651 0.666150 -0.092979
v 0.073132 0.657407 -0.062605
v 0.075818 0.654947 -0.049426
v 0.041650 0.671244 -0.105684
v 0.024711 0.672437 -0.114161
v 0.075021 0.652163 0.017373
v 0.073524 0.646070 0.005668
v 0.062568 0.642777 -0.075213
v 0.051881 0.645249 -0.090132
v 0.069250 0.641030 -0.060037
v 0.072494 0.641976 -0.047524
v 0.037876 0.649274 -0.102642
v 0.018589 0.625692 -0.100507
v 0.020166 0.647360 -0.109631
v 0.074796 0.625077 -0.007459
v 0.073220 0.623664 -0.002945
v 0.072942 0.617518 -0.004039
v 0.076027 0.619328 -0.005802
v 0.073680 0.636455 0.017377
v 0.073446 0.633887 0.005077
v 0.009577 0.663181 0.091274
v 0.003177 0.671765 0.088373
v 0.003310 0.664917 0.093993
v 0.003138 0.679591 0.084479
v 0.001741 0.778680 -0.022188
v 0.001681 0.776359 0.011911
v 0.001585 0.757268 -0.085376
v 0.001536 0.772788 -0.056048
v 0.007618 0.582734 0.092441
v 0.010609 0.569188 0.092740
v 0.009467 0.621615 0.094567
v 0.006471 0.620945 0.095212
v 0.007006 0.617047 0.096153
v 0.010110 0.617592 0.095508
v 0.021692 0.678708 0.072339
v 0.016604 0.609401 -0.089337
v 0.012879 0.564323 -0.074056
v 0.013470 0.549007 -0.076029
v 0.038444 0.537866 -0.073996
v 0.026655 0.536590 -0.079308
v 0.006084 0.624848 0.094942
v 0.008787 0.625422 0.093943
v 0.008743 0.634862 0.097099
v 0.015476 0.609402 0.092428
v 0.008656 0.628319 0.093645
v 0.009380 0.630396 0.093292
v 0.004250 0.628005 0.096306
v 0.004526 0.624475 0.095113
v 0.031746 0.662192 0.072437
v 0.032076 0.666891 0.071846
v 0.006625 0.632838 0.101994
v 0.007360 0.633829 0.099339
v 0.003297 0.631911 0.102684
v 0.047290 0.524204 0.011234
v 0.056888 0.528371 -0.003172
v 0.005255 0.613177 0.096617
v 0.005382 0.609422 0.095307
v 0.001995 0.764289 0.043411
v 0.000294 0.623717 -0.101583
v 0.000852 0.643760 -0.110627
v 0.075214 0.650731 -0.003607
v 0.076884 0.646612 -0.008589
v 0.078079 0.653742 -0.011001
v 0.076603 0.658435 -0.006174
v 0.012835 0.525025 0.035271
v 0.060559 0.531798 -0.019601
v 0.013909 0.536398 -0.082358
v 0.050553 0.668896 0.061956
v 0.049331 0.667429 0.063048
v 0.024287 0.676142 0.071451
v 0.001995 0.672599 -0.116684
v 0.016929 0.601810 0.090503
v 0.015411 0.605563 0.089776
v 0.001440 0.565708 -0.075113
v 0.012312 0.548615 0.054177
v 0.004291 0.630413 0.099217
v 0.000904 0.608700 -0.090783
v 0.080631 0.660112 -0.019290
v 0.082060 0.658584 -0.016050
v 0.081506 0.655327 -0.016313
v 0.079992 0.656062 -0.017719
v 0.082986 0.662014 -0.011955
v 0.084078 0.658572 -0.013785
v 0.085801 0.661537 -0.014914
v 0.084568 0.665273 -0.013741
v 0.078668 0.663771 -0.009613
v 0.080591 0.658261 -0.010992
v 0.086767 0.663456 -0.016755
v 0.086878 0.666252 -0.015662
v 0.084312 0.667885 -0.016875
v 0.080798 0.667750 -0.020251
v 0.089432 0.666961 -0.019119
v 0.085795 0.669110 -0.021146
v 0.092137 0.666091 -0.024032
v 0.087475 0.668627 -0.026424
v 0.093402 0.662819 -0.029552
v 0.087838 0.664650 -0.031861
v 0.074472 0.631052 -0.002781
v 0.074617 0.631534 -0.009615
v 0.093952 0.657374 -0.032891
v 0.087544 0.658149 -0.034688
v 0.093265 0.650192 -0.034453
v 0.087239 0.650426 -0.036120
v 0.091637 0.642698 -0.033771
v 0.086587 0.641764 -0.035379
v 0.090141 0.635526 -0.031535
v 0.085092 0.634302 -0.032838
v 0.087929 0.628795 -0.027209
v 0.082875 0.625423 -0.028075
v 0.088545 0.664151 -0.025067
v 0.089732 0.660828 -0.028848
v 0.079829 0.663106 -0.027993
v 0.087442 0.665216 -0.020416
v 0.079881 0.650232 -0.022951
v 0.078104 0.652729 -0.023360
v 0.078924 0.650952 -0.022491
v 0.077887 0.649530 -0.024861
v 0.075922 0.638945 -0.008430
v 0.077080 0.638880 -0.012103
v 0.077432 0.644559 -0.012052
v 0.075642 0.634574 -0.012588
v 0.074640 0.636031 -0.013721
v 0.074294 0.639692 -0.013472
v 0.073894 0.644269 -0.013879
v 0.075207 0.634431 -0.015621
v 0.076387 0.632585 -0.014835
v 0.073972 0.635637 -0.016069
v 0.073537 0.636505 -0.015004
v 0.072677 0.638847 -0.015950
v 0.073457 0.642248 -0.018381
v 0.075040 0.641027 -0.002528
v 0.074926 0.637912 -0.027099
v 0.072069 0.629125 -0.023137
v 0.084797 0.623982 -0.021341
v 0.081462 0.617811 -0.021327
v 0.079079 0.615790 -0.008178
v 0.080845 0.613587 -0.014071
v 0.078389 0.657797 -0.029777
v 0.078322 0.651408 -0.031307
v 0.070498 0.622335 -0.016722
v 0.077455 0.644841 -0.030858
v 0.086028 0.633076 -0.026091
v 0.082794 0.629761 -0.022139
v 0.088349 0.637783 -0.029365
v 0.077337 0.629210 -0.013145
v 0.078592 0.623042 -0.010968
v 0.082057 0.622393 -0.015687
v 0.079591 0.628515 -0.017811
v 0.084552 0.636407 -0.023965
v 0.080887 0.634015 -0.021648
v 0.081433 0.639413 -0.023938
v 0.078006 0.637234 -0.021818
v 0.075943 0.635094 -0.018565
v 0.077919 0.632683 -0.018348
v 0.074171 0.639672 -0.022225
v 0.077831 0.642795 -0.024116
v 0.073556 0.636876 -0.018423
v 0.084208 0.642308 -0.024646
v 0.086391 0.646058 -0.025584
v 0.084086 0.648687 -0.023190
v 0.081157 0.645639 -0.024058
v 0.089004 0.643673 -0.031592
v 0.088806 0.644453 -0.028126
v 0.087008 0.639992 -0.026439
v 0.089358 0.649841 -0.029132
v 0.089661 0.650285 -0.032281
v 0.087505 0.650034 -0.026691
v 0.085984 0.651223 -0.024607
v 0.088826 0.658852 -0.026854
v 0.089367 0.654880 -0.028592
v 0.090310 0.656389 -0.031341
v 0.088080 0.653737 -0.026162
v 0.087374 0.656911 -0.025058
v 0.086088 0.655263 -0.024023
v 0.086829 0.653454 -0.025170
v 0.084722 0.663108 -0.018192
v 0.083421 0.661442 -0.016556
v 0.085869 0.663046 -0.020988
v 0.083739 0.663523 -0.020246
v 0.084426 0.660825 -0.021080
v 0.082329 0.662502 -0.019841
v 0.083466 0.658889 -0.020424
v 0.081541 0.656203 -0.020100
v 0.026111 0.496397 0.023306
v 0.024325 0.507200 0.024656
v 0.013142 0.504649 0.027932
v 0.013740 0.494478 0.025250
v 0.084828 0.656964 -0.021998
v 0.085923 0.659151 -0.023168
v 0.087451 0.661887 -0.024293
v 0.082607 0.652543 -0.022132
v 0.083935 0.651580 -0.022633
v 0.084857 0.653174 -0.023068
v 0.083308 0.654677 -0.021732
v 0.077460 0.648843 -0.013073
v 0.075915 0.647291 -0.016416
v 0.076426 0.644672 -0.020317
v 0.060045 0.485009 0.006124
v 0.074158 0.493608 -0.006827
v 0.068782 0.500735 -0.009718
v 0.055599 0.493809 0.002943
v 0.070724 0.463416 0.023752
v 0.072833 0.446081 0.034778
v 0.091987 0.450954 0.027799
v 0.092253 0.472151 0.008568
v 0.091102 0.432696 0.042194
v 0.073269 0.428964 0.046327
v 0.086776 0.382924 0.076319
v 0.088302 0.398590 0.065170
v 0.071355 0.397401 0.069096
v 0.070288 0.381729 0.080023
v 0.109626 0.306255 0.107143
v 0.097728 0.308135 0.111942
v 0.090685 0.291822 0.111760
v 0.103950 0.287913 0.105641
v 0.153488 0.405046 0.037774
v 0.162741 0.394234 0.034490
v 0.166067 0.412663 0.029148
v 0.155619 0.423533 0.030539
v 0.104428 0.508773 -0.038982
v 0.095733 0.511361 -0.041684
v 0.090767 0.497142 -0.020723
v 0.099954 0.493423 -0.015586
v 0.150642 0.319488 0.056140
v 0.145643 0.328933 0.065816
v 0.142662 0.316944 0.073101
v 0.146786 0.307305 0.064929
v 0.123247 0.226692 0.061741
v 0.109096 0.226019 0.077797
v 0.108314 0.206248 0.079373
v 0.123194 0.206692 0.062512
v 0.157768 0.248433 -0.006573
v 0.155310 0.230570 -0.006219
v 0.154633 0.230564 -0.033261
v 0.157106 0.246999 -0.034107
v 0.115651 0.382578 0.067014
v 0.118156 0.398731 0.056546
v 0.104010 0.398995 0.060948
v 0.102006 0.383311 0.071849
v 0.325801 0.367306 -0.009592
v 0.303453 0.379175 -0.007840
v 0.297125 0.363996 -0.006884
v 0.319198 0.352395 -0.009095
v 0.152294 0.138354 0.010693
v 0.154109 0.121062 0.014003
v 0.154950 0.125204 -0.013258
v 0.152226 0.142113 -0.015214
v 0.215129 0.455589 0.000947
v 0.219752 0.471987 -0.016909
v 0.206327 0.481859 -0.016895
v 0.201699 0.465618 0.002550
v 0.154074 0.367523 0.044178
v 0.158185 0.379748 0.039247
v 0.150469 0.389280 0.044298
v 0.146828 0.374981 0.050658
v 0.165464 0.278180 -0.040226
v 0.168445 0.294886 -0.044066
v 0.168353 0.296800 -0.023002
v 0.166197 0.280124 -0.016567
v 0.162958 0.263863 -0.011143
v 0.161805 0.262076 -0.036663
v 0.138203 0.378690 0.056364
v 0.140744 0.395567 0.048049
v 0.130508 0.397649 0.052097
v 0.127728 0.381052 0.061969
v 0.081987 0.276802 0.107993
v 0.098030 0.271949 0.099930
v 0.146365 0.116024 0.040058
v 0.145855 0.134020 0.036261
v 0.133687 0.129391 0.058329
v 0.133506 0.110895 0.062257
v 0.092780 0.243969 0.088505
v 0.108222 0.243485 0.077091
v 0.109029 0.258007 0.083072
v 0.093887 0.258947 0.092609
v 0.116766 0.106900 0.081137
v 0.117391 0.125570 0.076960
v 0.099204 0.123041 0.093623
v 0.098550 0.102372 0.098413
v 0.089923 0.415299 0.054095
v 0.072615 0.412985 0.057890
v 0.128617 0.306050 0.092453
v 0.120172 0.305670 0.100339
v 0.115876 0.286974 0.098131
v 0.125971 0.288298 0.090015
v 0.170552 0.364040 0.015154
v 0.177859 0.374501 0.010928
v 0.176539 0.396626 0.023305
v 0.169497 0.379606 0.027345
v 0.158430 0.108314 -0.011279
v 0.156457 0.104270 0.016701
v 0.117291 0.087274 0.083707
v 0.099061 0.081857 0.100983
v 0.200579 0.360641 -0.056977
v 0.199645 0.364181 -0.043908
v 0.191816 0.355276 -0.041437
v 0.193983 0.352386 -0.054834
v 0.058080 0.309796 0.115892
v 0.067138 0.289014 0.114139
v 0.079753 0.302225 0.115552
v 0.073181 0.318811 0.114957
v 0.123236 0.272342 0.082177
v 0.111746 0.270881 0.091125
v 0.122185 0.259571 0.072729
v 0.041807 0.300002 0.112868
v 0.052592 0.273649 0.108637
v 0.054436 0.409904 0.061385
v 0.053598 0.395084 0.072377
v 0.054800 0.425609 0.051105
v 0.053501 0.441672 0.041198
v 0.035373 0.438526 0.045815
v 0.036231 0.422266 0.054981
v 0.051305 0.457626 0.032423
v 0.033232 0.453963 0.037758
v 0.043651 0.479229 0.016427
v 0.040737 0.488994 0.013688
v 0.163759 0.367594 0.031199
v 0.159113 0.356787 0.035313
v 0.134194 0.092667 0.064671
v 0.116299 0.439116 -0.130491
v 0.133260 0.444868 -0.122913
v 0.131544 0.426934 -0.127751
v 0.114681 0.420352 -0.135521
v 0.113101 0.494928 -0.012931
v 0.113953 0.509465 -0.037673
v 0.180174 0.374898 -0.099532
v 0.179979 0.365146 -0.095193
v 0.171990 0.357762 -0.099110
v 0.171380 0.369869 -0.103771
v 0.199661 0.362503 -0.078052
v 0.198714 0.368261 -0.084976
v 0.208315 0.367951 -0.087620
v 0.209024 0.361932 -0.080814
v 0.149543 0.128731 -0.038097
v 0.146059 0.145464 -0.040244
v 0.132111 0.259289 -0.099535
v 0.140154 0.276274 -0.098647
v 0.150316 0.268636 -0.080981
v 0.144078 0.252123 -0.080627
v 0.018591 0.407295 -0.133043
v 0.037298 0.410784 -0.137458
v 0.036983 0.395060 -0.139692
v 0.018402 0.391914 -0.134984
v 0.077302 0.440586 -0.136127
v 0.056294 0.432237 -0.137509
v 0.055523 0.447075 -0.133107
v 0.077245 0.456507 -0.130619
v 0.096837 0.431631 -0.137226
v 0.095853 0.412800 -0.141577
v 0.162062 0.280288 -0.061638
v 0.165854 0.296383 -0.063161
v 0.171661 0.318203 -0.065166
v 0.175122 0.326015 -0.065475
v 0.176250 0.326108 -0.050344
v 0.173123 0.318188 -0.049180
v 0.087717 0.515693 -0.044233
v 0.095685 0.518376 -0.064880
v 0.085932 0.521648 -0.067509
v 0.051289 0.495936 -0.110275
v 0.061931 0.500994 -0.105879
v 0.064638 0.495451 -0.109839
v 0.051080 0.489507 -0.114544
v 0.041735 0.323559 -0.143287
v 0.044407 0.301208 -0.139077
v 0.021474 0.302078 -0.137329
v 0.020269 0.323136 -0.141295
v 0.177588 0.335156 -0.077293
v 0.175159 0.340313 -0.086436
v 0.182425 0.347920 -0.084498
v 0.184352 0.342030 -0.076701
v 0.169749 0.333349 -0.088120
v 0.172615 0.328534 -0.077849
v 0.168772 0.320662 -0.078493
v 0.164796 0.325590 -0.090051
v 0.147874 0.292087 -0.096486
v 0.154826 0.306347 -0.093810
v 0.161026 0.300749 -0.079311
v 0.156343 0.285214 -0.080295
v 0.022294 0.232424 -0.121078
v 0.022130 0.255336 -0.127670
v 0.042732 0.253423 -0.129048
v 0.042156 0.230067 -0.123496
v 0.206829 0.374565 -0.022246
v 0.217580 0.368864 -0.026399
v 0.217105 0.377182 -0.011508
v 0.207038 0.381148 -0.007822
v 0.217890 0.384440 -0.099889
v 0.218879 0.391331 -0.101596
v 0.229102 0.390215 -0.102291
v 0.227706 0.383947 -0.101277
v 0.231985 0.351932 -0.043088
v 0.246970 0.341497 -0.046214
v 0.246653 0.349742 -0.031682
v 0.230323 0.360046 -0.029082
v 0.123889 0.512434 -0.064669
v 0.114246 0.514378 -0.064207
v 0.124082 0.511090 -0.036554
v 0.219851 0.353058 -0.064198
v 0.218725 0.354574 -0.075311
v 0.230920 0.348403 -0.079980
v 0.231300 0.345558 -0.068613
v 0.331802 0.381427 -0.017406
v 0.309520 0.393302 -0.016318
v 0.264659 0.328527 -0.062521
v 0.246790 0.336903 -0.059978
v 0.246916 0.336855 -0.072720
v 0.266535 0.329990 -0.075699
v 0.138642 0.236003 -0.079716
v 0.124847 0.242395 -0.098062
v 0.122968 0.133286 -0.077377
v 0.118839 0.151465 -0.079432
v 0.133894 0.148872 -0.062091
v 0.138141 0.131474 -0.059924
v 0.152270 0.111942 -0.037010
v 0.126024 0.114785 -0.075961
v 0.141308 0.113898 -0.058742
v 0.068788 0.528246 -0.062954
v 0.077073 0.525051 -0.066468
v 0.066294 0.521997 -0.083468
v 0.059635 0.527443 -0.078058
v 0.175481 0.004566 -0.039978
v 0.179177 0.002717 -0.008465
v 0.179899 -0.020087 -0.014509
v 0.174454 -0.020488 -0.045335
v 0.034715 0.509579 -0.100747
v 0.031326 0.518719 -0.093987
v 0.046154 0.522948 -0.087753
v 0.051693 0.515507 -0.093905
v 0.174408 0.028713 -0.037032
v 0.177397 0.025491 -0.007080
v 0.071920 0.522518 -0.043501
v 0.079910 0.518997 -0.044760
v 0.069909 0.514626 -0.025869
v 0.077322 0.509315 -0.026273
v 0.063117 0.508596 -0.009851
v 0.176320 -0.003435 0.018921
v 0.180376 -0.026457 0.016065
v 0.053467 0.532582 -0.071679
v 0.041834 0.529420 -0.081317
v 0.028821 0.527373 -0.086899
v 0.014887 0.526231 -0.089678
v 0.000033 0.525956 -0.090475
v 0.000409 0.536085 -0.083622
v 0.161308 0.092484 -0.009573
v 0.157012 0.095293 -0.036686
v 0.129328 -0.124958 -0.113733
v 0.134392 -0.138435 -0.102458
v 0.101312 -0.143525 -0.111785
v 0.101323 -0.131925 -0.121810
v 0.029750 -0.124702 -0.126433
v 0.068080 -0.131752 -0.126696
v 0.064839 -0.143663 -0.114221
v 0.027347 -0.136618 -0.111805
v 0.036212 -0.005142 -0.143227
v 0.036905 0.016726 -0.136978
v 0.066045 0.017092 -0.136298
v 0.065962 -0.004587 -0.143426
v 0.145773 0.096949 -0.059311
v 0.130769 0.097247 -0.077099
v 0.157814 0.088123 0.018492
v 0.199141 -0.149663 0.029690
v 0.205165 -0.183751 0.026428
v 0.206542 -0.177212 -0.012687
v 0.203093 -0.143017 -0.011448
v 0.171263 -0.177982 -0.073406
v 0.139632 -0.182147 -0.088829
v 0.136730 -0.158679 -0.094719
v 0.168817 -0.150526 -0.078106
v 0.079954 0.077419 0.116419
v 0.079841 0.056078 0.116274
v 0.099073 0.061878 0.101480
v 0.019531 0.066682 0.138970
v 0.018207 0.044739 0.138184
v 0.038952 0.047682 0.135076
v 0.041124 0.070011 0.135784
v 0.025002 -0.069367 0.116974
v 0.029044 -0.044689 0.119715
v 0.013358 -0.046363 0.122921
v 0.012097 -0.069323 0.119445
v 0.166942 -0.010722 0.044232
v 0.163316 0.009421 0.045873
v 0.144900 0.000611 0.066924
v 0.147052 -0.019261 0.066365
v 0.061787 -0.154993 -0.097832
v 0.026691 -0.145928 -0.092960
v 0.182593 -0.156183 0.067293
v 0.190983 -0.191304 0.063424
v 0.165162 -0.200729 0.090998
v 0.157930 -0.166550 0.093901
v 0.126162 -0.175637 0.104065
v 0.131801 -0.207341 0.100671
v 0.014076 -0.148340 0.060467
v 0.018191 -0.158056 0.058898
v 0.032658 -0.141869 0.083664
v 0.025222 -0.128620 0.087950
v 0.031643 -0.092585 -0.142449
v 0.064513 -0.096624 -0.143791
v 0.065909 -0.115051 -0.137055
v 0.031191 -0.110688 -0.135199
v 0.112614 0.096360 -0.090537
v 0.108301 0.114942 -0.088554
v 0.089123 0.114928 -0.096790
v 0.086321 0.135637 -0.097478
v 0.105506 0.134553 -0.089743
v 0.088525 0.261391 -0.123071
v 0.097129 0.279918 -0.127008
v 0.116220 0.267948 -0.114604
v 0.108223 0.250971 -0.112289
v 0.056608 0.416454 -0.141350
v 0.056442 0.399807 -0.144097
v 0.100480 -0.181480 -0.094618
v 0.112770 -0.210602 -0.088301
v 0.075934 -0.211409 -0.082002
v 0.054020 -0.174792 -0.084690
v 0.174842 -0.207137 -0.070080
v 0.195053 -0.174254 -0.047883
v 0.196709 -0.206163 -0.047215
v 0.209507 -0.216517 0.024334
v 0.209644 -0.209778 -0.013818
v 0.169642 -0.234090 0.087526
v 0.136188 -0.239292 0.095639
v 0.046791 -0.218912 0.058057
v 0.052660 -0.242747 0.048053
v 0.074227 -0.243403 0.070162
v 0.069398 -0.217349 0.078570
v 0.062449 -0.069737 0.101876
v 0.073564 -0.092573 0.101651
v 0.100097 -0.069542 0.095467
v 0.095829 -0.047157 0.093817
v 0.042409 0.093343 0.134881
v 0.024659 0.089416 0.138127
v 0.079763 0.099360 0.114281
v 0.060675 0.096607 0.127168
v 0.060310 0.073423 0.128578
v 0.047931 0.186943 0.123094
v 0.044921 0.164873 0.126900
v 0.066181 0.164876 0.116908
v 0.069876 0.186284 0.113025
v 0.073103 0.208128 0.108391
v 0.050815 0.208948 0.117734
v 0.052034 0.250769 0.103977
v 0.074003 0.246571 0.097628
v 0.075223 0.263055 0.101736
v 0.036156 0.406478 0.064623
v 0.035756 0.391327 0.074413
v 0.170421 -0.032091 0.043588
v 0.028459 -0.187434 -0.056811
v 0.046783 -0.217620 -0.062248
v 0.033964 -0.226198 -0.034206
v 0.023130 -0.200365 -0.025807
v 0.173634 0.017488 0.020579
v 0.147640 0.098726 0.042681
v 0.148454 0.081870 0.043984
v 0.150798 0.253757 0.024753
v 0.148525 0.231691 0.020580
v 0.088346 0.311962 0.113986
v 0.086654 0.324217 0.111985
v 0.192646 -0.142722 -0.049855
v 0.172786 -0.265284 0.082105
v 0.140040 -0.270917 0.088669
v 0.142549 -0.301314 0.080829
v 0.174412 -0.295318 0.075838
v 0.049512 -0.266338 0.012446
v 0.061411 -0.294197 0.002317
v 0.069759 -0.296545 0.027405
v 0.060353 -0.269166 0.037538
v 0.073058 -0.322427 -0.005407
v 0.082976 -0.349923 -0.013138
v 0.087863 -0.354501 0.010444
v 0.079821 -0.325908 0.019629
v 0.196336 -0.226198 0.061091
v 0.213059 -0.279285 0.022304
v 0.211791 -0.248948 0.024139
v 0.198278 -0.257749 0.057729
v 0.200177 -0.288024 0.053848
v 0.146502 -0.209920 -0.083341
v 0.032332 -0.217482 0.034140
v 0.039454 -0.239896 0.023497
v 0.067280 -0.286620 -0.046299
v 0.050741 -0.256655 -0.040905
v 0.066368 -0.250545 -0.065544
v 0.083027 -0.281013 -0.068342
v 0.187108 -0.264275 -0.065860
v 0.180938 -0.236187 -0.067190
v 0.201209 -0.236256 -0.043796
v 0.205583 -0.265194 -0.042549
v 0.211997 -0.240694 -0.011640
v 0.213843 -0.270895 -0.011561
v 0.215738 -0.337813 0.018875
v 0.214181 -0.309054 0.020449
v 0.200750 -0.317616 0.050148
v 0.201022 -0.346422 0.046212
v 0.218341 -0.328846 -0.013052
v 0.215842 -0.300058 -0.012343
v 0.213305 -0.321586 -0.041110
v 0.209563 -0.293430 -0.041962
v 0.197926 -0.318971 -0.062266
v 0.193087 -0.291394 -0.064446
v 0.177932 -0.319460 -0.076739
v 0.170849 -0.292988 -0.079112
v 0.145189 -0.296751 -0.084928
v 0.154924 -0.322732 -0.082514
v 0.131641 -0.327499 -0.080228
v 0.119957 -0.301642 -0.081774
v 0.094661 -0.339994 -0.055684
v 0.082064 -0.314122 -0.051131
v 0.097413 -0.308121 -0.070521
v 0.110323 -0.333780 -0.071737
v 0.141632 -0.440648 -0.072440
v 0.128092 -0.413939 -0.070118
v 0.146125 -0.407292 -0.075809
v 0.158598 -0.433946 -0.076123
v 0.174572 -0.427783 -0.080748
v 0.163948 -0.401826 -0.078016
v 0.181048 -0.397704 -0.078985
v 0.192586 -0.422750 -0.081152
v 0.212528 -0.396682 -0.057482
v 0.222551 -0.421951 -0.058880
v 0.208828 -0.420561 -0.074172
v 0.198129 -0.395355 -0.072393
v 0.228612 -0.399158 -0.039261
v 0.235543 -0.424634 -0.039862
v 0.231426 -0.406660 -0.014226
v 0.234769 -0.432206 -0.014943
v 0.219578 -0.416581 0.012535
v 0.223831 -0.441155 0.011040
v 0.109676 -0.433796 -0.019532
v 0.106853 -0.428604 -0.039284
v 0.119650 -0.454176 -0.046429
v 0.120472 -0.460000 -0.026437
v 0.138156 -0.437260 0.021525
v 0.147157 -0.462115 0.010637
v 0.162159 -0.459939 0.032840
v 0.156023 -0.435654 0.043594
v 0.217183 -0.364886 0.017373
v 0.221081 -0.355598 -0.013455
v 0.216759 -0.348400 -0.040236
v 0.201785 -0.345329 -0.059559
v 0.105982 -0.364439 -0.060749
v 0.122633 -0.357871 -0.073379
v 0.095070 -0.381895 0.000899
v 0.090872 -0.376691 -0.021226
v 0.178657 -0.406669 0.055536
v 0.203024 -0.399850 0.040823
v 0.201367 -0.373716 0.043188
v 0.176494 -0.380516 0.057942
v 0.226514 -0.381268 -0.013880
v 0.221491 -0.373943 -0.039528
v 0.206214 -0.370974 -0.057448
v 0.172448 -0.372564 -0.078130
v 0.190831 -0.370041 -0.071943
v 0.153446 -0.376844 -0.077606
v 0.116559 -0.388764 -0.065853
v 0.134257 -0.382072 -0.074907
v 0.102825 -0.408181 -0.009492
v 0.098757 -0.402796 -0.030215
v 0.187132 -0.454630 0.042062
v 0.211289 -0.447825 0.032856
v 0.206524 -0.424383 0.037234
v 0.182449 -0.432036 0.051287
v 0.192183 -0.475563 0.030336
v 0.171144 -0.480467 0.021525
v 0.204081 -0.448647 -0.083141
v 0.187138 -0.453311 -0.084355
v 0.220123 -0.446428 -0.075986
v 0.239781 -0.458097 -0.013974
v 0.243309 -0.449547 -0.040675
v 0.228093 -0.466858 0.010261
v 0.212591 -0.469906 0.026206
v 0.148021 -0.505408 -0.053499
v 0.147609 -0.509313 -0.035407
v 0.134180 -0.483404 -0.031275
v 0.134917 -0.478830 -0.049435
v 0.166361 -0.494353 -0.080929
v 0.156448 -0.466791 -0.071671
v 0.171294 -0.460084 -0.078400
v 0.181066 -0.486863 -0.090994
v 0.217222 -0.475286 -0.091627
v 0.198625 -0.480079 -0.094727
v 0.233909 -0.471767 -0.082986
v 0.251969 -0.476525 -0.041519
v 0.248212 -0.471138 -0.066176
v 0.234780 -0.446082 -0.062058
v 0.247647 -0.484696 -0.011537
v 0.236361 -0.524608 0.006300
v 0.257329 -0.512913 -0.011794
v 0.227448 -0.496126 0.009296
v 0.237109 -0.626320 -0.007355
v 0.245825 -0.659967 -0.013075
v 0.266402 -0.652066 -0.012876
v 0.260610 -0.617945 -0.006699
v 0.156465 -0.534861 -0.060466
v 0.157404 -0.537183 -0.039738
v 0.191061 -0.516073 -0.101640
v 0.174267 -0.524197 -0.091548
v 0.275601 -0.533337 -0.046644
v 0.272484 -0.528977 -0.073709
v 0.261199 -0.498919 -0.069237
v 0.264298 -0.504025 -0.042553
v 0.182027 -0.631956 -0.053267
v 0.170926 -0.600333 -0.049384
v 0.170984 -0.598159 -0.071714
v 0.182161 -0.630204 -0.073816
v 0.197903 -0.548148 -0.109471
v 0.206740 -0.580983 -0.113767
v 0.189636 -0.588271 -0.103921
v 0.180816 -0.556169 -0.098979
v 0.289367 -0.601428 -0.052066
v 0.287512 -0.598490 -0.077081
v 0.281531 -0.562102 -0.076752
v 0.283917 -0.565888 -0.049729
v 0.245552 -0.553448 0.003193
v 0.254637 -0.584569 -0.001751
v 0.275143 -0.573458 -0.020809
v 0.267399 -0.542083 -0.016092
v 0.219843 -0.562265 0.002783
v 0.229047 -0.593073 -0.001632
v 0.213928 -0.697402 -0.073144
v 0.214091 -0.701228 -0.056635
v 0.197919 -0.665936 -0.055189
v 0.198061 -0.662897 -0.073609
v 0.217758 -0.614739 -0.113319
v 0.229814 -0.650047 -0.108618
v 0.214494 -0.655417 -0.100479
v 0.200562 -0.621428 -0.104516
v 0.297361 -0.678337 -0.055769
v 0.294784 -0.676687 -0.076551
v 0.291688 -0.637366 -0.076851
v 0.293553 -0.639145 -0.054442
v 0.273212 -0.689005 -0.019510
v 0.291190 -0.682260 -0.033368
v 0.286206 -0.643829 -0.028318
v 0.254433 -0.695825 -0.018878
v 0.262757 -0.731478 -0.022677
v 0.278785 -0.725776 -0.023096
v 0.227682 -0.731460 -0.072491
v 0.229190 -0.733926 -0.057269
v 0.237914 -0.725666 -0.093617
v 0.227888 -0.690654 -0.096377
v 0.240500 -0.685583 -0.104044
v 0.249595 -0.720536 -0.101033
v 0.274176 -0.679822 -0.101413
v 0.280067 -0.715234 -0.097649
v 0.264798 -0.716873 -0.102607
v 0.257569 -0.681763 -0.105939
v 0.296630 -0.712869 -0.075441
v 0.289667 -0.713617 -0.088766
v 0.286760 -0.677314 -0.091865
v 0.300249 -0.713986 -0.056350
v 0.294526 -0.718985 -0.035385
v 0.011011 -0.164289 -0.032583
v 0.018426 -0.168576 -0.045052
v 0.017015 -0.184323 -0.014372
v 0.012681 -0.176927 -0.001814
v 0.088280 -0.301003 0.052220
v 0.081053 -0.271301 0.061594
v 0.100950 -0.358698 0.033353
v 0.095431 -0.330706 0.043803
v 0.107813 -0.385654 0.022986
v 0.122247 -0.438014 0.001140
v 0.115304 -0.411634 0.011934
v 0.131182 -0.462932 -0.008016
v 0.143860 -0.486751 -0.013377
v 0.156661 -0.511866 -0.016023
v 0.175323 -0.567095 -0.023208
v 0.167841 -0.537870 -0.019751
v 0.163938 -0.568254 -0.044719
v 0.193669 -0.631974 -0.031297
v 0.183199 -0.598792 -0.027062
v 0.222628 -0.702501 -0.039905
v 0.207583 -0.667133 -0.035731
v 0.237419 -0.735069 -0.042163
v 0.089364 -0.158289 0.101897
v 0.085404 -0.135135 0.102654
v 0.060319 -0.152857 0.095612
v 0.062733 -0.171080 0.091027
v 0.005614 -0.157355 0.024567
v 0.007695 -0.162041 0.022369
v 0.011815 -0.162545 0.039439
v 0.008830 -0.156249 0.040511
v 0.218659 -0.390990 0.015184
v 0.184458 -0.344989 -0.073821
v 0.142969 -0.352122 -0.078428
v 0.163742 -0.347731 -0.079538
v 0.129971 -0.413923 0.034367
v 0.151797 -0.411406 0.051272
v 0.148627 -0.385751 0.057655
v 0.125658 -0.387582 0.043530
v 0.211123 -0.535848 0.006595
v 0.187040 -0.537964 -0.003674
v 0.196273 -0.565840 -0.008337
v 0.204121 -0.511914 0.011837
v 0.248051 -0.498637 -0.089442
v 0.230497 -0.502317 -0.100798
v 0.219450 -0.539447 -0.112857
v 0.210597 -0.508453 -0.104491
v 0.241024 -0.532584 -0.108683
v 0.117086 -0.333650 0.063076
v 0.120716 -0.360740 0.053420
v 0.146649 -0.358615 0.064648
v 0.144398 -0.330666 0.072810
v 0.115212 0.169530 -0.081777
v 0.129823 0.166179 -0.065075
v 0.142914 0.284103 0.062635
v 0.133761 0.276647 0.072739
v 0.134692 0.263266 0.060554
v 0.145865 0.270750 0.046891
v 0.153591 0.282118 0.036615
v 0.149805 0.294613 0.053384
v 0.158239 0.295524 0.027871
v 0.154319 0.307457 0.044319
v 0.172168 0.354313 -0.000740
v 0.178742 0.361910 -0.004739
v 0.028700 0.250250 0.108016
v 0.028319 0.230010 0.115494
v 0.052336 0.230336 0.111101
v 0.059293 0.051304 0.128051
v 0.068832 -0.036045 0.106069
v 0.046921 -0.041799 0.113797
v 0.041069 -0.070107 0.111620
v 0.009562 -0.133609 0.085289
v 0.001131 -0.143586 0.067771
v 0.000636 -0.153401 0.042749
v 0.000164 -0.155700 0.024635
v 0.062297 0.225589 -0.120936
v 0.063606 0.248847 -0.125994
v 0.018638 0.421591 -0.130618
v 0.037153 0.425663 -0.134384
v 0.035652 0.453010 -0.127718
v 0.018112 0.448279 -0.125026
v 0.017484 0.460078 -0.121802
v 0.034233 0.464812 -0.123798
v 0.016069 0.516068 -0.097072
v 0.017516 0.505381 -0.103711
v 0.004705 -0.158243 0.004029
v 0.005699 -0.160272 -0.005402
v 0.009244 -0.166551 0.017936
v 0.042759 -0.198143 0.066783
v 0.040641 -0.181447 0.073931
v 0.025676 -0.186187 0.051837
v 0.028007 -0.199734 0.044062
v 0.198301 -0.109707 -0.006671
v 0.192230 -0.115863 0.034205
v 0.100332 -0.159907 -0.101061
v 0.310419 0.316218 -0.077865
v 0.287852 0.323340 -0.077284
v 0.292653 0.330022 -0.088756
v 0.315426 0.323306 -0.088298
v 0.065319 0.324579 -0.143690
v 0.073446 0.297954 -0.136686
v 0.083628 0.503862 -0.024270
v 0.149347 0.510412 -0.030515
v 0.135697 0.511352 -0.034238
v 0.137361 0.498911 -0.008937
v 0.148999 0.498550 -0.005566
v 0.147988 0.464778 -0.108445
v 0.134794 0.462459 -0.115198
v 0.135368 0.480296 -0.103389
v 0.148046 0.481122 -0.096460
v 0.064777 -0.027968 -0.148583
v 0.034785 -0.027925 -0.147615
v 0.042602 0.161266 -0.106989
v 0.041608 0.183538 -0.111974
v 0.061534 0.179788 -0.110294
v 0.063417 0.158513 -0.105498
v 0.096837 0.311411 -0.135918
v 0.111614 0.295607 -0.125937
v 0.037461 0.324720 0.110033
v 0.054198 0.330969 0.111095
v 0.052885 0.348809 0.102733
v 0.035800 0.344625 0.102701
v 0.273794 0.364804 -0.101466
v 0.273967 0.347729 -0.096945
v 0.251460 0.351957 -0.094237
v 0.250550 0.362969 -0.099095
v 0.164682 -0.126295 -0.085663
v 0.187848 -0.106602 -0.053354
v 0.143850 0.197461 -0.053406
v 0.141337 0.179628 -0.048472
v 0.129030 0.183551 -0.069967
v 0.131994 0.201244 -0.075817
v 0.152410 0.248368 -0.058690
v 0.148660 0.232341 -0.057915
v 0.157653 0.263952 -0.060225
v 0.199938 0.359658 -0.069369
v 0.193045 0.352155 -0.067148
v 0.191544 0.355479 -0.076241
v 0.065612 -0.192640 0.085510
v 0.051616 -0.118496 0.098667
v 0.042623 -0.104087 0.101638
v 0.003025 -0.154431 0.008827
v -0.000069 -0.154010 0.009964
v 0.059045 0.518165 -0.007323
v 0.063743 0.522289 -0.023633
v 0.232251 0.346651 -0.056205
v 0.220156 0.355352 -0.052147
v 0.180387 0.333202 -0.051493
v 0.186951 0.340599 -0.053163
v 0.184887 0.344625 -0.037919
v 0.178759 0.337037 -0.034948
v 0.179701 0.332706 -0.065635
v 0.186513 0.339722 -0.066190
v 0.143461 0.412319 0.039921
v 0.144606 0.430206 0.031350
v 0.133164 0.433803 0.032753
v 0.132110 0.415829 0.042544
v 0.120038 0.416537 0.045974
v 0.121217 0.434883 0.034674
v 0.107385 0.434427 0.037631
v 0.105903 0.416218 0.049781
v 0.080666 0.485501 -0.000659
v 0.065294 0.476880 0.014463
v 0.047247 0.470381 0.024106
v 0.031098 0.466624 0.030595
v 0.018149 0.494566 -0.109224
v 0.039162 0.498836 -0.108259
v 0.034292 0.486694 -0.114835
v 0.017251 0.482989 -0.113967
v 0.001497 0.480533 -0.112796
v 0.001240 0.492110 -0.108505
v 0.052292 0.503968 0.003685
v 0.039123 0.499749 0.015508
v 0.027148 0.485820 0.022423
v 0.337637 0.390696 -0.030820
v 0.315828 0.402437 -0.030668
v 0.061207 0.533008 -0.057523
v 0.064771 0.528371 -0.040401
v 0.341274 0.394613 -0.047909
v 0.319173 0.406845 -0.048032
v 0.125325 0.475924 0.007766
v 0.137220 0.478058 0.008686
v 0.125428 0.497345 -0.011267
v 0.049794 0.514199 0.007023
v 0.037426 0.510202 0.018393
v 0.191780 -0.077144 0.001655
v 0.183359 -0.083477 0.038009
v 0.150605 0.155605 0.006688
v 0.145367 0.151907 0.031660
v 0.001673 0.186201 0.128020
v 0.000554 0.164724 0.132165
v 0.022630 0.164452 0.131704
v 0.025022 0.186955 0.127644
v 0.004184 0.248518 0.108520
v 0.003592 0.228503 0.115691
v 0.012910 0.515023 0.031159
v 0.041665 0.117943 0.132415
v 0.042579 0.142213 0.129842
v 0.020687 0.140703 0.134233
v 0.019406 0.113662 0.136194
v 0.010514 0.087361 0.138527
v 0.008967 0.075147 0.139076
v 0.020799 -0.089506 0.113115
v 0.010658 -0.089084 0.114833
v 0.248762 0.411054 -0.000395
v 0.254861 0.427839 -0.009153
v 0.240145 0.437775 -0.005244
v 0.234948 0.419578 0.002808
v 0.080761 0.121812 0.110155
v 0.061380 0.120583 0.123906
v 0.165588 0.354533 0.018626
v 0.167233 0.345038 0.002423
v 0.027990 0.271005 0.107279
v 0.070372 0.336043 0.109561
v 0.069564 0.351833 0.101064
v 0.085488 0.339075 0.106021
v 0.085302 0.353632 0.097562
v -0.000189 -0.148016 -0.006682
v 0.002505 -0.155203 0.001407
v 0.236280 0.426198 -0.096692
v 0.235249 0.416971 -0.099935
v 0.223285 0.419318 -0.101395
v 0.224772 0.429766 -0.098397
v 0.025388 -0.211515 0.006010
v 0.020502 -0.195597 0.016523
v 0.022416 -0.151766 -0.070728
v 0.007861 -0.151750 -0.055863
v 0.001058 -0.146611 -0.058765
v 0.000560 -0.139129 -0.072730
v 0.103268 -0.243316 0.087883
v 0.098766 -0.212722 0.094720
v 0.108009 -0.273890 0.080195
v 0.112692 -0.304257 0.071939
v 0.158786 -0.485216 0.003081
v 0.176270 -0.509797 0.002797
v 0.205462 -0.596886 -0.012942
v 0.215076 -0.629847 -0.017914
v 0.226013 -0.664857 -0.023133
v 0.249032 -0.734786 -0.030143
v 0.237692 -0.700901 -0.027611
v 0.341635 0.391730 -0.064375
v 0.340554 0.383926 -0.078477
v 0.317232 0.395397 -0.080973
v 0.318159 0.404701 -0.066243
v 0.264931 0.332278 -0.048443
v 0.284480 0.324008 -0.050033
v 0.285673 0.330323 -0.035666
v 0.265651 0.339818 -0.033831
v 0.305305 0.315109 -0.051786
v 0.285058 0.321351 -0.064238
v 0.306811 0.313722 -0.065512
v 0.320786 0.334738 -0.095734
v 0.298167 0.341160 -0.096749
v 0.302288 0.356002 -0.100195
v 0.326391 0.347962 -0.098711
v 0.337085 0.373400 -0.089424
v 0.332269 0.360871 -0.096544
v 0.309172 0.370589 -0.098084
v 0.314457 0.383611 -0.091176
v 0.313159 0.339187 -0.014409
v 0.291705 0.350506 -0.012433
v 0.287817 0.339382 -0.022573
v 0.308628 0.328256 -0.024204
v 0.259989 0.440550 -0.024213
v 0.245177 0.452297 -0.020419
v 0.185302 0.381101 0.003983
v 0.194860 0.384234 -0.003232
v 0.199067 0.395254 0.009393
v 0.187781 0.396310 0.014593
v 0.288346 0.405034 -0.014234
v 0.294960 0.415101 -0.029544
v 0.275977 0.428070 -0.027069
v 0.270254 0.416672 -0.011698
v 0.270713 0.361146 -0.009923
v 0.250370 0.370811 -0.006160
v 0.247489 0.359740 -0.017506
v 0.267232 0.349879 -0.020520
v 0.248780 0.342087 -0.084368
v 0.269883 0.336120 -0.087701
v 0.228718 0.400987 0.005440
v 0.241710 0.393639 0.002254
v 0.161774 0.344534 0.022343
v 0.174870 0.329841 -0.032702
v 0.172015 0.321344 -0.030816
v 0.134346 0.291698 0.081501
v 0.135303 0.306883 0.084481
v 0.165351 0.301875 -0.001019
v 0.163129 0.285989 0.006926
v 0.139838 0.307713 0.077772
v 0.141247 0.297564 0.073234
v 0.093366 0.226666 0.091587
v 0.028486 0.475956 0.024497
v 0.256133 0.385058 -0.001196
v 0.263532 0.401237 -0.003091
v 0.233431 0.364195 -0.095897
v 0.232459 0.355375 -0.089535
v 0.218270 0.359469 -0.084664
v 0.218984 0.366429 -0.091815
v 0.130167 0.335634 -0.126084
v 0.138580 0.323753 -0.116976
v 0.125939 0.310135 -0.122213
v 0.114992 0.323354 -0.132349
v 0.243140 0.439722 -0.086019
v 0.231057 0.446856 -0.086463
v 0.235916 0.453804 -0.075462
v 0.249339 0.444457 -0.076014
v 0.241269 0.458592 -0.060309
v 0.246315 0.459473 -0.040998
v 0.261145 0.447134 -0.043290
v 0.256192 0.447315 -0.061793
v 0.183072 -0.046063 -0.022043
v 0.175808 -0.045482 -0.052666
v 0.117300 0.068020 0.084521
v 0.134486 0.074553 0.065626
v 0.095499 -0.023234 0.095891
v 0.020821 -0.167104 0.057987
v 0.036039 -0.155180 0.082456
v 0.033430 -0.234388 -0.004465
v 0.184321 -0.050097 0.007924
v 0.060919 -0.290845 -0.022049
v 0.046466 -0.262219 -0.013762
v 0.107569 -0.274872 -0.082053
v 0.093223 -0.245090 -0.081975
v 0.124430 -0.241644 -0.086842
v 0.135114 -0.270092 -0.086271
v 0.154857 -0.238494 -0.081502
v 0.162881 -0.266387 -0.080636
v 0.175758 -0.353333 0.062353
v 0.228752 -0.573197 -0.116849
v 0.258807 -0.603340 -0.110379
v 0.238318 -0.608702 -0.115622
v 0.250178 -0.566327 -0.112009
v 0.259483 -0.528874 -0.095116
v 0.268515 -0.562393 -0.097900
v 0.280724 -0.607625 -0.023747
v 0.248395 -0.644933 -0.110957
v 0.266870 -0.641571 -0.105834
v 0.276025 -0.599233 -0.097046
v 0.281918 -0.638081 -0.094441
v 0.017885 -0.184835 0.026148
v 0.000977 -0.134907 -0.088537
v 0.165520 -0.094740 0.072085
v 0.174084 -0.123705 0.069378
v 0.080377 -0.113726 0.102162
v 0.105695 -0.093387 0.099346
v 0.119120 0.144333 0.072676
v 0.101201 0.142946 0.089117
v 0.122092 0.185514 0.064858
v 0.120771 0.164275 0.068485
v 0.135140 0.167435 0.049484
v 0.135965 0.187702 0.045727
v 0.151468 0.192179 -0.001751
v 0.150023 0.173565 0.002245
v 0.148730 0.176291 -0.023719
v 0.150660 0.194498 -0.028311
v 0.141996 0.162412 -0.043723
v 0.149638 0.158770 -0.019193
v 0.080606 0.197659 -0.109300
v 0.081710 0.219647 -0.114766
v 0.099767 0.213156 -0.105808
v 0.098407 0.192920 -0.099782
v 0.031580 -0.094245 0.107824
v 0.013661 -0.169243 0.037028
v 0.094001 -0.184015 0.099257
v 0.119427 -0.145810 0.104844
v 0.149618 -0.134722 0.094445
v 0.219498 0.360998 -0.039584
v 0.164121 0.349999 -0.103294
v 0.162322 0.362131 -0.108629
v 0.277429 0.434471 -0.046082
v 0.272188 0.435086 -0.064593
v 0.234344 0.379228 -0.001754
v 0.227372 0.446452 -0.001584
v 0.209558 0.434563 0.011155
v 0.222238 0.426904 0.006793
v 0.122969 -0.030785 0.081864
v 0.126761 -0.053374 0.084782
v 0.151375 -0.040655 0.067656
v 0.004642 -0.153197 -0.039565
v 0.001262 -0.147199 -0.047182
v 0.057395 -0.135444 0.097788
v 0.085088 -0.345549 -0.035733
v 0.073852 -0.318894 -0.028915
v 0.094718 -0.370864 -0.042768
v 0.104217 -0.395979 -0.050281
v 0.114414 -0.421378 -0.057618
v 0.127277 -0.446572 -0.063191
v 0.143617 -0.472422 -0.063488
v 0.155399 -0.500326 -0.068646
v 0.163176 -0.566229 -0.066873
v 0.162278 -0.530249 -0.077569
v 0.169327 -0.561828 -0.084767
v 0.177904 -0.594003 -0.089465
v 0.204378 -0.659603 -0.088528
v 0.189057 -0.626427 -0.090901
v 0.218939 -0.693779 -0.086010
v 0.231257 -0.728614 -0.084150
v 0.002357 -0.151930 -0.012389
v 0.003348 -0.152854 -0.025141
v 0.111798 0.473104 0.006713
v 0.175479 0.345068 -0.017596
v 0.181431 0.351882 -0.021197
v 0.221693 0.386320 0.001853
v 0.001557 -0.126570 -0.104371
v 0.001773 -0.115081 -0.118941
v 0.292407 0.391569 -0.093887
v 0.294313 0.405240 -0.085012
v 0.230182 0.369301 -0.014356
v 0.186212 0.370703 -0.010813
v 0.194039 0.376822 -0.017178
v 0.519517 0.294457 -0.049084
v 0.535117 0.281048 -0.049404
v 0.536902 0.285240 -0.061028
v 0.520510 0.298281 -0.061753
v 0.514869 0.286494 -0.039319
v 0.530132 0.273340 -0.040852
v 0.482003 0.235652 -0.055769
v 0.500478 0.226736 -0.060866
v 0.504220 0.234001 -0.049280
v 0.486109 0.243785 -0.044387
v 0.538832 0.251462 -0.038532
v 0.523376 0.263638 -0.036209
v 0.515941 0.253199 -0.036433
v 0.532115 0.241789 -0.039777
v 0.481177 0.235198 -0.085694
v 0.461971 0.242013 -0.081059
v 0.465081 0.249947 -0.093183
v 0.484613 0.243667 -0.096341
v 0.409767 0.280634 -0.032843
v 0.395991 0.290695 -0.027674
v 0.392522 0.279314 -0.036723
v 0.406733 0.270095 -0.043055
v 0.486702 0.322242 -0.048318
v 0.503297 0.308190 -0.048583
v 0.503293 0.311292 -0.062272
v 0.485209 0.323936 -0.062931
v 0.465551 0.290713 -0.026962
v 0.447282 0.305166 -0.026034
v 0.438181 0.291844 -0.027612
v 0.456217 0.277730 -0.029528
v 0.466242 0.335404 -0.063967
v 0.469353 0.336668 -0.049409
v 0.499605 0.265056 -0.032677
v 0.482907 0.277416 -0.029271
v 0.474193 0.265432 -0.032625
v 0.491890 0.254080 -0.036864
v 0.519558 0.222204 -0.090505
v 0.500416 0.228675 -0.088767
v 0.504045 0.237289 -0.098020
v 0.523351 0.230715 -0.098467
v 0.526471 0.232911 -0.045298
v 0.509347 0.243321 -0.041290
v 0.521940 0.224728 -0.053822
v 0.548738 0.269088 -0.083984
v 0.530668 0.280286 -0.086815
v 0.534937 0.284749 -0.074000
v 0.552026 0.272727 -0.072109
v 0.444785 0.256011 -0.044626
v 0.463265 0.245224 -0.050091
v 0.467693 0.254283 -0.039518
v 0.449338 0.265869 -0.035295
v 0.482648 0.314679 -0.036103
v 0.498953 0.300213 -0.037617
v 0.511965 0.291024 -0.089096
v 0.492576 0.300977 -0.090608
v 0.499076 0.308298 -0.076754
v 0.517370 0.296779 -0.075506
v 0.464679 0.296793 -0.098950
v 0.484594 0.289191 -0.099358
v 0.476621 0.275367 -0.101699
v 0.456618 0.282055 -0.099970
v 0.423984 0.259782 -0.051124
v 0.426803 0.268405 -0.038937
v 0.442849 0.249361 -0.075098
v 0.423746 0.256996 -0.067780
v 0.426152 0.262767 -0.082720
v 0.445685 0.256459 -0.088634
v 0.424863 0.343534 -0.029361
v 0.439467 0.333137 -0.028169
v 0.447335 0.343875 -0.037292
v 0.431496 0.353883 -0.039516
v 0.450334 0.348806 -0.051359
v 0.433203 0.357913 -0.054437
v 0.402780 0.361451 -0.072385
v 0.414561 0.357534 -0.070956
v 0.406486 0.346765 -0.079042
v 0.395675 0.351336 -0.081052
v 0.424829 0.307093 -0.098262
v 0.444568 0.302839 -0.098828
v 0.436341 0.287378 -0.097614
v 0.416397 0.291846 -0.094618
v 0.394086 0.282625 -0.082658
v 0.410690 0.278647 -0.087542
v 0.407554 0.268369 -0.076136
v 0.392044 0.273298 -0.069644
v 0.344200 0.300017 -0.068968
v 0.357439 0.293922 -0.070421
v 0.355382 0.290635 -0.056539
v 0.342328 0.297961 -0.055530
v 0.357760 0.301695 -0.028545
v 0.363024 0.312550 -0.019634
v 0.349789 0.319742 -0.018079
v 0.344794 0.309020 -0.027461
v 0.380057 0.369679 -0.032425
v 0.392289 0.363302 -0.031872
v 0.396063 0.371083 -0.046281
v 0.382920 0.375794 -0.048266
v 0.408284 0.310218 -0.097346
v 0.397317 0.295837 -0.091543
v 0.369037 0.294753 -0.030147
v 0.380293 0.287386 -0.032866
v 0.384547 0.299042 -0.024102
v 0.373707 0.305939 -0.021470
v 0.386193 0.332613 -0.020454
v 0.396562 0.324888 -0.022900
v 0.404340 0.337999 -0.025100
v 0.394757 0.344749 -0.023967
v 0.402127 0.357484 -0.031100
v 0.412598 0.350976 -0.030216
v 0.418325 0.360751 -0.041699
v 0.406922 0.366390 -0.043877
v 0.398038 0.313578 -0.096484
v 0.388634 0.315213 -0.096010
v 0.393274 0.327187 -0.093139
v 0.403118 0.325872 -0.093316
v 0.379031 0.278267 -0.063544
v 0.381017 0.285902 -0.077041
v 0.408117 0.317243 -0.025409
v 0.390441 0.312395 -0.021054
v 0.401679 0.303633 -0.024343
v 0.419148 0.363639 -0.056888
v 0.347725 0.304903 -0.079803
v 0.332404 0.309625 -0.078649
v 0.336445 0.316773 -0.088112
v 0.351635 0.311851 -0.088878
v 0.329016 0.305506 -0.067126
v 0.327020 0.305292 -0.053842
v 0.333845 0.328394 -0.016304
v 0.329219 0.317564 -0.025902
v 0.340181 0.341577 -0.011577
v 0.356690 0.332888 -0.013896
v 0.363346 0.346526 -0.015128
v 0.346487 0.355504 -0.012074
v 0.359850 0.379419 -0.031721
v 0.363213 0.383776 -0.048068
v 0.381896 0.373901 -0.062932
v 0.363624 0.380677 -0.063720
v 0.355576 0.293833 -0.041538
v 0.366970 0.286512 -0.043515
v 0.504449 0.280790 -0.098643
v 0.523920 0.271509 -0.096683
v 0.516086 0.260089 -0.101312
v 0.496487 0.268104 -0.102126
v 0.509350 0.248372 -0.101999
v 0.528746 0.241121 -0.101050
v 0.491894 0.289575 -0.030854
v 0.507938 0.276346 -0.033463
v 0.545296 0.260731 -0.041665
v 0.415947 0.330269 -0.026022
v 0.429704 0.319746 -0.026222
v 0.389197 0.340837 -0.087798
v 0.379477 0.344088 -0.090247
v 0.385127 0.354863 -0.083001
v 0.415553 0.325715 -0.092682
v 0.418642 0.339793 -0.079725
v 0.439820 0.335409 -0.078329
v 0.433248 0.323281 -0.091922
v 0.378956 0.316780 -0.095421
v 0.368685 0.319085 -0.095315
v 0.374255 0.331803 -0.095205
v 0.384157 0.329178 -0.093861
v 0.371956 0.359157 -0.021127
v 0.384576 0.351328 -0.022965
v 0.358121 0.364045 -0.087535
v 0.362283 0.373060 -0.077101
v 0.378584 0.367352 -0.075086
v 0.373427 0.358580 -0.084856
v 0.391170 0.364249 -0.073769
v 0.352691 0.352807 -0.094849
v 0.368014 0.347726 -0.092508
v 0.353551 0.369153 -0.018544
v 0.356444 0.322870 -0.095221
v 0.341238 0.327796 -0.095259
v 0.347127 0.340499 -0.097549
v 0.362380 0.335369 -0.096277
v 0.489764 0.255381 -0.101568
v 0.470074 0.261943 -0.099754
v 0.391260 0.271789 -0.052158
v 0.405817 0.264352 -0.059461
v 0.378526 0.279158 -0.046867
v 0.480091 0.231965 -0.070862
v 0.499013 0.224489 -0.075427
v 0.442303 0.249341 -0.058497
v 0.461222 0.240285 -0.065044
v 0.472844 0.310069 -0.091126
v 0.371727 0.296908 -0.082890
v 0.382604 0.294989 -0.086509
v 0.369137 0.289265 -0.073079
v 0.326616 0.309927 -0.038925
v 0.342443 0.301233 -0.040685
v 0.392066 0.304440 -0.094644
v 0.305832 0.320260 -0.037273
v 0.428336 0.352208 -0.069117
v 0.395394 0.370694 -0.061122
v 0.407172 0.367491 -0.059013
v 0.552979 0.272756 -0.059799
v 0.474888 0.303396 -0.028640
v 0.421443 0.306257 -0.026778
v 0.414809 0.292872 -0.027953
v 0.360558 0.300320 -0.081042
v 0.363872 0.307829 -0.089819
v 0.374199 0.305478 -0.090904
v 0.369510 0.325871 -0.015984
v 0.375852 0.339425 -0.017854
v 0.517820 0.217717 -0.078616
v 0.380286 0.318918 -0.018223
v 0.446484 0.344999 -0.065865
v 0.018510 0.435299 -0.127978
v 0.001729 0.420162 -0.128153
v 0.001793 0.433461 -0.125611
v 0.158764 0.270775 0.014851
v 0.122352 0.244906 0.063935
v 0.136160 0.247989 0.047319
v 0.171059 0.337231 -0.014862
v 0.168210 0.327519 -0.011778
v 0.196227 0.369394 -0.031381
v 0.188601 0.361564 -0.026522
v 0.160956 0.309438 0.019164
v 0.080215 0.669668 -0.035316
v 0.078013 0.662730 -0.038223
v 0.082701 0.682969 -0.035060
v 0.008996 0.100501 0.136643
v -0.003916 0.073737 0.137330
v -0.003844 0.060702 0.138157
v 0.080144 0.653504 -0.021114
v 0.078193 0.647237 -0.025415
v 0.082267 0.650319 -0.022667
v 0.080101 0.655510 -0.019039
v 0.079760 0.654498 -0.019379
v 0.083097 0.685568 -0.024565
v 0.076025 0.654247 -0.038668
v 0.073788 0.644869 -0.037337
v 0.081144 0.671933 -0.019753
v 0.051189 0.092580 -0.106492
v 0.056081 0.074469 -0.111813
v 0.030105 0.073792 -0.113134
v 0.027004 0.091402 -0.106463
v 0.002489 0.058737 -0.120660
v 0.001638 0.075033 -0.112955
v 0.033722 0.055484 -0.121441
v 0.149199 0.024363 -0.090254
v 0.145806 0.045935 -0.086661
v 0.160766 0.048149 -0.063363
v 0.164439 0.027676 -0.065535
v 0.165528 0.064833 -0.036172
v 0.170436 0.048206 -0.036037
v 0.155415 0.066125 -0.061634
v 0.168926 0.061371 -0.007497
v 0.173263 0.044319 -0.007109
v 0.165034 0.055073 0.020173
v 0.169471 0.036860 0.020443
v 0.159584 0.028107 0.045127
v 0.142897 0.019223 0.066969
v 0.121633 -0.009938 0.082739
v 0.120818 0.009457 0.084650
v 0.097219 -0.000222 0.098624
v 0.072796 -0.009037 0.109873
v 0.050794 -0.015329 0.118369
v 0.031849 -0.019408 0.124109
v 0.014542 -0.021449 0.127199
v -0.001004 -0.022779 0.127208
v -0.000052 -0.047603 0.123067
v 0.108706 0.453180 0.023620
v 0.086933 0.513770 -0.086167
v 0.104716 0.516087 -0.063437
v 0.096588 0.510309 -0.086030
v 0.118153 0.457442 -0.123397
v 0.098520 0.449682 -0.131489
v 0.099604 0.466931 -0.123565
v 0.119321 0.476451 -0.112435
v 0.076975 0.503924 -0.100722
v 0.071579 0.506634 -0.099459
v 0.083520 0.499704 -0.103391
v 0.068265 0.489259 -0.114172
v 0.050546 0.481623 -0.118591
v 0.148724 0.509375 -0.057633
v 0.163148 0.506750 -0.052836
v 0.159776 0.495628 -0.075062
v 0.148200 0.497508 -0.080588
v 0.147582 0.448508 -0.116312
v 0.158827 0.450501 -0.111306
v 0.158572 0.435095 -0.116071
v 0.146715 0.431832 -0.121104
v 0.205162 0.487797 -0.040122
v 0.219110 0.479145 -0.039203
v 0.214017 0.476925 -0.060143
v 0.200166 0.483985 -0.061836
v 0.158265 0.465946 -0.102688
v 0.087262 0.330895 -0.142807
v 0.106330 0.339277 -0.139112
v 0.122525 0.348275 -0.133346
v 0.160824 0.375272 -0.112786
v 0.152869 0.353403 -0.114130
v 0.150437 0.367459 -0.118376
v 0.170832 0.382567 -0.108489
v 0.178309 0.385865 -0.103739
v 0.196288 0.443002 0.014575
v 0.191562 0.418018 0.019988
v 0.204089 0.412984 0.014389
v 0.196068 0.385804 -0.095682
v 0.196642 0.379805 -0.093124
v 0.187424 0.377060 -0.092985
v 0.186536 0.383878 -0.095854
v 0.134826 0.510819 -0.061783
v 0.209459 0.468591 -0.076220
v 0.205516 0.458728 -0.088325
v 0.192403 0.462370 -0.089499
v 0.195824 0.473846 -0.077690
v 0.202525 0.447926 -0.096670
v 0.200194 0.436344 -0.101714
v 0.188835 0.437847 -0.103856
v 0.190569 0.450255 -0.098570
v 0.196624 0.392733 -0.098497
v 0.185519 0.391779 -0.099082
v 0.232317 0.462512 -0.018165
v 0.177825 0.501307 -0.021059
v 0.163555 0.507465 -0.025575
v 0.161156 0.494287 -0.001114
v 0.174177 0.486561 0.001485
v 0.207613 0.368108 -0.036030
v 0.209789 0.362126 -0.048768
v 0.209795 0.358305 -0.061449
v 0.189723 0.361611 -0.084263
v 0.209891 0.357734 -0.072246
v 0.209773 0.391134 0.005127
v 0.216316 0.407387 0.009234
v 0.158119 0.470771 0.013557
v 0.169740 0.462610 0.015261
v 0.232596 0.469933 -0.039793
v 0.227513 0.468327 -0.060131
v 0.218007 0.378678 -0.097978
v 0.207661 0.378574 -0.094875
v 0.207265 0.384382 -0.097414
v 0.180810 0.355997 -0.090654
v 0.187830 0.369906 -0.089445
v 0.177305 0.502248 -0.047625
v 0.218109 0.452774 -0.087826
v 0.222276 0.461805 -0.075985
v 0.179575 0.451308 -0.101559
v 0.169205 0.451329 -0.106080
v 0.169000 0.465658 -0.097244
v 0.180148 0.464480 -0.092653
v 0.211018 0.421398 -0.102933
v 0.212642 0.433439 -0.100314
v 0.168974 0.436948 -0.111492
v 0.178729 0.437827 -0.107353
v 0.207848 0.391426 -0.099948
v 0.147749 0.476587 0.011068
v 0.135277 0.454558 0.021314
v 0.146423 0.452634 0.021644
v 0.156351 0.446184 0.022972
v 0.167725 0.437072 0.023939
v 0.179742 0.425893 0.023393
v 0.123365 0.453989 0.021967
v 0.384076 0.304359 -0.092887
v 0.219004 0.373014 -0.096014
v 0.229027 0.378555 -0.100351
v 0.231574 0.372021 -0.098838
v 0.285732 0.378692 -0.099723
v 0.006392 0.596406 0.094871
v 0.006731 0.590775 0.092121
v 0.004808 0.620492 0.095223
v 0.005013 0.616813 0.096085
v 0.398693 0.337477 -0.085953
v 0.406604 0.334772 -0.085845
v 0.452990 0.317834 -0.091332
v 0.460231 0.328573 -0.077934
v 0.479856 0.319167 -0.077593
v 0.465444 0.329908 -0.035746
v 0.457194 0.318584 -0.027609
v 0.431393 0.279140 -0.031570
v 0.430300 0.273856 -0.092373
v 0.581302 0.244073 -0.046415
v 0.596611 0.231486 -0.045197
v 0.600946 0.237278 -0.053617
v 0.584695 0.249013 -0.056154
v 0.611600 0.219470 -0.042969
v 0.590827 0.223524 -0.041632
v 0.605150 0.211396 -0.041436
v 0.584704 0.215599 -0.042988
v 0.599154 0.204383 -0.044098
v 0.594141 0.198498 -0.049963
v 0.579436 0.208565 -0.047989
v 0.576164 0.202892 -0.055358
v 0.591336 0.193776 -0.057887
v 0.556857 0.207183 -0.061295
v 0.554933 0.203646 -0.071742
v 0.573002 0.196700 -0.074091
v 0.574096 0.198726 -0.064353
v 0.593685 0.196703 -0.091642
v 0.576039 0.202622 -0.092283
v 0.580418 0.210317 -0.096369
v 0.597824 0.203597 -0.095043
v 0.573938 0.235576 -0.094835
v 0.592517 0.227763 -0.093126
v 0.586214 0.218952 -0.096104
v 0.567227 0.226374 -0.097951
v 0.609611 0.220778 -0.092729
v 0.597504 0.233951 -0.086164
v 0.614323 0.226828 -0.084857
v 0.560553 0.248453 -0.041614
v 0.565883 0.256354 -0.048063
v 0.550375 0.268378 -0.049148
v 0.563861 0.219152 -0.045250
v 0.569338 0.227230 -0.041341
v 0.554110 0.239306 -0.040090
v 0.548027 0.230358 -0.042711
v 0.518669 0.218678 -0.065312
v 0.536935 0.211130 -0.068818
v 0.539356 0.215882 -0.057873
v 0.559760 0.212602 -0.052285
v 0.543132 0.222639 -0.049021
v 0.554908 0.204069 -0.082837
v 0.573412 0.197829 -0.084087
v 0.585363 0.249815 -0.067396
v 0.602043 0.238943 -0.064799
v 0.600727 0.237345 -0.075940
v 0.583588 0.247533 -0.078281
v 0.536514 0.211008 -0.080859
v 0.568768 0.261095 -0.069779
v 0.566426 0.258183 -0.081111
v 0.579691 0.242942 -0.088214
v 0.561509 0.252199 -0.091000
v 0.617878 0.229388 -0.062371
v 0.616478 0.226259 -0.050890
v 0.568930 0.260969 -0.058170
v 0.557226 0.209002 -0.092290
v 0.538467 0.215700 -0.091509
v 0.542493 0.223961 -0.098238
v 0.561518 0.217185 -0.097692
v 0.535562 0.251787 -0.099281
v 0.554763 0.243393 -0.096955
v 0.548065 0.233690 -0.099530
v 0.603247 0.211837 -0.095418
v 0.542910 0.261723 -0.093895
v 0.665575 0.152124 -0.055784
v 0.669303 0.148495 -0.046603
v 0.659465 0.149401 -0.044634
v 0.655732 0.153794 -0.054502
v 0.637259 0.152057 -0.037371
v 0.645282 0.149014 -0.027808
v 0.641025 0.155689 -0.021473
v 0.631770 0.159536 -0.029901
v 0.673279 0.148178 -0.038028
v 0.663295 0.147687 -0.036212
v 0.674713 0.153261 -0.031801
v 0.682443 0.149089 -0.039122
v 0.685413 0.155673 -0.035322
v 0.694032 0.155016 -0.037387
v 0.696795 0.163582 -0.040870
v 0.685792 0.167883 -0.036825
v 0.685252 0.180808 -0.060843
v 0.696744 0.172027 -0.061211
v 0.694644 0.173885 -0.071925
v 0.682615 0.182222 -0.071171
v 0.683803 0.173419 -0.089740
v 0.673087 0.181697 -0.087471
v 0.678192 0.181909 -0.079327
v 0.690047 0.173018 -0.080780
v 0.661245 0.157708 -0.070117
v 0.662681 0.156075 -0.064283
v 0.653217 0.158573 -0.064009
v 0.651546 0.160753 -0.070313
v 0.673832 0.157651 -0.021103
v 0.673410 0.153705 -0.022964
v 0.677356 0.160294 -0.029949
v 0.674102 0.166314 -0.028174
v 0.625392 0.166290 -0.081292
v 0.625330 0.166866 -0.073817
v 0.616948 0.173683 -0.070952
v 0.616273 0.173722 -0.079395
v 0.619668 0.168755 -0.044888
v 0.622182 0.180969 -0.037139
v 0.617127 0.185506 -0.042054
v 0.616827 0.174442 -0.051933
v 0.624620 0.163956 -0.037878
v 0.634513 0.170319 -0.025623
v 0.627186 0.175864 -0.031646
v 0.643659 0.164485 -0.018152
v 0.616176 0.177038 -0.089470
v 0.622266 0.171219 -0.093090
v 0.732785 0.123865 -0.041806
v 0.727988 0.126940 -0.041577
v 0.727775 0.125194 -0.046700
v 0.732832 0.122346 -0.046851
v 0.629553 0.188399 -0.100713
v 0.623218 0.190463 -0.098689
v 0.628918 0.198184 -0.097445
v 0.635542 0.195728 -0.097596
v 0.637533 0.185009 -0.103397
v 0.644020 0.192021 -0.098330
v 0.741480 0.134248 -0.040621
v 0.736740 0.138123 -0.041258
v 0.733617 0.134730 -0.038845
v 0.738122 0.130835 -0.038528
v 0.674522 0.149312 -0.055515
v 0.678091 0.146525 -0.046786
v 0.694771 0.139560 -0.049761
v 0.694638 0.141936 -0.043776
v 0.686516 0.144181 -0.045299
v 0.684466 0.144725 -0.054596
v 0.678411 0.149973 -0.073893
v 0.682155 0.147441 -0.066972
v 0.672852 0.152607 -0.066808
v 0.669335 0.154837 -0.073933
v 0.664702 0.154119 -0.085070
v 0.663333 0.152465 -0.090858
v 0.671248 0.148980 -0.091988
v 0.673760 0.150039 -0.085638
v 0.692782 0.141975 -0.081083
v 0.691266 0.142368 -0.086372
v 0.700616 0.140630 -0.086821
v 0.702165 0.139732 -0.081942
v 0.617246 0.193190 -0.097288
v 0.622797 0.201505 -0.097107
v 0.671663 0.171316 -0.106015
v 0.679001 0.165765 -0.109433
v 0.671625 0.161257 -0.115315
v 0.664039 0.166942 -0.111759
v 0.641868 0.200620 -0.090834
v 0.635423 0.204317 -0.091269
v 0.743739 0.135689 -0.045472
v 0.739065 0.139750 -0.046061
v 0.650546 0.172238 -0.019274
v 0.641767 0.179709 -0.027236
v 0.634360 0.185998 -0.033512
v 0.628933 0.190989 -0.037472
v 0.624001 0.195786 -0.039200
v 0.689076 0.142675 -0.059487
v 0.669905 0.153052 -0.062683
v 0.659562 0.158518 -0.074299
v 0.650547 0.154554 -0.101706
v 0.653593 0.154040 -0.094723
v 0.646828 0.156358 -0.092024
v 0.643139 0.158188 -0.101359
v 0.658686 0.159766 -0.112669
v 0.666627 0.154641 -0.115002
v 0.665482 0.149631 -0.110365
v 0.657749 0.153658 -0.108599
v 0.673491 0.161414 -0.017285
v 0.669264 0.169911 -0.024224
v 0.624654 0.179613 -0.099511
v 0.618614 0.182998 -0.096015
v 0.613403 0.187007 -0.093303
v 0.638050 0.163546 -0.072657
v 0.639436 0.162454 -0.068591
v 0.625772 0.164899 -0.063351
v 0.625344 0.166854 -0.069112
v 0.643686 0.153693 -0.052511
v 0.648480 0.149224 -0.042232
v 0.631083 0.156453 -0.047561
v 0.616799 0.173832 -0.063180
v 0.610949 0.180762 -0.060604
v 0.610732 0.180176 -0.069425
v 0.610527 0.180453 -0.078421
v 0.611064 0.182543 -0.087194
v 0.603312 0.186598 -0.059601
v 0.602806 0.185224 -0.068403
v 0.602977 0.185490 -0.077780
v 0.604164 0.187596 -0.086041
v 0.621098 0.214766 -0.092164
v 0.628775 0.208988 -0.091758
v 0.615195 0.206186 -0.096586
v 0.610376 0.194299 -0.043547
v 0.605804 0.189865 -0.051219
v 0.612668 0.182751 -0.051294
v 0.617143 0.201899 -0.040499
v 0.651700 0.147655 -0.020926
v 0.658493 0.146827 -0.026109
v 0.662774 0.144893 -0.020367
v 0.657513 0.145475 -0.015419
v 0.690196 0.148617 -0.039427
v 0.697626 0.146644 -0.039716
v 0.701724 0.152570 -0.038784
v 0.629241 0.166468 -0.097212
v 0.632332 0.162604 -0.086855
v 0.697071 0.138783 -0.055295
v 0.730792 0.142304 -0.041821
v 0.720371 0.148900 -0.042197
v 0.716456 0.144604 -0.039615
v 0.727628 0.138545 -0.039167
v 0.707233 0.138310 -0.058727
v 0.715032 0.136340 -0.057101
v 0.711128 0.134204 -0.052768
v 0.703782 0.137198 -0.053549
v 0.688535 0.142261 -0.092704
v 0.696196 0.140773 -0.092983
v 0.706457 0.160556 -0.061718
v 0.697971 0.170491 -0.050135
v 0.707167 0.163165 -0.050836
v 0.675893 0.150505 -0.080086
v 0.682529 0.145742 -0.086070
v 0.684264 0.145802 -0.080660
v 0.692330 0.141462 -0.061988
v 0.689078 0.143539 -0.066880
v 0.696422 0.140637 -0.065823
v 0.698526 0.139227 -0.060027
v 0.648260 0.164248 -0.110064
v 0.655195 0.173825 -0.108756
v 0.730311 0.130665 -0.038904
v 0.734960 0.127170 -0.039025
v 0.609946 0.197664 -0.095772
v 0.606296 0.191439 -0.092081
v 0.666810 0.155095 -0.079413
v 0.686338 0.177089 -0.049279
v 0.657292 0.158474 -0.078723
v 0.694433 0.157653 -0.099647
v 0.701454 0.154147 -0.100503
v 0.697791 0.148732 -0.101942
v 0.690927 0.151937 -0.103024
v 0.726272 0.132275 -0.055941
v 0.733097 0.129573 -0.055364
v 0.729950 0.126340 -0.051860
v 0.722834 0.129188 -0.051976
v 0.701682 0.137817 -0.048516
v 0.709206 0.134065 -0.047657
v 0.709576 0.136253 -0.042751
v 0.701543 0.139991 -0.043288
v 0.704421 0.144174 -0.040239
v 0.712594 0.140278 -0.040084
v 0.730514 0.137382 -0.056787
v 0.720021 0.141748 -0.057834
v 0.722422 0.148361 -0.054452
v 0.733043 0.142359 -0.052858
v 0.662619 0.189921 -0.085279
v 0.668054 0.180507 -0.095951
v 0.658108 0.188516 -0.093267
v 0.693702 0.165909 -0.091847
v 0.685907 0.163191 -0.100455
v 0.677784 0.172425 -0.098475
v 0.662718 0.178622 -0.102741
v 0.710255 0.147205 -0.064459
v 0.712024 0.152948 -0.066003
v 0.712924 0.152184 -0.057759
v 0.654302 0.157262 -0.085063
v 0.724150 0.134355 -0.039301
v 0.642695 0.205224 -0.048181
v 0.649054 0.199582 -0.047558
v 0.653248 0.203874 -0.060717
v 0.645555 0.209539 -0.059532
v 0.721046 0.128494 -0.046764
v 0.721453 0.130129 -0.041764
v 0.687735 0.142551 -0.099239
v 0.689871 0.143995 -0.104149
v 0.695665 0.143367 -0.102408
v 0.694773 0.141732 -0.098340
v 0.653281 0.186194 -0.100030
v 0.683920 0.161721 -0.112590
v 0.677614 0.156274 -0.118046
v 0.649129 0.195636 -0.091473
v 0.646522 0.203454 -0.081736
v 0.653489 0.197611 -0.083267
v 0.701438 0.162125 -0.081579
v 0.666944 0.190271 -0.077843
v 0.657391 0.198265 -0.075800
v 0.649791 0.204855 -0.072792
v 0.643744 0.210092 -0.071470
v 0.640604 0.208230 -0.081324
v 0.733109 0.144150 -0.046871
v 0.739184 0.138369 -0.051933
v 0.625476 0.219856 -0.082758
v 0.633606 0.213534 -0.081597
v 0.628067 0.221624 -0.072165
v 0.636799 0.215507 -0.071407
v 0.662527 0.196445 -0.058501
v 0.660723 0.197940 -0.067435
v 0.673637 0.188655 -0.060205
v 0.670914 0.190334 -0.069893
v 0.705213 0.165417 -0.072293
v 0.749357 0.126418 -0.053336
v 0.746556 0.122835 -0.054430
v 0.738904 0.126688 -0.055075
v 0.742302 0.130738 -0.054295
v 0.736732 0.134090 -0.055453
v 0.744204 0.134578 -0.050995
v 0.674256 0.184088 -0.048405
v 0.704458 0.139264 -0.065158
v 0.659790 0.190234 -0.044744
v 0.665828 0.179942 -0.032563
v 0.675961 0.176518 -0.036148
v 0.650067 0.186896 -0.032630
v 0.642221 0.194074 -0.037933
v 0.630912 0.203580 -0.041411
v 0.636065 0.199179 -0.040683
v 0.623455 0.209697 -0.041815
v 0.657687 0.178222 -0.024706
v 0.739436 0.118399 -0.047693
v 0.739149 0.119349 -0.042352
v 0.636461 0.209998 -0.048393
v 0.628409 0.216782 -0.049094
v 0.654041 0.146937 -0.033172
v 0.647783 0.161266 -0.077524
v 0.644787 0.160078 -0.082266
v 0.639932 0.159034 -0.089633
v 0.636368 0.161949 -0.099888
v 0.629999 0.221533 -0.060372
v 0.590248 0.190946 -0.066737
v 0.590110 0.190652 -0.076236
v 0.616603 0.228876 -0.073883
v 0.741221 0.122183 -0.039328
v 0.706838 0.144676 -0.085859
v 0.707886 0.143348 -0.083878
v 0.648216 0.152670 -0.015672
v 0.655631 0.149530 -0.010855
v 0.664679 0.159382 -0.008324
v 0.657534 0.165820 -0.012889
v 0.650883 0.159577 -0.012343
v 0.658692 0.154470 -0.008308
v 0.636906 0.163372 -0.075878
v 0.635506 0.162840 -0.080460
v 0.646223 0.180119 -0.106034
v 0.639634 0.170648 -0.107370
v 0.708395 0.149179 -0.039746
v 0.711950 0.153921 -0.042997
v 0.705336 0.158897 -0.042493
v 0.722484 0.151076 -0.048231
v 0.712357 0.143766 -0.059679
v 0.709441 0.142497 -0.063659
v 0.641092 0.158965 -0.061896
v 0.627535 0.160967 -0.056346
v 0.669207 0.148762 -0.024123
v 0.665738 0.148793 -0.029495
v 0.686107 0.145221 -0.073854
v 0.711878 0.155735 -0.079452
v 0.713398 0.158558 -0.072333
v 0.693845 0.141778 -0.073626
v 0.744542 0.125398 -0.038626
v 0.747917 0.128813 -0.040507
v 0.714114 0.156796 -0.049868
v 0.679889 0.145153 -0.092639
v 0.710590 0.149570 -0.082611
v 0.705718 0.154912 -0.085766
v 0.672567 0.151148 -0.116502
v 0.638682 0.214663 -0.059420
v 0.735101 0.123429 -0.052198
v 0.741986 0.119562 -0.052605
v 0.750401 0.129442 -0.050335
v 0.749861 0.130680 -0.045355
v 0.631921 0.175663 -0.103718
v 0.649921 0.161563 -0.074000
v 0.591183 0.192541 -0.084913
v 0.664048 0.170464 -0.017576
v 0.670477 0.162613 -0.011909
v 0.701495 0.139439 -0.073772
v 0.687972 0.158185 -0.106108
v 0.709555 0.153924 -0.088642
v 0.706640 0.157472 -0.094920
v 0.700820 0.160961 -0.093573
v 0.709962 0.148206 -0.087090
v 0.755620 0.126619 -0.045197
v 0.755984 0.125549 -0.050062
v 0.753903 0.124623 -0.040328
v 0.749964 0.121526 -0.038904
v 0.746303 0.118880 -0.039718
v 0.754835 0.122827 -0.052983
v 0.751921 0.119716 -0.053959
v 0.747174 0.116933 -0.052277
v 0.759365 0.119447 -0.053017
v 0.761529 0.121430 -0.049970
v 0.763963 0.115854 -0.039823
v 0.766347 0.116877 -0.041842
v 0.763532 0.119308 -0.042158
v 0.760282 0.120435 -0.040390
v 0.767661 0.112418 -0.040586
v 0.770069 0.114054 -0.042266
v 0.767462 0.118142 -0.045399
v 0.763654 0.120638 -0.045032
v 0.771610 0.115303 -0.045905
v 0.770902 0.114839 -0.049680
v 0.766839 0.117454 -0.049064
v 0.763882 0.119883 -0.048084
v 0.760666 0.123028 -0.045036
v 0.771175 0.110007 -0.042585
v 0.773690 0.109463 -0.046807
v 0.774636 0.112442 -0.046326
v 0.772644 0.112096 -0.043054
v 0.755227 0.118030 -0.039162
v 0.760515 0.113806 -0.039835
v 0.764871 0.110173 -0.041029
v 0.768636 0.107890 -0.043395
v 0.757983 0.111163 -0.041101
v 0.762972 0.108213 -0.042741
v 0.766240 0.106678 -0.044917
v 0.756660 0.109158 -0.044050
v 0.762150 0.107029 -0.045324
v 0.751345 0.115631 -0.040138
v 0.749070 0.113563 -0.043054
v 0.764844 0.106444 -0.046277
v 0.771130 0.107629 -0.047622
v 0.765520 0.117019 -0.051729
v 0.769504 0.113605 -0.052098
v 0.763813 0.115459 -0.053402
v 0.767869 0.111999 -0.053289
v 0.773791 0.112881 -0.049763
v 0.772849 0.110972 -0.051109
v 0.743955 0.116527 -0.042732
v 0.744420 0.115930 -0.048050
v 0.749353 0.112966 -0.048039
v 0.756678 0.108641 -0.048828
v 0.752044 0.114202 -0.052175
v 0.756588 0.116589 -0.053885
v 0.761730 0.113189 -0.053821
v 0.758689 0.110553 -0.052661
v 0.765691 0.110081 -0.053254
v 0.763616 0.108180 -0.052051
v 0.762427 0.106916 -0.048981
v 0.768040 0.107902 -0.051653
v 0.770584 0.109253 -0.051759
v 0.768165 0.106779 -0.048332
v 0.765587 0.106539 -0.048779
v 0.766006 0.107253 -0.051031
v 0.739899 0.122463 -0.074636
v 0.733588 0.126516 -0.073223
v 0.732813 0.125905 -0.078004
v 0.739397 0.121963 -0.079591
v 0.746619 0.133545 -0.071333
v 0.741035 0.137806 -0.070673
v 0.738215 0.133075 -0.069169
v 0.743762 0.128603 -0.070229
v 0.747600 0.136271 -0.076917
v 0.742186 0.140727 -0.076307
v 0.734169 0.142369 -0.069526
v 0.721494 0.148419 -0.067901
v 0.718494 0.143021 -0.066884
v 0.731265 0.137333 -0.068188
v 0.715252 0.139694 -0.083825
v 0.712064 0.137170 -0.080423
v 0.735577 0.129158 -0.070591
v 0.741476 0.124719 -0.071603
v 0.728002 0.133783 -0.085068
v 0.735978 0.129957 -0.086217
v 0.733735 0.127043 -0.082847
v 0.725626 0.130795 -0.081629
v 0.711203 0.136158 -0.074467
v 0.712532 0.136333 -0.068672
v 0.715566 0.138986 -0.066737
v 0.731364 0.138458 -0.085527
v 0.719398 0.144874 -0.083895
v 0.722153 0.150349 -0.080295
v 0.734263 0.143092 -0.082028
v 0.728252 0.133158 -0.069010
v 0.724742 0.129859 -0.076302
v 0.725771 0.130293 -0.071392
v 0.735294 0.145300 -0.075433
v 0.741088 0.138491 -0.082869
v 0.753463 0.125631 -0.087166
v 0.751423 0.121675 -0.088234
v 0.742588 0.126291 -0.087390
v 0.745178 0.130398 -0.086807
v 0.738794 0.134069 -0.086182
v 0.746913 0.134483 -0.083142
v 0.748713 0.116478 -0.081757
v 0.748758 0.116790 -0.076563
v 0.750083 0.118795 -0.073331
v 0.723470 0.152816 -0.073584
v 0.751929 0.122496 -0.072080
v 0.754427 0.127540 -0.072772
v 0.740356 0.123167 -0.084411
v 0.749288 0.118125 -0.086128
v 0.754730 0.129098 -0.083742
v 0.755204 0.130718 -0.077958
v 0.761836 0.125687 -0.079271
v 0.761143 0.124455 -0.084566
v 0.761304 0.122926 -0.074204
v 0.758260 0.118610 -0.073333
v 0.755881 0.115586 -0.074583
v 0.759971 0.121776 -0.087488
v 0.757807 0.118583 -0.088540
v 0.755070 0.115378 -0.086794
v 0.766046 0.118015 -0.088343
v 0.768263 0.119943 -0.085845
v 0.777404 0.110665 -0.078174
v 0.779383 0.112919 -0.079623
v 0.774867 0.115543 -0.078738
v 0.772930 0.114217 -0.076548
v 0.771901 0.117959 -0.078563
v 0.768587 0.118694 -0.076058
v 0.775875 0.117397 -0.082258
v 0.771614 0.119006 -0.081533
v 0.780859 0.114699 -0.083464
v 0.779530 0.114248 -0.087075
v 0.774314 0.116563 -0.085564
v 0.771150 0.118469 -0.084502
v 0.781786 0.108576 -0.080694
v 0.782819 0.111043 -0.080758
v 0.768053 0.121608 -0.080724
v 0.763987 0.115647 -0.074800
v 0.769998 0.111636 -0.076219
v 0.775468 0.108165 -0.078400
v 0.779678 0.106251 -0.081353
v 0.767410 0.108831 -0.077447
v 0.773390 0.106059 -0.079663
v 0.777102 0.105109 -0.082534
v 0.765695 0.106993 -0.080660
v 0.771998 0.104972 -0.082461
v 0.760719 0.112883 -0.075815
v 0.758724 0.111236 -0.078884
v 0.775274 0.104826 -0.083756
v 0.781849 0.106755 -0.085410
v 0.784456 0.108902 -0.084901
v 0.785429 0.112189 -0.084229
v 0.772976 0.115639 -0.087470
v 0.778141 0.112541 -0.088471
v 0.771855 0.114373 -0.089389
v 0.777040 0.111164 -0.089827
v 0.783492 0.112442 -0.087705
v 0.782633 0.110468 -0.088413
v 0.754337 0.113888 -0.077824
v 0.753997 0.113776 -0.082522
v 0.758315 0.111074 -0.083491
v 0.765429 0.107187 -0.085348
v 0.759733 0.112885 -0.087643
v 0.763368 0.115643 -0.089318
v 0.769593 0.112344 -0.090055
v 0.766883 0.109567 -0.088966
v 0.774918 0.109513 -0.089981
v 0.772746 0.107419 -0.089104
v 0.771638 0.105353 -0.086320
v 0.778167 0.107306 -0.088897
v 0.780767 0.108570 -0.088970
v 0.778736 0.105572 -0.085959
v 0.775679 0.105167 -0.086304
v 0.775760 0.106457 -0.088444
v 0.729211 0.128021 -0.097611
v 0.724294 0.131300 -0.095989
v 0.721580 0.129965 -0.100127
v 0.726597 0.126538 -0.101926
v 0.735465 0.137909 -0.098098
v 0.730143 0.142193 -0.095783
v 0.729327 0.138192 -0.093907
v 0.734434 0.134721 -0.096144
v 0.734949 0.139526 -0.102747
v 0.729138 0.144120 -0.101061
v 0.724366 0.145839 -0.093654
v 0.715746 0.150541 -0.091030
v 0.714713 0.145194 -0.089241
v 0.723670 0.141094 -0.091650
v 0.727224 0.134357 -0.094088
v 0.732304 0.131170 -0.096015
v 0.714329 0.135891 -0.106001
v 0.721165 0.132960 -0.107898
v 0.720544 0.130684 -0.104664
v 0.713833 0.133774 -0.102582
v 0.704172 0.138233 -0.094886
v 0.707585 0.138775 -0.090719
v 0.711503 0.141150 -0.089296
v 0.716798 0.140363 -0.107611
v 0.706229 0.145168 -0.104206
v 0.710087 0.150540 -0.102662
v 0.720038 0.145699 -0.105171
v 0.721448 0.136869 -0.092013
v 0.715045 0.132682 -0.098048
v 0.718168 0.133863 -0.093887
v 0.722811 0.148000 -0.099231
v 0.726363 0.141923 -0.106569
v 0.738787 0.129209 -0.112370
v 0.736428 0.125552 -0.112515
v 0.726930 0.129861 -0.109988
v 0.729497 0.133960 -0.110527
v 0.723277 0.137106 -0.109204
v 0.732638 0.137876 -0.107838
v 0.734762 0.121858 -0.104803
v 0.736685 0.122858 -0.100423
v 0.739522 0.125928 -0.098763
v 0.714079 0.153213 -0.096793
v 0.703316 0.140679 -0.102819
v 0.741695 0.128924 -0.098875
v 0.743138 0.131840 -0.100585
v 0.725806 0.127422 -0.106685
v 0.734469 0.122929 -0.109583
v 0.741224 0.132526 -0.109644
v 0.742926 0.133987 -0.104916
v 0.748765 0.129994 -0.106507
v 0.747170 0.129043 -0.111314
v 0.749221 0.127891 -0.102151
v 0.747182 0.124941 -0.100733
v 0.744567 0.122381 -0.100675
v 0.744817 0.125836 -0.113779
v 0.742655 0.122743 -0.113753
v 0.739928 0.120433 -0.110951
v 0.749156 0.123136 -0.115226
v 0.752343 0.125360 -0.112711
v 0.762998 0.116965 -0.106112
v 0.763896 0.118423 -0.107780
v 0.759679 0.120595 -0.106633
v 0.759037 0.119767 -0.104563
v 0.757026 0.123080 -0.106061
v 0.754696 0.124204 -0.103915
v 0.760013 0.122473 -0.109978
v 0.756358 0.124594 -0.108762
v 0.764138 0.120106 -0.111424
v 0.761797 0.119624 -0.114911
v 0.757683 0.121847 -0.113278
v 0.755328 0.124212 -0.111772
v 0.766351 0.115194 -0.108630
v 0.766716 0.117075 -0.109222
v 0.753254 0.126647 -0.107836
v 0.751687 0.121901 -0.102137
v 0.756743 0.117917 -0.103589
v 0.761126 0.114867 -0.105526
v 0.764030 0.112997 -0.108445
v 0.753997 0.115797 -0.104081
v 0.758631 0.113063 -0.106225
v 0.761180 0.111675 -0.108813
v 0.751394 0.114086 -0.105750
v 0.756528 0.111832 -0.107869
v 0.748684 0.119523 -0.102350
v 0.745676 0.117818 -0.103968
v 0.759121 0.111351 -0.109473
v 0.764573 0.112891 -0.113103
v 0.767162 0.115287 -0.113083
v 0.767646 0.118051 -0.112695
v 0.755804 0.121379 -0.115369
v 0.759996 0.118461 -0.116536
v 0.753583 0.119698 -0.116342
v 0.758273 0.116789 -0.117089
v 0.765052 0.118195 -0.115413
v 0.764129 0.116637 -0.116274
v 0.741721 0.120335 -0.102315
v 0.739763 0.119627 -0.106254
v 0.743891 0.117305 -0.107465
v 0.749987 0.113680 -0.109520
v 0.744001 0.118369 -0.111945
v 0.746573 0.120520 -0.114608
v 0.751515 0.117450 -0.115797
v 0.749799 0.115278 -0.113460
v 0.756415 0.114823 -0.116419
v 0.755075 0.112951 -0.114499
v 0.755232 0.111670 -0.111144
v 0.759784 0.113085 -0.115630
v 0.762051 0.114786 -0.116400
v 0.761522 0.111700 -0.112521
v 0.758798 0.111310 -0.111977
v 0.758002 0.112132 -0.114420
v 0.702772 0.139185 -0.099207
v 0.704325 0.134984 -0.121440
v 0.700868 0.137519 -0.118645
v 0.698137 0.136716 -0.121438
v 0.701464 0.134177 -0.124226
v 0.709784 0.143860 -0.124059
v 0.706052 0.147129 -0.120971
v 0.705858 0.143604 -0.117990
v 0.709651 0.140661 -0.121131
v 0.707424 0.145156 -0.128627
v 0.703486 0.148585 -0.125842
v 0.701127 0.150087 -0.117282
v 0.693385 0.154855 -0.111067
v 0.693815 0.149716 -0.108953
v 0.701006 0.146191 -0.114357
v 0.677350 0.148587 -0.117499
v 0.682893 0.145495 -0.120329
v 0.684050 0.142980 -0.117031
v 0.677446 0.145611 -0.113720
v 0.703797 0.140000 -0.117294
v 0.707409 0.137377 -0.120468
v 0.690731 0.141682 -0.125122
v 0.695340 0.139388 -0.128298
v 0.696234 0.137308 -0.124913
v 0.691816 0.139251 -0.121846
v 0.680085 0.143718 -0.109724
v 0.686347 0.141972 -0.113599
v 0.689062 0.142814 -0.110475
v 0.684007 0.143092 -0.106061
v 0.691822 0.145032 -0.109140
v 0.691495 0.145530 -0.126960
v 0.683406 0.149385 -0.122011
v 0.685440 0.154387 -0.121538
v 0.694413 0.149639 -0.126343
v 0.699236 0.142317 -0.114049
v 0.693821 0.138644 -0.118463
v 0.696547 0.139735 -0.115491
v 0.698469 0.151932 -0.122022
v 0.699541 0.146534 -0.129517
v 0.705263 0.136549 -0.136806
v 0.703895 0.133738 -0.135178
v 0.698918 0.136874 -0.131356
v 0.700202 0.140273 -0.133323
v 0.696386 0.142966 -0.130348
v 0.703495 0.143513 -0.132416
v 0.705953 0.130921 -0.127943
v 0.709075 0.131510 -0.125237
v 0.711968 0.133778 -0.124234
v 0.690303 0.157806 -0.116337
v 0.714223 0.136537 -0.124987
v 0.714593 0.139440 -0.127627
v 0.699587 0.134817 -0.127829
v 0.704250 0.131704 -0.131697
v 0.708423 0.139439 -0.135863
v 0.712159 0.140868 -0.131955
v 0.716385 0.137907 -0.134774
v 0.712769 0.136490 -0.138668
v 0.718426 0.136317 -0.130348
v 0.717707 0.133847 -0.127641
v 0.715078 0.131351 -0.127024
v 0.709248 0.133626 -0.139304
v 0.707953 0.131453 -0.137429
v 0.707983 0.130024 -0.134033
v 0.713305 0.131192 -0.141526
v 0.717234 0.133484 -0.141023
v 0.728100 0.126806 -0.135687
v 0.728148 0.128353 -0.137272
v 0.725528 0.130095 -0.135948
v 0.725302 0.129330 -0.133716
v 0.723221 0.132387 -0.135216
v 0.721945 0.133138 -0.132786
v 0.724478 0.131656 -0.139117
v 0.721706 0.133453 -0.137742
v 0.727557 0.129725 -0.140978
v 0.724730 0.128470 -0.144114
v 0.721929 0.130764 -0.142576
v 0.720241 0.132816 -0.140740
v 0.730217 0.125150 -0.138500
v 0.730217 0.127044 -0.139013
v 0.719565 0.135262 -0.136590
v 0.720745 0.131245 -0.130028
v 0.724303 0.127927 -0.132138
v 0.727653 0.124723 -0.134872
v 0.728999 0.122942 -0.138375
v 0.722002 0.126371 -0.131804
v 0.725291 0.123428 -0.134797
v 0.726627 0.121979 -0.137912
v 0.719038 0.125341 -0.132350
v 0.722762 0.122780 -0.135321
v 0.718161 0.129550 -0.129088
v 0.715007 0.128266 -0.129688
v 0.724663 0.121803 -0.137514
v 0.728013 0.122805 -0.141847
v 0.729586 0.124853 -0.142578
v 0.729997 0.127681 -0.142616
v 0.719746 0.129801 -0.143825
v 0.723100 0.126864 -0.145209
v 0.717181 0.128251 -0.143377
v 0.721629 0.125024 -0.144564
v 0.727307 0.127216 -0.144792
v 0.726599 0.125291 -0.144966
v 0.712200 0.129614 -0.127906
v 0.709552 0.129067 -0.130311
v 0.712243 0.127494 -0.132187
v 0.716427 0.124766 -0.134559
v 0.710998 0.128098 -0.135986
v 0.711292 0.129407 -0.139378
v 0.715694 0.126496 -0.141492
v 0.715186 0.125137 -0.138278
v 0.720370 0.123647 -0.142693
v 0.719979 0.122682 -0.140076
v 0.720836 0.122356 -0.137155
v 0.724010 0.122263 -0.142293
v 0.725313 0.123342 -0.144011
v 0.725995 0.121784 -0.140596
v 0.723959 0.121607 -0.139168
v 0.722933 0.121890 -0.140709
v 0.678553 0.151513 -0.119338
v 0.680391 0.154464 -0.011356
v 0.680361 0.151236 -0.015449
v 0.673816 0.143030 -0.017250
v 0.668419 0.140505 -0.014101
v 0.664558 0.141414 -0.008960
v 0.664669 0.144725 -0.004791
v 0.667481 0.148738 -0.002502
v 0.678477 0.147144 -0.017688
v 0.677899 0.156077 -0.006263
v 0.672514 0.153427 -0.002699
v 0.679611 0.148259 0.003430
v 0.684663 0.151204 -0.000747
v 0.674174 0.143710 0.003839
v 0.670478 0.139877 0.000689
v 0.669462 0.137416 -0.004458
v 0.686685 0.150271 -0.006766
v 0.685791 0.147355 -0.011463
v 0.682478 0.143205 -0.013983
v 0.692528 0.146360 -0.001678
v 0.692932 0.145625 0.005664
v 0.688681 0.131487 0.014575
v 0.690968 0.134860 0.016456
v 0.687795 0.136791 0.014193
v 0.684620 0.133950 0.012500
v 0.686367 0.138693 0.012341
v 0.681799 0.138316 0.009882
v 0.692457 0.140674 0.014269
v 0.690304 0.141669 0.012033
v 0.696981 0.142797 0.011429
v 0.694010 0.143785 0.010448
v 0.695498 0.138914 0.017061
v 0.694145 0.133547 0.018113
v 0.697982 0.136165 0.018169
v 0.693683 0.130663 0.016524
v 0.686988 0.143405 0.009098
v 0.676486 0.135426 0.005265
v 0.682077 0.131368 0.008967
v 0.687803 0.128692 0.011484
v 0.693722 0.128313 0.012786
v 0.681811 0.129340 0.003697
v 0.688648 0.127474 0.006804
v 0.693813 0.127908 0.008576
v 0.684017 0.129759 -0.001420
v 0.690412 0.128348 0.003127
v 0.674409 0.133480 -0.000734
v 0.676254 0.133854 -0.006652
v 0.693970 0.128392 0.005694
v 0.699162 0.130736 0.012308
v 0.699478 0.132655 0.016470
v 0.698383 0.142913 0.007400
v 0.699505 0.140965 0.014002
v 0.701331 0.140088 0.010164
v 0.697946 0.142155 0.002444
v 0.701258 0.138186 0.006239
v 0.700900 0.138574 0.016066
v 0.702278 0.136775 0.013393
v 0.672108 0.137215 -0.010108
v 0.677176 0.139269 -0.013471
v 0.681318 0.136369 -0.010106
v 0.688253 0.132644 -0.004657
v 0.687095 0.140278 -0.010328
v 0.691174 0.144286 -0.007170
v 0.696522 0.139852 -0.001657
v 0.693204 0.136373 -0.004613
v 0.699670 0.135900 0.003049
v 0.696947 0.133474 0.001181
v 0.693590 0.130550 0.001241
v 0.700000 0.132877 0.006470
v 0.701850 0.134445 0.009754
v 0.697789 0.130039 0.008467
v 0.696300 0.130017 0.005209
v 0.698133 0.132009 0.004418
v 0.671660 0.146796 -0.111897
v 0.674114 0.144997 -0.106592
v 0.667235 0.147960 -0.104829
v 0.658832 0.151105 -0.103199
v 0.651067 0.156615 -0.107230
v 0.661328 0.151152 -0.096891
v 0.669624 0.147929 -0.098808
v 0.678889 0.144266 -0.100684
v 0.657099 0.154485 -0.090087
v 0.040889 0.675929 0.071006
v 0.044290 0.674833 0.068980
v 0.045603 0.669005 0.066126
v 0.043101 0.668701 0.067974
v 0.039992 0.668725 0.069632
v 0.036128 0.668919 0.070621
v 0.030601 0.676241 0.071985
v 0.036135 0.676596 0.072273
v 0.021118 0.670652 0.068902
v 0.022942 0.672075 0.069017
v 0.021879 0.669727 0.069228
v 0.027928 0.669397 0.070476
v 0.024231 0.669754 0.069468
v 0.048079 0.672378 0.065006
v 0.048910 0.671247 0.063760
v 0.046593 0.673654 0.066936
v 0.031986 0.669188 0.070894
v 0.048667 0.670203 0.063486
v 0.047480 0.669454 0.064348
v 0.026016 0.674622 0.070470
v 0.040327 0.670978 0.069739
v 0.036346 0.671195 0.070938
v 0.031495 0.673980 0.071716
v 0.036432 0.673992 0.071604
v 0.028115 0.671191 0.070755
v 0.025669 0.670988 0.069980
v 0.043217 0.670602 0.068154
v 0.032031 0.671432 0.071241
v 0.040684 0.673340 0.070253
v 0.025240 0.671989 0.069967
v 0.027315 0.673080 0.070915
v 0.048384 0.671182 0.064271
v 0.048084 0.670671 0.064196
v 0.018202 0.435464 0.047998
v 0.018371 0.418706 0.057551
v 0.043843 0.672682 0.068407
v 0.047096 0.670491 0.065070
v 0.045508 0.670533 0.066460
v 0.045863 0.672035 0.066655
v 0.047383 0.671497 0.065209
v 0.281627 0.390391 -0.005687
v 0.275587 0.374997 -0.004523
v 0.297067 0.420802 -0.048246
v 0.291513 0.419862 -0.070199
v 0.063169 0.143346 0.120385
v 0.114375 0.188022 -0.087045
v 0.116713 0.206688 -0.093355
v 0.041713 0.206959 -0.117731
v 0.061514 0.202532 -0.115616
v 0.146262 0.190251 0.023515
v 0.145332 0.170760 0.027279
v 0.106373 0.184806 0.081765
v 0.103952 0.163133 0.085021
v 0.134594 0.147941 0.053838
v 0.083483 0.156035 -0.100592
v 0.081322 0.175995 -0.104469
v 0.098814 0.172939 -0.094938
v 0.101941 0.153787 -0.092136
v 0.021715 0.187108 -0.108161
v 0.022013 0.210013 -0.114242
v 0.154176 0.211529 -0.004762
v 0.153217 0.212876 -0.031614
v 0.134729 0.219148 -0.078964
v 0.119622 0.225224 -0.096498
v 0.083870 0.241163 -0.118843
v 0.102638 0.233111 -0.109229
v 0.092351 0.207070 0.094988
v 0.074619 0.228326 0.102874
v 0.148142 0.210441 0.021350
v 0.027202 0.209040 0.122142
v 0.043337 0.277147 -0.134399
v 0.066581 0.272360 -0.131422
v 0.146333 0.215244 -0.056749
v 0.034775 0.377224 0.084545
v 0.035105 0.361058 0.093739
v 0.052736 0.364695 0.092908
v 0.052968 0.380090 0.082780
v 0.069673 0.366836 0.090887
v 0.085724 0.368047 0.087374
v 0.100362 0.368357 0.082749
v 0.134969 0.363742 0.065447
v 0.124977 0.366209 0.071805
v 0.150646 0.355441 0.050383
v 0.143547 0.360582 0.058567
v 0.155906 0.345363 0.040507
v 0.159015 0.333454 0.027503
v 0.162281 0.321675 0.012247
v 0.163953 0.334358 0.006125
v 0.156949 0.320675 0.035007
v 0.153406 0.332807 0.047556
v 0.148195 0.341985 0.058167
v 0.020617 0.318834 0.106938
v 0.023666 0.294745 0.108650
v 0.017263 0.451034 0.039147
v 0.450267 0.268175 -0.096689
v 0.575665 0.236141 -0.041260
v 0.033385 0.475936 -0.119673
v 0.016749 0.471587 -0.118229
v 0.001642 0.458521 -0.119452
v 0.001347 0.469684 -0.116305
v 0.106001 0.505650 -0.088518
v 0.091527 0.492888 -0.107647
v 0.071612 0.480897 -0.118696
v 0.052325 0.471468 -0.123558
v 0.136900 0.229011 0.043320
v 0.036573 0.439666 -0.131371
v 0.054259 0.460152 -0.128443
v 0.075612 0.470147 -0.124640
v 0.097299 0.482642 -0.113884
v 0.118745 0.497699 -0.094273
v 0.135413 0.498328 -0.086241
v 0.158470 0.481090 -0.091072
v 0.169611 0.479496 -0.085310
v 0.172881 0.492861 -0.069767
v 0.186238 0.489118 -0.065175
v 0.182053 0.477410 -0.081056
v 0.262216 0.434148 -0.078502
v 0.272140 0.422791 -0.083111
v 0.275519 0.410651 -0.090389
v 0.274039 0.397946 -0.096675
v 0.268074 0.386305 -0.100818
v 0.258519 0.377189 -0.102096
v 0.245273 0.372938 -0.101132
v 0.208405 0.374492 -0.092692
v 0.197966 0.375429 -0.090428
v 0.173401 0.347938 -0.093558
v 0.166791 0.340497 -0.096527
v 0.137294 0.299940 -0.109907
v 0.146934 0.314048 -0.106059
v 0.126862 0.284241 -0.113531
v 0.103251 0.060078 -0.109180
v 0.097763 0.077770 -0.103263
v 0.117880 0.079572 -0.093474
v 0.122702 0.062431 -0.098373
v 0.024690 0.113335 -0.100770
v 0.047586 0.114003 -0.102835
v 0.164292 0.077303 -0.008053
v 0.160605 0.080041 -0.036358
v 0.150364 0.081138 -0.060362
v 0.135439 0.080920 -0.079124
v 0.160361 0.072224 0.019674
v 0.078347 0.035012 0.115589
v 0.098792 0.041700 0.101459
v 0.016651 0.023786 0.136070
v 0.036461 0.026176 0.132864
v 0.150768 0.064940 0.044440
v 0.057146 0.029836 0.126321
v 0.118294 0.048915 0.084901
v 0.136526 0.056739 0.065946
v 0.093021 0.095362 -0.099489
v 0.072907 0.094174 -0.104307
v 0.068972 0.114616 -0.101499
v 0.038817 0.343589 -0.145410
v 0.059755 0.345619 -0.146856
v 0.080546 0.349693 -0.146403
v 0.096785 0.374252 -0.144923
v 0.114774 0.382120 -0.138988
v 0.117195 0.363986 -0.137579
v 0.099577 0.356092 -0.143096
v 0.146441 0.397964 -0.123315
v 0.158559 0.404032 -0.118119
v 0.159523 0.389238 -0.116146
v 0.147904 0.382029 -0.121520
v 0.169742 0.395041 -0.111933
v 0.177682 0.398513 -0.106671
v 0.186118 0.400746 -0.101861
v 0.197277 0.401240 -0.101397
v 0.198786 0.424293 -0.104112
v 0.187704 0.424983 -0.105825
v 0.146032 0.414871 -0.123174
v 0.130806 0.408405 -0.130576
v 0.036873 0.378407 -0.141896
v 0.018483 0.375679 -0.136932
v 0.166413 0.314852 -0.006988
v 0.170041 0.309681 -0.027671
v 0.170512 0.307620 -0.047199
v 0.168351 0.308212 -0.064220
v 0.165037 0.311509 -0.078885
v 0.160140 0.316486 -0.091906
v 0.154226 0.323897 -0.103072
v 0.160447 0.332690 -0.099817
v 0.148236 0.333232 -0.112363
v 0.156362 0.341835 -0.108014
v 0.142251 0.344299 -0.120098
v 0.136933 0.357465 -0.126120
v 0.133336 0.373148 -0.129720
v 0.131282 0.390380 -0.131242
v 0.095677 0.393426 -0.144458
v 0.114071 0.401128 -0.138476
v 0.075901 0.405709 -0.144871
v 0.076579 0.423802 -0.140854
v 0.077402 0.367993 -0.148125
v 0.076264 0.386953 -0.147418
v 0.074017 0.515669 -0.088848
v 0.056969 0.507912 -0.100233
v 0.239151 0.388721 -0.102577
v 0.248146 0.384566 -0.102405
v 0.239509 0.379950 -0.101883
v 0.235229 0.384118 -0.102052
v 0.254659 0.392217 -0.101621
v 0.245677 0.405125 -0.100864
v 0.258748 0.402353 -0.099086
v 0.243072 0.396203 -0.102431
v 0.260038 0.413131 -0.094938
v 0.247259 0.414925 -0.098102
v 0.258224 0.423129 -0.090431
v 0.247130 0.423669 -0.094517
v 0.246229 0.429971 -0.091445
v 0.252588 0.432072 -0.087007
v 0.214949 0.443424 -0.095353
v 0.227256 0.439067 -0.093565
v 0.238593 0.433850 -0.092238
v 0.208729 0.399951 -0.101999
v 0.220757 0.399598 -0.102836
v 0.232028 0.398217 -0.102830
v 0.234228 0.407415 -0.102119
v 0.222373 0.408932 -0.102976
v 0.209903 0.409977 -0.103226
v 0.036838 0.361377 -0.144137
v 0.056580 0.364260 -0.147502
v 0.169086 0.408525 -0.113653
v 0.177780 0.410930 -0.109056
v 0.186724 0.411722 -0.104878
v 0.197655 0.411763 -0.103427
v 0.178150 0.424221 -0.109477
v 0.168900 0.422683 -0.113773
v 0.158218 0.419396 -0.118227
v 0.056559 0.382271 -0.146169
v 0.018403 0.359225 -0.140037
v 0.182979 0.452724 0.015720
v 0.187953 0.476269 0.002703
v 0.192520 0.491965 -0.018277
v 0.191089 0.495566 -0.043106
v 0.000692 0.503571 -0.103727
v 0.366968 0.283964 -0.059280
v 0.001453 0.302821 -0.136083
v 0.000719 0.323359 -0.139598
v 0.003526 0.234830 -0.116710
v 0.002874 0.256891 -0.125238
v 0.044804 0.137977 -0.103065
v 0.023105 0.139850 -0.100119
v 0.022225 0.163987 -0.103386
v 0.001095 0.091589 -0.104819
v 0.001324 0.113785 -0.096603
v 0.002702 0.166347 -0.097589
v 0.002828 0.190177 -0.102165
v 0.021808 0.279104 -0.133296
v 0.019283 0.342081 -0.142967
v 0.000815 0.358787 -0.137804
v 0.001274 0.374487 -0.134567
v 0.001419 0.390791 -0.132619
v 0.111363 0.339035 0.096741
v 0.111958 0.353395 0.087716
v 0.099465 0.354030 0.093059
v 0.099308 0.339669 0.101927
v 0.130940 0.336898 0.082768
v 0.132574 0.350232 0.074433
v 0.122987 0.352179 0.081393
v 0.121806 0.338203 0.090052
v 0.140918 0.347053 0.066859
v 0.138827 0.334200 0.074632
v 0.111104 0.323647 0.103761
v 0.121305 0.323100 0.097014
v 0.099293 0.324344 0.108723
v 0.136951 0.320768 0.081310
v 0.129866 0.322305 0.089418
v 0.012100 0.553113 0.066914
v 0.011655 0.558527 0.081987
v 0.005920 0.601244 0.095520
v 0.005532 0.605701 0.093437
v 0.004970 0.541410 0.046518
v 0.004658 0.533058 0.041446
v 0.003573 0.582974 0.092847
v 0.003909 0.568714 0.093077
v 0.003260 0.627897 0.096304
v 0.003257 0.624310 0.095025
v 0.003526 0.613127 0.096570
v 0.003620 0.609218 0.095313
v 0.004439 0.523546 0.036418
v 0.005091 0.547811 0.054475
v 0.003706 0.503072 0.028802
v 0.003472 0.493090 0.025602
v 0.014468 0.484225 0.023883
v 0.015199 0.473664 0.025863
v 0.019223 0.339156 0.101028
v 0.017939 0.385855 0.075143
v 0.017815 0.373077 0.085433
v 0.018121 0.401954 0.066403
v 0.016217 0.463079 0.031742
v 0.004110 0.513359 0.032234
v 0.003640 0.596350 0.095006
v 0.003646 0.590805 0.092325
v 0.003364 0.620344 0.095068
v 0.003447 0.616767 0.095804
v 0.002127 0.433484 0.048566
v 0.001788 0.416565 0.058281
v 0.018391 0.356358 0.093461
v 0.004009 0.315856 0.104391
v 0.004121 0.291668 0.106357
v 0.002472 0.449335 0.039386
v 0.004314 0.268698 0.106207
v 0.170126 -0.094993 -0.079257
v 0.153656 -0.112481 -0.098771
v 0.143599 -0.101315 -0.110137
v 0.156744 -0.088254 -0.096858
v 0.163934 -0.046951 -0.078775
v 0.164270 -0.022893 -0.072518
v 0.165257 0.002802 -0.068493
v 0.123718 -0.110835 -0.122611
v 0.094431 -0.097052 -0.138541
v 0.098127 -0.115720 -0.132013
v 0.150932 -0.000127 -0.093366
v 0.150611 -0.025949 -0.096821
v 0.147974 -0.084641 -0.106507
v 0.149509 -0.070851 -0.104371
v 0.163131 -0.069746 -0.087344
v 0.119067 -0.094650 -0.128845
v 0.137111 -0.090057 -0.116772
v 0.060814 0.056230 -0.119474
v 0.064636 0.037197 -0.127876
v 0.036699 0.036681 -0.129204
v 0.140561 0.064709 -0.082220
v 0.127785 0.043563 -0.104019
v 0.001676 -0.102267 -0.129041
v 0.134912 -0.073885 -0.119220
v 0.091953 -0.076126 -0.142998
v 0.116185 -0.075574 -0.132462
v 0.091954 -0.004127 -0.138350
v 0.114457 -0.003539 -0.128056
v 0.113875 -0.028617 -0.132485
v 0.091241 -0.027883 -0.143211
v 0.133877 -0.002628 -0.113304
v 0.131635 0.021674 -0.108912
v 0.090735 0.018364 -0.131598
v 0.112379 0.020009 -0.122378
v 0.108336 0.041371 -0.115968
v 0.133851 -0.028517 -0.116797
v 0.090811 -0.052632 -0.145249
v 0.062634 -0.052010 -0.150682
v 0.032780 -0.050924 -0.148671
v 0.002862 -0.052367 -0.145243
v 0.002903 -0.028580 -0.145889
v 0.087495 0.039201 -0.123731
v 0.077682 0.076289 -0.108724
v 0.083363 0.058022 -0.115539
v 0.066056 0.136686 -0.101606
v 0.174899 -0.324525 0.069103
v 0.007450 -0.162654 -0.017690
v 0.010530 -0.171609 0.010195
v 0.176582 -0.056862 0.042844
v 0.187772 -0.073957 -0.034195
v 0.175948 -0.070956 -0.063308
v 0.023446 -0.175997 0.056480
v 0.038695 -0.167711 0.079424
v 0.157112 -0.065541 0.070456
v 0.112608 -0.118304 0.102939
v 0.015425 -0.176625 0.033498
v 0.150205 -0.049812 -0.100584
v 0.133872 -0.053101 -0.118645
v 0.114631 -0.053349 -0.133815
v 0.063274 -0.075182 -0.148838
v 0.031799 -0.072877 -0.146662
v 0.002600 -0.072826 -0.141000
v 0.021718 -0.111364 0.102930
v 0.010119 -0.104426 0.108697
v 0.017424 -0.102068 0.109726
v 0.001195 -0.090378 0.114028
v 0.001412 -0.106555 0.106764
v 0.011007 -0.118560 0.098854
v 0.001640 -0.120625 0.096189
v 0.001554 -0.135389 0.085668
v 0.076399 0.013947 0.113336
v 0.098268 0.021084 0.100350
v 0.015322 0.002116 0.131769
v 0.034065 0.004185 0.128829
v 0.155001 0.046883 0.044836
v 0.054423 0.008005 0.122972
v 0.119632 0.029185 0.085151
v 0.139605 0.038168 0.066357
v 0.002619 0.017465 -0.137162
v 0.002642 0.038673 -0.128988
v -0.002230 0.001058 0.131725
v 0.004251 0.558056 0.082474
v 0.004519 0.552400 0.067197
v 0.001974 0.744740 0.064146
v 0.000936 0.549870 -0.077096
v 0.002819 0.690156 0.084100
v 0.003606 0.605510 0.093369
v 0.003370 0.630226 0.099116
v 0.003262 0.482938 0.023006
v 0.003059 0.471785 0.024403
v 0.000098 -0.148616 -0.018825
v 0.002698 0.461259 0.031173
v 0.000759 -0.148408 -0.031875
v 0.003291 0.213036 -0.108266
v 0.241760 -0.763444 -0.055013
v 0.239639 -0.761857 -0.070182
v 0.249664 -0.789692 -0.065809
v 0.249425 -0.791226 -0.051051
v 0.256287 -0.752629 -0.098707
v 0.245638 -0.757521 -0.090719
v 0.270570 -0.748525 -0.100272
v 0.283823 -0.746427 -0.094612
v 0.286651 -0.776440 -0.091938
v 0.275537 -0.778449 -0.099014
v 0.292316 -0.745338 -0.085250
v 0.302071 -0.774043 -0.072113
v 0.298491 -0.744840 -0.073616
v 0.301908 -0.745637 -0.055458
v 0.303691 -0.773972 -0.054774
v 0.296585 -0.751089 -0.035321
v 0.298653 -0.778732 -0.035183
v 0.282895 -0.757525 -0.023740
v 0.248462 -0.764721 -0.039817
v 0.253889 -0.792033 -0.035036
v 0.262609 -0.782128 -0.097616
v 0.254401 -0.786310 -0.087972
v 0.251300 -0.788212 -0.076516
v 0.241329 -0.760225 -0.081272
v 0.255721 -0.818023 -0.061628
v 0.251184 -0.819283 -0.045705
v 0.268471 -0.810947 -0.097560
v 0.263120 -0.814202 -0.083696
v 0.289813 -0.805214 -0.090526
v 0.280812 -0.806807 -0.100428
v 0.309421 -0.801065 -0.071724
v 0.299963 -0.803082 -0.081501
v 0.294849 -0.775064 -0.082634
v 0.309747 -0.800711 -0.054790
v 0.304139 -0.803784 -0.031827
v 0.256475 -0.818275 -0.027977
v 0.259637 -0.816454 -0.072601
v 0.332279 -0.892259 0.124886
v 0.329982 -0.888145 0.124482
v 0.325607 -0.889167 0.125245
v 0.325643 -0.894558 0.125984
v 0.292994 -0.903164 0.135873
v 0.288527 -0.893438 0.138508
v 0.280763 -0.896939 0.135912
v 0.282644 -0.908836 0.133317
v 0.310809 -0.898986 0.134606
v 0.312726 -0.901821 0.131053
v 0.317567 -0.900627 0.130532
v 0.318617 -0.897017 0.134188
v 0.352930 -0.882939 0.094110
v 0.354099 -0.887288 0.091419
v 0.358271 -0.885953 0.089749
v 0.358600 -0.881982 0.091178
v 0.339909 -0.889985 0.112910
v 0.341263 -0.894091 0.109716
v 0.345192 -0.892396 0.108271
v 0.346171 -0.888869 0.110069
v 0.291083 -0.887892 0.114724
v 0.277096 -0.889972 0.112042
v 0.278793 -0.895079 0.126202
v 0.290271 -0.889874 0.128810
v 0.275059 -0.905235 0.121810
v 0.273606 -0.901981 0.106416
v 0.282456 -0.907901 0.104828
v 0.283165 -0.908188 0.118950
v 0.294989 -0.904910 0.108226
v 0.294539 -0.905526 0.120924
v 0.299983 -0.896518 0.112901
v 0.300796 -0.896584 0.127137
v 0.318780 -0.890733 0.114437
v 0.312308 -0.884715 0.115576
v 0.314948 -0.888734 0.127775
v 0.322267 -0.893360 0.126280
v 0.301658 -0.888065 0.117199
v 0.306941 -0.890983 0.128859
v 0.300539 -0.898802 0.115722
v 0.307033 -0.902280 0.111877
v 0.309866 -0.902222 0.124454
v 0.303296 -0.899047 0.128636
v 0.316046 -0.899138 0.111313
v 0.318680 -0.900055 0.123302
v 0.329616 -0.880199 0.108183
v 0.319408 -0.883929 0.110595
v 0.323231 -0.887819 0.119788
v 0.330591 -0.885583 0.118670
v 0.320667 -0.896371 0.119582
v 0.318456 -0.894417 0.110011
v 0.324819 -0.897294 0.106955
v 0.326720 -0.897886 0.117384
v 0.333864 -0.894040 0.105650
v 0.334076 -0.896091 0.116672
v 0.336013 -0.885429 0.107799
v 0.336629 -0.889792 0.118169
v 0.350541 -0.881139 0.093813
v 0.345443 -0.875253 0.094878
v 0.345504 -0.881059 0.104393
v 0.349796 -0.886037 0.103111
v 0.337735 -0.878005 0.098742
v 0.339406 -0.882263 0.106546
v 0.335758 -0.887768 0.107408
v 0.335888 -0.884623 0.100586
v 0.340384 -0.892051 0.096205
v 0.339716 -0.894287 0.104422
v 0.348522 -0.889797 0.092566
v 0.347270 -0.892476 0.102338
v 0.359403 -0.870707 0.078215
v 0.358917 -0.874651 0.086518
v 0.361994 -0.879814 0.084615
v 0.362511 -0.877396 0.074627
v 0.352562 -0.872084 0.083246
v 0.352895 -0.875382 0.089345
v 0.350096 -0.881223 0.089329
v 0.351265 -0.878709 0.084360
v 0.353262 -0.886829 0.080370
v 0.352612 -0.888200 0.086449
v 0.359676 -0.884468 0.076000
v 0.359728 -0.886330 0.084142
v 0.295013 -0.885454 0.100656
v 0.276763 -0.885461 0.097687
v 0.284928 -0.908108 0.128635
v 0.273917 -0.899061 0.092044
v 0.291324 -0.906579 0.129617
v 0.299382 -0.903143 0.096409
v 0.283631 -0.906080 0.090459
v 0.298851 -0.896307 0.107028
v 0.315465 -0.891964 0.134041
v 0.318916 -0.897791 0.094918
v 0.317304 -0.892149 0.104603
v 0.310585 -0.893260 0.134537
v 0.313433 -0.881108 0.099233
v 0.331205 -0.877148 0.090404
v 0.328433 -0.897753 0.123118
v 0.332393 -0.896784 0.122627
v 0.337080 -0.892699 0.088206
v 0.336151 -0.883346 0.098543
v 0.344588 -0.884638 0.110017
v 0.351367 -0.887874 0.077112
v 0.351493 -0.878195 0.084605
v 0.341000 -0.885164 0.111295
v 0.347262 -0.871001 0.078977
v 0.356949 -0.878377 0.090929
v 0.360817 -0.884063 0.065394
v 0.363941 -0.875069 0.062315
v 0.353739 -0.878524 0.092840
v 0.358867 -0.867599 0.067291
v 0.263213 -0.791191 -0.023463
v 0.257605 -0.764681 -0.028210
v 0.269110 -0.762923 -0.022464
v 0.274271 -0.789287 -0.018827
v 0.286689 -0.784381 -0.022065
v 0.267237 -0.815463 -0.015385
v 0.279558 -0.812188 -0.011543
v 0.291896 -0.808860 -0.017220
v 0.319106 -0.821684 -0.056160
v 0.316176 -0.821524 -0.074206
v 0.304785 -0.824210 -0.084080
v 0.295846 -0.826098 -0.094667
v 0.286146 -0.828302 -0.104408
v 0.261329 -0.839637 -0.022463
v 0.270792 -0.834173 -0.005408
v 0.283901 -0.828723 0.000599
v 0.298903 -0.825621 -0.007173
v 0.271934 -0.880452 0.081267
v 0.289392 -0.873895 0.082900
v 0.284099 -0.865623 0.063583
v 0.272260 -0.879033 0.060056
v 0.307924 -0.872298 0.079468
v 0.302613 -0.860954 0.059993
v 0.325587 -0.869245 0.071678
v 0.320110 -0.860180 0.052058
v 0.342201 -0.866065 0.061498
v 0.336261 -0.860236 0.042393
v 0.356830 -0.864682 0.052037
v 0.351354 -0.862412 0.032647
v 0.365530 -0.872493 0.046818
v 0.361744 -0.870320 0.026943
v 0.270726 -0.897942 0.075221
v 0.272450 -0.894949 0.054304
v 0.283127 -0.906438 0.071991
v 0.285046 -0.905435 0.051368
v 0.299706 -0.902320 0.071312
v 0.300443 -0.901503 0.049694
v 0.360190 -0.883541 0.028966
v 0.362095 -0.884812 0.049326
v 0.318133 -0.897190 0.067404
v 0.317986 -0.895835 0.045450
v 0.335575 -0.893404 0.061501
v 0.334814 -0.892367 0.039558
v 0.350333 -0.889771 0.054972
v 0.349226 -0.889182 0.033618
v 0.278694 -0.859787 0.039563
v 0.295807 -0.849088 0.039068
v 0.312708 -0.849702 0.030067
v 0.328964 -0.852585 0.019261
v 0.344332 -0.859032 0.009062
v 0.355895 -0.867680 0.003827
v 0.324898 -0.841370 -0.009105
v 0.338255 -0.858193 -0.017160
v 0.347743 -0.868655 -0.019729
v 0.341806 -0.869240 -0.043520
v 0.334836 -0.857190 -0.043157
v 0.326063 -0.859003 -0.084541
v 0.330251 -0.857302 -0.066398
v 0.338182 -0.869417 -0.067213
v 0.334503 -0.872181 -0.086405
v 0.326041 -0.840913 -0.037736
v 0.322700 -0.840507 -0.061311
v 0.316570 -0.841280 -0.078239
v 0.318273 -0.877005 -0.108816
v 0.312825 -0.861553 -0.108574
v 0.321028 -0.860307 -0.097387
v 0.328626 -0.874303 -0.099302
v 0.302621 -0.882907 -0.113367
v 0.297459 -0.866768 -0.115603
v 0.282420 -0.873476 -0.104353
v 0.286876 -0.888868 -0.104028
v 0.303872 -0.843379 -0.101298
v 0.310228 -0.842876 -0.090293
v 0.291862 -0.846700 -0.109051
v 0.278257 -0.852862 -0.100179
v 0.275833 -0.876539 -0.085218
v 0.272795 -0.855838 -0.083001
v 0.278797 -0.891763 -0.086081
v 0.272910 -0.877440 0.035126
v 0.276232 -0.890118 0.030377
v 0.306288 -0.836767 0.009870
v 0.288786 -0.838738 0.018158
v 0.272764 -0.851295 0.010823
v 0.270300 -0.875235 0.008141
v 0.278056 -0.888179 0.003961
v 0.269042 -0.876910 -0.017348
v 0.278401 -0.887922 -0.019834
v 0.286737 -0.898044 0.027263
v 0.288347 -0.892536 0.001423
v 0.287788 -0.892175 -0.021999
v 0.269159 -0.877632 -0.039010
v 0.277052 -0.889329 -0.040563
v 0.271924 -0.876949 -0.056485
v 0.276834 -0.890294 -0.057283
v 0.277048 -0.891346 -0.071061
v 0.274050 -0.876876 -0.070281
v 0.267233 -0.858649 -0.057499
v 0.269737 -0.857083 -0.069853
v 0.264900 -0.860303 -0.039804
v 0.265048 -0.858246 -0.017058
v 0.355968 -0.881142 0.005191
v 0.349278 -0.879687 -0.018721
v 0.342261 -0.879329 -0.042094
v 0.338240 -0.881569 -0.065311
v 0.332744 -0.884644 -0.083166
v 0.326784 -0.886653 -0.094464
v 0.318015 -0.888496 -0.102776
v 0.304716 -0.891788 -0.104994
v 0.293061 -0.896140 -0.098993
v 0.287480 -0.899333 -0.084944
v 0.285818 -0.900404 -0.071777
v 0.286218 -0.895470 -0.042631
v 0.285154 -0.899149 -0.058568
v 0.256960 -0.842016 -0.042058
v 0.259567 -0.840401 -0.059315
v 0.263499 -0.838426 -0.070649
v 0.273655 -0.833327 -0.097041
v 0.268379 -0.835936 -0.081551
v 0.301087 -0.898172 0.024499
v 0.317428 -0.893456 0.020121
v 0.333259 -0.890038 0.014449
v 0.346400 -0.886997 0.009193
v 0.341959 -0.885614 -0.015563
v 0.330040 -0.888632 -0.011462
v 0.315268 -0.892374 -0.006551
v 0.300290 -0.893634 -0.001610
v 0.335698 -0.886174 -0.038792
v 0.325367 -0.889749 -0.034815
v 0.311740 -0.893203 -0.030884
v 0.298823 -0.894474 -0.025454
v 0.296395 -0.898353 -0.046266
v 0.307575 -0.896251 -0.052052
v 0.319770 -0.892556 -0.055732
v 0.329560 -0.888554 -0.060612
v 0.324388 -0.890561 -0.077405
v 0.315070 -0.893936 -0.071935
v 0.304209 -0.897644 -0.067844
v 0.295039 -0.900103 -0.062625
v 0.320010 -0.891683 -0.087247
v 0.306103 -0.895053 -0.097208
v 0.314333 -0.892918 -0.094098
v 0.298370 -0.898266 -0.093975
v 0.295414 -0.899881 -0.084150
v 0.294720 -0.900470 -0.073773
v 0.302132 -0.897632 -0.084756
v 0.302856 -0.897778 -0.077251
v 0.312267 -0.894409 -0.081381
v 0.309368 -0.894810 -0.087970
v 0.302234 -0.897052 -0.090431
v 0.305952 -0.895627 -0.091966
v 0.311675 -0.826085 -0.028182
v -0.000007 0.515551 -0.097121
v 0.001728 0.446463 -0.122684
v 0.182620 -0.493655 0.013787
v 0.197635 -0.492304 0.018367
v 0.212834 -0.486831 0.019318
v 0.132238 -0.077439 0.090246
v 0.082978 0.143361 0.105659
v 0.089617 0.185436 0.098257
v 0.086106 0.164010 0.101779
v 0.140780 -0.105416 0.093943
v 0.136973 0.208374 0.043688
v 0.002326 -0.089573 -0.134491
v 0.001704 0.405976 -0.130555
v 0.113467 0.367831 0.077459
v 0.002859 -0.004874 -0.142976
v 0.081682 0.655976 -0.013598
v 0.079230 0.654228 -0.015061
v 0.078663 0.650760 -0.016003
v 0.077954 0.648970 -0.019761
v 0.077577 0.647111 -0.022908
v 0.077146 0.646266 -0.025180
v 0.080263 0.651330 -0.018472
v 0.078493 0.654022 -0.021472
v 0.079609 0.654123 -0.018338
v 0.080732 0.653195 -0.016967
v 0.001606 0.398739 0.066323
v 0.001855 0.382948 0.075117
v 0.002576 0.370242 0.085561
v 0.003003 0.353728 0.093012
v 0.003630 0.601183 0.095665
v -0.003797 0.086961 0.135872
v -0.003123 0.102087 0.133980
v 0.002175 0.141696 -0.094698
v -0.003153 0.042546 0.137741
v -0.002410 0.118869 0.134497
v 0.002416 0.280409 -0.131779
v 0.003458 0.336136 0.099498
v -0.002675 0.022416 0.135773
v 0.000753 0.342129 -0.140915
v -0.001005 0.141852 0.134170
v 0.000921 -0.070530 0.119076
v 0.002656 0.207918 0.122270
v -0.041552 0.715756 0.059735
v -0.052311 0.706411 0.050805
v -0.046599 0.697990 0.061442
v -0.035820 0.703473 0.069617
v -0.042992 0.690234 0.069187
v -0.032825 0.692967 0.075335
v -0.058948 0.694694 0.042078
v -0.053630 0.690156 0.052995
v -0.059302 0.653818 0.048996
v -0.057394 0.662997 0.047954
v -0.062893 0.659724 0.039759
v -0.063555 0.647471 0.040387
v -0.058520 0.627197 0.050546
v -0.060121 0.616993 0.040772
v -0.055095 0.610059 0.052087
v -0.052574 0.620462 0.059873
v -0.020381 0.638425 0.080736
v -0.023586 0.644133 0.078374
v -0.029484 0.638301 0.078307
v -0.025577 0.631775 0.080611
v -0.011442 0.649444 0.084870
v -0.007088 0.653613 0.090481
v -0.007601 0.658597 0.085025
v -0.012615 0.654004 0.080739
v -0.015009 0.633090 0.082193
v -0.020386 0.626158 0.081594
v -0.013987 0.640373 0.084625
v -0.015878 0.644335 0.081406
v -0.010405 0.636186 0.095928
v -0.007398 0.637380 0.100487
v -0.008465 0.642975 0.100003
v -0.011841 0.640829 0.093752
v -0.013783 0.633742 0.086843
v -0.010160 0.630934 0.089334
v -0.011508 0.633885 0.091955
v -0.013791 0.637393 0.089193
v -0.010805 0.645172 0.089160
v -0.007427 0.648609 0.095547
v -0.003247 0.650875 0.102031
v -0.003872 0.643630 0.106676
v -0.036065 0.617549 0.076522
v -0.030775 0.614218 0.079312
v -0.025982 0.620132 0.080978
v -0.031088 0.624766 0.079293
v -0.011120 0.627437 0.086410
v -0.013963 0.611677 0.090057
v -0.008362 0.613338 0.093554
v -0.008343 0.617352 0.092848
v -0.014509 0.615777 0.089210
v -0.041368 0.601819 0.069807
v -0.041454 0.593022 0.067342
v -0.035046 0.594272 0.073644
v -0.035278 0.601301 0.075046
v -0.032604 0.587936 0.073707
v -0.039000 0.584256 0.066448
v -0.028742 0.569607 0.070918
v -0.023533 0.577494 0.079894
v -0.028528 0.582437 0.075667
v -0.034523 0.576475 0.067777
v -0.011635 0.584067 0.087561
v -0.017377 0.573280 0.085675
v -0.010187 0.570359 0.090579
v -0.005822 0.583140 0.090524
v -0.013036 0.605256 0.086874
v -0.013324 0.608287 0.089075
v -0.017425 0.606879 0.085870
v -0.016963 0.604705 0.084274
v -0.021098 0.604060 0.081689
v -0.020972 0.604804 0.082375
v -0.022592 0.605444 0.082147
v -0.022873 0.603795 0.080962
v -0.019256 0.604367 0.082812
v -0.020095 0.603171 0.082154
v -0.017932 0.602506 0.083729
v -0.014568 0.602121 0.086822
v -0.001592 0.601313 0.094772
v -0.000666 0.605793 0.092888
v -0.003887 0.605703 0.091752
v -0.005344 0.601556 0.093451
v -0.021092 0.607358 0.083831
v -0.018414 0.609460 0.086362
v -0.019777 0.612655 0.085971
v -0.023352 0.609291 0.083362
v -0.026377 0.611603 0.081941
v -0.028661 0.607028 0.079863
v -0.025151 0.606267 0.081417
v -0.021834 0.601897 0.080914
v -0.025602 0.603091 0.079917
v -0.024672 0.600000 0.079200
v -0.022517 0.597076 0.080534
v -0.019663 0.600246 0.082609
v -0.016398 0.598933 0.085863
v -0.019116 0.594621 0.083536
v -0.014181 0.592804 0.087079
v -0.011833 0.597729 0.089852
v -0.022118 0.616250 0.084131
v -0.029678 0.602142 0.078009
v -0.033427 0.608143 0.077114
v -0.029329 0.597195 0.077088
v -0.027071 0.592701 0.077830
v -0.018097 0.586022 0.083955
v -0.023328 0.588883 0.080373
v -0.021126 0.563683 0.076362
v -0.012228 0.559828 0.080549
v -0.038995 0.683888 0.070845
v -0.030518 0.685450 0.074030
v -0.039191 0.675773 0.067908
v -0.035416 0.677030 0.070124
v -0.036184 0.679911 0.070178
v -0.040950 0.677861 0.067110
v -0.051774 0.665968 0.053343
v -0.053575 0.659363 0.053965
v -0.047737 0.664578 0.057321
v -0.047133 0.668585 0.057919
v -0.040353 0.657975 0.065762
v -0.037973 0.665091 0.066576
v -0.041041 0.665567 0.063991
v -0.044611 0.658849 0.062390
v -0.034268 0.664868 0.068721
v -0.035586 0.658343 0.068482
v -0.030662 0.659735 0.070325
v -0.030166 0.665340 0.070115
v -0.029409 0.681035 0.071929
v -0.029973 0.677760 0.071835
v -0.023609 0.677443 0.071417
v -0.022021 0.680736 0.071939
v -0.013602 0.670416 0.068193
v -0.010634 0.670301 0.069962
v -0.011124 0.674569 0.069944
v -0.014386 0.672868 0.068548
v -0.014914 0.668651 0.068971
v -0.013034 0.667184 0.070475
v -0.033398 0.737832 0.054859
v -0.047171 0.728126 0.045056
v -0.028348 0.722159 0.068250
v -0.058133 0.715002 0.036452
v -0.064219 0.699876 0.028781
v -0.056288 0.599949 0.045295
v -0.049215 0.594902 0.057600
v -0.048309 0.604807 0.061925
v -0.054348 0.588860 0.041191
v -0.046911 0.584040 0.055564
v -0.032592 0.565029 0.055956
v -0.041397 0.573595 0.054886
v -0.060131 0.596295 0.024699
v -0.056825 0.587651 0.018778
v -0.048862 0.577948 0.036972
v -0.061282 0.600299 0.003774
v -0.058828 0.596800 -0.004452
v -0.051853 0.578507 0.009525
v -0.035874 0.544137 0.018157
v -0.048356 0.549071 0.005048
v -0.050074 0.537245 0.001518
v -0.037896 0.532789 0.015184
v -0.061453 0.606525 0.031279
v -0.064949 0.669387 0.030436
v -0.066931 0.655546 0.028718
v -0.060416 0.671115 0.041671
v -0.067932 0.727479 0.000282
v -0.073437 0.709831 -0.001397
v -0.069218 0.705434 0.014282
v -0.063384 0.722720 0.019807
v -0.040215 0.762417 0.005716
v -0.056237 0.747063 0.003262
v -0.052233 0.739296 0.026586
v -0.037844 0.752639 0.033035
v -0.076088 0.710370 -0.017535
v -0.070086 0.728262 -0.021206
v -0.071908 0.722595 -0.042656
v -0.077223 0.707548 -0.034201
v -0.058634 0.747359 -0.025141
v -0.060168 0.740839 -0.051689
v -0.059088 0.599812 -0.016822
v -0.056958 0.582203 -0.011512
v -0.055374 0.567084 -0.009177
v -0.047620 0.562793 0.008292
v -0.042697 0.754586 -0.058179
v -0.041459 0.762792 -0.026904
v -0.065013 0.678013 -0.076550
v -0.071437 0.670538 -0.061760
v -0.074711 0.686270 -0.054473
v -0.068258 0.696735 -0.071014
v -0.054700 0.685516 -0.091986
v -0.057062 0.707526 -0.086381
v -0.052619 0.624204 -0.068324
v -0.043588 0.624975 -0.082245
v -0.038308 0.609184 -0.072350
v -0.046183 0.609018 -0.059905
v -0.049808 0.685236 0.062358
v -0.053331 0.679057 0.055651
v -0.048272 0.676819 0.061207
v -0.044959 0.680696 0.066244
v -0.062357 0.682712 0.035160
v -0.057899 0.680873 0.046314
v -0.071628 0.689801 0.009841
v -0.075388 0.694415 -0.003274
v -0.078814 0.694097 -0.029501
v -0.077897 0.695568 -0.016093
v -0.073819 0.664276 -0.049980
v -0.076191 0.674527 -0.045388
v -0.059878 0.607885 -0.032532
v -0.052837 0.608369 -0.047513
v -0.050306 0.590181 -0.042717
v -0.056804 0.587227 -0.028741
v -0.034908 0.593376 -0.064400
v -0.041994 0.592420 -0.054262
v -0.054725 0.556854 -0.027954
v -0.048892 0.559735 -0.042326
v -0.050556 0.547679 -0.045477
v -0.054377 0.544372 -0.030771
v -0.043285 0.548369 -0.058130
v -0.041003 0.561407 -0.054464
v -0.032645 0.561767 -0.063978
v -0.033949 0.547844 -0.067052
v -0.013646 0.526375 0.031256
v -0.024792 0.529357 0.024385
v -0.027395 0.519278 0.021366
v -0.015088 0.516904 0.027579
v -0.056500 0.533986 -0.034940
v -0.053835 0.538411 -0.050397
v -0.058782 0.623530 -0.054981
v -0.063636 0.625742 -0.043042
v -0.046885 0.538801 -0.063728
v -0.048615 0.573616 -0.041362
v -0.040832 0.575532 -0.052603
v -0.024699 0.593864 -0.072612
v -0.027942 0.609444 -0.082029
v -0.017949 0.649188 0.078541
v -0.020812 0.663428 0.071324
v -0.016611 0.665078 0.070984
v -0.017669 0.667949 0.069890
v -0.021403 0.667099 0.070564
v -0.010166 0.705488 0.080884
v -0.023258 0.706067 0.076673
v -0.021077 0.692673 0.080103
v -0.008223 0.689050 0.082111
v -0.047806 0.633667 0.067858
v -0.041878 0.623720 0.072922
v -0.035723 0.631622 0.076890
v -0.038642 0.640324 0.073633
v -0.044204 0.670207 0.060832
v -0.043374 0.672140 0.063008
v -0.045786 0.672202 0.060497
v -0.039260 0.610141 0.073223
v -0.045811 0.614256 0.067430
v -0.066487 0.640695 0.028682
v -0.055088 0.671834 0.050167
v -0.019922 0.772834 0.009051
v -0.018927 0.761307 0.039671
v -0.020500 0.773930 -0.026643
v -0.021313 0.765144 -0.060303
v -0.041592 0.716880 -0.098186
v -0.023348 0.724963 -0.107116
v -0.020356 0.698339 -0.114100
v -0.039662 0.691974 -0.104865
v -0.031470 0.625927 -0.093540
v -0.022558 0.563043 -0.070394
v -0.023637 0.547800 -0.072454
v -0.017246 0.743253 0.061141
v -0.013396 0.723922 0.073199
v -0.067298 0.684953 0.022043
v -0.058818 0.645368 0.052669
v -0.055315 0.638483 0.058651
v -0.051061 0.649528 0.062120
v -0.053702 0.653620 0.057226
v -0.062014 0.636023 0.043770
v -0.063798 0.626802 0.031646
v -0.065390 0.618085 0.017320
v -0.063828 0.606567 0.010232
v -0.069941 0.712969 -0.061567
v -0.076067 0.700322 -0.047898
v -0.043520 0.738800 -0.083127
v -0.060567 0.727355 -0.073543
v -0.077674 0.690049 -0.041685
v -0.023092 0.749890 -0.089141
v -0.008017 0.621754 0.091533
v -0.006434 0.625961 0.090820
v -0.015231 0.621337 0.086585
v -0.006899 0.596877 0.092618
v -0.009036 0.591479 0.089749
v -0.003470 0.590973 0.091128
v -0.002310 0.596550 0.094045
v -0.011873 0.554337 0.065232
v -0.021959 0.558523 0.060701
v -0.012587 0.535599 0.036545
v -0.023357 0.538930 0.028959
v -0.006266 0.634605 0.094645
v -0.006622 0.633905 0.092594
v -0.004732 0.634151 0.093033
v -0.004703 0.635001 0.095028
v -0.019858 0.605762 0.083693
v -0.003410 0.613716 0.095576
v -0.003637 0.609719 0.094218
v -0.000456 0.609469 0.094958
v -0.000346 0.613258 0.096274
v -0.038486 0.564971 0.034162
v -0.035504 0.555442 0.023469
v -0.055137 0.540736 -0.014399
v -0.055131 0.553115 -0.011096
v -0.055365 0.570987 -0.026995
v -0.033660 0.576841 -0.063068
v -0.023340 0.578323 -0.070173
v -0.011482 0.579668 -0.074822
v -0.012914 0.594076 -0.079171
v -0.023115 0.554599 0.045491
v -0.023005 0.547982 0.035230
v -0.012264 0.544322 0.042489
v -0.011828 0.550297 0.051651
v -0.000584 0.631964 0.096393
v -0.001519 0.630713 0.094299
v 0.000391 0.628528 0.095257
v 0.000868 0.630916 0.098019
v -0.007558 0.631808 0.090959
v -0.005432 0.628833 0.090916
v -0.005084 0.630856 0.090936
v -0.008333 0.633097 0.092594
v -0.007746 0.634580 0.095241
v -0.002981 0.635453 0.100016
v -0.002688 0.636185 0.105014
v -0.005961 0.635430 0.098258
v -0.002466 0.633238 0.094834
v -0.002834 0.631954 0.092998
v -0.004762 0.632670 0.091373
v -0.006413 0.632809 0.091364
v -0.003273 0.635372 0.097848
v -0.005084 0.635164 0.096521
v -0.002627 0.656798 0.096234
v -0.003283 0.533644 0.040311
v -0.002833 0.542330 0.045802
v -0.020414 0.604390 0.082150
v -0.021061 0.685101 0.075379
v -0.045382 0.647955 0.067541
v -0.025190 0.649952 0.075424
v -0.025507 0.655856 0.072966
v -0.031525 0.652730 0.072075
v -0.031530 0.645483 0.074988
v -0.012251 0.681934 0.075407
v -0.007141 0.676413 0.074369
v -0.003350 0.678321 0.080546
v -0.006954 0.669827 0.074523
v -0.010173 0.664738 0.073535
v -0.008476 0.662468 0.079246
v -0.003684 0.669231 0.082772
v -0.043854 0.675285 0.063714
v -0.041740 0.673954 0.065432
v -0.013587 0.657796 0.076598
v -0.014801 0.661282 0.073029
v -0.019976 0.658561 0.073040
v -0.019172 0.653830 0.075557
v -0.038031 0.649849 0.070523
v -0.049906 0.672061 0.056362
v -0.047071 0.661007 0.059207
v -0.063553 0.620616 -0.028240
v -0.067345 0.631280 -0.035461
v -0.066008 0.613008 -0.008367
v -0.064964 0.614950 -0.012795
v -0.060483 0.609575 -0.010444
v -0.063330 0.609087 -0.005402
v -0.076863 0.664761 -0.028881
v -0.076161 0.665256 -0.024752
v -0.076894 0.671880 -0.024240
v -0.076962 0.670859 -0.032079
v -0.076305 0.667876 -0.017992
v -0.075764 0.664174 -0.017672
v -0.075522 0.663689 -0.014228
v -0.075995 0.671067 -0.015920
v -0.074479 0.668535 -0.008183
v -0.075261 0.680080 -0.005247
v -0.077578 0.682054 -0.015715
v -0.069196 0.666682 0.015473
v -0.071606 0.674824 0.004532
v -0.071941 0.663131 -0.001995
v -0.069927 0.655135 0.002854
v -0.066309 0.620709 0.002714
v -0.065719 0.612654 -0.000623
v -0.060861 0.613130 -0.018661
v -0.051463 0.664228 -0.092516
v -0.061312 0.659376 -0.077500
v -0.067770 0.654826 -0.063373
v -0.070868 0.651983 -0.050935
v -0.038884 0.669088 -0.105511
v -0.021409 0.670292 -0.112934
v -0.069072 0.649797 0.016021
v -0.068661 0.643614 0.004258
v -0.057361 0.641024 -0.074929
v -0.047756 0.643887 -0.089336
v -0.063520 0.639090 -0.060795
v -0.067713 0.639208 -0.048625
v -0.034392 0.648330 -0.101956
v -0.018024 0.645841 -0.109496
v -0.016042 0.625498 -0.099807
v -0.070452 0.621896 -0.008037
v -0.071258 0.616044 -0.007009
v -0.068542 0.614733 -0.005272
v -0.068361 0.620766 -0.003831
v -0.067715 0.631905 0.003705
v -0.067493 0.634709 0.015678
v -0.002955 0.662755 0.090320
v -0.002933 0.569153 0.092671
v -0.000919 0.583050 0.092240
v -0.002853 0.621739 0.094202
v -0.003411 0.617568 0.095108
v -0.000198 0.616942 0.095825
v 0.000127 0.620849 0.094979
v -0.015382 0.678393 0.070793
v -0.014647 0.609649 -0.088902
v -0.010814 0.564400 -0.073803
v -0.011886 0.548748 -0.075640
v -0.037006 0.536971 -0.073003
v -0.025578 0.535541 -0.078565
v 0.000488 0.624839 0.094640
v -0.002274 0.625486 0.093537
v -0.002739 0.634809 0.096610
v -0.008261 0.609307 0.092360
v -0.002948 0.630544 0.092655
v -0.002224 0.628360 0.093134
v 0.002316 0.628026 0.096152
v 0.002071 0.624454 0.095015
v -0.025676 0.661577 0.071295
v -0.025763 0.666119 0.070650
v -0.001125 0.633795 0.098856
v -0.000001 0.632933 0.101547
v -0.040686 0.522290 0.011619
v -0.051590 0.526072 -0.002602
v 0.001772 0.609330 0.095210
v 0.001755 0.613044 0.096497
v -0.070207 0.647917 -0.005053
v -0.072086 0.655069 -0.007180
v -0.073343 0.650025 -0.012306
v -0.071347 0.643885 -0.010651
v -0.004094 0.524689 0.035250
v -0.056043 0.529706 -0.018928
v -0.013255 0.535804 -0.081639
v -0.043145 0.666790 0.061793
v -0.044166 0.668346 0.060520
v -0.018025 0.675750 0.069774
v -0.010085 0.601676 0.090763
v -0.008258 0.605538 0.089859
v -0.002793 0.548335 0.054407
v 0.002354 0.630407 0.099050
v -0.074298 0.657466 -0.021059
v -0.073828 0.653829 -0.020212
v -0.076415 0.652938 -0.018151
v -0.076696 0.656251 -0.017672
v -0.078208 0.659789 -0.012801
v -0.079452 0.663190 -0.014718
v -0.080606 0.659580 -0.016158
v -0.079060 0.656677 -0.015323
v -0.074697 0.660557 -0.010226
v -0.075863 0.655777 -0.012163
v -0.081708 0.664567 -0.016638
v -0.081446 0.661767 -0.017809
v -0.076086 0.664999 -0.020455
v -0.078932 0.665866 -0.017930
v -0.080252 0.667399 -0.022557
v -0.084207 0.665629 -0.020556
v -0.082395 0.667049 -0.028749
v -0.086967 0.664777 -0.025885
v -0.082923 0.662808 -0.033872
v -0.088119 0.661335 -0.031365
v -0.068612 0.629174 -0.003931
v -0.068162 0.629445 -0.010702
v -0.082734 0.656727 -0.036541
v -0.088375 0.655994 -0.034665
v -0.081793 0.649259 -0.038184
v -0.087525 0.648944 -0.036147
v -0.080777 0.641237 -0.037576
v -0.085714 0.641565 -0.035566
v -0.079169 0.633088 -0.035041
v -0.083845 0.634474 -0.032934
v -0.077028 0.623917 -0.030207
v -0.081633 0.627727 -0.028202
v -0.084003 0.659550 -0.030516
v -0.082956 0.662646 -0.026710
v -0.075802 0.660915 -0.030700
v -0.082040 0.663407 -0.021687
v -0.072802 0.647867 -0.027098
v -0.071908 0.645610 -0.026299
v -0.074447 0.646666 -0.023146
v -0.072445 0.648763 -0.024909
v -0.071961 0.641754 -0.014247
v -0.071676 0.636365 -0.014074
v -0.070616 0.636579 -0.010010
v -0.069767 0.632355 -0.014463
v -0.068955 0.636866 -0.015705
v -0.069112 0.633593 -0.015913
v -0.068319 0.640868 -0.016212
v -0.069531 0.631998 -0.017371
v -0.070523 0.630346 -0.016128
v -0.068516 0.632954 -0.018030
v -0.068148 0.633956 -0.017202
v -0.067287 0.635755 -0.018133
v -0.067459 0.638657 -0.020476
v -0.069737 0.638743 -0.004187
v -0.067539 0.627105 -0.025575
v -0.071087 0.635059 -0.029979
v -0.078586 0.622675 -0.022271
v -0.075060 0.617040 -0.022553
v -0.072926 0.613107 -0.009214
v -0.074187 0.613145 -0.015010
v -0.074759 0.655808 -0.032002
v -0.074244 0.649395 -0.033555
v -0.065421 0.620800 -0.018304
v -0.073113 0.642599 -0.032763
v -0.079785 0.631392 -0.026938
v -0.077125 0.627891 -0.022661
v -0.082398 0.636323 -0.030493
v -0.071604 0.627071 -0.013886
v -0.074602 0.626494 -0.018008
v -0.076190 0.621017 -0.016144
v -0.073670 0.620917 -0.011270
v -0.075052 0.631459 -0.022246
v -0.078305 0.634216 -0.025079
v -0.071715 0.633539 -0.023383
v -0.074780 0.636327 -0.025697
v -0.070330 0.632124 -0.019977
v -0.072312 0.630040 -0.019105
v -0.068020 0.635430 -0.023925
v -0.070950 0.639331 -0.026805
v -0.068101 0.633582 -0.020141
v -0.077769 0.639696 -0.026393
v -0.074725 0.642614 -0.026975
v -0.078194 0.646072 -0.025257
v -0.080441 0.643651 -0.026430
v -0.080978 0.637950 -0.027548
v -0.083087 0.642449 -0.029165
v -0.083210 0.642251 -0.032889
v -0.083661 0.647935 -0.030255
v -0.083863 0.648837 -0.033683
v -0.081737 0.647668 -0.027458
v -0.080243 0.648609 -0.025138
v -0.084432 0.655021 -0.032901
v -0.083523 0.653181 -0.029814
v -0.083000 0.657212 -0.028259
v -0.082325 0.651641 -0.027167
v -0.081675 0.654752 -0.025925
v -0.081076 0.650923 -0.025539
v -0.080383 0.652598 -0.024289
v -0.078939 0.660855 -0.019340
v -0.077745 0.658975 -0.017849
v -0.080405 0.660979 -0.022162
v -0.078947 0.658397 -0.022002
v -0.077983 0.659750 -0.020749
v -0.076566 0.658646 -0.020439
v -0.077903 0.656081 -0.021365
v -0.075820 0.654055 -0.022649
v -0.018689 0.495515 0.023568
v -0.006626 0.494056 0.025433
v -0.005675 0.504185 0.027969
v -0.016971 0.506187 0.024893
v -0.080381 0.656869 -0.024001
v -0.079327 0.654213 -0.022448
v -0.081706 0.659810 -0.025583
v -0.076986 0.650144 -0.024756
v -0.077933 0.651947 -0.023207
v -0.079282 0.650356 -0.023821
v -0.078272 0.648866 -0.024489
v -0.071998 0.645611 -0.015384
v -0.069811 0.643920 -0.018831
v -0.069805 0.641297 -0.022811
v -0.053223 0.483584 0.006156
v -0.049155 0.492477 0.003399
v -0.063233 0.499258 -0.009405
v -0.068795 0.492120 -0.006700
v -0.065253 0.462124 0.023324
v -0.087505 0.471026 0.008585
v -0.087187 0.448810 0.027624
v -0.067846 0.443813 0.033967
v -0.085857 0.429877 0.041878
v -0.068194 0.426615 0.045221
v -0.081037 0.380673 0.076147
v -0.064704 0.380071 0.079255
v -0.065975 0.395111 0.068049
v -0.082772 0.396082 0.064949
v -0.099728 0.305230 0.106230
v -0.093800 0.287631 0.104018
v -0.080678 0.291709 0.109402
v -0.088066 0.307541 0.110236
v -0.149493 0.400371 0.038171
v -0.152059 0.420251 0.030205
v -0.162836 0.409379 0.028405
v -0.158509 0.389333 0.034774
v -0.100303 0.508072 -0.037537
v -0.095590 0.492544 -0.014702
v -0.085751 0.496302 -0.020526
v -0.091742 0.510637 -0.040310
v -0.143669 0.316754 0.059768
v -0.139081 0.304898 0.067929
v -0.134635 0.314347 0.075654
v -0.138245 0.326045 0.068733
v -0.114439 0.228433 0.061654
v -0.116079 0.209420 0.061358
v -0.101024 0.208637 0.078016
v -0.100006 0.227710 0.077230
v -0.150410 0.250290 -0.005054
v -0.152686 0.248726 -0.032258
v -0.150873 0.233429 -0.032826
v -0.149691 0.233184 -0.005797
v -0.109849 0.379047 0.067708
v -0.096179 0.380326 0.072128
v -0.098349 0.395869 0.061355
v -0.112693 0.394848 0.057267
v -0.320308 0.367007 -0.010300
v -0.313214 0.352172 -0.009604
v -0.291818 0.364012 -0.007462
v -0.298519 0.378949 -0.008694
v -0.152702 0.142084 0.002226
v -0.151850 0.146039 -0.023298
v -0.155097 0.127862 -0.020976
v -0.154934 0.123603 0.005192
v -0.207890 0.458641 -0.001414
v -0.194686 0.468414 0.000084
v -0.196965 0.485858 -0.019420
v -0.210644 0.476327 -0.019434
v -0.148513 0.362140 0.046342
v -0.141274 0.369731 0.052558
v -0.145801 0.384042 0.045457
v -0.153039 0.374218 0.040435
v -0.160710 0.277073 -0.035919
v -0.158935 0.279214 -0.012890
v -0.162017 0.294529 -0.019168
v -0.164016 0.292928 -0.039856
v -0.155242 0.264185 -0.008263
v -0.156747 0.262273 -0.033514
v -0.132484 0.374421 0.057609
v -0.121953 0.377027 0.062807
v -0.125452 0.393283 0.053152
v -0.136030 0.390741 0.049238
v -0.088162 0.272357 0.097986
v -0.072219 0.277544 0.105074
v -0.148766 0.118482 0.030404
v -0.137433 0.112987 0.052604
v -0.136348 0.133022 0.049652
v -0.147239 0.137629 0.027365
v -0.083099 0.245262 0.087717
v -0.084051 0.259911 0.091204
v -0.098985 0.258604 0.081779
v -0.098399 0.244504 0.076513
v -0.122159 0.107981 0.072088
v -0.105054 0.103484 0.090621
v -0.103656 0.125432 0.087200
v -0.121020 0.128844 0.069185
v -0.084438 0.412347 0.053625
v -0.067288 0.410564 0.056717
v -0.119403 0.304263 0.093097
v -0.116436 0.287275 0.090029
v -0.105859 0.286461 0.097515
v -0.110468 0.304344 0.100287
v -0.165242 0.359479 0.015712
v -0.164570 0.374586 0.027828
v -0.173322 0.393901 0.022272
v -0.172781 0.369797 0.010493
v -0.157762 0.110153 -0.018862
v -0.157185 0.105522 0.007453
v -0.123434 0.087008 0.074206
v -0.106095 0.081733 0.092802
v -0.198589 0.356001 -0.059119
v -0.189971 0.347233 -0.055412
v -0.188711 0.349782 -0.039817
v -0.197159 0.359697 -0.044584
v -0.049166 0.309765 0.112812
v -0.064438 0.318404 0.112548
v -0.070138 0.301929 0.112893
v -0.057568 0.289578 0.110752
v -0.113867 0.271798 0.082068
v -0.112629 0.259456 0.072224
v -0.101986 0.270803 0.090278
v -0.033129 0.300341 0.109930
v -0.043247 0.274413 0.105813
v -0.049670 0.408000 0.059683
v -0.048698 0.393451 0.070743
v -0.049795 0.423511 0.049518
v -0.031714 0.420822 0.053653
v -0.030176 0.436928 0.044546
v -0.048330 0.439716 0.039796
v -0.027228 0.452973 0.036935
v -0.045087 0.456255 0.031734
v -0.036043 0.478065 0.016461
v -0.033225 0.487908 0.014234
v -0.158145 0.362303 0.032577
v -0.153414 0.351768 0.037503
v -0.138847 0.093038 0.054664
v -0.108283 0.439878 -0.128749
v -0.106815 0.421283 -0.133947
v -0.123944 0.427089 -0.127872
v -0.125458 0.444962 -0.122956
v -0.110102 0.508772 -0.035953
v -0.108645 0.494081 -0.011923
v -0.175273 0.374418 -0.102837
v -0.165578 0.369199 -0.106333
v -0.167368 0.356594 -0.100974
v -0.175274 0.364056 -0.098088
v -0.196644 0.358526 -0.080668
v -0.205916 0.359586 -0.083399
v -0.205993 0.366800 -0.090335
v -0.195085 0.366065 -0.087000
v -0.148503 0.131257 -0.044626
v -0.144303 0.149008 -0.047414
v -0.129533 0.262296 -0.099933
v -0.141217 0.254782 -0.079434
v -0.148043 0.269857 -0.078424
v -0.138482 0.278075 -0.097240
v -0.015790 0.408252 -0.132911
v -0.015802 0.392857 -0.135204
v -0.034272 0.396563 -0.139047
v -0.034143 0.412178 -0.136381
v -0.070823 0.442603 -0.133030
v -0.071180 0.458356 -0.127522
v -0.050773 0.448918 -0.130228
v -0.051475 0.434239 -0.134859
v -0.089843 0.433217 -0.134352
v -0.089025 0.414848 -0.139249
v -0.162503 0.294910 -0.059123
v -0.158877 0.279579 -0.057490
v -0.168409 0.315433 -0.063329
v -0.168846 0.315106 -0.046949
v -0.171915 0.322464 -0.048919
v -0.171440 0.322532 -0.064167
v -0.084136 0.514941 -0.042509
v -0.082781 0.520211 -0.064893
v -0.091854 0.516914 -0.062556
v -0.048517 0.497486 -0.108129
v -0.048028 0.491365 -0.112180
v -0.061261 0.496931 -0.106929
v -0.059041 0.502080 -0.103495
v -0.038811 0.324706 -0.143253
v -0.017923 0.323551 -0.141728
v -0.017730 0.302620 -0.138788
v -0.040216 0.302261 -0.140271
v -0.173827 0.331627 -0.077243
v -0.180492 0.338163 -0.077411
v -0.178518 0.344819 -0.085908
v -0.171422 0.337532 -0.087014
v -0.166117 0.331194 -0.087864
v -0.161609 0.324085 -0.088849
v -0.165626 0.318640 -0.076896
v -0.169292 0.325842 -0.077084
v -0.146255 0.293049 -0.093886
v -0.154116 0.285315 -0.076880
v -0.158796 0.299667 -0.076464
v -0.152895 0.306437 -0.091934
v -0.014612 0.232840 -0.122758
v -0.034578 0.230974 -0.126054
v -0.035887 0.254760 -0.131096
v -0.015291 0.256085 -0.129013
v -0.204896 0.372536 -0.020611
v -0.205167 0.379217 -0.006708
v -0.215359 0.376295 -0.011372
v -0.215554 0.367919 -0.026933
v -0.217172 0.385079 -0.102631
v -0.227253 0.384863 -0.103742
v -0.228789 0.391515 -0.104801
v -0.218219 0.392528 -0.104308
v -0.228942 0.352054 -0.045201
v -0.227941 0.360473 -0.031050
v -0.243251 0.350741 -0.033664
v -0.243413 0.342445 -0.048713
v -0.118802 0.510955 -0.063701
v -0.120273 0.509890 -0.035279
v -0.109816 0.512698 -0.062281
v -0.217278 0.351096 -0.066800
v -0.228365 0.345816 -0.071243
v -0.228347 0.348825 -0.082477
v -0.216169 0.353138 -0.078353
v -0.326713 0.381218 -0.018684
v -0.304866 0.392856 -0.017511
v -0.260751 0.330170 -0.064792
v -0.263205 0.331565 -0.077706
v -0.243587 0.338543 -0.075001
v -0.243252 0.338491 -0.062551
v -0.121689 0.245966 -0.100550
v -0.135469 0.239551 -0.080657
v -0.120378 0.134938 -0.082533
v -0.136177 0.133478 -0.065566
v -0.131350 0.151668 -0.068486
v -0.115737 0.153783 -0.085521
v -0.151069 0.113403 -0.043089
v -0.123905 0.115563 -0.080387
v -0.139713 0.114885 -0.063897
v -0.066043 0.527425 -0.061097
v -0.057552 0.526702 -0.076293
v -0.063945 0.521117 -0.081268
v -0.074214 0.524025 -0.064066
v -0.174025 0.004742 -0.044015
v -0.173807 -0.020946 -0.047837
v -0.180240 -0.021570 -0.018765
v -0.178822 0.002117 -0.013838
v -0.033458 0.509761 -0.099989
v -0.050157 0.515385 -0.092549
v -0.044917 0.522274 -0.086618
v -0.030738 0.517562 -0.092873
v -0.176445 0.024788 -0.013211
v -0.172663 0.028637 -0.042409
v -0.069090 0.521118 -0.042040
v -0.076952 0.517957 -0.043061
v -0.073279 0.507538 -0.025417
v -0.065678 0.512733 -0.025012
v -0.057761 0.506731 -0.009302
v -0.180132 -0.027054 0.011267
v -0.176197 -0.004389 0.013686
v -0.051633 0.531563 -0.070370
v -0.040455 0.528577 -0.080085
v -0.027910 0.526188 -0.085826
v -0.014378 0.525225 -0.089148
v -0.155330 0.095837 -0.042300
v -0.160682 0.092691 -0.017371
v -0.126765 -0.125127 -0.115696
v -0.099046 -0.131940 -0.123815
v -0.099564 -0.144117 -0.114455
v -0.133067 -0.139411 -0.105655
v -0.026577 -0.123839 -0.127666
v -0.025205 -0.136429 -0.113387
v -0.063096 -0.143265 -0.116249
v -0.065687 -0.131030 -0.128690
v -0.030855 -0.005184 -0.143826
v -0.060908 -0.005209 -0.143827
v -0.061232 0.016651 -0.136604
v -0.031917 0.016741 -0.137530
v -0.128302 0.097476 -0.080796
v -0.144054 0.097067 -0.063864
v -0.158659 0.087990 0.009073
v -0.198977 -0.149290 0.025810
v -0.202615 -0.142540 -0.014234
v -0.206774 -0.175951 -0.015546
v -0.204900 -0.183505 0.022241
v -0.171210 -0.177523 -0.076269
v -0.167861 -0.150201 -0.080840
v -0.136198 -0.158844 -0.098164
v -0.140164 -0.182293 -0.091915
v -0.087725 0.077106 0.109888
v -0.105787 0.060857 0.092878
v -0.087165 0.055356 0.109185
v -0.027651 0.066587 0.137239
v -0.049851 0.069712 0.132151
v -0.046959 0.047282 0.131114
v -0.025626 0.044513 0.136231
v -0.025480 -0.070560 0.113661
v -0.011447 -0.069914 0.117533
v -0.014118 -0.046887 0.120921
v -0.030376 -0.046038 0.116239
v -0.166678 -0.011865 0.039214
v -0.147806 -0.019627 0.061562
v -0.146707 -0.001279 0.060176
v -0.164126 0.007278 0.039136
v -0.024693 -0.145844 -0.095517
v -0.060347 -0.155491 -0.101119
v -0.190946 -0.192325 0.058632
v -0.183246 -0.157711 0.062154
v -0.164217 -0.202402 0.086523
v -0.129443 -0.209028 0.095935
v -0.123995 -0.177749 0.099659
v -0.157568 -0.169201 0.089161
v -0.013024 -0.146641 0.056246
v -0.023438 -0.128504 0.083498
v -0.031681 -0.140759 0.078078
v -0.017481 -0.155356 0.053308
v -0.027408 -0.092650 -0.142604
v -0.027515 -0.109581 -0.136016
v -0.062732 -0.114984 -0.138892
v -0.060853 -0.096552 -0.144747
v -0.105423 0.115607 -0.092095
v -0.109676 0.096574 -0.093409
v -0.086057 0.115227 -0.099578
v -0.102263 0.135732 -0.094693
v -0.082701 0.136464 -0.101757
v -0.084110 0.264060 -0.126554
v -0.104372 0.254122 -0.115795
v -0.113109 0.270795 -0.116560
v -0.093291 0.282729 -0.128726
v -0.052339 0.401879 -0.142197
v -0.052026 0.418446 -0.138952
v -0.099431 -0.182410 -0.097834
v -0.053663 -0.175700 -0.088472
v -0.076447 -0.211292 -0.085523
v -0.113362 -0.211157 -0.091456
v -0.174957 -0.206670 -0.072919
v -0.196654 -0.205135 -0.049860
v -0.194460 -0.173408 -0.050677
v -0.209883 -0.208548 -0.016874
v -0.209331 -0.216005 0.020465
v -0.168365 -0.235476 0.082869
v -0.133462 -0.241301 0.090676
v -0.043975 -0.218938 0.052710
v -0.065956 -0.218539 0.073154
v -0.070890 -0.243942 0.064866
v -0.049992 -0.242656 0.042264
v -0.064001 -0.071095 0.097234
v -0.097596 -0.049657 0.088748
v -0.101255 -0.071981 0.090691
v -0.073807 -0.094012 0.095808
v -0.032527 0.089589 0.136206
v -0.050506 0.093408 0.131679
v -0.068575 0.073165 0.123423
v -0.068482 0.096607 0.122778
v -0.087035 0.099770 0.108524
v -0.044167 0.187511 0.121289
v -0.065642 0.187467 0.110951
v -0.065108 0.166032 0.114831
v -0.043963 0.165451 0.125476
v -0.044535 0.209590 0.116372
v -0.066283 0.209332 0.106960
v -0.042825 0.251421 0.103064
v -0.065580 0.264191 0.099406
v -0.064624 0.247876 0.096740
v -0.032068 0.405079 0.063009
v -0.031402 0.390354 0.072889
v -0.170717 -0.033174 0.038726
v -0.029604 -0.187127 -0.061099
v -0.022504 -0.199516 -0.031981
v -0.034682 -0.225227 -0.040500
v -0.048074 -0.216892 -0.067104
v -0.173573 0.016642 0.014350
v -0.150271 0.099804 0.032660
v -0.151272 0.081366 0.033797
v -0.141522 0.254803 0.026369
v -0.141160 0.233623 0.021027
v -0.077877 0.323477 0.110257
v -0.079090 0.311204 0.111967
v -0.191391 -0.142134 -0.052401
v -0.171578 -0.267036 0.077293
v -0.172971 -0.296989 0.071194
v -0.139998 -0.302921 0.076627
v -0.137011 -0.272880 0.084132
v -0.049069 -0.266035 0.005986
v -0.058613 -0.269381 0.031541
v -0.068603 -0.296751 0.021075
v -0.061451 -0.293976 -0.004099
v -0.073504 -0.322139 -0.011780
v -0.079250 -0.326008 0.013270
v -0.087011 -0.354455 0.004302
v -0.083322 -0.349407 -0.019679
v -0.195568 -0.226688 0.056827
v -0.213360 -0.279231 0.018106
v -0.199848 -0.289152 0.049634
v -0.198101 -0.258696 0.053427
v -0.211993 -0.248544 0.019980
v -0.147587 -0.210054 -0.086321
v -0.037790 -0.239611 0.016772
v -0.030248 -0.217210 0.027948
v -0.068517 -0.285823 -0.052599
v -0.084678 -0.280175 -0.073072
v -0.068047 -0.249809 -0.070547
v -0.051732 -0.255946 -0.047209
v -0.187986 -0.263023 -0.068640
v -0.205502 -0.264072 -0.045455
v -0.201460 -0.235015 -0.046890
v -0.181752 -0.235048 -0.070017
v -0.212569 -0.239769 -0.015174
v -0.214048 -0.270214 -0.015177
v -0.216099 -0.337930 0.014976
v -0.200778 -0.346893 0.042142
v -0.200763 -0.318513 0.045745
v -0.214605 -0.308976 0.016589
v -0.218278 -0.328360 -0.016227
v -0.215893 -0.299582 -0.015577
v -0.209144 -0.292916 -0.044976
v -0.212748 -0.321181 -0.044124
v -0.197476 -0.318155 -0.065281
v -0.193050 -0.290537 -0.067298
v -0.171360 -0.292186 -0.082333
v -0.177744 -0.318537 -0.079927
v -0.146103 -0.295871 -0.088430
v -0.120858 -0.301002 -0.085294
v -0.132391 -0.326457 -0.083796
v -0.155160 -0.321702 -0.085892
v -0.095666 -0.338971 -0.061204
v -0.111475 -0.332651 -0.076120
v -0.098721 -0.307417 -0.074866
v -0.083155 -0.313475 -0.056971
v -0.141093 -0.439997 -0.075856
v -0.157789 -0.433344 -0.079753
v -0.145396 -0.406902 -0.079354
v -0.127822 -0.413622 -0.074187
v -0.174081 -0.427559 -0.084609
v -0.191799 -0.422766 -0.084735
v -0.180550 -0.397435 -0.082089
v -0.163840 -0.401454 -0.081787
v -0.212628 -0.396476 -0.060781
v -0.197788 -0.395268 -0.075608
v -0.208173 -0.420594 -0.077618
v -0.222095 -0.421845 -0.062326
v -0.235464 -0.424695 -0.043323
v -0.228515 -0.399362 -0.042574
v -0.236034 -0.432083 -0.019266
v -0.232655 -0.406754 -0.018297
v -0.220649 -0.417036 0.008068
v -0.225575 -0.441286 0.006729
v -0.109128 -0.433806 -0.025441
v -0.120465 -0.460052 -0.031453
v -0.119043 -0.454019 -0.051171
v -0.106770 -0.428282 -0.044557
v -0.137107 -0.437332 0.016026
v -0.154150 -0.436378 0.038692
v -0.160616 -0.460394 0.028046
v -0.145901 -0.462114 0.005811
v -0.221442 -0.355414 -0.017061
v -0.217465 -0.365349 0.013222
v -0.201412 -0.344957 -0.062646
v -0.216374 -0.348087 -0.043169
v -0.106580 -0.363660 -0.065644
v -0.123217 -0.357078 -0.077098
v -0.094751 -0.381519 -0.005041
v -0.091349 -0.376244 -0.027654
v -0.178007 -0.407572 0.051304
v -0.175539 -0.381193 0.054198
v -0.201513 -0.374311 0.039554
v -0.203285 -0.400566 0.037230
v -0.227335 -0.381336 -0.017431
v -0.221572 -0.373925 -0.042698
v -0.205978 -0.370927 -0.060933
v -0.190344 -0.369810 -0.075483
v -0.171955 -0.372139 -0.081415
v -0.153104 -0.376182 -0.080826
v -0.134084 -0.381438 -0.078073
v -0.116869 -0.388262 -0.070031
v -0.098568 -0.402250 -0.036373
v -0.101944 -0.408145 -0.015444
v -0.185818 -0.455489 0.037514
v -0.181559 -0.432799 0.047018
v -0.206769 -0.425079 0.033415
v -0.211107 -0.448321 0.028607
v -0.190989 -0.475751 0.025647
v -0.170169 -0.480396 0.016627
v -0.186383 -0.453288 -0.088199
v -0.203565 -0.448786 -0.086861
v -0.219584 -0.446424 -0.079609
v -0.243669 -0.449457 -0.044795
v -0.240847 -0.457687 -0.018829
v -0.228982 -0.466550 0.005626
v -0.212799 -0.469805 0.021714
v -0.146972 -0.504362 -0.057380
v -0.134270 -0.478323 -0.053455
v -0.134934 -0.483033 -0.035915
v -0.148050 -0.507647 -0.039795
v -0.164858 -0.493384 -0.084319
v -0.179645 -0.486389 -0.093856
v -0.170269 -0.459645 -0.082248
v -0.155339 -0.465870 -0.075171
v -0.198104 -0.480282 -0.097659
v -0.216336 -0.475599 -0.094339
v -0.233162 -0.471928 -0.086113
v -0.253226 -0.475783 -0.046065
v -0.234724 -0.446209 -0.065598
v -0.247203 -0.471380 -0.069789
v -0.248539 -0.484119 -0.016060
v -0.237080 -0.523743 0.003329
v -0.228018 -0.495461 0.006227
v -0.258471 -0.512077 -0.016208
v -0.236911 -0.624649 -0.009377
v -0.261637 -0.616326 -0.009445
v -0.267121 -0.650768 -0.015718
v -0.245688 -0.658513 -0.015255
v -0.157325 -0.535398 -0.044114
v -0.155070 -0.533483 -0.064418
v -0.172216 -0.523494 -0.094872
v -0.189498 -0.515851 -0.104222
v -0.276000 -0.532196 -0.051099
v -0.265023 -0.503084 -0.046790
v -0.259654 -0.498955 -0.072812
v -0.270455 -0.528647 -0.077243
v -0.181400 -0.630216 -0.056157
v -0.180092 -0.629125 -0.076015
v -0.168655 -0.596832 -0.074353
v -0.170460 -0.598406 -0.052727
v -0.196158 -0.547705 -0.111641
v -0.178703 -0.555539 -0.101653
v -0.187231 -0.587709 -0.105830
v -0.204869 -0.580589 -0.115361
v -0.289462 -0.600195 -0.055744
v -0.284219 -0.564603 -0.054017
v -0.279723 -0.561569 -0.079946
v -0.285884 -0.597874 -0.080433
v -0.246415 -0.552035 0.000229
v -0.268739 -0.540731 -0.020416
v -0.276440 -0.571912 -0.024851
v -0.255673 -0.582999 -0.004480
v -0.219027 -0.560834 -0.000511
v -0.228455 -0.591389 -0.004439
v -0.211987 -0.696746 -0.074275
v -0.195655 -0.662007 -0.075256
v -0.196618 -0.664205 -0.057548
v -0.213907 -0.699782 -0.058685
v -0.216104 -0.614487 -0.114276
v -0.198563 -0.621048 -0.105297
v -0.212635 -0.655099 -0.101230
v -0.227955 -0.649865 -0.109230
v -0.297019 -0.677917 -0.058146
v -0.293487 -0.638222 -0.057322
v -0.289915 -0.636877 -0.079661
v -0.292975 -0.676580 -0.078856
v -0.273661 -0.688087 -0.021765
v -0.286572 -0.642709 -0.031685
v -0.291567 -0.681510 -0.036058
v -0.278857 -0.725495 -0.025039
v -0.262565 -0.731318 -0.023945
v -0.254206 -0.694715 -0.021040
v -0.229137 -0.733048 -0.059182
v -0.226173 -0.731170 -0.073398
v -0.235468 -0.725952 -0.094144
v -0.247200 -0.720785 -0.101451
v -0.238604 -0.685545 -0.104606
v -0.225418 -0.690610 -0.097279
v -0.271849 -0.679843 -0.103104
v -0.255187 -0.681851 -0.106796
v -0.262500 -0.717229 -0.103334
v -0.277510 -0.715625 -0.099128
v -0.294609 -0.713209 -0.077239
v -0.284524 -0.677425 -0.093915
v -0.287676 -0.713909 -0.090483
v -0.299301 -0.713952 -0.058215
v -0.294987 -0.718713 -0.037148
v -0.010596 -0.163005 -0.036650
v -0.012652 -0.174948 -0.006275
v -0.016164 -0.183112 -0.019909
v -0.017437 -0.168208 -0.050233
v -0.085635 -0.301468 0.046816
v -0.077958 -0.271628 0.056409
v -0.099699 -0.358633 0.028310
v -0.093806 -0.331116 0.038232
v -0.106672 -0.385656 0.017815
v -0.113868 -0.411939 0.006492
v -0.120635 -0.438602 -0.004373
v -0.130404 -0.463336 -0.013024
v -0.143820 -0.486071 -0.017789
v -0.156566 -0.510487 -0.020240
v -0.174651 -0.565339 -0.027193
v -0.163552 -0.566163 -0.049087
v -0.167323 -0.536364 -0.023785
v -0.192636 -0.630254 -0.033668
v -0.182147 -0.596935 -0.030250
v -0.207028 -0.665420 -0.037903
v -0.222396 -0.701151 -0.041790
v -0.236933 -0.734402 -0.043584
v -0.087140 -0.159802 0.097309
v -0.059784 -0.171753 0.086087
v -0.058334 -0.152847 0.089816
v -0.083732 -0.136453 0.098187
v -0.005726 -0.155826 0.021692
v -0.008264 -0.154485 0.036945
v -0.011974 -0.160022 0.034532
v -0.008394 -0.159839 0.018552
v -0.219394 -0.391510 0.011279
v -0.183828 -0.344399 -0.076868
v -0.163607 -0.347027 -0.082582
v -0.143052 -0.351312 -0.081688
v -0.128823 -0.414022 0.029243
v -0.124040 -0.387612 0.038740
v -0.146584 -0.386089 0.053146
v -0.149777 -0.411859 0.046469
v -0.210079 -0.534982 0.003207
v -0.194914 -0.564282 -0.011708
v -0.186021 -0.536950 -0.007291
v -0.203130 -0.511578 0.008181
v -0.228995 -0.502626 -0.102853
v -0.246637 -0.498817 -0.092267
v -0.217753 -0.539272 -0.114465
v -0.239095 -0.532391 -0.110703
v -0.209331 -0.508590 -0.105867
v -0.115566 -0.334359 0.058087
v -0.142679 -0.331767 0.068257
v -0.144716 -0.359432 0.059839
v -0.119155 -0.361180 0.048327
v -0.126244 0.169325 -0.071647
v -0.111241 0.172496 -0.087860
v -0.134792 0.282522 0.064882
v -0.137309 0.269842 0.048861
v -0.125393 0.262925 0.061208
v -0.124916 0.275576 0.073703
v -0.145638 0.280393 0.039703
v -0.142245 0.292439 0.056783
v -0.147477 0.304985 0.048173
v -0.151116 0.293249 0.031881
v -0.167259 0.349536 -0.000288
v -0.173984 0.356802 -0.005267
v -0.044085 0.231043 0.110400
v -0.020669 0.230216 0.114957
v -0.019926 0.250388 0.107526
v -0.067485 0.050641 0.122199
v -0.071719 -0.038865 0.100543
v -0.041613 -0.071768 0.107530
v -0.048954 -0.043733 0.109436
v -0.007068 -0.133330 0.082721
v -0.055440 0.226878 -0.124631
v -0.057463 0.250511 -0.128837
v -0.033390 0.427075 -0.133197
v -0.015426 0.422748 -0.130256
v -0.031782 0.454114 -0.125638
v -0.030887 0.466215 -0.121807
v -0.014412 0.460896 -0.120676
v -0.014774 0.448986 -0.124259
v -0.015323 0.515445 -0.096316
v -0.016447 0.505487 -0.102986
v -0.005647 -0.156922 0.001943
v -0.010288 -0.164207 0.013920
v -0.006614 -0.158437 -0.007957
v -0.040476 -0.198211 0.061868
v -0.026413 -0.199229 0.038668
v -0.024577 -0.184753 0.046296
v -0.038500 -0.180739 0.068629
v -0.191811 -0.116604 0.029854
v -0.198199 -0.109493 -0.009919
v -0.099542 -0.161134 -0.104742
v -0.306864 0.318204 -0.079841
v -0.312104 0.325184 -0.090147
v -0.289789 0.331949 -0.090511
v -0.284416 0.325256 -0.079309
v -0.061715 0.326700 -0.143277
v -0.069486 0.300203 -0.137721
v -0.079036 0.502621 -0.023793
v -0.143665 0.509219 -0.030944
v -0.143501 0.497133 -0.005625
v -0.132054 0.497482 -0.008947
v -0.131322 0.510035 -0.033775
v -0.140331 0.464602 -0.109088
v -0.140665 0.480646 -0.097171
v -0.127770 0.480349 -0.103311
v -0.126799 0.462722 -0.115220
v -0.029103 -0.027839 -0.147657
v -0.059824 -0.028343 -0.148819
v -0.037078 0.161249 -0.109472
v -0.058083 0.159059 -0.109602
v -0.054955 0.180576 -0.114726
v -0.034601 0.183704 -0.114804
v -0.092976 0.314348 -0.135957
v -0.108681 0.298662 -0.126141
v -0.029732 0.324773 0.107880
v -0.029237 0.344181 0.101000
v -0.046430 0.347911 0.100991
v -0.046582 0.330479 0.108545
v -0.271742 0.366817 -0.103270
v -0.248696 0.364752 -0.101491
v -0.249307 0.353601 -0.096374
v -0.271836 0.349936 -0.098678
v -0.186485 -0.107139 -0.055834
v -0.163281 -0.126265 -0.087914
v -0.140642 0.201626 -0.057718
v -0.127946 0.205329 -0.080485
v -0.125473 0.187140 -0.076439
v -0.138484 0.183494 -0.054654
v -0.148893 0.250407 -0.056797
v -0.145360 0.235364 -0.057953
v -0.154051 0.264360 -0.056780
v -0.187248 0.351628 -0.077193
v -0.188835 0.347221 -0.068081
v -0.197451 0.355109 -0.070949
v -0.061902 -0.193419 0.080836
v -0.051249 -0.118756 0.093218
v -0.042396 -0.104195 0.096252
v -0.003686 -0.153566 0.007270
v -0.059371 0.520112 -0.022614
v -0.053965 0.515939 -0.006761
v -0.217969 0.353826 -0.053958
v -0.229102 0.346756 -0.058755
v -0.176279 0.328876 -0.050407
v -0.174063 0.332913 -0.034089
v -0.180839 0.339032 -0.036718
v -0.182827 0.335169 -0.052692
v -0.182483 0.334980 -0.066474
v -0.175956 0.328474 -0.065276
v -0.139489 0.407943 0.040467
v -0.127729 0.411503 0.043536
v -0.128816 0.430484 0.033251
v -0.140719 0.427098 0.031519
v -0.115000 0.412547 0.046681
v -0.100479 0.412760 0.050228
v -0.102171 0.431291 0.038278
v -0.116324 0.431488 0.035303
v -0.075595 0.484408 -0.000705
v -0.059164 0.475918 0.014232
v -0.040484 0.469279 0.023804
v -0.024162 0.465433 0.030232
v -0.016523 0.494821 -0.108945
v -0.015342 0.483215 -0.113411
v -0.032711 0.487395 -0.113504
v -0.037189 0.499665 -0.107242
v -0.046363 0.502285 0.004344
v -0.032018 0.498438 0.015872
v -0.019835 0.484929 0.022945
v -0.332544 0.390421 -0.032349
v -0.310780 0.402357 -0.032096
v -0.058889 0.531468 -0.055782
v -0.061360 0.526352 -0.038801
v -0.314477 0.407109 -0.049751
v -0.336197 0.394836 -0.049447
v -0.120038 0.474829 0.008183
v -0.120687 0.496108 -0.010756
v -0.131766 0.476551 0.008746
v -0.043838 0.512193 0.007306
v -0.030392 0.508689 0.018576
v -0.191720 -0.078029 -0.002420
v -0.183564 -0.085320 0.032924
v -0.145221 0.156329 0.024344
v -0.149793 0.160007 -0.000739
v -0.021472 0.186980 0.126826
v -0.021535 0.164707 0.131106
v -0.004949 0.514628 0.031145
v -0.047263 0.118413 0.130286
v -0.025170 0.114035 0.135076
v -0.022853 0.140796 0.133705
v -0.045089 0.142730 0.128422
v -0.018285 0.087500 0.137238
v -0.017048 0.075398 0.137755
v -0.020511 -0.090115 0.109558
v -0.009287 -0.089245 0.112985
v -0.245180 0.411163 -0.001950
v -0.230490 0.420596 0.001065
v -0.233958 0.439315 -0.006798
v -0.249704 0.428396 -0.010783
v -0.066825 0.121149 0.120549
v -0.085773 0.123080 0.105339
v -0.160166 0.350023 0.020028
v -0.161968 0.341023 0.003740
v -0.019123 0.271597 0.106321
v -0.062632 0.335220 0.107567
v -0.062886 0.350460 0.099631
v -0.078403 0.351878 0.096727
v -0.077839 0.337848 0.104920
v -0.002998 -0.155011 0.000600
v -0.233494 0.430138 -0.098120
v -0.221552 0.433671 -0.100158
v -0.221198 0.422716 -0.103636
v -0.233439 0.420497 -0.101728
v -0.019133 -0.194773 0.010728
v -0.024338 -0.210717 -0.000722
v -0.020259 -0.152286 -0.075095
v -0.006971 -0.150647 -0.058553
v -0.099831 -0.244678 0.082952
v -0.095307 -0.214329 0.089715
v -0.104837 -0.275538 0.075369
v -0.110409 -0.305734 0.066950
v -0.157699 -0.484875 -0.001541
v -0.175262 -0.509302 -0.001055
v -0.204357 -0.595013 -0.015687
v -0.214263 -0.627973 -0.020285
v -0.225802 -0.663184 -0.024884
v -0.237508 -0.699653 -0.029951
v -0.248324 -0.734429 -0.031179
v -0.337568 0.392894 -0.066593
v -0.314796 0.406231 -0.068572
v -0.314526 0.396955 -0.082797
v -0.337312 0.385250 -0.080634
v -0.260582 0.333644 -0.050984
v -0.261382 0.340947 -0.036176
v -0.280681 0.331070 -0.037826
v -0.279898 0.325419 -0.052595
v -0.300523 0.316414 -0.054021
v -0.302690 0.315365 -0.067658
v -0.280981 0.323308 -0.066496
v -0.317870 0.336350 -0.097591
v -0.323646 0.349468 -0.100724
v -0.299629 0.358081 -0.101812
v -0.295497 0.343330 -0.098393
v -0.334584 0.374706 -0.091715
v -0.312394 0.385044 -0.092912
v -0.307126 0.372181 -0.099786
v -0.329863 0.362311 -0.098833
v -0.306996 0.338796 -0.015466
v -0.302680 0.328250 -0.026031
v -0.282550 0.339551 -0.024100
v -0.286466 0.350461 -0.013391
v -0.238156 0.454974 -0.022091
v -0.254141 0.441845 -0.025649
v -0.181921 0.379070 0.004037
v -0.184645 0.394812 0.013890
v -0.196265 0.393889 0.009270
v -0.192741 0.382114 -0.001786
v -0.283893 0.404418 -0.015655
v -0.265930 0.416449 -0.013209
v -0.271026 0.428276 -0.028477
v -0.290004 0.414818 -0.030898
v -0.265830 0.361438 -0.010474
v -0.262779 0.350675 -0.021828
v -0.244070 0.360874 -0.019136
v -0.247040 0.371192 -0.006754
v -0.267265 0.338332 -0.089575
v -0.245905 0.343822 -0.086553
v -0.226079 0.401027 0.004471
v -0.239358 0.392748 0.001045
v -0.156279 0.340231 0.024556
v -0.166471 0.318091 -0.028239
v -0.169636 0.326337 -0.031380
v -0.125340 0.290211 0.082609
v -0.126569 0.304966 0.085870
v -0.155143 0.284665 0.010644
v -0.158298 0.299297 0.002931
v -0.132934 0.295764 0.075279
v -0.131461 0.305578 0.079735
v -0.084116 0.228384 0.090694
v -0.021113 0.475011 0.024434
v -0.260175 0.400665 -0.004587
v -0.252992 0.384736 -0.002157
v -0.231362 0.365235 -0.098348
v -0.217023 0.366745 -0.094661
v -0.216020 0.358990 -0.087796
v -0.230309 0.356381 -0.092117
v -0.126290 0.337535 -0.125157
v -0.111097 0.326645 -0.131360
v -0.123133 0.312758 -0.121534
v -0.135683 0.325280 -0.116034
v -0.238723 0.443954 -0.086887
v -0.244716 0.448492 -0.077388
v -0.230158 0.458365 -0.077079
v -0.225885 0.451057 -0.087711
v -0.234926 0.463551 -0.062468
v -0.251085 0.451128 -0.063510
v -0.255201 0.449341 -0.045187
v -0.238672 0.463143 -0.042951
v -0.174461 -0.046302 -0.054991
v -0.183328 -0.046639 -0.025876
v -0.139195 0.073748 0.055455
v -0.123469 0.066879 0.074730
v -0.098324 -0.025958 0.089526
v -0.034646 -0.153562 0.076173
v -0.020042 -0.164726 0.052172
v -0.033369 -0.233644 -0.011355
v -0.184646 -0.050235 0.003504
v -0.046829 -0.261556 -0.020541
v -0.061608 -0.290200 -0.028505
v -0.108934 -0.274384 -0.085741
v -0.136565 -0.269404 -0.089559
v -0.125926 -0.241195 -0.090186
v -0.094697 -0.244414 -0.085807
v -0.164162 -0.265393 -0.083492
v -0.156193 -0.237778 -0.084448
v -0.174478 -0.353726 0.058303
v -0.226389 -0.573013 -0.118339
v -0.256434 -0.603140 -0.112324
v -0.248046 -0.565982 -0.114256
v -0.236316 -0.608581 -0.116817
v -0.266498 -0.562017 -0.100688
v -0.257549 -0.528575 -0.097939
v -0.281848 -0.606017 -0.027692
v -0.246377 -0.644850 -0.111844
v -0.264701 -0.641413 -0.107651
v -0.274132 -0.598841 -0.099867
v -0.279835 -0.637984 -0.096909
v -0.017189 -0.183132 0.021220
v -0.174381 -0.125330 0.064406
v -0.165925 -0.096837 0.066970
v -0.106327 -0.095952 0.094967
v -0.079521 -0.114879 0.097161
v -0.102248 0.145861 0.083922
v -0.119591 0.148338 0.066334
v -0.116744 0.189080 0.061963
v -0.131544 0.191557 0.042976
v -0.132867 0.171875 0.044550
v -0.117996 0.168405 0.063886
v -0.148183 0.196260 -0.005309
v -0.147689 0.198663 -0.032268
v -0.146636 0.180525 -0.029801
v -0.147970 0.177986 -0.003433
v -0.148126 0.163050 -0.026624
v -0.139530 0.166072 -0.050784
v -0.074548 0.199568 -0.114807
v -0.093169 0.195483 -0.106027
v -0.094504 0.216264 -0.111040
v -0.075646 0.221813 -0.119426
v -0.031076 -0.094580 0.103205
v -0.013978 -0.167057 0.032229
v -0.091190 -0.185595 0.094761
v -0.117949 -0.148069 0.100627
v -0.149680 -0.137434 0.090063
v -0.217310 0.359521 -0.040796
v -0.156985 0.361847 -0.110071
v -0.159799 0.349177 -0.104194
v -0.267835 0.437642 -0.066021
v -0.272304 0.435512 -0.047706
v -0.231903 0.378998 -0.002493
v -0.220496 0.448782 -0.003348
v -0.216871 0.428074 0.005002
v -0.203982 0.436111 0.009102
v -0.124518 -0.033422 0.076647
v -0.152273 -0.042568 0.062880
v -0.128235 -0.055962 0.080342
v -0.004261 -0.152091 -0.041015
v -0.055885 -0.135423 0.092013
v -0.074588 -0.318147 -0.035144
v -0.085830 -0.344750 -0.041638
v -0.095323 -0.370200 -0.048527
v -0.104563 -0.395420 -0.055335
v -0.114183 -0.421041 -0.061954
v -0.127240 -0.446267 -0.066933
v -0.142485 -0.471847 -0.067093
v -0.153992 -0.499261 -0.072239
v -0.161231 -0.564777 -0.070092
v -0.166933 -0.560804 -0.087868
v -0.160423 -0.529033 -0.081460
v -0.175041 -0.593343 -0.091975
v -0.186186 -0.625764 -0.092287
v -0.202035 -0.659028 -0.089669
v -0.216418 -0.693627 -0.087005
v -0.228437 -0.728599 -0.084696
v -0.003012 -0.151368 -0.013338
v -0.003693 -0.151827 -0.026002
v -0.106865 0.471954 0.007433
v -0.170252 0.340686 -0.017252
v -0.176807 0.346891 -0.021081
v -0.219604 0.385409 0.001470
v -0.290978 0.393852 -0.095526
v -0.292135 0.407077 -0.086786
v -0.227802 0.369764 -0.015619
v -0.182696 0.367152 -0.009031
v -0.191628 0.374795 -0.014470
v -0.513025 0.296824 -0.051324
v -0.513481 0.300800 -0.065266
v -0.529950 0.287492 -0.064066
v -0.528577 0.283036 -0.051175
v -0.508681 0.288330 -0.040525
v -0.523941 0.274761 -0.041930
v -0.476150 0.235013 -0.056896
v -0.479971 0.243326 -0.045203
v -0.497967 0.233661 -0.050000
v -0.494556 0.226313 -0.061916
v -0.532578 0.251854 -0.039114
v -0.525708 0.241854 -0.040206
v -0.509670 0.253295 -0.036644
v -0.517332 0.264406 -0.036860
v -0.476367 0.235914 -0.087729
v -0.479718 0.244863 -0.098728
v -0.460523 0.251111 -0.095629
v -0.457578 0.242573 -0.083348
v -0.403674 0.279872 -0.034325
v -0.401416 0.269295 -0.045291
v -0.386948 0.278600 -0.039163
v -0.390162 0.290136 -0.029467
v -0.480488 0.324864 -0.051343
v -0.478650 0.326590 -0.066645
v -0.496399 0.313938 -0.065986
v -0.496984 0.310836 -0.051129
v -0.459922 0.291906 -0.027973
v -0.450706 0.278349 -0.030385
v -0.432706 0.292751 -0.028801
v -0.441907 0.306810 -0.027328
v -0.463174 0.338976 -0.052837
v -0.460207 0.337937 -0.067790
v -0.493771 0.265419 -0.033001
v -0.485743 0.253767 -0.037294
v -0.468519 0.265564 -0.033188
v -0.477345 0.278232 -0.029990
v -0.514263 0.223249 -0.092254
v -0.518133 0.232242 -0.100828
v -0.499025 0.238687 -0.100397
v -0.495344 0.229600 -0.090627
v -0.520029 0.232842 -0.045699
v -0.515766 0.224678 -0.054375
v -0.502936 0.243041 -0.041697
v -0.542611 0.272290 -0.087971
v -0.545563 0.275360 -0.075932
v -0.528452 0.287932 -0.077995
v -0.524301 0.283523 -0.090532
v -0.439361 0.255634 -0.046037
v -0.443642 0.265814 -0.036215
v -0.461802 0.253855 -0.040322
v -0.457770 0.244810 -0.051453
v -0.477190 0.317525 -0.037914
v -0.493144 0.302516 -0.039211
v -0.505353 0.293925 -0.092382
v -0.510864 0.300235 -0.079563
v -0.492324 0.311588 -0.080533
v -0.486443 0.304088 -0.093408
v -0.459637 0.299113 -0.101751
v -0.451774 0.283861 -0.102338
v -0.471721 0.277845 -0.104183
v -0.479247 0.292018 -0.101899
v -0.421021 0.267673 -0.040500
v -0.418834 0.258984 -0.053156
v -0.438735 0.249866 -0.077552
v -0.441403 0.257373 -0.091141
v -0.422422 0.263565 -0.085456
v -0.419711 0.257057 -0.070341
v -0.420124 0.345020 -0.031766
v -0.425898 0.354761 -0.042845
v -0.441302 0.345447 -0.040163
v -0.433843 0.334717 -0.030203
v -0.444359 0.350702 -0.055283
v -0.427737 0.359112 -0.058463
v -0.398730 0.361254 -0.075656
v -0.392986 0.351342 -0.083781
v -0.403583 0.346803 -0.081865
v -0.410309 0.357651 -0.074535
v -0.420826 0.308680 -0.100888
v -0.412450 0.293534 -0.096983
v -0.431949 0.289128 -0.099931
v -0.439997 0.304638 -0.101628
v -0.390814 0.283528 -0.085405
v -0.388596 0.273478 -0.072509
v -0.404168 0.268679 -0.078996
v -0.407231 0.279706 -0.090327
v -0.340129 0.301547 -0.070733
v -0.337717 0.299478 -0.057873
v -0.351617 0.291669 -0.059414
v -0.354101 0.295173 -0.072437
v -0.351894 0.301181 -0.031245
v -0.338332 0.308730 -0.029943
v -0.342884 0.318612 -0.019800
v -0.356452 0.311503 -0.021520
v -0.374290 0.369437 -0.034640
v -0.377769 0.375561 -0.050897
v -0.390556 0.371012 -0.049463
v -0.386829 0.363633 -0.034457
v -0.404706 0.311531 -0.099730
v -0.394124 0.297631 -0.094232
v -0.363318 0.294137 -0.032728
v -0.367875 0.305033 -0.023395
v -0.378648 0.298241 -0.026164
v -0.374797 0.286936 -0.035308
v -0.380768 0.332171 -0.022147
v -0.389737 0.345566 -0.025961
v -0.399797 0.339410 -0.026867
v -0.391485 0.325388 -0.024660
v -0.397398 0.358440 -0.033533
v -0.401425 0.366640 -0.047510
v -0.413467 0.361989 -0.045245
v -0.408248 0.352565 -0.032677
v -0.394507 0.314919 -0.098771
v -0.400069 0.326235 -0.095345
v -0.390499 0.327545 -0.095239
v -0.385221 0.316426 -0.097803
v -0.377625 0.286479 -0.079662
v -0.375580 0.278708 -0.066544
v -0.402939 0.317024 -0.026904
v -0.395910 0.303049 -0.025503
v -0.384865 0.311334 -0.022238
v -0.414484 0.364393 -0.061084
v -0.344026 0.306269 -0.081323
v -0.348081 0.313228 -0.090602
v -0.333061 0.318337 -0.089953
v -0.328629 0.311234 -0.080590
v -0.324943 0.307418 -0.069454
v -0.322356 0.306912 -0.056265
v -0.322894 0.317219 -0.028134
v -0.327259 0.327552 -0.017802
v -0.333550 0.340578 -0.012320
v -0.340368 0.354957 -0.012664
v -0.357189 0.345658 -0.015817
v -0.349840 0.331439 -0.014768
v -0.354237 0.378887 -0.033030
v -0.357962 0.383604 -0.049996
v -0.377513 0.374303 -0.065660
v -0.359467 0.381477 -0.066084
v -0.362051 0.286263 -0.046633
v -0.350426 0.293853 -0.044650
v -0.498659 0.283797 -0.101570
v -0.491345 0.270730 -0.104950
v -0.510806 0.262905 -0.104438
v -0.518116 0.274813 -0.099915
v -0.523530 0.243279 -0.104091
v -0.504242 0.250471 -0.104667
v -0.502054 0.277494 -0.034155
v -0.486121 0.290921 -0.031902
v -0.538962 0.261668 -0.042910
v -0.411215 0.330940 -0.027943
v -0.424685 0.320950 -0.027857
v -0.386883 0.340851 -0.090497
v -0.382291 0.355009 -0.085554
v -0.376958 0.344311 -0.092890
v -0.412246 0.326146 -0.095127
v -0.429194 0.324435 -0.094541
v -0.435100 0.336602 -0.081036
v -0.415251 0.339645 -0.082587
v -0.376000 0.317945 -0.096981
v -0.381422 0.329634 -0.096017
v -0.371411 0.332458 -0.097149
v -0.365759 0.320417 -0.096807
v -0.366307 0.358445 -0.022359
v -0.378960 0.351171 -0.024533
v -0.355036 0.364909 -0.089955
v -0.370063 0.359199 -0.087353
v -0.374695 0.367798 -0.077553
v -0.358903 0.373793 -0.079405
v -0.387149 0.364250 -0.076511
v -0.349771 0.354003 -0.097056
v -0.364907 0.348654 -0.094981
v -0.347779 0.368695 -0.019488
v -0.353242 0.324239 -0.096777
v -0.359284 0.336618 -0.098137
v -0.344011 0.341693 -0.099345
v -0.337968 0.329016 -0.096895
v -0.484881 0.257372 -0.104111
v -0.465282 0.263821 -0.102045
v -0.386780 0.271359 -0.055081
v -0.401705 0.264063 -0.062136
v -0.373733 0.278873 -0.049864
v -0.474909 0.231838 -0.072492
v -0.493686 0.224707 -0.076887
v -0.437542 0.249004 -0.060478
v -0.456242 0.239936 -0.066881
v -0.467145 0.312427 -0.093675
v -0.368422 0.297907 -0.085330
v -0.366140 0.290152 -0.075145
v -0.379495 0.296179 -0.089369
v -0.320966 0.310446 -0.041529
v -0.336898 0.301995 -0.043401
v -0.389024 0.305776 -0.097385
v -0.300145 0.320433 -0.039302
v -0.423772 0.353503 -0.072779
v -0.401899 0.367656 -0.062990
v -0.390524 0.370659 -0.064443
v -0.546045 0.274361 -0.062550
v -0.469408 0.305333 -0.029877
v -0.415708 0.306818 -0.028099
v -0.408813 0.292668 -0.029209
v -0.371296 0.306779 -0.093368
v -0.360754 0.309196 -0.091760
v -0.357213 0.301413 -0.082836
v -0.369983 0.338388 -0.019069
v -0.363035 0.324279 -0.017138
v -0.512394 0.218157 -0.079828
v -0.373846 0.317766 -0.019550
v -0.440640 0.346642 -0.069531
v -0.015224 0.436172 -0.127371
v -0.150073 0.270182 0.017631
v -0.112511 0.246175 0.063582
v -0.126613 0.249255 0.047678
v -0.162598 0.323931 -0.009114
v -0.165769 0.333469 -0.013385
v -0.185953 0.356753 -0.023884
v -0.193619 0.366561 -0.029411
v -0.154200 0.306379 0.023049
v -0.075887 0.666475 -0.037154
v -0.074251 0.659441 -0.040102
v -0.078054 0.679993 -0.036894
v -0.015674 0.100922 0.135590
v -0.073725 0.652077 -0.025138
v -0.071378 0.644032 -0.027870
v -0.076241 0.647794 -0.025859
v -0.073252 0.653186 -0.023367
v -0.073365 0.654337 -0.022897
v -0.078577 0.682197 -0.026407
v -0.072050 0.650989 -0.040741
v -0.069910 0.641864 -0.039206
v -0.076347 0.668425 -0.020464
v -0.048647 0.092208 -0.107000
v -0.024731 0.091510 -0.106817
v -0.026887 0.073630 -0.113728
v -0.052449 0.074051 -0.112461
v -0.028973 0.055396 -0.121756
v -0.145837 0.023995 -0.093158
v -0.161630 0.027198 -0.069481
v -0.157521 0.047338 -0.067478
v -0.141954 0.045261 -0.089621
v -0.163367 0.063637 -0.042048
v -0.152182 0.064809 -0.065902
v -0.168393 0.047534 -0.041572
v -0.172474 0.043681 -0.013548
v -0.167743 0.060304 -0.014832
v -0.169592 0.036007 0.013431
v -0.165035 0.054000 0.011948
v -0.160969 0.026447 0.037461
v -0.146021 0.017097 0.058999
v -0.124269 -0.012536 0.076346
v -0.101059 -0.002533 0.091672
v -0.124945 0.007062 0.076953
v -0.054693 -0.017058 0.113156
v -0.076912 -0.011623 0.103506
v -0.017102 -0.021981 0.125114
v -0.034927 -0.020281 0.120396
v -0.104086 0.451068 0.024502
v -0.083313 0.512844 -0.083440
v -0.091947 0.509512 -0.083442
v -0.100760 0.514399 -0.061452
v -0.110223 0.458173 -0.121756
v -0.111649 0.476872 -0.110504
v -0.092126 0.468610 -0.120579
v -0.090902 0.451149 -0.128212
v -0.073285 0.504396 -0.097724
v -0.068698 0.506864 -0.096960
v -0.078938 0.500526 -0.099843
v -0.047709 0.482969 -0.116214
v -0.064292 0.491127 -0.111003
v -0.142089 0.507809 -0.058145
v -0.140862 0.496575 -0.080973
v -0.151993 0.495335 -0.076189
v -0.155252 0.506236 -0.054124
v -0.139851 0.448268 -0.117241
v -0.139171 0.431442 -0.122194
v -0.150969 0.434423 -0.117914
v -0.151093 0.450122 -0.112685
v -0.194952 0.492680 -0.042973
v -0.189960 0.487863 -0.064490
v -0.204440 0.482059 -0.062707
v -0.209000 0.484331 -0.041896
v -0.150910 0.465465 -0.103950
v -0.082985 0.333711 -0.142079
v -0.101829 0.342375 -0.138050
v -0.117755 0.350671 -0.132303
v -0.154209 0.375281 -0.114699
v -0.144749 0.368168 -0.119103
v -0.148281 0.353942 -0.114420
v -0.163702 0.382026 -0.111347
v -0.172899 0.385042 -0.106996
v -0.200060 0.413448 0.012946
v -0.187909 0.417598 0.018232
v -0.191071 0.444240 0.012247
v -0.193231 0.385051 -0.098712
v -0.182387 0.383555 -0.099481
v -0.183232 0.375711 -0.095784
v -0.193874 0.378812 -0.095670
v -0.129601 0.509036 -0.061612
v -0.201128 0.472470 -0.078544
v -0.186980 0.476457 -0.080049
v -0.185133 0.464367 -0.091530
v -0.198817 0.461855 -0.089678
v -0.197010 0.450235 -0.098230
v -0.184330 0.451574 -0.100854
v -0.183244 0.438806 -0.106853
v -0.195550 0.438152 -0.104011
v -0.193528 0.392666 -0.101781
v -0.181679 0.391865 -0.103053
v -0.224065 0.466159 -0.019999
v -0.169409 0.502354 -0.022984
v -0.167359 0.487371 0.000213
v -0.155114 0.493592 -0.002092
v -0.156263 0.506910 -0.026716
v -0.207548 0.358596 -0.049422
v -0.205881 0.365126 -0.035047
v -0.207444 0.354172 -0.062705
v -0.185766 0.359104 -0.085585
v -0.206807 0.354771 -0.074304
v -0.208002 0.390166 0.005160
v -0.212999 0.407987 0.007995
v -0.164993 0.462405 0.013783
v -0.153342 0.469768 0.012823
v -0.223590 0.474599 -0.041968
v -0.219634 0.473733 -0.062235
v -0.205896 0.384573 -0.100419
v -0.206062 0.378532 -0.097975
v -0.217225 0.379072 -0.100962
v -0.176645 0.353954 -0.092587
v -0.184101 0.368404 -0.091688
v -0.167774 0.503582 -0.049998
v -0.215350 0.466236 -0.078097
v -0.212479 0.456440 -0.089315
v -0.172782 0.451859 -0.104489
v -0.172754 0.465452 -0.095163
v -0.161768 0.465880 -0.099536
v -0.162007 0.451284 -0.108623
v -0.208542 0.436517 -0.102402
v -0.208170 0.424511 -0.105272
v -0.161966 0.436510 -0.113840
v -0.172323 0.437979 -0.110068
v -0.206267 0.392141 -0.103096
v -0.142649 0.475011 0.010692
v -0.141985 0.450468 0.021464
v -0.130273 0.452844 0.021434
v -0.164127 0.435470 0.022647
v -0.152623 0.444207 0.022168
v -0.176261 0.424741 0.021821
v -0.118259 0.451829 0.022466
v -0.381114 0.305706 -0.095435
v -0.217758 0.373594 -0.098833
v -0.230221 0.373166 -0.101297
v -0.228247 0.379533 -0.102858
v -0.284012 0.380766 -0.101243
v 0.000249 0.590762 0.092025
v 0.000793 0.596350 0.094789
v 0.001728 0.616764 0.095962
v 0.001807 0.620462 0.095146
v -0.396091 0.337407 -0.088580
v -0.403740 0.334556 -0.088754
v -0.448042 0.319586 -0.093947
v -0.473537 0.321920 -0.080880
v -0.454359 0.330359 -0.080988
v -0.460076 0.332852 -0.038226
v -0.452005 0.321001 -0.029098
v -0.425486 0.279072 -0.032771
v -0.426071 0.275094 -0.094941
v -0.574920 0.244942 -0.047618
v -0.578308 0.249947 -0.058192
v -0.594842 0.237896 -0.055409
v -0.590362 0.232000 -0.046045
v -0.605800 0.220002 -0.043942
v -0.599489 0.211699 -0.041162
v -0.584660 0.223681 -0.041622
v -0.593155 0.204250 -0.044032
v -0.578375 0.215471 -0.042924
v -0.587882 0.198257 -0.050531
v -0.585240 0.193738 -0.058567
v -0.569760 0.202929 -0.055768
v -0.573024 0.208452 -0.048111
v -0.550760 0.207407 -0.061600
v -0.567942 0.198861 -0.064978
v -0.567107 0.196760 -0.075283
v -0.549068 0.203866 -0.072522
v -0.588781 0.196761 -0.094315
v -0.593200 0.203858 -0.098212
v -0.575420 0.211218 -0.099304
v -0.570701 0.203270 -0.094631
v -0.568240 0.237079 -0.098239
v -0.561960 0.227912 -0.101118
v -0.581238 0.220114 -0.099574
v -0.587192 0.228880 -0.096697
v -0.604883 0.221863 -0.096083
v -0.609833 0.227664 -0.087900
v -0.592233 0.235685 -0.090036
v -0.543817 0.269710 -0.050927
v -0.559352 0.257261 -0.049677
v -0.554134 0.249016 -0.042646
v -0.557524 0.219270 -0.045474
v -0.541716 0.230448 -0.042882
v -0.547793 0.239533 -0.040441
v -0.563111 0.227423 -0.041612
v -0.512866 0.218595 -0.066112
v -0.533283 0.215962 -0.058198
v -0.531068 0.211325 -0.069507
v -0.553539 0.212666 -0.052426
v -0.536925 0.222672 -0.049206
v -0.549254 0.204784 -0.084213
v -0.567903 0.198347 -0.085873
v -0.579458 0.251620 -0.070361
v -0.578076 0.250007 -0.082226
v -0.595518 0.239099 -0.079418
v -0.596375 0.240028 -0.067572
v -0.530973 0.211604 -0.082085
v -0.560473 0.261016 -0.085159
v -0.562595 0.263351 -0.073281
v -0.574099 0.245092 -0.092123
v -0.555689 0.254737 -0.094597
v -0.612493 0.229509 -0.064785
v -0.610827 0.226489 -0.052677
v -0.562374 0.262274 -0.060543
v -0.551747 0.209981 -0.094223
v -0.556348 0.218453 -0.100149
v -0.537221 0.225440 -0.100585
v -0.533043 0.216709 -0.093250
v -0.530118 0.254457 -0.102742
v -0.542928 0.235743 -0.102695
v -0.549273 0.245761 -0.100443
v -0.598831 0.212857 -0.098648
v -0.536873 0.264548 -0.097302
v -0.661041 0.151637 -0.055249
v -0.651177 0.153311 -0.053656
v -0.654768 0.149082 -0.043635
v -0.664567 0.148221 -0.045813
v -0.632866 0.151035 -0.036176
v -0.627333 0.158713 -0.028483
v -0.636377 0.154653 -0.019746
v -0.640887 0.147926 -0.026436
v -0.668426 0.147906 -0.037195
v -0.658628 0.147538 -0.035185
v -0.669500 0.152219 -0.031153
v -0.680495 0.154492 -0.034370
v -0.677509 0.148382 -0.038275
v -0.689432 0.153832 -0.035970
v -0.680770 0.166648 -0.036486
v -0.692406 0.162446 -0.039954
v -0.681493 0.179015 -0.061149
v -0.679484 0.180687 -0.071823
v -0.691774 0.172690 -0.072393
v -0.693203 0.170622 -0.061130
v -0.681877 0.172595 -0.091255
v -0.687975 0.172450 -0.081981
v -0.675949 0.181028 -0.080531
v -0.671222 0.180910 -0.089006
v -0.656861 0.156914 -0.069980
v -0.647073 0.159894 -0.070269
v -0.648644 0.157883 -0.063535
v -0.658219 0.155481 -0.063998
v -0.667666 0.155956 -0.020373
v -0.668460 0.164850 -0.027666
v -0.671976 0.159095 -0.029411
v -0.667613 0.152145 -0.022054
v -0.621532 0.164656 -0.082751
v -0.612141 0.172441 -0.081118
v -0.612747 0.172688 -0.072234
v -0.621399 0.165779 -0.074962
v -0.614988 0.167978 -0.044478
v -0.612061 0.173546 -0.052075
v -0.611903 0.184862 -0.042000
v -0.617262 0.180068 -0.036530
v -0.619957 0.163201 -0.036925
v -0.622305 0.175371 -0.030670
v -0.629686 0.169686 -0.024014
v -0.638595 0.163343 -0.016104
v -0.612610 0.175544 -0.091655
v -0.618983 0.169399 -0.094986
v -0.730054 0.123410 -0.042151
v -0.729718 0.121539 -0.047705
v -0.724879 0.124553 -0.047008
v -0.725227 0.126438 -0.041386
v -0.627710 0.186552 -0.102910
v -0.633992 0.194137 -0.100078
v -0.627327 0.197055 -0.100038
v -0.621026 0.188869 -0.101061
v -0.635995 0.182898 -0.105531
v -0.642602 0.190427 -0.100475
v -0.738406 0.133499 -0.041134
v -0.735227 0.130248 -0.038458
v -0.730691 0.134047 -0.038488
v -0.733693 0.137431 -0.041497
v -0.673535 0.146234 -0.046192
v -0.670095 0.148744 -0.055118
v -0.690819 0.139014 -0.049541
v -0.680202 0.144057 -0.054374
v -0.682056 0.143660 -0.044719
v -0.690482 0.141159 -0.043081
v -0.674323 0.148462 -0.074349
v -0.665078 0.153419 -0.074165
v -0.668532 0.151711 -0.066788
v -0.677990 0.146429 -0.067154
v -0.660806 0.151507 -0.086207
v -0.669959 0.147571 -0.086886
v -0.667677 0.146324 -0.093483
v -0.659622 0.149760 -0.092298
v -0.689542 0.140570 -0.082271
v -0.699243 0.138636 -0.083148
v -0.697803 0.139513 -0.088586
v -0.688119 0.140745 -0.087860
v -0.621049 0.200502 -0.100094
v -0.614512 0.192476 -0.099933
v -0.670208 0.169656 -0.108225
v -0.662649 0.164988 -0.113618
v -0.669925 0.159179 -0.117381
v -0.677661 0.164178 -0.111783
v -0.640225 0.199733 -0.093317
v -0.633599 0.203779 -0.093869
v -0.740436 0.134921 -0.046393
v -0.735771 0.138991 -0.046811
v -0.636535 0.178829 -0.026267
v -0.645064 0.170734 -0.017793
v -0.629369 0.185360 -0.032850
v -0.624208 0.190277 -0.036909
v -0.618705 0.195494 -0.038894
v -0.685145 0.142026 -0.059501
v -0.665483 0.152326 -0.062548
v -0.655167 0.157164 -0.074495
v -0.647701 0.152040 -0.103569
v -0.640831 0.155726 -0.103222
v -0.643693 0.153722 -0.093611
v -0.650176 0.151412 -0.096281
v -0.656599 0.157524 -0.114741
v -0.655251 0.151331 -0.110619
v -0.662776 0.147363 -0.112489
v -0.664123 0.152348 -0.117514
v -0.667026 0.159356 -0.016524
v -0.663145 0.168191 -0.023733
v -0.622068 0.177580 -0.101955
v -0.615679 0.181416 -0.098529
v -0.609842 0.186081 -0.095938
v -0.633819 0.162338 -0.073273
v -0.621237 0.165969 -0.069910
v -0.621442 0.164187 -0.063533
v -0.634938 0.161535 -0.068602
v -0.639013 0.152997 -0.051516
v -0.626519 0.155441 -0.046622
v -0.643914 0.148577 -0.041061
v -0.612286 0.172927 -0.063965
v -0.605855 0.179301 -0.070708
v -0.605892 0.180011 -0.061438
v -0.606110 0.179510 -0.080425
v -0.607289 0.181761 -0.089502
v -0.597460 0.184726 -0.069604
v -0.597669 0.186270 -0.060448
v -0.597994 0.185067 -0.079619
v -0.599636 0.187261 -0.088314
v -0.618237 0.215772 -0.095191
v -0.611863 0.206645 -0.099261
v -0.626942 0.209025 -0.094687
v -0.604834 0.194214 -0.043658
v -0.607412 0.182094 -0.051669
v -0.600068 0.189257 -0.051819
v -0.611424 0.202267 -0.040228
v -0.646658 0.146412 -0.019587
v -0.651866 0.143958 -0.013934
v -0.657427 0.143355 -0.019103
v -0.653653 0.145854 -0.024823
v -0.697645 0.151616 -0.037619
v -0.693471 0.145536 -0.038264
v -0.685465 0.147450 -0.038091
v -0.629009 0.160123 -0.088520
v -0.626415 0.164209 -0.099213
v -0.693516 0.138318 -0.055167
v -0.727617 0.141632 -0.041724
v -0.724608 0.137891 -0.038493
v -0.713347 0.143981 -0.038497
v -0.717159 0.148244 -0.041878
v -0.704109 0.137769 -0.058857
v -0.700561 0.136567 -0.053532
v -0.708000 0.132995 -0.053061
v -0.711992 0.135269 -0.057662
v -0.693233 0.139337 -0.094942
v -0.685374 0.140436 -0.094547
v -0.702868 0.159216 -0.061659
v -0.703039 0.161940 -0.050139
v -0.693663 0.168980 -0.049366
v -0.671963 0.148441 -0.080967
v -0.680669 0.144046 -0.081660
v -0.679060 0.143711 -0.087450
v -0.688605 0.141073 -0.062112
v -0.695040 0.138836 -0.060096
v -0.692791 0.140059 -0.066152
v -0.685199 0.142819 -0.067169
v -0.653976 0.172121 -0.110622
v -0.646439 0.161949 -0.112025
v -0.732162 0.126693 -0.038917
v -0.727578 0.130073 -0.038383
v -0.606126 0.197802 -0.098391
v -0.602179 0.191177 -0.094568
v -0.662657 0.153071 -0.080071
v -0.681823 0.175524 -0.049135
v -0.653080 0.156519 -0.079316
v -0.692179 0.156625 -0.101671
v -0.688491 0.151081 -0.106076
v -0.695049 0.147485 -0.103965
v -0.698859 0.152971 -0.102421
v -0.723027 0.131346 -0.056993
v -0.719737 0.128254 -0.052536
v -0.726665 0.125400 -0.052860
v -0.729689 0.128583 -0.056815
v -0.698229 0.137176 -0.048225
v -0.697993 0.139214 -0.042635
v -0.706583 0.135448 -0.042182
v -0.706167 0.133153 -0.047546
v -0.701005 0.143306 -0.038999
v -0.709528 0.139448 -0.038748
v -0.727184 0.136558 -0.058090
v -0.729735 0.141650 -0.054052
v -0.719191 0.147566 -0.055184
v -0.716905 0.140942 -0.058699
v -0.660827 0.188897 -0.087160
v -0.656682 0.187457 -0.095175
v -0.666533 0.179336 -0.097728
v -0.676210 0.171308 -0.100505
v -0.684153 0.162290 -0.102687
v -0.691643 0.165249 -0.093325
v -0.661471 0.177308 -0.104638
v -0.707361 0.146521 -0.064187
v -0.709706 0.151213 -0.057870
v -0.709083 0.152154 -0.065662
v -0.650499 0.154718 -0.086406
v -0.721339 0.133630 -0.038256
v -0.637883 0.203893 -0.049620
v -0.641054 0.207845 -0.061314
v -0.649245 0.201887 -0.062049
v -0.644497 0.197939 -0.048515
v -0.718067 0.127794 -0.046894
v -0.718693 0.129470 -0.041377
v -0.684613 0.140829 -0.101303
v -0.691785 0.140248 -0.100467
v -0.692700 0.142040 -0.104501
v -0.686966 0.142997 -0.106673
v -0.652151 0.184945 -0.101978
v -0.675487 0.154589 -0.120367
v -0.682434 0.160580 -0.115233
v -0.647714 0.194705 -0.093724
v -0.651753 0.196642 -0.085417
v -0.644566 0.202828 -0.084082
v -0.699166 0.161511 -0.082902
v -0.664633 0.189114 -0.079273
v -0.654817 0.196873 -0.077497
v -0.646784 0.203484 -0.074825
v -0.640255 0.208965 -0.073660
v -0.638181 0.208005 -0.083820
v -0.729782 0.143348 -0.047396
v -0.735765 0.137555 -0.053245
v -0.630970 0.213986 -0.084207
v -0.622352 0.220974 -0.085612
v -0.624142 0.221873 -0.074617
v -0.633139 0.214835 -0.073550
v -0.657290 0.196030 -0.068764
v -0.658485 0.194444 -0.059555
v -0.667633 0.188549 -0.070918
v -0.669819 0.186712 -0.060948
v -0.702313 0.164311 -0.072638
v -0.745697 0.125394 -0.055634
v -0.738591 0.129862 -0.056333
v -0.735273 0.125621 -0.056942
v -0.742942 0.121728 -0.056698
v -0.733241 0.133245 -0.057120
v -0.740661 0.133742 -0.052559
v -0.669701 0.182637 -0.048605
v -0.701301 0.138851 -0.065531
v -0.654919 0.188906 -0.045214
v -0.670588 0.175273 -0.035993
v -0.659948 0.178728 -0.032468
v -0.637356 0.193099 -0.038051
v -0.644066 0.185854 -0.032851
v -0.625798 0.203565 -0.042374
v -0.631532 0.198325 -0.040911
v -0.617944 0.210469 -0.042987
v -0.651811 0.176635 -0.024170
v -0.736359 0.118695 -0.043208
v -0.736326 0.117365 -0.049000
v -0.631384 0.209485 -0.050419
v -0.623100 0.216671 -0.051085
v -0.649537 0.146385 -0.031954
v -0.641185 0.157864 -0.083674
v -0.643638 0.159492 -0.078404
v -0.634111 0.159518 -0.101986
v -0.637005 0.156303 -0.091289
v -0.625040 0.220823 -0.062625
v -0.584422 0.190785 -0.067749
v -0.584589 0.190457 -0.077700
v -0.612037 0.229594 -0.076771
v -0.738581 0.121581 -0.039599
v -0.705057 0.142402 -0.085075
v -0.704194 0.143778 -0.087495
v -0.643079 0.151476 -0.013559
v -0.650102 0.147995 -0.008962
v -0.658001 0.157433 -0.006909
v -0.652799 0.152761 -0.006388
v -0.645544 0.158185 -0.010124
v -0.651547 0.164098 -0.011340
v -0.632935 0.161875 -0.076987
v -0.631892 0.160718 -0.081878
v -0.644917 0.178222 -0.108076
v -0.637885 0.168396 -0.109466
v -0.704948 0.148562 -0.038580
v -0.701203 0.157839 -0.041747
v -0.708421 0.153314 -0.042484
v -0.719163 0.150231 -0.048253
v -0.706521 0.141985 -0.063697
v -0.709366 0.142908 -0.059936
v -0.623107 0.160266 -0.055914
v -0.636509 0.158273 -0.061295
v -0.660961 0.148022 -0.028453
v -0.663880 0.147470 -0.022969
v -0.682293 0.144004 -0.074491
v -0.709150 0.154808 -0.080688
v -0.710471 0.157610 -0.072680
v -0.690370 0.140715 -0.074362
v -0.744979 0.127984 -0.041298
v -0.741740 0.124683 -0.038830
v -0.710547 0.155799 -0.049591
v -0.676487 0.142976 -0.094342
v -0.703215 0.154071 -0.087420
v -0.707875 0.148841 -0.084112
v -0.669850 0.149421 -0.118735
v -0.633927 0.213563 -0.061709
v -0.731631 0.122249 -0.053754
v -0.738544 0.118236 -0.054630
v -0.746959 0.128473 -0.052182
v -0.746745 0.129720 -0.046513
v -0.629726 0.173388 -0.106123
v -0.645522 0.160192 -0.074383
v -0.586115 0.192575 -0.087162
v -0.657818 0.168490 -0.016531
v -0.663671 0.160296 -0.010877
v -0.698375 0.138403 -0.074549
v -0.686110 0.157275 -0.109016
v -0.698516 0.160129 -0.095229
v -0.704134 0.156582 -0.096917
v -0.707136 0.153219 -0.090476
v -0.707548 0.147549 -0.088837
v -0.752311 0.124657 -0.052156
v -0.752283 0.125698 -0.046582
v -0.750840 0.123863 -0.041390
v -0.747218 0.120807 -0.039215
v -0.743590 0.118198 -0.040301
v -0.751071 0.121898 -0.055386
v -0.748095 0.118599 -0.056365
v -0.743606 0.115490 -0.054458
v -0.755396 0.118567 -0.055511
v -0.757699 0.120617 -0.052185
v -0.760594 0.115064 -0.041032
v -0.756927 0.119650 -0.041682
v -0.759936 0.118479 -0.043881
v -0.762713 0.116085 -0.043524
v -0.766175 0.113278 -0.043961
v -0.764030 0.111539 -0.041980
v -0.759915 0.119730 -0.046906
v -0.763460 0.117271 -0.047344
v -0.762843 0.116786 -0.051314
v -0.766469 0.114270 -0.051805
v -0.767255 0.114630 -0.047887
v -0.760096 0.119109 -0.050234
v -0.757071 0.122153 -0.046674
v -0.767269 0.109268 -0.044240
v -0.768570 0.111417 -0.044836
v -0.770142 0.111829 -0.048163
v -0.769550 0.108873 -0.048574
v -0.752200 0.117385 -0.039638
v -0.757319 0.113105 -0.040564
v -0.761545 0.109445 -0.042277
v -0.765049 0.107099 -0.044929
v -0.754837 0.110660 -0.042174
v -0.759592 0.107616 -0.044269
v -0.762668 0.105937 -0.046662
v -0.753471 0.108561 -0.045611
v -0.758564 0.106328 -0.047072
v -0.746187 0.112837 -0.044313
v -0.748403 0.115036 -0.040785
v -0.761206 0.105655 -0.048092
v -0.767129 0.106812 -0.049345
v -0.761405 0.116317 -0.054044
v -0.765280 0.113026 -0.054273
v -0.759754 0.114659 -0.055857
v -0.763706 0.111171 -0.055607
v -0.768621 0.110385 -0.053034
v -0.769335 0.112335 -0.051630
v -0.741066 0.115769 -0.043946
v -0.741283 0.114775 -0.049633
v -0.746161 0.111774 -0.049830
v -0.753086 0.107614 -0.050678
v -0.748271 0.112954 -0.054430
v -0.752481 0.115626 -0.056339
v -0.757474 0.112341 -0.056250
v -0.754696 0.109567 -0.054883
v -0.761581 0.109172 -0.055593
v -0.759707 0.107261 -0.054154
v -0.758800 0.106056 -0.050781
v -0.764122 0.106950 -0.053700
v -0.766669 0.108363 -0.053707
v -0.764466 0.105891 -0.050117
v -0.762180 0.106382 -0.053027
v -0.761936 0.105777 -0.050538
v -0.737164 0.122087 -0.074810
v -0.736152 0.121165 -0.080203
v -0.729992 0.125350 -0.078613
v -0.731077 0.126152 -0.073345
v -0.743838 0.132918 -0.071579
v -0.741211 0.127998 -0.069582
v -0.735850 0.132413 -0.068409
v -0.738411 0.137253 -0.070723
v -0.744415 0.135577 -0.077500
v -0.739037 0.139935 -0.076910
v -0.731624 0.141724 -0.069400
v -0.728974 0.136686 -0.067221
v -0.715987 0.142436 -0.066047
v -0.718832 0.147754 -0.067314
v -0.708844 0.135576 -0.081611
v -0.712144 0.138775 -0.084804
v -0.738963 0.124225 -0.071124
v -0.733204 0.128462 -0.069795
v -0.724895 0.133176 -0.085774
v -0.722688 0.129906 -0.082432
v -0.730519 0.126341 -0.083541
v -0.732492 0.129269 -0.086941
v -0.709844 0.135871 -0.069415
v -0.708160 0.134858 -0.075503
v -0.713040 0.138606 -0.066808
v -0.728036 0.137913 -0.086734
v -0.730964 0.142505 -0.083362
v -0.719042 0.149669 -0.081375
v -0.716248 0.144282 -0.085088
v -0.725968 0.132604 -0.068499
v -0.721972 0.128959 -0.077212
v -0.723348 0.129823 -0.071855
v -0.732250 0.144450 -0.075905
v -0.737580 0.137795 -0.084241
v -0.749365 0.124931 -0.088298
v -0.741207 0.129732 -0.087846
v -0.738679 0.125532 -0.088287
v -0.747354 0.120824 -0.089288
v -0.735134 0.133419 -0.087323
v -0.743301 0.133825 -0.084428
v -0.745838 0.116276 -0.076859
v -0.745136 0.115672 -0.082324
v -0.747323 0.118325 -0.073093
v -0.720437 0.151905 -0.073850
v -0.751544 0.126875 -0.073013
v -0.749191 0.121905 -0.071591
v -0.736670 0.122226 -0.085226
v -0.745299 0.117105 -0.087089
v -0.751139 0.128568 -0.084908
v -0.751964 0.129946 -0.078468
v -0.757396 0.123900 -0.085646
v -0.758396 0.124987 -0.079748
v -0.758116 0.122303 -0.074458
v -0.755175 0.117950 -0.073125
v -0.752839 0.115057 -0.074654
v -0.755688 0.121007 -0.088810
v -0.753424 0.117704 -0.089736
v -0.750857 0.114416 -0.087865
v -0.761663 0.117213 -0.089839
v -0.764215 0.119410 -0.087041
v -0.773634 0.110138 -0.078433
v -0.769301 0.113611 -0.076676
v -0.770830 0.114950 -0.079396
v -0.775238 0.112422 -0.080132
v -0.764959 0.118101 -0.076313
v -0.767969 0.117342 -0.079255
v -0.767753 0.118398 -0.082324
v -0.771584 0.116444 -0.083294
v -0.770376 0.115848 -0.087098
v -0.774784 0.113541 -0.088279
v -0.776377 0.114194 -0.084234
v -0.767328 0.117975 -0.085705
v -0.778508 0.110527 -0.081449
v -0.777458 0.108167 -0.081544
v -0.764273 0.121033 -0.081285
v -0.760757 0.114923 -0.074366
v -0.766430 0.111045 -0.075980
v -0.771366 0.107659 -0.078791
v -0.775193 0.105792 -0.082496
v -0.763977 0.108359 -0.077806
v -0.769390 0.105559 -0.080537
v -0.772937 0.104561 -0.083720
v -0.762216 0.106476 -0.081387
v -0.768134 0.104344 -0.083414
v -0.755364 0.110725 -0.079419
v -0.757536 0.112379 -0.075825
v -0.771226 0.104172 -0.084838
v -0.779859 0.108441 -0.085968
v -0.777399 0.106134 -0.086690
v -0.780732 0.111606 -0.084964
v -0.768740 0.114827 -0.089041
v -0.773316 0.111980 -0.090099
v -0.767271 0.113635 -0.091011
v -0.772284 0.110566 -0.091704
v -0.777826 0.109988 -0.089798
v -0.778497 0.111885 -0.088561
v -0.751068 0.113370 -0.078233
v -0.750257 0.113029 -0.083278
v -0.754439 0.110167 -0.084451
v -0.761434 0.106083 -0.086396
v -0.755236 0.111847 -0.088780
v -0.758741 0.114669 -0.090612
v -0.764920 0.111271 -0.091554
v -0.762404 0.108278 -0.090278
v -0.770221 0.108497 -0.091746
v -0.768099 0.106089 -0.090596
v -0.767403 0.104379 -0.087357
v -0.773634 0.106312 -0.090524
v -0.776205 0.107965 -0.090673
v -0.774323 0.104802 -0.087202
v -0.771330 0.105216 -0.089903
v -0.771406 0.104313 -0.087455
v -0.726315 0.127180 -0.100144
v -0.723380 0.125426 -0.104510
v -0.718567 0.128964 -0.102652
v -0.721551 0.130358 -0.098281
v -0.732474 0.137134 -0.100543
v -0.731611 0.134028 -0.098555
v -0.726719 0.137450 -0.096200
v -0.727349 0.141414 -0.098058
v -0.731846 0.138988 -0.105308
v -0.726107 0.143421 -0.103334
v -0.721907 0.145121 -0.095791
v -0.721300 0.140354 -0.093826
v -0.712240 0.144518 -0.091062
v -0.713284 0.149956 -0.092881
v -0.729512 0.130424 -0.098461
v -0.724622 0.133558 -0.096323
v -0.711131 0.134585 -0.108094
v -0.710685 0.132280 -0.105014
v -0.717197 0.129515 -0.107108
v -0.717698 0.131811 -0.109965
v -0.704724 0.137731 -0.092798
v -0.701156 0.136806 -0.097085
v -0.708898 0.140348 -0.091144
v -0.713755 0.139369 -0.109509
v -0.717136 0.145035 -0.107538
v -0.707151 0.149550 -0.104683
v -0.703215 0.143908 -0.105890
v -0.719030 0.136026 -0.094100
v -0.712130 0.131374 -0.100399
v -0.715508 0.132817 -0.096016
v -0.720111 0.147350 -0.101481
v -0.723111 0.141299 -0.109082
v -0.734735 0.128078 -0.115199
v -0.725678 0.133039 -0.112938
v -0.723029 0.128551 -0.112329
v -0.732282 0.124149 -0.115165
v -0.719905 0.136238 -0.111341
v -0.729143 0.137288 -0.110585
v -0.733755 0.122029 -0.103247
v -0.731260 0.120546 -0.107646
v -0.736679 0.125011 -0.101597
v -0.711381 0.152571 -0.098907
v -0.700068 0.139091 -0.105014
v -0.740157 0.130992 -0.103372
v -0.738983 0.128194 -0.101552
v -0.721985 0.125946 -0.109301
v -0.730477 0.121322 -0.112421
v -0.737610 0.131750 -0.112805
v -0.739776 0.133224 -0.107701
v -0.743356 0.128075 -0.114683
v -0.745397 0.129146 -0.109589
v -0.746050 0.127084 -0.105236
v -0.744247 0.124169 -0.103543
v -0.741495 0.121440 -0.103775
v -0.740765 0.124565 -0.116953
v -0.738395 0.121362 -0.116587
v -0.735852 0.118873 -0.113881
v -0.745002 0.121869 -0.118506
v -0.748380 0.124461 -0.116211
v -0.759962 0.116400 -0.109531
v -0.755985 0.119109 -0.107872
v -0.756389 0.120003 -0.110089
v -0.760470 0.117960 -0.111266
v -0.751545 0.123429 -0.107209
v -0.753668 0.122450 -0.109546
v -0.752752 0.123804 -0.112304
v -0.756416 0.121746 -0.113584
v -0.753778 0.121044 -0.116990
v -0.757615 0.118866 -0.118342
v -0.760318 0.119438 -0.114884
v -0.751576 0.123428 -0.115422
v -0.763053 0.116555 -0.112674
v -0.762926 0.114660 -0.112084
v -0.749829 0.125941 -0.111212
v -0.748779 0.120897 -0.104944
v -0.753650 0.117104 -0.106524
v -0.758112 0.114082 -0.108862
v -0.760693 0.112397 -0.111939
v -0.750717 0.114907 -0.107143
v -0.755281 0.112110 -0.109502
v -0.757682 0.110838 -0.112246
v -0.747861 0.113258 -0.109142
v -0.752878 0.110942 -0.111309
v -0.742482 0.116796 -0.107218
v -0.745550 0.118513 -0.105300
v -0.755443 0.110408 -0.112862
v -0.763109 0.114642 -0.116330
v -0.760744 0.112137 -0.116504
v -0.763351 0.117307 -0.115921
v -0.751730 0.120393 -0.118791
v -0.755761 0.117630 -0.119900
v -0.749385 0.118465 -0.119678
v -0.754011 0.115697 -0.120525
v -0.759780 0.115825 -0.119590
v -0.760660 0.117417 -0.118625
v -0.738505 0.119290 -0.105584
v -0.736113 0.118321 -0.109352
v -0.740216 0.116009 -0.110718
v -0.746011 0.112450 -0.112844
v -0.739863 0.116687 -0.114983
v -0.742404 0.118976 -0.117663
v -0.747280 0.116055 -0.119079
v -0.745563 0.113633 -0.116833
v -0.752139 0.113600 -0.119884
v -0.750809 0.111489 -0.118064
v -0.751317 0.110424 -0.114561
v -0.755757 0.111932 -0.119146
v -0.757896 0.113738 -0.119864
v -0.757724 0.110757 -0.116044
v -0.753906 0.110894 -0.117991
v -0.754927 0.110235 -0.115413
v -0.699567 0.137555 -0.101641
v -0.700931 0.134512 -0.125541
v -0.697856 0.133489 -0.127993
v -0.694670 0.135893 -0.125152
v -0.697533 0.136909 -0.122779
v -0.706799 0.143419 -0.127794
v -0.706499 0.140212 -0.125143
v -0.703011 0.142954 -0.121854
v -0.703398 0.146656 -0.124495
v -0.704064 0.144561 -0.132253
v -0.700534 0.147947 -0.129212
v -0.698989 0.149417 -0.120453
v -0.698712 0.145270 -0.117813
v -0.691528 0.148842 -0.112063
v -0.691524 0.153945 -0.114048
v -0.674344 0.146883 -0.119900
v -0.674446 0.144076 -0.116178
v -0.680444 0.141289 -0.119920
v -0.679233 0.143739 -0.123283
v -0.704150 0.136947 -0.124629
v -0.700678 0.139361 -0.121488
v -0.686963 0.139917 -0.128362
v -0.688249 0.137736 -0.125117
v -0.692453 0.136133 -0.128271
v -0.691392 0.137936 -0.131428
v -0.676868 0.142421 -0.112310
v -0.680876 0.142081 -0.108752
v -0.685985 0.141746 -0.113390
v -0.682961 0.140618 -0.116517
v -0.689001 0.144226 -0.112286
v -0.687890 0.143767 -0.130185
v -0.691485 0.148221 -0.129302
v -0.682960 0.152844 -0.124105
v -0.680175 0.147752 -0.124858
v -0.696450 0.141405 -0.117969
v -0.690583 0.137456 -0.121827
v -0.693626 0.138763 -0.119113
v -0.696068 0.151154 -0.125341
v -0.696162 0.145369 -0.132650
v -0.700892 0.135169 -0.140102
v -0.695981 0.138902 -0.136375
v -0.694416 0.135542 -0.134708
v -0.699224 0.132313 -0.138628
v -0.692557 0.141398 -0.133331
v -0.699673 0.142386 -0.135609
v -0.705712 0.131067 -0.129077
v -0.702289 0.130144 -0.131568
v -0.708674 0.133423 -0.128387
v -0.688575 0.156743 -0.119312
v -0.711439 0.139160 -0.131515
v -0.710980 0.136198 -0.129047
v -0.695511 0.133766 -0.131269
v -0.699966 0.130586 -0.135229
v -0.704493 0.138377 -0.139261
v -0.708709 0.140355 -0.135698
v -0.708643 0.135382 -0.142293
v -0.712754 0.137403 -0.138686
v -0.715176 0.136049 -0.134247
v -0.714424 0.133437 -0.131596
v -0.711790 0.131103 -0.130866
v -0.704999 0.132237 -0.142935
v -0.703399 0.129921 -0.141068
v -0.703693 0.128732 -0.137628
v -0.708988 0.129968 -0.144765
v -0.713088 0.132664 -0.144494
v -0.724819 0.126413 -0.139755
v -0.722158 0.129005 -0.137790
v -0.722041 0.129817 -0.139944
v -0.724769 0.127904 -0.141311
v -0.718648 0.132874 -0.136828
v -0.719770 0.132174 -0.139228
v -0.718026 0.133078 -0.141627
v -0.720764 0.131249 -0.142978
v -0.718141 0.130352 -0.145888
v -0.720811 0.127969 -0.147493
v -0.723770 0.129305 -0.144658
v -0.716358 0.132313 -0.144307
v -0.726786 0.126772 -0.142885
v -0.726836 0.124864 -0.142427
v -0.715896 0.134795 -0.140526
v -0.717462 0.130905 -0.134040
v -0.721127 0.127563 -0.136304
v -0.724201 0.124503 -0.139015
v -0.725447 0.122679 -0.142232
v -0.718672 0.126157 -0.135828
v -0.722028 0.123201 -0.138844
v -0.723211 0.121674 -0.141855
v -0.715622 0.124906 -0.136384
v -0.719419 0.122388 -0.139358
v -0.711586 0.127648 -0.133771
v -0.714889 0.129214 -0.133187
v -0.721368 0.121465 -0.141476
v -0.725813 0.124475 -0.146244
v -0.724301 0.122349 -0.145500
v -0.726049 0.127311 -0.146192
v -0.715662 0.129098 -0.146977
v -0.719139 0.126223 -0.148517
v -0.712944 0.127284 -0.146561
v -0.717470 0.124296 -0.147896
v -0.722648 0.124771 -0.148448
v -0.723262 0.126746 -0.148194
v -0.708718 0.129218 -0.131609
v -0.705634 0.128390 -0.134054
v -0.708468 0.126671 -0.136054
v -0.712665 0.124055 -0.138459
v -0.706790 0.126774 -0.139569
v -0.706865 0.127900 -0.142891
v -0.711482 0.125251 -0.144958
v -0.711180 0.123956 -0.141883
v -0.716389 0.122720 -0.146238
v -0.716173 0.121758 -0.143767
v -0.717302 0.121769 -0.141049
v -0.720283 0.121585 -0.145885
v -0.721480 0.122752 -0.147522
v -0.722469 0.121317 -0.144273
v -0.719300 0.121127 -0.144396
v -0.720522 0.121036 -0.142994
v -0.675905 0.149819 -0.121734
v -0.673521 0.152447 -0.009871
v -0.674133 0.149389 -0.013982
v -0.662526 0.138538 -0.012984
v -0.667962 0.140988 -0.015983
v -0.658593 0.139470 -0.007858
v -0.660473 0.146688 -0.000979
v -0.658386 0.142639 -0.003472
v -0.672557 0.145302 -0.016292
v -0.670575 0.153700 -0.004840
v -0.665100 0.151190 -0.001273
v -0.677248 0.148749 0.001047
v -0.671939 0.145905 0.004947
v -0.666730 0.141040 0.005185
v -0.663845 0.137265 0.001491
v -0.663246 0.134900 -0.003677
v -0.679839 0.148164 -0.004693
v -0.679562 0.145455 -0.009656
v -0.676265 0.141249 -0.012272
v -0.685892 0.143937 0.000218
v -0.685559 0.142977 0.007623
v -0.681358 0.128593 0.016276
v -0.677481 0.131109 0.013897
v -0.680435 0.133802 0.015696
v -0.683154 0.131973 0.018342
v -0.674314 0.135379 0.011287
v -0.678997 0.135827 0.013861
v -0.682716 0.138820 0.013448
v -0.684766 0.137765 0.015911
v -0.686383 0.140794 0.012039
v -0.689276 0.140066 0.013443
v -0.687420 0.135982 0.018922
v -0.686409 0.130624 0.020149
v -0.690038 0.133206 0.020240
v -0.686187 0.127669 0.018541
v -0.679552 0.140613 0.010415
v -0.669479 0.132657 0.006415
v -0.675187 0.128656 0.010365
v -0.680844 0.125758 0.013187
v -0.686595 0.125243 0.014786
v -0.675080 0.126617 0.005140
v -0.681859 0.124542 0.008526
v -0.686812 0.124925 0.010473
v -0.677790 0.127011 0.000104
v -0.683907 0.125354 0.004809
v -0.670275 0.131144 -0.005460
v -0.668118 0.130734 0.000481
v -0.687036 0.125355 0.007461
v -0.691875 0.129630 0.018681
v -0.691868 0.127571 0.014261
v -0.691001 0.140195 0.009380
v -0.691753 0.138149 0.015946
v -0.693974 0.137267 0.012169
v -0.691158 0.139542 0.004373
v -0.694230 0.135303 0.008130
v -0.694801 0.133893 0.015511
v -0.693077 0.135810 0.018244
v -0.665911 0.134854 -0.008953
v -0.671010 0.137148 -0.011891
v -0.675579 0.134042 -0.008592
v -0.682057 0.129915 -0.003101
v -0.681070 0.138137 -0.008746
v -0.685029 0.142063 -0.005472
v -0.690214 0.137106 -0.000099
v -0.686909 0.133591 -0.003024
v -0.692970 0.132901 0.004815
v -0.690328 0.130355 0.002750
v -0.687013 0.127542 0.002892
v -0.692999 0.129739 0.008267
v -0.694653 0.131454 0.011688
v -0.690758 0.126963 0.010249
v -0.691221 0.128854 0.006137
v -0.689333 0.126947 0.006922
v -0.668817 0.144956 -0.114170
v -0.671053 0.143039 -0.108725
v -0.664172 0.145435 -0.106786
v -0.655851 0.148521 -0.105067
v -0.648823 0.154265 -0.109182
v -0.657848 0.148511 -0.098534
v -0.666241 0.145396 -0.100551
v -0.675675 0.142292 -0.102669
v -0.653278 0.151829 -0.091552
v -0.038022 0.674292 0.067100
v -0.034888 0.675341 0.068950
v -0.036919 0.668088 0.066437
v -0.039526 0.668322 0.064742
v -0.029702 0.668200 0.069261
v -0.033749 0.667847 0.068354
v -0.030221 0.676001 0.070338
v -0.024742 0.675655 0.070214
v -0.016837 0.671602 0.067565
v -0.015217 0.670129 0.067659
v -0.015999 0.669176 0.068145
v -0.018262 0.669151 0.068297
v -0.021946 0.668785 0.069260
v -0.042568 0.670698 0.062149
v -0.041697 0.671981 0.063272
v -0.040215 0.673104 0.065122
v -0.025821 0.668465 0.069661
v -0.041395 0.668882 0.063051
v -0.042420 0.669631 0.062058
v -0.020101 0.674127 0.068883
v -0.030106 0.670595 0.069483
v -0.034090 0.670300 0.068335
v -0.030418 0.673318 0.069909
v -0.025661 0.673288 0.070122
v -0.019838 0.670484 0.068718
v -0.022404 0.670563 0.069439
v -0.037085 0.670087 0.066572
v -0.026068 0.670696 0.069853
v -0.034614 0.672825 0.068562
v -0.021671 0.672503 0.069450
v -0.019349 0.671547 0.068559
v -0.041871 0.670557 0.062771
v -0.041818 0.670117 0.062758
v -0.013523 0.434542 0.047254
v -0.014607 0.417896 0.056729
v -0.037567 0.672191 0.066716
v -0.040911 0.670023 0.063641
v -0.039340 0.670036 0.064955
v -0.039646 0.671595 0.064984
v -0.041077 0.671020 0.063617
v -0.270825 0.374876 -0.005312
v -0.277343 0.389982 -0.006931
v -0.292289 0.420947 -0.049826
v -0.287979 0.421350 -0.072094
v -0.065658 0.144298 0.118011
v -0.109950 0.191136 -0.093577
v -0.112242 0.210385 -0.098573
v -0.034016 0.207409 -0.120598
v -0.054533 0.203494 -0.119840
v -0.143205 0.175121 0.021967
v -0.142578 0.194125 0.020384
v -0.101588 0.166272 0.081286
v -0.101178 0.187555 0.079076
v -0.134778 0.152271 0.046822
v -0.078791 0.157222 -0.105851
v -0.098131 0.155510 -0.098145
v -0.093948 0.175443 -0.100872
v -0.075518 0.178014 -0.109798
v -0.014705 0.210181 -0.115763
v -0.015156 0.187089 -0.109554
v -0.149416 0.215160 -0.005876
v -0.149800 0.216782 -0.033300
v -0.131473 0.223126 -0.082010
v -0.116092 0.228836 -0.100716
v -0.098112 0.236209 -0.113809
v -0.078496 0.243692 -0.122760
v -0.085052 0.208776 0.093655
v -0.065703 0.229664 0.102045
v -0.142428 0.213697 0.020434
v -0.021349 0.209152 0.121396
v -0.061553 0.274319 -0.133761
v -0.037606 0.278268 -0.136290
v -0.143272 0.219260 -0.058971
v -0.030229 0.376041 0.082945
v -0.047761 0.378680 0.081292
v -0.047034 0.363621 0.091612
v -0.029521 0.360327 0.092282
v -0.063558 0.365336 0.089926
v -0.079521 0.365973 0.086966
v -0.094143 0.365793 0.082950
v -0.128598 0.360307 0.066775
v -0.118603 0.362810 0.072650
v -0.144581 0.350937 0.052967
v -0.137196 0.356655 0.060288
v -0.150103 0.341067 0.043514
v -0.153307 0.329701 0.030801
v -0.158395 0.330648 0.008500
v -0.156152 0.318370 0.015707
v -0.150797 0.317721 0.038896
v -0.146891 0.329562 0.051134
v -0.141236 0.338826 0.060558
v -0.015222 0.294893 0.107081
v -0.012756 0.319055 0.105050
v -0.011858 0.450343 0.038620
v -0.445635 0.269748 -0.098905
v -0.569268 0.236503 -0.041867
v -0.014379 0.472006 -0.116909
v -0.031048 0.476832 -0.117732
v -0.085815 0.493995 -0.103815
v -0.100594 0.504978 -0.085996
v -0.066581 0.483080 -0.115232
v -0.048440 0.473241 -0.120625
v -0.128481 0.230934 0.043360
v -0.032973 0.440959 -0.129483
v -0.049878 0.461985 -0.125502
v -0.069342 0.472383 -0.121273
v -0.090563 0.484121 -0.110604
v -0.111999 0.497225 -0.092395
v -0.128402 0.497430 -0.085919
v -0.151014 0.480549 -0.092118
v -0.161749 0.479907 -0.087413
v -0.173388 0.478735 -0.083269
v -0.176544 0.491702 -0.067869
v -0.163892 0.493805 -0.071870
v -0.258307 0.437603 -0.079381
v -0.269031 0.425279 -0.084158
v -0.273333 0.412793 -0.091599
v -0.272632 0.400218 -0.098157
v -0.266759 0.388768 -0.102713
v -0.257018 0.379327 -0.104514
v -0.243728 0.374632 -0.103254
v -0.206656 0.374268 -0.095501
v -0.195450 0.374375 -0.092720
v -0.169427 0.346124 -0.094489
v -0.162991 0.338867 -0.096826
v -0.144682 0.314650 -0.104953
v -0.135404 0.301782 -0.109079
v -0.124509 0.287031 -0.113477
v -0.098903 0.060017 -0.110782
v -0.118446 0.062122 -0.100722
v -0.113853 0.078959 -0.095960
v -0.093932 0.077117 -0.105045
v -0.044602 0.114072 -0.103724
v -0.022335 0.113505 -0.101560
v -0.158518 0.079126 -0.041821
v -0.163262 0.076127 -0.016058
v -0.132349 0.080501 -0.082353
v -0.147280 0.080334 -0.064205
v -0.161026 0.071020 0.010456
v -0.104794 0.040160 0.093136
v -0.084994 0.033946 0.108584
v -0.043678 0.025732 0.129226
v -0.023130 0.023734 0.133993
v -0.153137 0.063561 0.034718
v -0.064317 0.029070 0.120775
v -0.140697 0.055034 0.056167
v -0.123870 0.047081 0.075448
v -0.065959 0.114674 -0.103171
v -0.069900 0.093943 -0.105722
v -0.089789 0.095443 -0.101602
v -0.036227 0.344705 -0.144946
v -0.056182 0.347620 -0.146082
v -0.076184 0.352210 -0.145548
v -0.090957 0.376779 -0.143780
v -0.094572 0.358734 -0.142197
v -0.111607 0.366460 -0.136617
v -0.108346 0.384143 -0.138271
v -0.139333 0.398131 -0.124408
v -0.140792 0.382768 -0.122430
v -0.151980 0.389206 -0.118150
v -0.151009 0.403558 -0.120311
v -0.162415 0.394496 -0.115055
v -0.171787 0.398141 -0.110836
v -0.181860 0.401034 -0.105998
v -0.194166 0.401720 -0.104997
v -0.194292 0.426324 -0.106993
v -0.182063 0.425757 -0.109294
v -0.138702 0.414633 -0.124447
v -0.123573 0.408832 -0.130736
v -0.034122 0.379979 -0.141286
v -0.015822 0.376574 -0.137289
v -0.160094 0.311780 -0.003317
v -0.163931 0.306881 -0.024199
v -0.165997 0.304842 -0.043725
v -0.164822 0.305855 -0.060786
v -0.162199 0.309780 -0.076655
v -0.157288 0.315669 -0.090266
v -0.157010 0.331535 -0.099421
v -0.151206 0.323699 -0.101919
v -0.152463 0.341763 -0.107887
v -0.144995 0.333789 -0.111490
v -0.138682 0.345615 -0.119306
v -0.132159 0.359052 -0.125464
v -0.127287 0.374656 -0.129301
v -0.124436 0.391381 -0.131095
v -0.106903 0.402696 -0.137375
v -0.089565 0.395995 -0.142663
v -0.070717 0.408151 -0.142575
v -0.070730 0.425792 -0.138262
v -0.071169 0.389660 -0.145655
v -0.072137 0.370787 -0.146974
v -0.071303 0.514914 -0.086362
v -0.054938 0.508106 -0.098655
v -0.238088 0.390368 -0.104992
v -0.234453 0.385142 -0.104486
v -0.238439 0.381190 -0.104166
v -0.246864 0.386498 -0.104685
v -0.253629 0.394634 -0.103857
v -0.244689 0.407972 -0.102874
v -0.242329 0.398375 -0.104586
v -0.257606 0.404863 -0.100823
v -0.258092 0.415934 -0.096364
v -0.245264 0.418157 -0.099666
v -0.255426 0.426534 -0.091511
v -0.244294 0.427461 -0.095828
v -0.248984 0.435991 -0.087911
v -0.242596 0.434122 -0.092514
v -0.210218 0.446687 -0.096940
v -0.222702 0.442985 -0.095188
v -0.234372 0.438055 -0.093564
v -0.207044 0.401305 -0.105300
v -0.219638 0.401553 -0.105686
v -0.231193 0.400635 -0.105487
v -0.232675 0.410362 -0.104543
v -0.220678 0.411700 -0.105476
v -0.207889 0.412231 -0.106320
v -0.034340 0.362718 -0.143695
v -0.053161 0.366534 -0.146474
v -0.161913 0.407923 -0.116829
v -0.171466 0.410789 -0.113117
v -0.181588 0.412103 -0.108793
v -0.194327 0.413091 -0.106899
v -0.171999 0.424187 -0.112993
v -0.161879 0.422109 -0.116714
v -0.150752 0.418885 -0.120319
v -0.052594 0.384392 -0.144724
v -0.016249 0.359904 -0.140628
v -0.177853 0.453383 0.013681
v -0.180720 0.478276 0.000928
v -0.183174 0.494853 -0.020323
v -0.181259 0.499238 -0.045694
v -0.363418 0.284656 -0.062206
v -0.016964 0.163907 -0.104575
v -0.019463 0.139794 -0.101380
v -0.040953 0.138455 -0.104972
v -0.016376 0.279687 -0.134556
v -0.017122 0.342848 -0.143273
v -0.103629 0.336957 0.096743
v -0.091585 0.337996 0.101317
v -0.092607 0.351850 0.092832
v -0.105022 0.350901 0.087974
v -0.123354 0.334395 0.084143
v -0.114321 0.335885 0.090912
v -0.116074 0.349461 0.082198
v -0.125637 0.347379 0.075752
v -0.131264 0.331553 0.076716
v -0.133980 0.344366 0.068678
v -0.112904 0.320985 0.097787
v -0.102533 0.322011 0.103688
v -0.090658 0.323265 0.107644
v -0.128729 0.318301 0.083284
v -0.121583 0.319997 0.090711
v -0.002952 0.552657 0.067380
v -0.003436 0.558330 0.082392
v 0.001337 0.601179 0.095428
v 0.001661 0.605532 0.093364
v -0.008574 0.473458 0.025850
v -0.007543 0.483942 0.024036
v -0.012438 0.338924 0.099826
v -0.012895 0.372133 0.083999
v -0.014339 0.385549 0.074076
v -0.014805 0.401209 0.065437
v -0.010511 0.463091 0.031395
v -0.012545 0.356031 0.092658
v -0.168710 -0.094641 -0.081343
v -0.151497 -0.112812 -0.100720
v -0.154473 -0.088694 -0.097919
v -0.141350 -0.101806 -0.111220
v -0.162522 -0.022992 -0.074197
v -0.162133 -0.048134 -0.080392
v -0.163024 0.002371 -0.071224
v -0.121298 -0.110922 -0.123958
v -0.095321 -0.115608 -0.133216
v -0.091322 -0.097293 -0.139909
v -0.147777 -0.001065 -0.095112
v -0.147965 -0.026180 -0.097861
v -0.145407 -0.085254 -0.106734
v -0.160306 -0.070271 -0.088092
v -0.146873 -0.071478 -0.104772
v -0.116080 -0.095240 -0.129840
v -0.134552 -0.090474 -0.117256
v -0.056263 0.055971 -0.120264
v -0.032057 0.036784 -0.129365
v -0.060018 0.036628 -0.128002
v -0.136786 0.064067 -0.085493
v -0.123924 0.043090 -0.105696
v -0.132294 -0.074204 -0.119658
v -0.112936 -0.076196 -0.133323
v -0.088134 -0.076583 -0.143995
v -0.087471 -0.004938 -0.138881
v -0.087036 -0.028541 -0.143667
v -0.110437 -0.029766 -0.133067
v -0.110523 -0.004875 -0.128750
v -0.128220 0.020937 -0.110952
v -0.130438 -0.003878 -0.114291
v -0.086317 0.017504 -0.132120
v -0.108438 0.018984 -0.123589
v -0.103977 0.040787 -0.117087
v -0.130796 -0.029178 -0.117404
v -0.057746 -0.052262 -0.150739
v -0.086630 -0.052905 -0.145638
v -0.027265 -0.050945 -0.148706
v -0.083014 0.038496 -0.124188
v -0.078506 0.057969 -0.116574
v -0.073960 0.075770 -0.109912
v -0.062284 0.137253 -0.104810
v -0.173843 -0.325820 0.064292
v -0.011287 -0.169232 0.006186
v -0.007787 -0.160779 -0.020861
v -0.176828 -0.057993 0.037966
v -0.187003 -0.073573 -0.037543
v -0.174504 -0.071113 -0.065857
v -0.037154 -0.166355 0.073286
v -0.022716 -0.173942 0.050705
v -0.158488 -0.067965 0.065427
v -0.111963 -0.120824 0.098972
v -0.015713 -0.174349 0.028776
v -0.147716 -0.050440 -0.101427
v -0.131534 -0.053332 -0.119264
v -0.111282 -0.054157 -0.134293
v -0.058687 -0.075568 -0.149326
v -0.026917 -0.073293 -0.146697
v -0.019843 -0.111472 0.098627
v -0.016097 -0.102291 0.106152
v -0.007625 -0.104385 0.106486
v -0.008046 -0.118360 0.096305
v -0.103312 0.019009 0.092946
v -0.081560 0.012142 0.106580
v -0.039137 0.003527 0.125193
v -0.019777 0.001793 0.129719
v -0.156818 0.045399 0.036086
v -0.059751 0.006956 0.117548
v -0.143568 0.036139 0.057629
v -0.124666 0.026985 0.076450
v -0.242200 -0.762560 -0.056456
v -0.249973 -0.789993 -0.052149
v -0.250549 -0.788507 -0.067424
v -0.239504 -0.761223 -0.071236
v -0.253845 -0.752930 -0.099225
v -0.243285 -0.757703 -0.091622
v -0.267900 -0.749050 -0.100970
v -0.272901 -0.778651 -0.100108
v -0.284548 -0.776746 -0.093185
v -0.280760 -0.747033 -0.096167
v -0.289881 -0.745760 -0.086752
v -0.299975 -0.774579 -0.072855
v -0.302373 -0.774139 -0.054784
v -0.300221 -0.745715 -0.056378
v -0.296423 -0.745197 -0.074624
v -0.296619 -0.751121 -0.036269
v -0.298720 -0.778373 -0.034879
v -0.282472 -0.757591 -0.025371
v -0.248256 -0.764101 -0.040484
v -0.253646 -0.790905 -0.035073
v -0.259427 -0.782146 -0.098920
v -0.251042 -0.786189 -0.088499
v -0.238110 -0.760623 -0.081538
v -0.250721 -0.787472 -0.077688
v -0.255883 -0.816123 -0.062328
v -0.251346 -0.817496 -0.046406
v -0.265214 -0.810088 -0.098943
v -0.260906 -0.812735 -0.085037
v -0.288276 -0.804929 -0.090663
v -0.278270 -0.806376 -0.101278
v -0.307333 -0.801723 -0.071766
v -0.292874 -0.775449 -0.083953
v -0.298578 -0.803244 -0.081964
v -0.309276 -0.800367 -0.053557
v -0.304291 -0.803262 -0.030682
v -0.255505 -0.816780 -0.028038
v -0.259554 -0.814596 -0.073572
v -0.331533 -0.893107 0.127150
v -0.324494 -0.895381 0.128875
v -0.324428 -0.889793 0.127633
v -0.328952 -0.888824 0.126732
v -0.292614 -0.901475 0.136848
v -0.281895 -0.907543 0.135075
v -0.280076 -0.895435 0.137332
v -0.287999 -0.891827 0.138944
v -0.310738 -0.898548 0.136647
v -0.318599 -0.896758 0.135929
v -0.317294 -0.900888 0.132788
v -0.312303 -0.901843 0.133283
v -0.351496 -0.885852 0.097214
v -0.356960 -0.884921 0.094465
v -0.356541 -0.889047 0.092895
v -0.352807 -0.890159 0.094530
v -0.339356 -0.891711 0.115846
v -0.345097 -0.890941 0.113061
v -0.344412 -0.894610 0.111073
v -0.341042 -0.896134 0.112622
v -0.290904 -0.886312 0.116596
v -0.290214 -0.887807 0.130570
v -0.277735 -0.892951 0.128156
v -0.275879 -0.888302 0.114333
v -0.274121 -0.903679 0.124063
v -0.283023 -0.907382 0.121212
v -0.281714 -0.907805 0.107065
v -0.272347 -0.901179 0.108894
v -0.295426 -0.905017 0.123194
v -0.295321 -0.905053 0.110167
v -0.300838 -0.895568 0.114274
v -0.301830 -0.894969 0.129057
v -0.319364 -0.890693 0.116398
v -0.322718 -0.892973 0.128242
v -0.315664 -0.888017 0.129513
v -0.312813 -0.884215 0.117590
v -0.307471 -0.890275 0.130767
v -0.301587 -0.887182 0.118985
v -0.300580 -0.898137 0.117011
v -0.302959 -0.898388 0.130755
v -0.309050 -0.902437 0.126604
v -0.306650 -0.902463 0.113466
v -0.315686 -0.899817 0.113390
v -0.318330 -0.900640 0.125603
v -0.329464 -0.881156 0.110151
v -0.329825 -0.886435 0.120960
v -0.322485 -0.888374 0.121922
v -0.319433 -0.884096 0.112409
v -0.319796 -0.897019 0.122100
v -0.325857 -0.899212 0.120101
v -0.323778 -0.898463 0.109587
v -0.317909 -0.895047 0.112370
v -0.333146 -0.895590 0.108353
v -0.333258 -0.897805 0.119254
v -0.335704 -0.886745 0.110488
v -0.336027 -0.890902 0.120464
v -0.350062 -0.883969 0.096705
v -0.348948 -0.888542 0.106221
v -0.344704 -0.883669 0.107624
v -0.345218 -0.877924 0.097539
v -0.338717 -0.884169 0.109532
v -0.337448 -0.880024 0.101649
v -0.335419 -0.889864 0.110187
v -0.339367 -0.896449 0.107386
v -0.339722 -0.894375 0.099219
v -0.335845 -0.886909 0.103600
v -0.346249 -0.895141 0.105439
v -0.347636 -0.892451 0.095522
v -0.358018 -0.874904 0.080304
v -0.361421 -0.881315 0.077155
v -0.360289 -0.883353 0.087327
v -0.357007 -0.878405 0.088748
v -0.351483 -0.878611 0.091756
v -0.351661 -0.875544 0.085564
v -0.348846 -0.884345 0.091933
v -0.351256 -0.891135 0.089308
v -0.351981 -0.890087 0.083173
v -0.350295 -0.882233 0.086998
v -0.357898 -0.889594 0.087271
v -0.358226 -0.887948 0.078708
v -0.274857 -0.884710 0.100222
v -0.294513 -0.884645 0.103102
v -0.284899 -0.907005 0.130668
v -0.271902 -0.899357 0.094378
v -0.291809 -0.905724 0.131410
v -0.298938 -0.903979 0.098141
v -0.282240 -0.907002 0.092549
v -0.299347 -0.896090 0.108152
v -0.315834 -0.891553 0.135507
v -0.317125 -0.892637 0.106840
v -0.318227 -0.899399 0.097346
v -0.311232 -0.892770 0.136147
v -0.313063 -0.881005 0.101510
v -0.331013 -0.878241 0.092719
v -0.327346 -0.898930 0.126061
v -0.331286 -0.898233 0.125402
v -0.336448 -0.895290 0.090899
v -0.335983 -0.885480 0.101441
v -0.343748 -0.886676 0.113021
v -0.351037 -0.881475 0.087244
v -0.350524 -0.891427 0.079744
v -0.340100 -0.886913 0.114061
v -0.346785 -0.873758 0.081261
v -0.355197 -0.881589 0.093530
v -0.362574 -0.879308 0.064638
v -0.359577 -0.888067 0.067830
v -0.352291 -0.881452 0.095403
v -0.358138 -0.871559 0.069469
v -0.256796 -0.764400 -0.028423
v -0.262211 -0.790115 -0.022766
v -0.268543 -0.762907 -0.023184
v -0.286320 -0.784392 -0.022778
v -0.273765 -0.788906 -0.019106
v -0.266102 -0.814354 -0.014027
v -0.291635 -0.808779 -0.017143
v -0.278946 -0.811971 -0.011172
v -0.314117 -0.821737 -0.074355
v -0.317881 -0.821149 -0.054950
v -0.302671 -0.823774 -0.083803
v -0.283166 -0.827227 -0.105011
v -0.293632 -0.825195 -0.094575
v -0.269531 -0.833780 -0.003553
v -0.260374 -0.838149 -0.021941
v -0.283548 -0.829717 0.001453
v -0.299204 -0.825688 -0.005897
v -0.269541 -0.881154 0.083649
v -0.269904 -0.880378 0.062208
v -0.282179 -0.866627 0.065975
v -0.287954 -0.874681 0.085207
v -0.301613 -0.862865 0.061859
v -0.307232 -0.873289 0.081302
v -0.319507 -0.861741 0.053972
v -0.325041 -0.870459 0.073631
v -0.335547 -0.861919 0.044344
v -0.341478 -0.868508 0.063497
v -0.349953 -0.865683 0.034499
v -0.355456 -0.868611 0.053992
v -0.360030 -0.873777 0.028819
v -0.363929 -0.876522 0.048745
v -0.268353 -0.899170 0.077389
v -0.269711 -0.896772 0.056714
v -0.281184 -0.908323 0.074157
v -0.282597 -0.907903 0.053319
v -0.298348 -0.904777 0.073384
v -0.298649 -0.904441 0.051534
v -0.358498 -0.887474 0.030476
v -0.360565 -0.889173 0.051170
v -0.316914 -0.900415 0.069632
v -0.316239 -0.899274 0.047396
v -0.334364 -0.897358 0.063745
v -0.333106 -0.896164 0.041400
v -0.349048 -0.894193 0.057047
v -0.347502 -0.893232 0.035246
v -0.276618 -0.860888 0.042090
v -0.294852 -0.851003 0.041195
v -0.312531 -0.850767 0.032072
v -0.328293 -0.854001 0.021206
v -0.342477 -0.861722 0.010971
v -0.353755 -0.870033 0.005921
v -0.323856 -0.841968 -0.006983
v -0.335785 -0.859646 -0.015186
v -0.345578 -0.869884 -0.017868
v -0.331490 -0.857966 -0.041538
v -0.338925 -0.869876 -0.041926
v -0.322925 -0.858785 -0.083915
v -0.331656 -0.871769 -0.085754
v -0.334685 -0.869587 -0.065894
v -0.326813 -0.857514 -0.065481
v -0.321575 -0.841300 -0.036073
v -0.319832 -0.840077 -0.060880
v -0.314733 -0.840663 -0.078635
v -0.316536 -0.875967 -0.109426
v -0.326464 -0.873684 -0.099340
v -0.318499 -0.859816 -0.097118
v -0.310514 -0.860743 -0.108748
v -0.295102 -0.865202 -0.116301
v -0.300633 -0.881079 -0.113599
v -0.279755 -0.871399 -0.105996
v -0.284532 -0.887124 -0.105581
v -0.301283 -0.842666 -0.101330
v -0.308176 -0.842064 -0.090486
v -0.289288 -0.845271 -0.109929
v -0.275451 -0.850835 -0.101483
v -0.272626 -0.853317 -0.084480
v -0.275735 -0.874390 -0.087007
v -0.277510 -0.890084 -0.087854
v -0.270580 -0.878802 0.036911
v -0.273572 -0.891735 0.032415
v -0.306530 -0.837532 0.011651
v -0.288015 -0.840396 0.020031
v -0.271137 -0.852139 0.012812
v -0.268747 -0.876093 0.009512
v -0.276576 -0.889066 0.005284
v -0.277771 -0.887975 -0.019279
v -0.268384 -0.876897 -0.016713
v -0.284416 -0.900363 0.028789
v -0.286797 -0.894012 0.002507
v -0.286840 -0.892669 -0.021535
v -0.276639 -0.888758 -0.040767
v -0.268999 -0.876890 -0.039093
v -0.276664 -0.888879 -0.058044
v -0.271726 -0.875128 -0.056903
v -0.273774 -0.874448 -0.071227
v -0.276455 -0.889606 -0.072336
v -0.266687 -0.855830 -0.057270
v -0.269372 -0.854039 -0.070174
v -0.263865 -0.858445 -0.039194
v -0.263860 -0.857632 -0.016010
v -0.353772 -0.884036 0.006885
v -0.346833 -0.881604 -0.016992
v -0.339627 -0.880100 -0.040733
v -0.335138 -0.881398 -0.064390
v -0.329880 -0.884057 -0.082762
v -0.324239 -0.885784 -0.094299
v -0.302605 -0.890311 -0.105730
v -0.315785 -0.887233 -0.103019
v -0.291101 -0.894607 -0.100241
v -0.286118 -0.897763 -0.086011
v -0.285055 -0.898914 -0.072903
v -0.285555 -0.895218 -0.042778
v -0.284562 -0.897985 -0.059221
v -0.255880 -0.840035 -0.042457
v -0.258962 -0.838301 -0.060272
v -0.263635 -0.836203 -0.071940
v -0.270739 -0.831665 -0.098730
v -0.267143 -0.833859 -0.083413
v -0.298965 -0.900831 0.025993
v -0.315479 -0.896332 0.021725
v -0.331176 -0.893171 0.016018
v -0.344242 -0.890141 0.010732
v -0.339661 -0.887758 -0.013997
v -0.328077 -0.890881 -0.010109
v -0.313512 -0.894414 -0.005391
v -0.298628 -0.895525 -0.000598
v -0.333297 -0.887192 -0.037613
v -0.323335 -0.890941 -0.033835
v -0.310288 -0.894349 -0.030149
v -0.297598 -0.895392 -0.024935
v -0.295438 -0.898226 -0.046422
v -0.306168 -0.896294 -0.051956
v -0.317600 -0.892752 -0.055427
v -0.327054 -0.888531 -0.059975
v -0.321996 -0.889922 -0.077110
v -0.312959 -0.893467 -0.071876
v -0.302789 -0.897023 -0.067866
v -0.294111 -0.899145 -0.063118
v -0.317542 -0.890725 -0.087198
v -0.304153 -0.893708 -0.097759
v -0.311889 -0.891749 -0.094140
v -0.296501 -0.896750 -0.094800
v -0.293861 -0.898437 -0.084856
v -0.293551 -0.899223 -0.074428
v -0.301296 -0.896803 -0.077520
v -0.300431 -0.896388 -0.085106
v -0.310223 -0.893564 -0.081203
v -0.307272 -0.893681 -0.088050
v -0.300424 -0.895690 -0.090935
v -0.303910 -0.894329 -0.092268
v -0.311232 -0.825242 -0.026110
v -0.196557 -0.492058 0.014217
v -0.181320 -0.493151 0.009558
v -0.212505 -0.486353 0.015079
v -0.134046 -0.081318 0.085502
v -0.084909 0.145271 0.102023
v -0.084945 0.187358 0.095850
v -0.084468 0.166043 0.098824
v -0.141514 -0.108860 0.089489
v -0.130527 0.211352 0.042838
v -0.107133 0.364747 0.078077
v -0.076847 0.653446 -0.015068
v -0.074880 0.650273 -0.016053
v -0.073715 0.647163 -0.017911
v -0.073003 0.644874 -0.020892
v -0.072280 0.642968 -0.024027
v -0.070653 0.642660 -0.027146
v -0.075485 0.648258 -0.020659
v -0.072918 0.650881 -0.023576
v -0.073489 0.652262 -0.021700
v -0.075954 0.650531 -0.019007
f 2 3 1
f 1 3 4
f 3 2 5
f 5 2 6
f 3 7 4
f 4 7 8
f 10 11 9
f 9 11 12
f 14 15 13
f 13 15 16
f 18 19 17
f 17 19 20
f 22 23 21
f 21 23 24
f 26 18 25
f 25 18 17
f 27 28 17
f 17 28 25
f 30 31 29
f 29 31 32
f 34 35 33
f 33 35 36
f 21 24 37
f 37 24 38
f 40 31 39
f 39 31 38
f 34 33 28
f 28 33 25
f 41 42 44
f 44 42 43
f 36 45 33
f 33 45 25
f 46 47 49
f 49 47 48
f 51 52 50
f 50 52 53
f 55 53 54
f 54 53 52
f 57 58 56
f 56 58 59
f 61 62 60
f 60 62 63
f 65 66 64
f 64 66 67
f 69 70 68
f 68 70 71
f 65 73 72
f 72 73 74
f 64 75 65
f 65 75 73
f 77 78 76
f 76 78 79
f 80 81 83
f 83 81 82
f 81 85 84
f 84 85 86
f 88 89 87
f 87 89 69
f 88 87 90
f 90 87 91
f 93 94 92
f 92 94 95
f 96 84 43
f 43 84 44
f 51 98 97
f 97 98 86
f 97 99 51
f 51 99 52
f 54 52 100
f 100 52 99
f 58 101 59
f 59 101 102
f 62 103 63
f 63 103 104
f 105 106 6
f 6 106 5
f 108 109 107
f 107 109 110
f 112 113 111
f 111 113 114
f 116 117 115
f 115 117 118
f 120 121 119
f 119 121 122
f 124 125 123
f 123 125 126
f 128 129 127
f 127 129 130
f 130 131 127
f 127 131 132
f 134 1 133
f 133 1 135
f 1 4 135
f 135 4 136
f 4 8 136
f 136 8 137
f 138 139 15
f 15 139 140
f 140 139 141
f 141 139 142
f 144 57 143
f 143 57 56
f 145 146 141
f 141 146 147
f 146 149 148
f 148 149 150
f 152 153 151
f 151 153 154
f 141 147 140
f 140 147 155
f 157 11 156
f 156 11 158
f 160 161 159
f 159 161 162
f 164 165 163
f 163 165 166
f 165 160 166
f 166 160 159
f 168 169 167
f 167 169 170
f 169 171 170
f 170 171 172
f 149 173 150
f 150 173 174
f 175 176 149
f 149 176 173
f 178 172 177
f 177 172 171
f 180 181 179
f 179 181 182
f 184 180 183
f 183 180 179
f 186 187 185
f 185 187 188
f 190 191 189
f 189 191 192
f 7 193 8
f 8 193 194
f 196 162 195
f 195 162 161
f 197 168 198
f 198 168 167
f 181 199 182
f 182 199 200
f 202 203 201
f 201 203 204
f 187 186 205
f 205 186 206
f 208 209 207
f 207 209 210
f 212 213 211
f 211 213 214
f 215 216 218
f 218 216 217
f 220 209 219
f 219 209 208
f 204 186 221
f 221 186 185
f 201 204 222
f 222 204 221
f 223 211 220
f 220 211 209
f 224 225 214
f 214 225 210
f 203 206 204
f 204 206 186
f 227 187 226
f 226 187 205
f 27 228 21
f 21 228 22
f 230 231 229
f 229 231 232
f 234 235 233
f 233 235 236
f 238 239 237
f 237 239 240
f 119 122 118
f 118 122 115
f 112 242 241
f 241 242 243
f 98 51 244
f 244 51 50
f 245 138 14
f 14 138 15
f 11 10 158
f 158 10 246
f 89 85 69
f 69 85 70
f 11 157 12
f 12 157 247
f 249 164 248
f 248 164 163
f 177 250 178
f 178 250 251
f 253 254 252
f 252 254 255
f 187 227 188
f 188 227 256
f 212 257 213
f 213 257 258
f 260 134 259
f 259 134 133
f 165 164 135
f 135 164 133
f 160 165 136
f 136 165 135
f 136 137 160
f 160 137 161
f 137 261 161
f 161 261 195
f 263 264 262
f 262 264 265
f 13 16 266
f 266 16 267
f 268 267 155
f 155 267 16
f 147 269 155
f 155 269 268
f 162 196 167
f 167 196 198
f 167 170 162
f 162 170 159
f 170 172 159
f 159 172 166
f 172 178 166
f 166 178 163
f 178 251 163
f 163 251 248
f 168 270 169
f 169 270 271
f 272 273 171
f 171 273 177
f 271 272 169
f 169 272 171
f 168 197 270
f 270 197 274
f 250 177 275
f 275 177 273
f 277 45 276
f 276 45 278
f 280 281 279
f 279 281 282
f 284 104 283
f 283 104 103
f 285 215 286
f 286 215 218
f 288 289 287
f 287 289 290
f 291 80 66
f 66 80 83
f 293 294 292
f 292 294 295
f 73 91 74
f 74 91 87
f 91 73 92
f 92 73 75
f 279 77 280
f 280 77 76
f 80 291 70
f 70 291 71
f 277 47 96
f 96 47 82
f 297 175 296
f 296 175 149
f 299 154 298
f 298 154 153
f 225 300 210
f 210 300 207
f 224 301 206
f 206 301 205
f 210 209 214
f 214 209 211
f 226 205 302
f 302 205 301
f 304 305 303
f 303 305 306
f 308 309 307
f 307 309 310
f 72 291 65
f 65 291 66
f 66 83 67
f 67 83 46
f 312 313 311
f 311 313 314
f 316 317 315
f 315 317 36
f 29 318 35
f 35 318 319
f 321 32 320
f 320 32 322
f 311 314 323
f 323 314 324
f 315 325 316
f 316 325 326
f 318 287 319
f 319 287 290
f 328 321 327
f 327 321 320
f 329 330 39
f 39 330 331
f 332 333 40
f 40 333 322
f 309 334 285
f 285 334 335
f 236 2 134
f 134 2 1
f 260 336 233
f 233 336 337
f 237 14 265
f 265 14 13
f 84 86 44
f 44 86 98
f 189 192 7
f 7 192 193
f 44 98 41
f 41 98 244
f 237 240 14
f 14 240 245
f 7 3 189
f 189 3 5
f 338 71 72
f 72 71 291
f 262 265 266
f 266 265 13
f 124 123 339
f 339 123 105
f 123 109 105
f 105 109 106
f 189 5 190
f 190 5 106
f 111 114 12
f 12 114 9
f 264 340 265
f 265 340 237
f 342 343 341
f 341 343 344
f 6 235 105
f 105 235 339
f 234 346 345
f 345 346 347
f 349 350 348
f 348 350 351
f 107 352 108
f 108 352 353
f 355 356 354
f 354 356 357
f 237 340 238
f 238 340 358
f 12 247 111
f 111 247 359
f 264 263 116
f 116 263 360
f 361 362 222
f 222 362 201
f 364 365 363
f 363 365 366
f 368 369 367
f 367 369 370
f 372 373 371
f 371 373 374
f 375 376 372
f 372 376 377
f 378 379 381
f 381 379 380
f 382 383 269
f 269 383 268
f 150 174 365
f 365 174 384
f 380 377 381
f 381 377 376
f 271 270 180
f 180 270 181
f 273 272 252
f 252 272 184
f 272 271 184
f 184 271 180
f 181 270 274
f 252 255 273
f 273 255 275
f 254 385 255
f 255 385 386
f 387 388 179
f 179 388 183
f 389 387 182
f 182 387 179
f 182 200 389
f 389 200 390
f 388 391 183
f 183 391 253
f 391 392 253
f 253 392 254
f 394 379 393
f 393 379 378
f 185 188 395
f 395 188 396
f 221 185 397
f 397 185 395
f 222 221 398
f 398 221 397
f 188 256 396
f 396 256 399
f 400 401 256
f 256 401 399
f 402 403 405
f 405 403 404
f 148 150 364
f 364 150 365
f 393 406 394
f 394 406 407
f 158 246 393
f 393 246 406
f 342 19 238
f 238 19 239
f 23 22 350
f 350 22 354
f 244 50 245
f 245 50 138
f 55 142 53
f 53 142 139
f 145 144 296
f 296 144 143
f 355 228 341
f 341 228 20
f 41 240 42
f 42 240 239
f 283 308 284
f 284 308 307
f 349 409 408
f 408 409 410
f 244 245 41
f 41 245 240
f 268 383 406
f 406 383 407
f 346 411 349
f 349 411 409
f 251 412 248
f 248 412 413
f 275 414 250
f 250 414 415
f 25 45 26
f 26 45 277
f 43 26 96
f 96 26 277
f 416 417 61
f 61 417 62
f 329 24 408
f 408 24 23
f 31 40 32
f 32 40 322
f 39 38 329
f 329 38 24
f 37 38 30
f 30 38 31
f 418 419 421
f 421 419 420
f 78 295 79
f 79 295 294
f 124 339 422
f 422 339 345
f 232 131 357
f 357 131 351
f 2 236 6
f 6 236 235
f 252 184 253
f 253 184 183
f 227 423 256
f 256 423 400
f 423 227 305
f 305 227 226
f 424 258 425
f 425 258 257
f 426 427 212
f 212 427 257
f 259 133 249
f 249 133 164
f 419 418 428
f 428 418 429
f 327 430 328
f 328 430 288
f 49 431 46
f 46 431 67
f 306 302 424
f 424 302 258
f 313 432 314
f 314 432 433
f 32 321 29
f 29 321 318
f 324 314 433
f 287 318 328
f 328 318 321
f 134 260 236
f 236 260 233
f 345 339 234
f 234 339 235
f 357 351 354
f 354 351 350
f 408 23 349
f 349 23 350
f 317 278 36
f 36 278 45
f 432 313 429
f 429 313 428
f 435 428 434
f 434 428 313
f 42 239 18
f 18 239 19
f 43 42 26
f 26 42 18
f 121 120 436
f 436 120 437
f 302 301 258
f 258 301 213
f 110 109 126
f 126 109 123
f 238 358 342
f 342 358 343
f 341 20 342
f 342 20 19
f 322 438 320
f 320 438 439
f 320 439 327
f 327 439 430
f 333 440 322
f 322 440 438
f 289 288 323
f 323 288 430
f 115 340 116
f 116 340 264
f 146 145 149
f 149 145 296
f 15 140 16
f 16 140 155
f 441 442 152
f 152 442 153
f 225 224 203
f 203 224 206
f 175 297 154
f 154 297 151
f 293 443 294
f 294 443 444
f 248 413 249
f 249 413 445
f 446 447 400
f 400 447 401
f 388 387 396
f 396 387 395
f 387 389 395
f 395 389 397
f 391 388 399
f 399 388 396
f 401 392 399
f 399 392 391
f 255 386 275
f 275 386 414
f 449 450 448
f 448 450 451
f 335 452 285
f 285 452 215
f 453 298 442
f 442 298 153
f 211 223 212
f 212 223 426
f 425 257 454
f 454 257 427
f 266 10 262
f 262 10 9
f 360 113 456
f 456 113 455
f 8 194 137
f 137 194 261
f 10 266 246
f 246 266 267
f 203 202 225
f 225 202 300
f 262 9 263
f 263 9 114
f 108 353 190
f 190 353 191
f 389 390 397
f 397 390 398
f 457 422 128
f 128 422 129
f 156 158 378
f 378 158 393
f 347 346 348
f 348 346 349
f 447 458 401
f 401 458 392
f 364 382 148
f 148 382 269
f 55 54 57
f 57 54 58
f 75 64 459
f 459 64 460
f 100 90 101
f 101 90 95
f 101 58 100
f 100 58 54
f 142 55 144
f 144 55 57
f 147 146 269
f 269 146 148
f 459 93 75
f 75 93 92
f 144 145 142
f 142 145 141
f 228 27 20
f 20 27 17
f 154 299 175
f 175 299 176
f 214 213 224
f 224 213 301
f 424 461 306
f 306 461 303
f 285 286 309
f 309 286 310
f 462 334 308
f 308 334 309
f 302 306 226
f 226 306 305
f 37 28 21
f 21 28 27
f 29 35 30
f 30 35 34
f 30 34 37
f 37 34 28
f 344 436 356
f 356 436 229
f 325 290 326
f 326 290 289
f 311 439 312
f 312 439 438
f 35 319 36
f 36 319 315
f 439 311 430
f 430 311 323
f 315 319 325
f 325 319 290
f 440 463 438
f 438 463 312
f 341 344 355
f 355 344 356
f 360 456 116
f 116 456 117
f 354 22 355
f 355 22 228
f 326 289 324
f 324 289 323
f 74 87 68
f 68 87 69
f 50 53 138
f 138 53 139
f 268 406 267
f 267 406 246
f 190 106 108
f 108 106 109
f 241 455 112
f 112 455 113
f 358 122 343
f 343 122 121
f 129 347 130
f 130 347 348
f 348 351 130
f 130 351 131
f 229 232 356
f 356 232 357
f 340 115 358
f 358 115 122
f 111 359 112
f 112 359 242
f 125 124 457
f 457 124 422
f 231 132 232
f 232 132 131
f 343 121 344
f 344 121 436
f 263 114 360
f 360 114 113
f 347 129 345
f 345 129 422
f 230 229 437
f 437 229 436
f 464 446 423
f 423 446 400
f 465 466 468
f 468 466 467
f 470 471 469
f 469 471 472
f 469 472 373
f 373 472 374
f 474 469 473
f 473 469 373
f 471 475 472
f 472 475 476
f 472 477 374
f 374 477 478
f 477 472 476
f 479 480 476
f 476 480 477
f 473 373 377
f 377 373 372
f 481 482 479
f 479 482 480
f 483 484 481
f 481 484 482
f 403 402 485
f 485 402 486
f 487 488 483
f 483 488 484
f 487 489 488
f 488 489 490
f 489 491 490
f 490 491 492
f 491 493 492
f 492 493 494
f 493 495 494
f 494 495 496
f 497 498 481
f 481 498 483
f 484 499 482
f 482 499 367
f 370 480 367
f 367 480 482
f 480 370 477
f 477 370 478
f 500 497 479
f 479 497 481
f 451 473 380
f 380 473 377
f 448 451 379
f 379 451 380
f 501 502 504
f 504 502 503
f 449 505 507
f 507 505 506
f 486 508 505
f 505 508 506
f 508 509 506
f 506 509 510
f 511 507 510
f 510 507 506
f 509 508 512
f 512 508 513
f 515 509 514
f 514 509 512
f 509 515 510
f 510 515 516
f 510 516 511
f 511 516 517
f 486 505 485
f 485 505 518
f 505 449 518
f 518 449 448
f 383 382 403
f 403 382 404
f 363 404 364
f 364 404 382
f 403 485 383
f 383 485 407
f 519 520 361
f 361 520 362
f 522 496 521
f 521 496 495
f 450 474 451
f 451 474 473
f 363 366 523
f 523 366 524
f 525 499 488
f 488 499 484
f 488 490 525
f 525 490 526
f 496 522 520
f 520 522 527
f 494 496 519
f 519 496 520
f 492 494 528
f 528 494 519
f 529 530 495
f 495 530 521
f 490 492 526
f 526 492 528
f 529 495 531
f 531 495 493
f 533 534 532
f 532 534 535
f 523 524 533
f 533 524 534
f 486 402 532
f 532 402 533
f 529 536 530
f 530 536 537
f 536 538 537
f 537 538 539
f 540 541 539
f 539 541 537
f 530 537 535
f 535 537 541
f 542 539 543
f 543 539 538
f 539 542 540
f 540 542 544
f 541 540 513
f 513 540 512
f 540 544 512
f 512 544 514
f 546 547 545
f 545 547 548
f 549 550 531
f 531 550 551
f 550 549 552
f 552 549 553
f 546 550 554
f 554 550 552
f 547 546 555
f 555 546 554
f 498 556 558
f 558 556 557
f 559 557 560
f 560 557 556
f 561 562 560
f 560 562 559
f 557 559 552
f 552 559 554
f 559 562 554
f 554 562 555
f 558 557 553
f 553 557 552
f 475 471 563
f 563 471 564
f 565 563 567
f 567 563 566
f 471 470 564
f 564 470 466
f 564 466 568
f 568 466 465
f 568 465 569
f 569 465 570
f 572 573 571
f 571 573 574
f 569 575 567
f 567 575 576
f 577 565 576
f 576 565 567
f 578 579 581
f 581 579 580
f 575 561 576
f 576 561 560
f 556 577 560
f 560 577 576
f 577 556 497
f 497 556 498
f 565 577 500
f 500 577 497
f 563 565 475
f 475 565 500
f 553 489 558
f 558 489 487
f 531 493 549
f 549 493 491
f 489 553 491
f 491 553 549
f 394 407 518
f 518 407 485
f 518 448 394
f 394 448 379
f 545 548 538
f 538 548 543
f 551 545 536
f 536 545 538
f 536 529 551
f 551 529 531
f 507 582 449
f 449 582 450
f 511 583 507
f 507 583 582
f 511 517 583
f 583 517 584
f 585 586 588
f 588 586 587
f 590 591 589
f 589 591 592
f 591 590 593
f 593 590 594
f 596 597 595
f 595 597 598
f 599 600 602
f 602 600 601
f 604 605 603
f 603 605 606
f 608 609 607
f 607 609 610
f 612 613 611
f 611 613 614
f 615 616 618
f 618 616 617
f 620 621 619
f 619 621 622
f 624 625 623
f 623 625 626
f 628 629 627
f 627 629 630
f 632 633 631
f 631 633 634
f 635 636 638
f 638 636 637
f 639 640 642
f 642 640 641
f 644 645 643
f 643 645 646
f 619 622 647
f 647 622 648
f 650 651 649
f 649 651 652
f 601 653 602
f 602 653 654
f 656 657 655
f 655 657 658
f 660 661 659
f 659 661 662
f 664 665 663
f 663 665 666
f 593 594 667
f 667 594 668
f 669 670 672
f 672 670 671
f 673 674 676
f 676 674 675
f 633 632 677
f 677 632 678
f 663 666 679
f 679 666 680
f 681 682 684
f 684 682 683
f 686 687 685
f 685 687 688
f 690 661 689
f 689 661 691
f 693 686 692
f 692 686 685
f 695 597 694
f 694 597 668
f 594 696 668
f 668 696 694
f 697 698 696
f 696 698 699
f 700 701 697
f 697 701 698
f 702 585 703
f 703 585 588
f 671 690 672
f 672 690 689
f 640 639 704
f 704 639 705
f 679 706 663
f 663 706 658
f 708 709 707
f 707 709 710
f 711 712 610
f 610 712 607
f 713 714 716
f 716 714 715
f 717 718 720
f 720 718 719
f 722 634 721
f 721 634 633
f 724 725 723
f 723 725 726
f 728 729 727
f 727 729 730
f 732 733 731
f 731 733 734
f 707 710 735
f 735 710 736
f 643 737 644
f 644 737 738
f 740 741 739
f 739 741 742
f 608 744 743
f 743 744 745
f 747 748 746
f 746 748 749
f 751 752 750
f 750 752 753
f 754 755 757
f 757 755 756
f 758 759 761
f 761 759 760
f 763 764 762
f 762 764 765
f 767 768 766
f 766 768 769
f 771 772 770
f 770 772 773
f 775 776 774
f 774 776 777
f 779 780 778
f 778 780 781
f 783 712 782
f 782 712 784
f 785 786 788
f 788 786 787
f 790 628 789
f 789 628 627
f 792 793 791
f 791 793 794
f 795 796 726
f 726 796 723
f 798 799 797
f 797 799 800
f 721 633 801
f 801 633 677
f 797 800 802
f 802 800 803
f 805 806 804
f 804 806 807
f 809 810 808
f 808 810 811
f 813 814 812
f 812 814 815
f 809 808 817
f 817 808 816
f 818 819 804
f 804 819 805
f 820 821 818
f 818 821 819
f 821 820 587
f 587 820 822
f 809 823 810
f 810 823 824
f 814 807 815
f 815 807 806
f 826 426 825
f 825 426 223
f 426 826 427
f 427 826 827
f 828 829 454
f 454 829 830
f 831 832 677
f 677 832 801
f 834 835 833
f 833 835 836
f 838 839 837
f 837 839 840
f 841 842 844
f 844 842 843
f 845 846 803
f 803 846 802
f 847 831 678
f 678 831 677
f 848 849 851
f 851 849 850
f 853 854 852
f 852 854 855
f 857 858 856
f 856 858 680
f 860 861 859
f 859 861 862
f 864 865 863
f 863 865 866
f 868 869 867
f 867 869 870
f 839 871 840
f 840 871 872
f 849 848 874
f 874 848 873
f 876 877 875
f 875 877 878
f 880 881 879
f 879 881 882
f 883 884 886
f 886 884 885
f 846 887 802
f 802 887 888
f 890 891 889
f 889 891 888
f 893 894 892
f 892 894 895
f 896 897 728
f 728 897 729
f 899 900 898
f 898 900 901
f 902 852 904
f 904 852 903
f 849 905 850
f 850 905 906
f 875 878 907
f 907 878 908
f 910 911 909
f 909 911 912
f 914 915 913
f 913 915 916
f 917 918 862
f 862 918 859
f 919 920 856
f 856 920 921
f 923 924 922
f 922 924 925
f 926 927 925
f 925 927 922
f 929 930 928
f 928 930 693
f 932 695 931
f 931 695 694
f 823 867 824
f 824 867 933
f 935 936 934
f 934 936 937
f 938 868 823
f 823 868 867
f 940 847 939
f 939 847 678
f 632 655 678
f 678 655 939
f 941 942 619
f 619 942 620
f 687 943 688
f 688 943 944
f 851 850 945
f 945 850 903
f 850 906 903
f 903 906 904
f 946 947 949
f 949 947 948
f 951 952 950
f 950 952 953
f 955 956 954
f 954 956 957
f 907 958 875
f 875 958 874
f 960 961 959
f 959 961 962
f 963 853 902
f 902 853 852
f 909 964 910
f 910 964 965
f 967 968 966
f 966 968 969
f 971 972 970
f 970 972 973
f 974 960 975
f 975 960 959
f 977 978 976
f 976 978 979
f 981 977 980
f 980 977 976
f 980 982 981
f 981 982 983
f 985 983 984
f 984 983 982
f 984 986 985
f 985 986 987
f 989 990 988
f 988 990 991
f 993 994 992
f 992 994 995
f 997 998 996
f 996 998 999
f 1001 1002 1000
f 1000 1002 1003
f 1005 1006 1004
f 1004 1006 1007
f 1004 1008 1005
f 1005 1008 1009
f 1008 1010 1009
f 1009 1010 1011
f 1013 1011 1012
f 1012 1011 1010
f 1014 1015 1017
f 1017 1015 1016
f 1019 1020 1018
f 1018 1020 1021
f 1022 1023 976
f 976 1023 980
f 1024 1025 982
f 982 1025 984
f 992 995 1026
f 1026 995 1027
f 956 955 1028
f 1028 955 1029
f 1030 1031 1033
f 1033 1031 1032
f 1010 1008 1034
f 1034 1008 1035
f 1008 1004 1035
f 1035 1004 1036
f 1037 1038 1002
f 1002 1038 1007
f 1002 1001 1037
f 1037 1001 1039
f 1040 1041 997
f 997 1041 998
f 1015 1014 1043
f 1043 1014 1042
f 1044 1045 1047
f 1047 1045 1046
f 1044 1020 1048
f 1048 1020 1049
f 1050 1051 1003
f 1003 1051 1000
f 1052 1050 1006
f 1006 1050 1003
f 1053 1054 1011
f 1011 1054 1009
f 1013 1045 1055
f 1055 1045 1056
f 1058 1059 1057
f 1057 1059 1060
f 1062 1063 1061
f 1061 1063 1064
f 1065 1066 1050
f 1050 1066 1051
f 1067 1065 1052
f 1052 1065 1050
f 1068 1069 1054
f 1054 1069 1070
f 1071 1068 1053
f 1053 1068 1054
f 1073 1071 1072
f 1072 1071 1074
f 1074 1071 1055
f 1055 1071 1053
f 1076 1077 1075
f 1075 1077 1078
f 1079 1080 1057
f 1057 1080 1058
f 1081 1082 1064
f 1064 1082 1061
f 1084 1085 1083
f 1083 1085 1086
f 1088 1089 1087
f 1087 1089 1090
f 1092 1093 1091
f 1091 1093 1094
f 1096 1097 1095
f 1095 1097 1098
f 1099 1100 1102
f 1102 1100 1101
f 1103 1104 1099
f 1099 1104 1100
f 1106 1107 1105
f 1105 1107 1108
f 1110 1111 1109
f 1109 1111 1112
f 1114 1115 1113
f 1113 1115 1116
f 1118 1119 1117
f 1117 1119 1077
f 1117 1120 1122
f 1122 1120 1121
f 1105 1123 1106
f 1106 1123 1124
f 1125 1126 1128
f 1128 1126 1127
f 1130 1131 1129
f 1129 1131 1132
f 1134 1135 1133
f 1133 1135 1114
f 1113 1136 1114
f 1114 1136 1133
f 1118 1137 1113
f 1113 1137 1136
f 1118 1117 1137
f 1137 1117 1122
f 1139 1140 1138
f 1138 1140 1141
f 1143 953 1142
f 1142 953 952
f 1145 957 1144
f 1144 957 956
f 1028 1146 956
f 956 1146 1144
f 1014 1147 1042
f 1042 1147 1148
f 1014 1017 1147
f 1147 1017 1149
f 1059 1058 1150
f 1150 1058 1151
f 1153 1080 1152
f 1152 1080 1154
f 1156 1088 1155
f 1155 1088 1087
f 1157 1158 1106
f 1106 1158 1107
f 1106 1124 1157
f 1157 1124 1159
f 1161 1162 1160
f 1160 1162 1163
f 1165 1166 1164
f 1164 1166 1167
f 1168 1031 1012
f 1012 1031 1046
f 1024 1023 1035
f 1035 1023 1034
f 1036 1038 1025
f 1025 1038 1169
f 1170 1171 1039
f 1039 1171 1037
f 1028 1029 1042
f 1042 1029 1043
f 1172 1173 1175
f 1175 1173 1174
f 1055 1053 1013
f 1013 1053 1011
f 1005 1009 1070
f 1070 1009 1054
f 996 999 1062
f 1062 999 1063
f 1016 1060 1017
f 1017 1060 1059
f 1017 1059 1149
f 1149 1059 1150
f 1177 1178 1176
f 1176 1178 1103
f 1176 1072 1179
f 1179 1072 1074
f 1073 1102 1086
f 1086 1102 1083
f 1180 1181 1067
f 1067 1181 1065
f 1182 1183 1184
f 1184 1183 1181
f 1186 1187 1185
f 1185 1187 1188
f 1189 1190 798
f 798 1190 799
f 1192 1193 1191
f 1191 1193 1194
f 1195 1196 1194
f 1194 1196 1191
f 1196 1195 1198
f 1198 1195 1197
f 1200 674 1199
f 1199 674 673
f 928 1201 1203
f 1203 1201 1202
f 861 1204 862
f 862 1204 921
f 1205 1206 913
f 913 1206 1207
f 882 1208 879
f 879 1208 1209
f 1210 1211 1167
f 1167 1211 1164
f 1212 769 1213
f 1213 769 768
f 727 1214 728
f 728 1214 1215
f 1217 1218 1216
f 1216 1218 1219
f 1220 813 1221
f 1221 813 812
f 827 828 427
f 427 828 454
f 1223 1224 1222
f 1222 1224 1165
f 1226 1227 1225
f 1225 1227 1228
f 851 1229 848
f 848 1229 1230
f 834 854 835
f 835 854 1231
f 1233 1234 1232
f 1232 1234 1235
f 1237 751 1236
f 1236 751 750
f 743 819 1238
f 1238 819 821
f 1240 1241 1239
f 1239 1241 1242
f 1244 1245 1243
f 1243 1245 1246
f 844 1247 841
f 841 1247 1248
f 1250 1251 1249
f 1249 1251 1252
f 1254 893 1253
f 1253 893 1237
f 1255 1256 1258
f 1258 1256 1257
f 1260 1261 1259
f 1259 1261 1262
f 945 903 855
f 855 903 852
f 855 1263 945
f 945 1263 1264
f 832 845 801
f 801 845 803
f 800 721 803
f 803 721 801
f 721 800 722
f 722 800 799
f 1266 1267 1265
f 1265 1267 1268
f 1270 795 1269
f 1269 795 726
f 725 1271 726
f 726 1271 1269
f 737 765 738
f 738 765 764
f 759 740 760
f 760 740 739
f 717 1272 1274
f 1274 1272 1273
f 1163 1226 1275
f 1275 1226 1225
f 1277 882 1276
f 1276 882 881
f 1041 1040 1027
f 1027 1040 1026
f 900 935 901
f 901 935 934
f 1164 1278 1165
f 1165 1278 1222
f 1211 1279 1164
f 1164 1279 1278
f 442 1280 453
f 453 1280 1281
f 788 1282 785
f 785 1282 1283
f 1285 1286 1284
f 1284 1286 1287
f 1284 1288 1285
f 1285 1288 1289
f 757 1289 754
f 754 1289 1288
f 605 604 675
f 675 604 676
f 1290 1291 1293
f 1293 1291 1292
f 1295 1296 1294
f 1294 1296 1297
f 696 699 694
f 694 699 931
f 1298 1299 592
f 592 1299 589
f 1299 1300 589
f 589 1300 700
f 1300 1301 700
f 700 1301 701
f 743 745 819
f 819 745 805
f 1303 1304 1302
f 1302 1304 1305
f 1306 1307 1305
f 1305 1307 1302
f 609 1298 610
f 610 1298 592
f 587 822 588
f 588 822 1308
f 703 588 1309
f 1309 588 1308
f 1310 703 571
f 571 703 1309
f 1311 1312 789
f 789 1312 790
f 825 223 1313
f 1313 223 220
f 219 1314 220
f 220 1314 1313
f 1315 1316 1311
f 1311 1316 1312
f 1317 1318 1319
f 1319 1318 1241
f 441 1320 442
f 442 1320 1280
f 1321 217 572
f 572 217 216
f 1323 1230 1322
f 1322 1230 1229
f 1324 1325 631
f 631 1325 656
f 1034 1168 1010
f 1010 1168 1012
f 1327 1328 1326
f 1326 1328 1329
f 1331 1202 1330
f 1330 1202 1201
f 571 1309 572
f 572 1309 1321
f 573 572 1332
f 1332 572 216
f 1334 1335 1333
f 1333 1335 1336
f 1337 1338 918
f 918 1338 859
f 1339 863 1340
f 1340 863 866
f 1341 1342 1344
f 1344 1342 1343
f 1345 1346 919
f 919 1346 920
f 1347 1348 673
f 673 1348 1199
f 693 1349 928
f 928 1349 1201
f 1351 1257 1350
f 1350 1257 1256
f 1350 1352 1351
f 1351 1352 1353
f 653 930 654
f 654 930 662
f 1279 1354 1278
f 1278 1354 1355
f 1357 1358 1356
f 1356 1358 1359
f 937 1360 1140
f 1140 1360 1361
f 1225 1228 909
f 909 1228 964
f 901 934 1362
f 1362 934 1139
f 1364 1365 1363
f 1363 1365 1362
f 1367 912 1366
f 1366 912 911
f 1143 1142 1368
f 1368 1142 1369
f 1144 1186 1145
f 1145 1186 1185
f 1146 1175 1144
f 1144 1175 1186
f 1175 1146 1172
f 1172 1146 1148
f 1147 1018 1148
f 1148 1018 1172
f 1018 1147 1019
f 1019 1147 1149
f 1149 1150 1019
f 1019 1150 1370
f 1150 1151 1370
f 1370 1151 1371
f 1151 1153 1371
f 1371 1153 1177
f 1152 1156 1178
f 1178 1156 1372
f 1155 1158 1373
f 1373 1158 1374
f 1157 1159 1376
f 1376 1159 1375
f 1378 1379 1377
f 1377 1379 1380
f 1382 1383 1381
f 1381 1383 1384
f 1382 1386 1385
f 1385 1386 1387
f 1386 1233 1387
f 1387 1233 1232
f 1389 1390 1388
f 1388 1390 1391
f 1393 1394 1392
f 1392 1394 1395
f 1397 1398 1396
f 1396 1398 1399
f 629 1397 630
f 630 1397 1396
f 1342 1400 1343
f 1343 1400 1401
f 1403 1404 1402
f 1402 1404 1405
f 1407 1408 1406
f 1406 1408 1409
f 1411 1412 1410
f 1410 1412 1413
f 793 1414 794
f 794 1414 1415
f 1417 1341 1416
f 1416 1341 1344
f 704 705 1347
f 1347 705 1418
f 741 1419 742
f 742 1419 1420
f 1422 669 1421
f 1421 669 672
f 645 1423 646
f 646 1423 1424
f 1196 1198 614
f 614 1198 611
f 613 1425 614
f 614 1425 1426
f 1427 616 659
f 659 616 660
f 614 1426 1196
f 1196 1426 1191
f 696 594 697
f 697 594 590
f 697 590 700
f 700 590 589
f 703 1310 702
f 702 1310 1428
f 1421 672 1192
f 1192 672 689
f 1271 648 1269
f 1269 648 622
f 621 1270 622
f 622 1270 1269
f 1429 1430 1417
f 1417 1430 1341
f 1431 1432 1434
f 1434 1432 1433
f 1436 1437 1435
f 1435 1437 1438
f 1440 1441 1439
f 1439 1441 1442
f 1443 1444 1446
f 1446 1444 1445
f 823 809 938
f 938 809 817
f 810 1447 811
f 811 1447 1448
f 1449 1450 679
f 679 1450 706
f 913 916 1205
f 1205 916 1451
f 1275 1225 912
f 912 1225 909
f 1452 1453 880
f 880 1453 881
f 1444 1401 1445
f 1445 1401 1400
f 936 1454 937
f 937 1454 1360
f 824 1455 810
f 810 1455 1447
f 631 656 632
f 632 656 655
f 966 1456 967
f 967 1456 1457
f 1459 1460 1458
f 1458 1460 1461
f 1460 1462 1461
f 1461 1462 1463
f 972 974 973
f 973 974 975
f 990 995 991
f 991 995 994
f 1464 1187 1033
f 1033 1187 1174
f 1018 1021 1172
f 1172 1021 1173
f 1000 999 1001
f 1001 999 998
f 976 979 1022
f 1022 979 1032
f 1023 1024 980
f 980 1024 982
f 989 986 1171
f 1171 986 1169
f 1171 1170 989
f 989 1170 990
f 1170 1027 990
f 990 1027 995
f 1041 1039 998
f 998 1039 1001
f 1051 1063 1000
f 1000 1063 999
f 1066 1064 1051
f 1051 1064 1063
f 1183 1081 1066
f 1066 1081 1064
f 1178 1372 1103
f 1103 1372 1104
f 1092 1091 1465
f 1465 1091 1182
f 1467 1465 1466
f 1466 1465 1468
f 1469 1470 1184
f 1184 1470 1468
f 1095 1098 1471
f 1471 1098 1101
f 1076 1374 1120
f 1120 1374 1376
f 1110 1472 1127
f 1127 1472 1132
f 1472 1473 1132
f 1132 1473 1129
f 1474 1475 1466
f 1466 1475 1473
f 1119 1118 1116
f 1116 1118 1113
f 1375 1121 1376
f 1376 1121 1120
f 1127 1132 1128
f 1128 1132 1131
f 1227 1476 1228
f 1228 1476 1361
f 1365 1477 1362
f 1362 1477 872
f 1478 1479 1323
f 1323 1479 1230
f 1480 1481 914
f 914 1481 915
f 913 1277 914
f 914 1277 1276
f 1168 1034 1022
f 1022 1034 1023
f 1035 1036 1024
f 1024 1036 1025
f 1039 1041 1170
f 1170 1041 1027
f 1042 1148 1028
f 1028 1148 1146
f 968 1459 969
f 969 1459 1458
f 1482 1483 664
f 664 1483 665
f 1485 1486 1484
f 1484 1486 1487
f 1489 1490 1488
f 1488 1490 1491
f 1492 1493 722
f 722 1493 634
f 1495 1496 1494
f 1494 1496 1497
f 1498 1207 1339
f 1339 1207 863
f 1224 1499 1165
f 1165 1499 1166
f 1160 1163 1500
f 1500 1163 1275
f 1500 877 1160
f 1160 877 1501
f 876 873 1502
f 1502 873 1479
f 945 1264 851
f 851 1264 1229
f 835 1231 839
f 839 1231 871
f 1503 1283 778
f 778 1283 1282
f 716 715 1505
f 1505 715 1504
f 1446 1445 1507
f 1507 1445 1506
f 779 792 1381
f 1381 792 791
f 1430 1409 1341
f 1341 1409 1342
f 1411 1429 1508
f 1508 1429 1417
f 635 1510 1509
f 1509 1510 1511
f 1377 1380 1315
f 1315 1380 1316
f 1445 1400 1506
f 1506 1400 1408
f 918 917 1336
f 1336 917 1333
f 1513 1514 1512
f 1512 1514 870
f 1515 1516 1363
f 1363 1516 1364
f 1453 1517 881
f 881 1517 1276
f 992 1518 993
f 993 1518 1519
f 1520 1029 1518
f 1518 1029 955
f 1520 1026 1521
f 1521 1026 1040
f 1522 1015 1521
f 1521 1015 1043
f 996 1523 997
f 997 1523 1522
f 1060 1016 1524
f 1524 1016 1523
f 1061 1525 1062
f 1062 1525 1524
f 1079 1527 1526
f 1526 1527 1528
f 1093 1529 1094
f 1094 1529 1528
f 1111 1530 1112
f 1112 1530 1531
f 1532 1533 1105
f 1105 1533 1123
f 934 937 1139
f 1139 937 1140
f 1138 1363 1139
f 1139 1363 1362
f 1534 1222 1355
f 1355 1222 1278
f 1535 1223 1534
f 1534 1223 1222
f 821 587 1238
f 1238 587 586
f 1319 711 1317
f 1317 711 1536
f 1538 1200 1537
f 1537 1200 1199
f 1508 1417 1539
f 1539 1417 1416
f 1540 1541 840
f 840 1541 837
f 1231 898 871
f 871 898 901
f 1500 1275 1367
f 1367 1275 912
f 1543 1379 1542
f 1542 1379 1395
f 1539 772 1508
f 1508 772 1544
f 1546 1403 1545
f 1545 1403 1402
f 1548 1549 1547
f 1547 1549 1550
f 1552 1548 1551
f 1551 1548 1547
f 1554 1555 1553
f 1553 1555 1556
f 1558 1559 1557
f 1557 1559 1560
f 1562 1563 1561
f 1561 1563 1564
f 1566 1567 1565
f 1565 1567 1568
f 1570 1571 1569
f 1569 1571 1572
f 1574 1575 1573
f 1573 1575 1576
f 1577 1578 1572
f 1572 1578 1569
f 1580 1581 1579
f 1579 1581 1582
f 1584 1585 1583
f 1583 1585 1586
f 1588 1555 1587
f 1587 1555 1589
f 1591 1592 1590
f 1590 1592 1593
f 1595 1596 1594
f 1594 1596 1597
f 1596 1581 1597
f 1597 1581 1576
f 1599 1570 1598
f 1598 1570 1569
f 1601 1602 1600
f 1600 1602 1603
f 1605 1606 1604
f 1604 1606 1607
f 1608 1609 1568
f 1568 1609 1565
f 1611 1612 1610
f 1610 1612 1613
f 1615 1616 1614
f 1614 1616 1617
f 1619 1617 1618
f 1618 1617 1616
f 1621 1622 1620
f 1620 1622 1623
f 1625 1626 1624
f 1624 1626 1627
f 1629 1630 1628
f 1628 1630 1631
f 1633 1634 1632
f 1632 1634 1635
f 1636 1637 1639
f 1639 1637 1638
f 1641 1642 1640
f 1640 1642 1643
f 1624 1627 1644
f 1644 1627 1645
f 1647 1648 1646
f 1646 1648 1649
f 1651 1652 1650
f 1650 1652 1653
f 1655 1656 1654
f 1654 1656 1657
f 1659 1660 1658
f 1658 1660 1661
f 1662 1663 1631
f 1631 1663 1628
f 1651 1665 1664
f 1664 1665 1666
f 1667 1656 1619
f 1619 1656 1617
f 1669 1670 1668
f 1668 1670 1671
f 1632 1635 1672
f 1672 1635 1673
f 1674 1675 1638
f 1638 1675 1639
f 1677 1678 1676
f 1676 1678 1679
f 1680 1640 1681
f 1681 1640 1643
f 1682 1683 1643
f 1643 1683 1681
f 1670 1669 1235
f 1235 1669 1232
f 1396 1399 1674
f 1674 1399 1675
f 627 630 1679
f 1679 630 1676
f 1681 1315 1680
f 1680 1315 1311
f 1683 1377 1681
f 1681 1377 1315
f 1672 1673 1387
f 1387 1673 1385
f 1636 1684 1646
f 1646 1684 1685
f 1687 1688 1686
f 1686 1688 1689
f 1585 1690 1586
f 1586 1690 1691
f 1599 1692 1551
f 1551 1692 1693
f 1552 1558 1694
f 1694 1558 1557
f 1696 1615 1695
f 1695 1615 1614
f 1698 1699 1697
f 1697 1699 1623
f 1700 1701 1703
f 1703 1701 1702
f 1705 1706 1704
f 1704 1706 1707
f 1708 1709 1640
f 1640 1709 1641
f 1710 1711 1713
f 1713 1711 1712
f 1652 1655 1653
f 1653 1655 1654
f 1714 1699 1712
f 1712 1699 1713
f 1715 1710 1716
f 1716 1710 1713
f 1717 1708 1680
f 1680 1708 1640
f 1393 1392 1715
f 1715 1392 1710
f 1719 1720 1718
f 1718 1720 1721
f 1680 1311 1717
f 1717 1311 789
f 1378 1711 1392
f 1392 1711 1710
f 1388 1391 1719
f 1719 1391 1720
f 1723 1606 1722
f 1722 1606 1689
f 1725 1568 1724
f 1724 1568 1567
f 1726 1647 1685
f 1685 1647 1646
f 1728 1554 1727
f 1727 1554 1553
f 1591 1687 1600
f 1600 1687 1686
f 1730 1595 1729
f 1729 1595 1594
f 1601 1605 1731
f 1731 1605 1604
f 1733 1663 1732
f 1732 1663 1734
f 1736 1639 1735
f 1735 1639 1675
f 1658 1644 1737
f 1737 1644 1645
f 1726 1662 1724
f 1724 1662 1631
f 1399 1738 1675
f 1675 1738 1735
f 1621 1667 1739
f 1739 1667 1619
f 1714 1740 1620
f 1620 1740 1741
f 1592 1549 1593
f 1593 1549 1742
f 1602 1571 1603
f 1603 1571 1550
f 1688 1690 1689
f 1689 1690 1722
f 1588 1559 1582
f 1582 1559 1579
f 1673 1735 1385
f 1385 1735 1738
f 1387 1232 1672
f 1672 1232 1669
f 1580 1692 1573
f 1573 1692 1743
f 1377 1683 1378
f 1378 1683 1711
f 1664 1666 1744
f 1744 1666 1745
f 1744 1696 1664
f 1664 1696 1695
f 1746 1747 1732
f 1732 1747 1748
f 1749 1750 1677
f 1677 1750 1678
f 1709 1708 1750
f 1750 1708 1678
f 1668 1632 1669
f 1669 1632 1672
f 1633 1746 1734
f 1734 1746 1732
f 1679 1678 1717
f 1717 1678 1708
f 789 627 1717
f 1717 627 1679
f 1563 1723 1564
f 1564 1723 1722
f 1728 1584 1751
f 1751 1584 1583
f 1674 1676 1396
f 1396 1676 630
f 1666 1566 1745
f 1745 1566 1565
f 1627 1629 1645
f 1645 1629 1628
f 1637 1749 1638
f 1638 1749 1677
f 1648 1665 1649
f 1649 1665 1752
f 1740 1642 1741
f 1741 1642 1657
f 1676 1674 1677
f 1677 1674 1638
f 1683 1682 1711
f 1711 1682 1712
f 1618 1753 1619
f 1619 1753 1739
f 1701 1739 1702
f 1702 1739 1753
f 1754 1214 1756
f 1756 1214 1755
f 647 1757 619
f 619 1757 941
f 1759 1193 1758
f 1758 1193 691
f 1419 1760 1420
f 1420 1760 1761
f 682 1762 683
f 683 1762 1763
f 1412 780 1413
f 1413 780 1384
f 1383 1398 1384
f 1384 1398 1413
f 1197 1424 1764
f 1764 1424 1423
f 1537 1287 1538
f 1538 1287 1286
f 1634 1684 1635
f 1635 1684 1736
f 1724 1631 1725
f 1725 1631 1630
f 1562 1730 1610
f 1610 1730 1729
f 1735 1673 1736
f 1736 1673 1635
f 1757 1195 941
f 941 1195 1194
f 1766 200 1765
f 1765 200 199
f 475 500 476
f 476 500 479
f 498 558 483
f 483 558 487
f 545 551 546
f 546 551 550
f 453 1281 219
f 219 1281 1314
f 298 453 208
f 208 453 219
f 368 1765 1767
f 1767 1765 199
f 523 405 363
f 363 405 404
f 523 533 405
f 405 533 402
f 298 208 299
f 299 208 207
f 299 207 176
f 176 207 300
f 176 300 173
f 173 300 202
f 173 202 174
f 174 202 201
f 1337 918 1768
f 1768 918 1336
f 1769 1770 1338
f 1338 1770 859
f 581 570 578
f 578 570 1771
f 555 562 580
f 580 562 561
f 504 1772 501
f 501 1772 548
f 517 542 584
f 584 542 543
f 515 514 516
f 516 514 544
f 542 517 544
f 544 517 516
f 561 575 580
f 580 575 581
f 575 569 581
f 581 569 570
f 501 548 1773
f 1773 548 547
f 1774 1775 570
f 570 1775 1771
f 369 368 1776
f 1776 368 1767
f 372 369 375
f 375 369 1776
f 822 1280 1308
f 1308 1280 1320
f 820 1281 822
f 822 1281 1280
f 818 1314 820
f 820 1314 1281
f 1314 818 1313
f 1313 818 804
f 807 814 825
f 825 814 826
f 814 813 826
f 826 813 827
f 813 1220 827
f 827 1220 828
f 580 579 555
f 555 579 547
f 1477 1540 872
f 872 1540 840
f 367 499 368
f 368 499 1765
f 1766 1765 525
f 525 1765 499
f 1777 1766 526
f 526 1766 525
f 520 527 362
f 362 527 384
f 361 1778 519
f 519 1778 528
f 371 1779 372
f 372 1779 369
f 369 1779 370
f 370 1779 478
f 1779 371 478
f 478 371 374
f 1778 1777 528
f 528 1777 526
f 1781 1782 1780
f 1780 1782 1783
f 431 460 67
f 67 460 64
f 68 338 74
f 74 338 72
f 1785 1782 1784
f 1784 1782 1786
f 1787 1788 1790
f 1790 1788 1789
f 1792 1789 1791
f 1791 1789 1793
f 1791 1794 1792
f 1792 1794 1795
f 1794 1796 1795
f 1795 1796 1797
f 1797 1798 938
f 938 1798 868
f 1798 1799 868
f 868 1799 869
f 1801 1802 1800
f 1800 1802 1451
f 1803 1804 1205
f 1205 1804 1206
f 1805 1806 864
f 864 1806 865
f 1806 1807 865
f 865 1807 1808
f 68 71 338
f 287 328 288
f 1320 1321 1308
f 1308 1321 1309
f 1320 441 1321
f 1321 441 217
f 441 152 217
f 217 152 218
f 151 286 152
f 152 286 218
f 297 310 151
f 151 310 286
f 296 307 297
f 297 307 310
f 296 143 307
f 307 143 284
f 143 56 284
f 284 56 104
f 56 59 104
f 104 59 63
f 59 102 63
f 63 102 60
f 102 94 60
f 60 94 282
f 93 459 279
f 279 459 77
f 459 460 77
f 77 460 78
f 460 431 78
f 78 431 295
f 431 49 295
f 295 49 292
f 48 421 49
f 49 421 292
f 276 278 418
f 418 278 429
f 317 432 278
f 278 432 429
f 432 317 433
f 433 317 316
f 326 324 316
f 316 324 433
f 1536 592 1809
f 1809 592 591
f 1810 744 1812
f 1812 744 1811
f 1814 1815 1813
f 1813 1815 1816
f 1817 748 1818
f 1818 748 747
f 1812 1819 1810
f 1810 1819 1817
f 1820 1821 748
f 748 1821 749
f 1823 1824 1822
f 1822 1824 1825
f 1827 1828 1826
f 1826 1828 1829
f 1831 1832 1830
f 1830 1832 1833
f 1834 1827 1243
f 1243 1827 1826
f 1313 804 825
f 825 804 807
f 1835 1253 1236
f 1236 1253 1237
f 1836 1837 1438
f 1438 1837 1435
f 1838 1505 1840
f 1840 1505 1839
f 1841 1842 716
f 716 1842 713
f 1843 1844 1510
f 1510 1844 1845
f 1847 1848 1846
f 1846 1848 1849
f 1850 1240 1822
f 1822 1240 1239
f 636 1831 637
f 637 1831 1830
f 1852 1853 1851
f 1851 1853 1854
f 1855 1856 1858
f 1858 1856 1857
f 1846 1849 1859
f 1859 1849 1860
f 1343 1401 1509
f 1509 1401 1861
f 1509 1861 635
f 635 1861 636
f 1863 1864 1862
f 1862 1864 1865
f 1283 1503 1867
f 1867 1503 1866
f 1868 1867 681
f 681 1867 682
f 1286 1285 683
f 683 1285 684
f 757 756 1274
f 1274 756 1869
f 1274 1869 717
f 717 1869 718
f 1434 1433 719
f 719 1433 720
f 1200 1538 1545
f 1545 1538 1763
f 1285 1289 684
f 684 1289 1273
f 684 1273 681
f 681 1273 1272
f 785 1283 1868
f 1868 1283 1867
f 786 785 1870
f 1870 785 1868
f 1289 757 1273
f 1273 757 1274
f 1539 1416 1871
f 1871 1416 1872
f 773 1871 1403
f 1403 1871 1404
f 675 674 1405
f 1405 674 1402
f 1864 1873 1865
f 1865 1873 1874
f 638 1843 635
f 635 1843 1510
f 1344 1343 1511
f 1511 1343 1509
f 772 1539 773
f 773 1539 1871
f 674 1200 1402
f 1402 1200 1545
f 1538 1286 1763
f 1763 1286 683
f 1444 1443 1875
f 1875 1443 1876
f 1875 1876 1831
f 1831 1876 1832
f 1416 1344 1872
f 1872 1344 1511
f 1877 1878 774
f 774 1878 1879
f 1878 1847 1879
f 1879 1847 1846
f 1880 714 1881
f 1881 714 1848
f 1401 1444 1861
f 1861 1444 1875
f 1861 1875 636
f 636 1875 1831
f 1823 1863 1882
f 1882 1863 1862
f 1441 1440 1884
f 1884 1440 1883
f 1883 1852 1884
f 1884 1852 1851
f 1886 1887 1885
f 1885 1887 1888
f 1358 1889 1359
f 1359 1889 1890
f 1891 1886 1892
f 1892 1886 1885
f 774 1879 775
f 775 1879 1893
f 1859 1893 1846
f 1846 1893 1879
f 713 1842 1849
f 1849 1842 1860
f 1318 1895 1894
f 1894 1895 1896
f 1873 1897 1874
f 1874 1897 1898
f 1898 605 1899
f 1899 605 675
f 1405 1844 675
f 675 1844 1899
f 1404 1845 1405
f 1405 1845 1844
f 593 1296 591
f 591 1296 1809
f 1295 1292 1900
f 1900 1292 1895
f 606 1897 1291
f 1291 1897 1896
f 1510 1845 1511
f 1511 1845 1872
f 1871 1872 1404
f 1404 1872 1845
f 1866 770 1762
f 1762 770 1546
f 1762 682 1866
f 1866 682 1867
f 1870 1868 1272
f 1272 1868 681
f 1272 717 1870
f 1870 717 720
f 1870 720 786
f 786 720 1433
f 786 1433 787
f 787 1433 1432
f 1261 1414 1432
f 1432 1414 787
f 1389 1234 1260
f 1260 1234 1415
f 1719 1670 1388
f 1388 1670 1235
f 1718 1671 1719
f 1719 1671 1670
f 1705 1747 1718
f 1718 1747 1671
f 1659 1901 1704
f 1704 1901 1748
f 1877 1903 1902
f 1902 1903 1904
f 1259 1905 1390
f 1390 1905 1394
f 1715 1720 1393
f 1393 1720 1391
f 1716 1721 1715
f 1715 1721 1720
f 1698 1706 1716
f 1716 1706 1721
f 277 276 47
f 47 276 48
f 84 96 81
f 81 96 82
f 80 70 81
f 81 70 85
f 99 97 88
f 88 97 89
f 90 100 88
f 88 100 99
f 101 95 102
f 102 95 94
f 1906 1907 280
f 280 1907 281
f 97 86 89
f 89 86 85
f 60 282 61
f 61 282 281
f 83 82 46
f 46 82 47
f 293 292 420
f 420 292 421
f 419 1908 420
f 420 1908 1909
f 92 95 91
f 91 95 90
f 279 282 93
f 93 282 94
f 276 418 48
f 48 418 421
f 1910 1660 1697
f 1697 1660 1707
f 1703 1624 1700
f 1700 1624 1644
f 1622 1910 1623
f 1623 1910 1697
f 1701 1700 1911
f 1911 1700 1661
f 1700 1644 1661
f 1661 1644 1658
f 1901 1737 1733
f 1733 1737 1645
f 1625 1912 1604
f 1604 1912 1731
f 1912 1913 1731
f 1731 1913 1914
f 1913 1577 1914
f 1914 1577 1572
f 1915 1578 1616
f 1616 1578 1618
f 1915 1916 1598
f 1598 1916 1743
f 1916 1574 1743
f 1743 1574 1573
f 1575 1917 1576
f 1576 1917 1597
f 1917 1609 1597
f 1597 1609 1594
f 1608 1611 1729
f 1729 1611 1610
f 1918 1612 1629
f 1629 1612 1630
f 1626 1918 1627
f 1627 1918 1629
f 1920 1921 1919
f 1919 1921 1922
f 1920 1924 1923
f 1923 1924 1925
f 1926 1927 1924
f 1924 1927 1925
f 1929 1930 1928
f 1928 1930 1931
f 1932 1933 1935
f 1935 1933 1934
f 1937 1938 1936
f 1936 1938 1939
f 1941 1942 1940
f 1940 1942 1943
f 1941 1945 1944
f 1944 1945 1946
f 1947 1948 1694
f 1694 1948 1949
f 1950 1951 1953
f 1953 1951 1952
f 1955 1956 1954
f 1954 1956 1589
f 1958 1956 1957
f 1957 1956 1932
f 1960 1934 1959
f 1959 1934 1933
f 1962 1963 1961
f 1961 1963 1964
f 1965 1955 1751
f 1751 1955 1954
f 1935 1930 1932
f 1932 1930 1957
f 1951 1950 1926
f 1926 1950 1929
f 1966 1967 1593
f 1593 1967 1590
f 1969 1967 1968
f 1968 1967 1964
f 1962 1921 1970
f 1970 1921 1971
f 1963 1945 1964
f 1964 1945 1968
f 1972 1948 1922
f 1922 1948 1919
f 1966 1972 1961
f 1961 1972 1922
f 1958 1953 1587
f 1587 1953 1560
f 1974 1975 1973
f 1973 1975 1976
f 1978 1979 1977
f 1977 1979 1691
f 1979 1975 1691
f 1691 1975 1586
f 1938 1942 1939
f 1939 1942 1980
f 1952 1947 1557
f 1557 1947 1694
f 1969 1978 1981
f 1981 1978 1977
f 1983 1984 1982
f 1982 1984 1985
f 1986 1987 1989
f 1989 1987 1988
f 1990 1991 1983
f 1983 1991 1984
f 1990 1993 1992
f 1992 1993 1994
f 1995 1996 1994
f 1994 1996 1997
f 1999 2000 1998
f 1998 2000 2001
f 2003 2004 2002
f 2002 2004 2005
f 2007 2008 2006
f 2006 2008 2009
f 2011 2012 2010
f 2010 2012 2013
f 2014 2015 2017
f 2017 2015 2016
f 2018 2019 2021
f 2021 2019 2020
f 2022 1989 2024
f 2024 1989 2023
f 1989 1988 2023
f 2023 1988 2025
f 2026 2027 2017
f 2017 2027 2014
f 2029 2030 2028
f 2028 2030 2031
f 2033 2034 2032
f 2032 2034 2035
f 2032 2035 2036
f 2036 2035 2037
f 2039 2040 2038
f 2038 2040 2041
f 1982 2042 1983
f 1983 2042 2043
f 2045 2046 2044
f 2044 2046 2047
f 2049 2050 2048
f 2048 2050 2051
f 2053 2054 2052
f 2052 2054 2055
f 2057 2058 2056
f 2056 2058 2059
f 2060 2061 2033
f 2033 2061 2034
f 2063 2064 2062
f 2062 2064 2065
f 2066 2035 2067
f 2067 2035 2034
f 2069 2039 2068
f 2068 2039 2038
f 2025 2070 2023
f 2023 2070 2071
f 2072 2024 2071
f 2071 2024 2023
f 2074 2020 2073
f 2073 2020 2019
f 2050 2049 2047
f 2047 2049 2075
f 1983 2043 1990
f 1990 2043 1993
f 2006 2050 2007
f 2007 2050 2076
f 2050 2006 2051
f 2051 2006 2077
f 2079 2080 2078
f 2078 2080 2081
f 2082 2083 2085
f 2085 2083 2084
f 2010 2013 2086
f 2086 2013 2087
f 2089 2033 2088
f 2088 2033 2032
f 2090 2060 2089
f 2089 2060 2033
f 2092 2093 2091
f 2091 2093 2094
f 2096 1986 2095
f 2095 1986 2097
f 2097 1986 2022
f 2022 1986 1989
f 2015 2094 2016
f 2016 2094 2098
f 2016 2098 2100
f 2100 2098 2099
f 2017 2016 2101
f 2101 2016 2100
f 2017 2101 2026
f 2026 2101 2102
f 2100 2099 2104
f 2104 2099 2103
f 2104 2105 2100
f 2100 2105 2101
f 2105 2106 2101
f 2101 2106 2102
f 2108 2061 2107
f 2107 2061 2109
f 2111 2112 2110
f 2110 2112 2020
f 2020 2074 2110
f 2110 2074 2113
f 2115 2116 2114
f 2114 2116 2117
f 2118 2119 1995
f 1995 2119 2120
f 2121 2122 2027
f 2027 2122 2014
f 2047 2075 2044
f 2044 2075 2123
f 2124 2125 2127
f 2127 2125 2126
f 2129 2130 2128
f 2128 2130 2131
f 2132 2133 2057
f 2057 2133 2058
f 2134 1999 2136
f 2136 1999 2135
f 2055 2138 2137
f 2137 2138 2139
f 2141 2142 2140
f 2140 2142 2143
f 2083 2082 2064
f 2064 2082 2065
f 2082 2144 2065
f 2065 2144 2145
f 2040 2146 2041
f 2041 2146 2147
f 2060 2090 2148
f 2148 2090 2149
f 2048 2051 2137
f 2137 2051 2150
f 2151 1997 2135
f 2135 1997 1996
f 2152 2150 2077
f 2077 2150 2051
f 2046 2045 2118
f 2118 2045 2119
f 2154 2155 2153
f 2153 2155 2156
f 2158 2159 2157
f 2157 2159 2160
f 2162 2163 2161
f 2161 2163 2164
f 2164 2163 2165
f 2165 2163 2166
f 2168 2169 2167
f 2167 2169 2170
f 2003 2172 2171
f 2171 2172 2173
f 2174 2175 2002
f 2002 2175 2176
f 2145 2177 2065
f 2065 2177 2062
f 2178 2179 2180
f 2180 2179 2134
f 2181 2052 2152
f 2152 2052 2150
f 2040 2127 2146
f 2146 2127 2182
f 2130 2162 2131
f 2131 2162 2161
f 2052 2055 2150
f 2150 2055 2137
f 2184 2185 2183
f 2183 2185 2186
f 2159 2030 2160
f 2160 2030 2187
f 2146 2182 2029
f 2029 2182 2188
f 2189 2190 2192
f 2192 2190 2191
f 2172 2003 2176
f 2176 2003 2002
f 1998 2151 1999
f 1999 2151 2135
f 2177 2172 2062
f 2062 2172 2176
f 2172 2177 2173
f 2173 2177 2193
f 2063 2194 2064
f 2064 2194 2195
f 2066 2197 2196
f 2196 2197 2198
f 2002 2005 2174
f 2174 2005 2199
f 2004 2003 2200
f 2200 2003 2171
f 2198 2201 2171
f 2171 2201 2200
f 2197 2202 2198
f 2198 2202 2201
f 2202 2197 2203
f 2203 2197 2204
f 2196 2198 2173
f 2173 2198 2171
f 2205 2069 2170
f 2170 2069 2206
f 2197 2066 2204
f 2204 2066 2067
f 2107 2207 2108
f 2108 2207 2208
f 2210 2208 2209
f 2209 2208 2207
f 2185 2211 2212
f 2213 2214 2211
f 2211 2214 2212
f 1998 2001 2213
f 2213 2001 2214
f 2134 2215 1999
f 1999 2215 2000
f 2216 2217 2219
f 2219 2217 2218
f 2206 2220 2170
f 2170 2220 2167
f 2069 2068 2206
f 2206 2068 2221
f 2151 1998 2222
f 2222 1998 2213
f 2124 2039 2205
f 2205 2039 2069
f 2142 2223 2143
f 2143 2223 2128
f 2203 2186 2202
f 2202 2186 2185
f 2185 2184 2211
f 2211 2184 2224
f 2224 2225 2222
f 2222 2225 2226
f 2071 2227 2072
f 2072 2227 2228
f 2229 2074 2230
f 2230 2074 2073
f 2074 2229 2113
f 2113 2229 2231
f 2232 2225 2227
f 2227 2225 2224
f 2233 2234 2031
f 2031 2234 2028
f 2236 2231 2235
f 2235 2231 2229
f 2230 2183 2229
f 2229 2183 2235
f 2237 1987 2096
f 2096 1987 1986
f 2152 2238 2181
f 2181 2238 2239
f 2080 2240 2081
f 2081 2240 2241
f 2236 2242 1971
f 1971 2242 1970
f 1925 2113 1923
f 1923 2113 2231
f 2110 1927 2111
f 2111 1927 1928
f 2103 2111 1931
f 1931 2111 1928
f 1931 2243 2103
f 2103 2243 2104
f 2105 2104 2244
f 2244 2104 2243
f 1939 1980 2148
f 2148 1980 2109
f 1980 1944 2109
f 2109 1944 2107
f 1946 2245 2207
f 2207 2245 2209
f 2245 1970 2209
f 2209 1970 2242
f 2231 2236 1923
f 1923 2236 1971
f 2113 1925 2110
f 2110 1925 1927
f 2234 2246 2028
f 2028 2246 2147
f 2247 2248 2058
f 2058 2248 2059
f 2114 2117 2249
f 2249 2117 2250
f 2252 2253 2251
f 2251 2253 2254
f 2094 2015 2091
f 2091 2015 2255
f 2256 2255 2014
f 2014 2255 2015
f 2257 2145 2258
f 2258 2145 2144
f 2131 2161 2123
f 2123 2161 2044
f 2045 2044 2164
f 2164 2044 2161
f 2045 2164 2119
f 2119 2164 2165
f 2259 2120 2165
f 2165 2120 2119
f 2260 2261 2259
f 2259 2261 2120
f 2205 2262 2124
f 2124 2262 2125
f 2180 2263 2178
f 2178 2263 2264
f 2265 2266 2092
f 2092 2266 2093
f 1992 2267 2268
f 2184 2228 2224
f 2224 2228 2227
f 2048 2269 2049
f 2049 2269 2141
f 2129 2168 2157
f 2157 2168 2167
f 2049 2141 2075
f 2075 2141 2140
f 2199 2215 2270
f 2270 2215 2271
f 2142 2141 2272
f 2272 2141 2269
f 2089 2026 2090
f 2090 2026 2102
f 2146 2029 2147
f 2147 2029 2028
f 2111 2103 2112
f 2112 2103 2099
f 2061 2060 2109
f 2109 2060 2148
f 2273 2274 2041
f 2041 2274 2038
f 2260 2275 2261
f 2261 2275 2136
f 2057 2138 2132
f 2132 2138 2276
f 2272 2269 2056
f 2056 2269 2139
f 2277 2278 2270
f 2270 2278 2199
f 2029 2188 2030
f 2030 2188 2187
f 2040 2039 2127
f 2127 2039 2124
f 2064 2195 2083
f 2083 2195 2279
f 2056 2139 2057
f 2057 2139 2138
f 2278 2277 2247
f 2247 2277 2248
f 2062 2176 2063
f 2063 2176 2175
f 2280 2210 2242
f 2242 2210 2209
f 2282 2233 2281
f 2281 2233 2031
f 2216 2219 2283
f 2283 2219 2221
f 2158 2220 2218
f 2218 2220 2219
f 2217 2282 2218
f 2218 2282 2281
f 2220 2158 2167
f 2167 2158 2157
f 2223 2264 2128
f 2128 2264 2263
f 2261 1996 2120
f 2120 1996 1995
f 2213 2211 2222
f 2222 2211 2224
f 2283 2221 2284
f 2284 2221 2068
f 2135 1996 2136
f 2136 1996 2261
f 2144 2081 2258
f 2258 2081 2241
f 2235 2280 2236
f 2236 2280 2242
f 2246 2273 2147
f 2147 2273 2041
f 2036 2285 2032
f 2032 2285 2088
f 2077 2286 2152
f 2152 2286 2238
f 1937 1960 1973
f 1973 1960 1959
f 2070 2232 2071
f 2071 2232 2227
f 2244 2287 2105
f 2105 2287 2106
f 1936 1939 2149
f 2149 1939 2148
f 1944 1946 2107
f 2107 1946 2207
f 2285 2121 2088
f 2088 2121 2027
f 2253 2249 2254
f 2254 2249 2250
f 2006 2009 2077
f 2077 2009 2286
f 2289 2086 2288
f 2288 2086 2087
f 2223 2142 2290
f 2290 2142 2272
f 2128 2131 2143
f 2143 2131 2123
f 2156 2291 2153
f 2153 2291 2175
f 2292 2293 2278
f 2278 2293 2294
f 2075 2140 2123
f 2123 2140 2143
f 2262 2169 2275
f 2275 2169 2180
f 2275 2180 2136
f 2136 2180 2134
f 2274 2284 2038
f 2038 2284 2068
f 2127 2126 2182
f 2182 2126 2166
f 2094 2093 2098
f 2098 2093 2021
f 2098 2021 2099
f 2099 2021 2112
f 2018 2021 2266
f 2266 2021 2093
f 2251 2289 2252
f 2252 2289 2288
f 1997 2151 2226
f 2226 2151 2222
f 2206 2221 2220
f 2220 2221 2219
f 2269 2048 2139
f 2139 2048 2137
f 2159 2158 2281
f 2281 2158 2218
f 2156 2155 2190
f 2190 2155 2191
f 1974 1965 1583
f 1583 1965 1751
f 2088 2027 2089
f 2089 2027 2026
f 2030 2159 2031
f 2031 2159 2281
f 2106 2149 2102
f 2102 2149 2090
f 2287 1936 2106
f 2106 1936 2149
f 2293 2154 2294
f 2294 2154 2153
f 2021 2020 2112
f 2247 2295 2278
f 2278 2295 2292
f 2284 2296 2283
f 2283 2296 2297
f 2298 2296 2274
f 2274 2296 2284
f 2273 2299 2274
f 2274 2299 2298
f 2246 2300 2273
f 2273 2300 2299
f 2283 2297 2216
f 2216 2297 2301
f 2216 2301 2217
f 2217 2301 2302
f 2302 2303 2217
f 2217 2303 2282
f 2304 2301 2305
f 2305 2301 2297
f 2307 2308 2306
f 2306 2308 2309
f 2306 2310 2307
f 2307 2310 2311
f 2307 2312 2308
f 2308 2312 2313
f 2314 2315 2312
f 2312 2315 2316
f 2316 2317 2312
f 2312 2317 2313
f 2317 2305 2313
f 2313 2305 2318
f 2314 2312 2311
f 2311 2312 2307
f 2319 2320 2322
f 2322 2320 2321
f 2322 2311 2319
f 2319 2311 2310
f 2313 2318 2308
f 2308 2318 2309
f 2296 2298 2318
f 2318 2298 2309
f 2309 2298 2323
f 2323 2298 2299
f 2306 2309 2324
f 2324 2309 2323
f 2310 2306 2325
f 2325 2306 2324
f 2296 2318 2297
f 2297 2318 2305
f 2319 2310 2326
f 2326 2310 2325
f 2328 2325 2327
f 2327 2325 2324
f 2325 2328 2326
f 2326 2328 2329
f 2331 2328 2330
f 2330 2328 2327
f 2332 2333 2327
f 2327 2333 2330
f 2328 2331 2329
f 2329 2331 2334
f 2324 2323 2327
f 2327 2323 2332
f 2300 2332 2299
f 2299 2332 2323
f 2326 2335 2319
f 2319 2335 2320
f 2305 2317 2336
f 2336 2317 2316
f 2336 2316 2337
f 2337 2316 2315
f 2338 2304 2336
f 2336 2304 2305
f 2337 2339 2336
f 2336 2339 2338
f 2337 2315 2341
f 2341 2315 2340
f 2342 2300 2234
f 2234 2300 2246
f 2303 2343 2282
f 2282 2343 2233
f 2234 2233 2342
f 2342 2233 2343
f 2342 2343 2333
f 2333 2343 2344
f 2333 2344 2330
f 2330 2344 2345
f 2346 2344 2303
f 2303 2344 2343
f 2332 2300 2333
f 2333 2300 2342
f 2347 2346 2302
f 2302 2346 2303
f 2301 2304 2302
f 2302 2304 2347
f 2304 2338 2347
f 2347 2338 2348
f 2348 2349 2347
f 2347 2349 2346
f 2350 2351 2348
f 2348 2351 2349
f 2349 2345 2346
f 2346 2345 2344
f 2345 2349 2352
f 2352 2349 2351
f 2338 2339 2348
f 2348 2339 2350
f 2350 2339 2353
f 2353 2339 2354
f 2356 2357 2355
f 2355 2357 2353
f 2351 2350 2357
f 2357 2350 2353
f 2353 2354 2355
f 2355 2354 2335
f 2320 2335 2341
f 2341 2335 2354
f 2339 2337 2354
f 2354 2337 2341
f 2352 2331 2345
f 2345 2331 2330
f 2356 2334 2352
f 2352 2334 2331
f 2356 2352 2357
f 2357 2352 2351
f 2355 2329 2356
f 2356 2329 2334
f 2335 2326 2355
f 2355 2326 2329
f 2321 2314 2322
f 2322 2314 2311
f 2321 2320 2340
f 2340 2320 2341
f 2315 2314 2340
f 2340 2314 2321
f 2125 2260 2126
f 2126 2260 2259
f 2157 2160 2129
f 2129 2160 2130
f 2188 2163 2187
f 2187 2163 2162
f 2182 2166 2188
f 2188 2166 2163
f 2180 2169 2263
f 2263 2169 2168
f 2160 2187 2130
f 2130 2187 2162
f 2275 2260 2262
f 2262 2260 2125
f 2128 2263 2129
f 2129 2263 2168
f 2262 2205 2169
f 2169 2205 2170
f 2165 2166 2259
f 2259 2166 2126
f 2359 2360 2358
f 2358 2360 2361
f 2363 2364 2362
f 2362 2364 2365
f 2367 2363 2366
f 2366 2363 2362
f 2368 2369 2371
f 2371 2369 2370
f 2372 2373 2248
f 2248 2373 2059
f 2364 2374 2365
f 2365 2374 2375
f 2377 2378 2376
f 2376 2378 2379
f 2290 2380 2223
f 2223 2380 2381
f 2223 2381 2264
f 2264 2381 2382
f 2384 2385 2383
f 2383 2385 2386
f 2364 2371 2374
f 2374 2371 2387
f 2059 2373 2290
f 2290 2373 2380
f 2378 2360 2379
f 2379 2360 2388
f 2374 2387 2359
f 2359 2387 2389
f 2390 2367 2386
f 2386 2367 2391
f 2393 2394 2392
f 2392 2394 2395
f 2386 2391 2383
f 2383 2391 2396
f 2367 2366 2391
f 2391 2366 2397
f 2363 2367 2368
f 2368 2367 2390
f 2398 2399 2361
f 2361 2399 2358
f 2399 2400 2358
f 2358 2400 2375
f 2390 2401 2368
f 2368 2401 2369
f 2372 2384 2376
f 2376 2384 2383
f 2374 2359 2375
f 2375 2359 2358
f 2402 2403 2365
f 2365 2403 2362
f 2359 2389 2360
f 2360 2389 2388
f 2364 2363 2371
f 2371 2363 2368
f 2405 2398 2404
f 2404 2398 2361
f 2392 2395 2406
f 2406 2395 2397
f 2377 2396 2394
f 2394 2396 2395
f 2394 2393 2404
f 2404 2393 2405
f 2396 2377 2383
f 2383 2377 2376
f 2406 2397 2407
f 2407 2397 2366
f 2400 2402 2375
f 2375 2402 2365
f 2385 2270 2401
f 2401 2270 2271
f 2403 2407 2362
f 2362 2407 2366
f 2371 2370 2387
f 2387 2370 2382
f 2391 2397 2396
f 2396 2397 2395
f 2378 2377 2404
f 2404 2377 2394
f 2360 2378 2361
f 2361 2378 2404
f 2407 2408 2406
f 2406 2408 2409
f 2410 2408 2403
f 2403 2408 2407
f 2411 2410 2402
f 2402 2410 2403
f 2412 2411 2400
f 2400 2411 2402
f 2406 2409 2392
f 2392 2409 2413
f 2392 2413 2393
f 2393 2413 2414
f 2415 2405 2414
f 2414 2405 2393
f 2416 2413 2417
f 2417 2413 2409
f 2419 2420 2418
f 2418 2420 2421
f 2420 2422 2421
f 2421 2422 2423
f 2420 2424 2422
f 2422 2424 2425
f 2426 2427 2424
f 2424 2427 2428
f 2428 2429 2424
f 2424 2429 2425
f 2426 2424 2419
f 2419 2424 2420
f 2419 2418 2431
f 2431 2418 2430
f 2425 2432 2422
f 2422 2432 2423
f 2408 2410 2432
f 2432 2410 2423
f 2423 2410 2433
f 2433 2410 2411
f 2421 2423 2434
f 2434 2423 2433
f 2435 2418 2434
f 2434 2418 2421
f 2429 2417 2425
f 2425 2417 2432
f 2408 2432 2409
f 2409 2432 2417
f 2418 2435 2430
f 2430 2435 2436
f 2438 2435 2437
f 2437 2435 2434
f 2435 2438 2436
f 2436 2438 2439
f 2441 2438 2440
f 2440 2438 2437
f 2442 2443 2437
f 2437 2443 2440
f 2439 2438 2444
f 2444 2438 2441
f 2433 2442 2434
f 2434 2442 2437
f 2412 2442 2411
f 2411 2442 2433
f 2436 2445 2430
f 2430 2445 2446
f 2430 2446 2431
f 2431 2446 2447
f 2417 2429 2448
f 2448 2429 2428
f 2427 2449 2428
f 2428 2449 2448
f 2450 2416 2448
f 2448 2416 2417
f 2451 2450 2449
f 2449 2450 2448
f 2427 2452 2449
f 2449 2452 2453
f 2447 2446 2452
f 2452 2446 2453
f 2454 2412 2399
f 2399 2412 2400
f 2415 2455 2405
f 2405 2455 2398
f 2399 2398 2454
f 2454 2398 2455
f 2454 2455 2443
f 2443 2455 2456
f 2443 2456 2440
f 2440 2456 2457
f 2458 2456 2415
f 2415 2456 2455
f 2443 2442 2454
f 2454 2442 2412
f 2459 2458 2414
f 2414 2458 2415
f 2413 2416 2414
f 2414 2416 2459
f 2459 2416 2460
f 2460 2416 2450
f 2460 2461 2459
f 2459 2461 2458
f 2462 2463 2460
f 2460 2463 2461
f 2461 2457 2458
f 2458 2457 2456
f 2457 2461 2464
f 2464 2461 2463
f 2451 2462 2450
f 2450 2462 2460
f 2462 2451 2465
f 2465 2451 2466
f 2468 2469 2467
f 2467 2469 2465
f 2463 2462 2469
f 2469 2462 2465
f 2465 2466 2467
f 2467 2466 2445
f 2446 2445 2453
f 2453 2445 2466
f 2451 2449 2466
f 2466 2449 2453
f 2464 2441 2457
f 2457 2441 2440
f 2468 2444 2464
f 2464 2444 2441
f 2468 2464 2469
f 2469 2464 2463
f 2467 2439 2468
f 2468 2439 2444
f 2445 2436 2467
f 2467 2436 2439
f 2447 2426 2431
f 2431 2426 2419
f 2427 2426 2452
f 2452 2426 2447
f 2369 2179 2370
f 2370 2179 2178
f 2376 2379 2372
f 2372 2379 2373
f 2389 2381 2388
f 2388 2381 2380
f 2387 2382 2389
f 2389 2382 2381
f 2270 2385 2277
f 2277 2385 2384
f 2379 2388 2373
f 2373 2388 2380
f 2401 2271 2369
f 2369 2271 2179
f 2248 2277 2372
f 2372 2277 2384
f 2401 2390 2385
f 2385 2390 2386
f 2264 2382 2178
f 2178 2382 2370
f 2215 2134 2271
f 2271 2134 2179
f 2005 2000 2199
f 2199 2000 2215
f 2004 2001 2005
f 2005 2001 2000
f 2200 2214 2004
f 2004 2214 2001
f 2470 2471 2473
f 2473 2471 2472
f 2475 2476 2474
f 2474 2476 2477
f 2479 2475 2478
f 2478 2475 2474
f 2481 2482 2480
f 2480 2482 2483
f 2476 2484 2477
f 2477 2484 2485
f 2487 2488 2486
f 2486 2488 2489
f 2133 2490 2058
f 2058 2490 2491
f 2058 2491 2247
f 2247 2491 2492
f 2494 2495 2493
f 2493 2495 2496
f 2476 2483 2484
f 2484 2483 2497
f 2472 2498 2488
f 2488 2498 2489
f 2484 2497 2471
f 2471 2497 2499
f 2500 2479 2496
f 2496 2479 2501
f 2502 2503 2505
f 2505 2503 2504
f 2496 2501 2493
f 2493 2501 2506
f 2479 2478 2501
f 2501 2478 2507
f 2475 2479 2480
f 2480 2479 2500
f 2508 2509 2473
f 2473 2509 2470
f 2509 2510 2470
f 2470 2510 2485
f 2511 2481 2500
f 2500 2481 2480
f 2512 2494 2486
f 2486 2494 2493
f 2485 2484 2470
f 2470 2484 2471
f 2513 2514 2477
f 2477 2514 2474
f 2471 2499 2472
f 2472 2499 2498
f 2476 2475 2483
f 2483 2475 2480
f 2516 2508 2515
f 2515 2508 2473
f 2502 2505 2517
f 2517 2505 2507
f 2504 2487 2505
f 2505 2487 2506
f 2503 2516 2504
f 2504 2516 2515
f 2506 2487 2493
f 2493 2487 2486
f 2517 2507 2518
f 2518 2507 2478
f 2510 2513 2485
f 2485 2513 2477
f 2511 2495 2293
f 2293 2495 2154
f 2514 2518 2474
f 2474 2518 2478
f 2483 2482 2497
f 2497 2482 2492
f 2501 2507 2506
f 2506 2507 2505
f 2488 2487 2515
f 2515 2487 2504
f 2472 2488 2473
f 2473 2488 2515
f 2518 2519 2517
f 2517 2519 2520
f 2521 2519 2514
f 2514 2519 2518
f 2522 2521 2513
f 2513 2521 2514
f 2523 2522 2510
f 2510 2522 2513
f 2517 2520 2502
f 2502 2520 2524
f 2502 2524 2503
f 2503 2524 2525
f 2525 2526 2503
f 2503 2526 2516
f 2527 2524 2528
f 2528 2524 2520
f 2530 2531 2529
f 2529 2531 2532
f 2531 2533 2532
f 2532 2533 2534
f 2531 2535 2533
f 2533 2535 2536
f 2537 2538 2535
f 2535 2538 2539
f 2539 2540 2535
f 2535 2540 2536
f 2537 2535 2530
f 2530 2535 2531
f 2529 2541 2530
f 2530 2541 2542
f 2543 2534 2536
f 2536 2534 2533
f 2519 2521 2543
f 2543 2521 2534
f 2534 2521 2544
f 2544 2521 2522
f 2532 2534 2545
f 2545 2534 2544
f 2529 2532 2546
f 2546 2532 2545
f 2536 2540 2543
f 2543 2540 2528
f 2519 2543 2520
f 2520 2543 2528
f 2541 2529 2547
f 2547 2529 2546
f 2548 2549 2545
f 2545 2549 2546
f 2549 2550 2546
f 2546 2550 2547
f 2551 2552 2548
f 2548 2552 2549
f 2548 2553 2551
f 2551 2553 2554
f 2550 2549 2555
f 2555 2549 2552
f 2545 2544 2548
f 2548 2544 2553
f 2523 2553 2522
f 2522 2553 2544
f 2547 2556 2541
f 2541 2556 2557
f 2541 2557 2542
f 2542 2557 2558
f 2528 2540 2559
f 2559 2540 2539
f 2538 2560 2539
f 2539 2560 2559
f 2561 2527 2559
f 2559 2527 2528
f 2560 2562 2559
f 2559 2562 2561
f 2560 2538 2564
f 2564 2538 2563
f 2558 2557 2563
f 2563 2557 2564
f 2565 2523 2509
f 2509 2523 2510
f 2526 2566 2516
f 2516 2566 2508
f 2509 2508 2565
f 2565 2508 2566
f 2565 2566 2554
f 2554 2566 2567
f 2554 2567 2551
f 2551 2567 2568
f 2569 2567 2526
f 2526 2567 2566
f 2553 2523 2554
f 2554 2523 2565
f 2570 2569 2525
f 2525 2569 2526
f 2524 2527 2525
f 2525 2527 2570
f 2527 2561 2570
f 2570 2561 2571
f 2571 2572 2570
f 2570 2572 2569
f 2573 2574 2571
f 2571 2574 2572
f 2572 2568 2569
f 2569 2568 2567
f 2568 2572 2575
f 2575 2572 2574
f 2562 2573 2561
f 2561 2573 2571
f 2573 2562 2576
f 2576 2562 2577
f 2579 2580 2578
f 2578 2580 2576
f 2574 2573 2580
f 2580 2573 2576
f 2576 2577 2578
f 2578 2577 2556
f 2557 2556 2564
f 2564 2556 2577
f 2562 2560 2577
f 2577 2560 2564
f 2575 2552 2568
f 2568 2552 2551
f 2579 2555 2575
f 2575 2555 2552
f 2579 2575 2580
f 2580 2575 2574
f 2550 2555 2578
f 2578 2555 2579
f 2556 2547 2578
f 2578 2547 2550
f 2558 2537 2542
f 2542 2537 2530
f 2538 2537 2563
f 2563 2537 2558
f 2292 2295 2481
f 2481 2295 2482
f 2486 2489 2512
f 2512 2489 2581
f 2499 2491 2498
f 2498 2491 2490
f 2497 2492 2499
f 2499 2492 2491
f 2155 2154 2494
f 2494 2154 2495
f 2581 2489 2490
f 2490 2489 2498
f 2293 2292 2511
f 2511 2292 2481
f 2191 2155 2512
f 2512 2155 2494
f 2500 2496 2511
f 2511 2496 2495
f 2247 2492 2295
f 2295 2492 2482
f 2583 2584 2582
f 2582 2584 2585
f 2587 2588 2586
f 2586 2588 2589
f 2591 2587 2590
f 2590 2587 2586
f 2593 2594 2592
f 2592 2594 2595
f 2596 2597 2599
f 2599 2597 2598
f 2588 2600 2589
f 2589 2600 2601
f 2602 2603 2605
f 2605 2603 2604
f 2606 2607 2609
f 2609 2607 2608
f 2609 2608 2190
f 2190 2608 2610
f 2611 2612 2614
f 2614 2612 2613
f 2600 2588 2615
f 2615 2588 2595
f 2599 2598 2606
f 2606 2598 2607
f 2584 2616 2604
f 2604 2616 2605
f 2600 2615 2583
f 2583 2615 2617
f 2591 2619 2618
f 2618 2619 2614
f 2621 2622 2620
f 2620 2622 2623
f 2619 2624 2614
f 2614 2624 2611
f 2591 2590 2619
f 2619 2590 2625
f 2587 2591 2592
f 2592 2591 2618
f 2626 2627 2585
f 2585 2627 2582
f 2627 2628 2582
f 2582 2628 2601
f 2629 2593 2618
f 2618 2593 2592
f 2602 2597 2611
f 2611 2597 2612
f 2600 2583 2601
f 2601 2583 2582
f 2630 2631 2589
f 2589 2631 2586
f 2583 2617 2584
f 2584 2617 2616
f 2588 2587 2595
f 2595 2587 2592
f 2633 2626 2632
f 2632 2626 2585
f 2620 2623 2634
f 2634 2623 2625
f 2622 2603 2623
f 2623 2603 2624
f 2621 2633 2622
f 2622 2633 2632
f 2611 2624 2602
f 2602 2624 2603
f 2634 2625 2635
f 2635 2625 2590
f 2628 2630 2601
f 2601 2630 2589
f 2613 2195 2629
f 2629 2195 2194
f 2631 2635 2586
f 2586 2635 2590
f 2595 2594 2615
f 2615 2594 2610
f 2619 2625 2624
f 2624 2625 2623
f 2632 2604 2622
f 2622 2604 2603
f 2585 2584 2632
f 2632 2584 2604
f 2635 2636 2634
f 2634 2636 2637
f 2638 2636 2631
f 2631 2636 2635
f 2639 2638 2630
f 2630 2638 2631
f 2640 2639 2628
f 2628 2639 2630
f 2634 2637 2620
f 2620 2637 2641
f 2620 2641 2621
f 2621 2641 2642
f 2642 2643 2621
f 2621 2643 2633
f 2641 2637 2644
f 2644 2637 2645
f 2646 2647 2649
f 2649 2647 2648
f 2648 2650 2649
f 2649 2650 2651
f 2648 2652 2650
f 2650 2652 2653
f 2652 2654 2656
f 2656 2654 2655
f 2656 2657 2652
f 2652 2657 2653
f 2654 2652 2647
f 2647 2652 2648
f 2647 2646 2659
f 2659 2646 2658
f 2660 2651 2653
f 2653 2651 2650
f 2636 2638 2660
f 2660 2638 2651
f 2651 2638 2661
f 2661 2638 2639
f 2651 2661 2649
f 2649 2661 2662
f 2663 2646 2662
f 2662 2646 2649
f 2653 2657 2660
f 2660 2657 2645
f 2636 2660 2637
f 2637 2660 2645
f 2646 2663 2658
f 2658 2663 2664
f 2665 2666 2662
f 2662 2666 2663
f 2666 2667 2663
f 2663 2667 2664
f 2668 2669 2665
f 2665 2669 2666
f 2665 2670 2668
f 2668 2670 2671
f 2667 2666 2672
f 2672 2666 2669
f 2662 2661 2665
f 2665 2661 2670
f 2640 2670 2639
f 2639 2670 2661
f 2673 2674 2664
f 2664 2674 2658
f 2658 2674 2659
f 2659 2674 2675
f 2645 2657 2676
f 2676 2657 2656
f 2677 2676 2655
f 2655 2676 2656
f 2676 2678 2645
f 2645 2678 2644
f 2677 2679 2676
f 2676 2679 2678
f 2655 2680 2677
f 2677 2680 2681
f 2675 2674 2680
f 2680 2674 2681
f 2682 2640 2627
f 2627 2640 2628
f 2643 2683 2633
f 2633 2683 2626
f 2682 2627 2683
f 2683 2627 2626
f 2683 2684 2682
f 2682 2684 2671
f 2684 2685 2671
f 2671 2685 2668
f 2686 2684 2643
f 2643 2684 2683
f 2670 2640 2671
f 2671 2640 2682
f 2687 2686 2642
f 2642 2686 2643
f 2642 2641 2687
f 2687 2641 2644
f 2687 2644 2688
f 2688 2644 2678
f 2688 2689 2687
f 2687 2689 2686
f 2690 2691 2688
f 2688 2691 2689
f 2689 2685 2686
f 2686 2685 2684
f 2685 2689 2692
f 2692 2689 2691
f 2679 2690 2678
f 2678 2690 2688
f 2690 2679 2693
f 2693 2679 2694
f 2696 2697 2695
f 2695 2697 2693
f 2691 2690 2697
f 2697 2690 2693
f 2693 2694 2695
f 2695 2694 2673
f 2674 2673 2681
f 2681 2673 2694
f 2679 2677 2694
f 2694 2677 2681
f 2685 2692 2668
f 2668 2692 2669
f 2696 2672 2692
f 2692 2672 2669
f 2696 2692 2697
f 2697 2692 2691
f 2695 2667 2696
f 2696 2667 2672
f 2673 2664 2695
f 2695 2664 2667
f 2675 2654 2659
f 2659 2654 2647
f 2655 2654 2680
f 2680 2654 2675
f 2291 2156 2593
f 2593 2156 2594
f 2597 2602 2598
f 2598 2602 2605
f 2616 2617 2607
f 2607 2617 2608
f 2615 2610 2617
f 2617 2610 2608
f 2597 2596 2612
f 2612 2596 2698
f 2598 2605 2607
f 2607 2605 2616
f 2194 2291 2629
f 2629 2291 2593
f 2629 2618 2613
f 2613 2618 2614
f 2190 2610 2156
f 2156 2610 2594
f 2700 2010 2699
f 2699 2010 2086
f 2267 2701 2116
f 2116 2701 2702
f 2116 2702 2117
f 2117 2702 2703
f 2704 2705 2250
f 2250 2705 2254
f 2011 2706 2267
f 2267 2706 2701
f 2699 2086 2707
f 2707 2086 2289
f 2010 2700 2011
f 2011 2700 2706
f 2708 2707 2251
f 2251 2707 2289
f 2703 2704 2117
f 2117 2704 2250
f 2705 2708 2254
f 2254 2708 2251
f 2709 2710 2708
f 2708 2710 2707
f 2711 2709 2705
f 2705 2709 2708
f 2712 2711 2704
f 2704 2711 2705
f 2713 2712 2703
f 2703 2712 2704
f 2707 2710 2699
f 2699 2710 2714
f 2699 2714 2700
f 2700 2714 2715
f 2716 2706 2715
f 2715 2706 2700
f 2714 2710 2717
f 2717 2710 2718
f 2720 2721 2719
f 2719 2721 2722
f 2721 2723 2722
f 2722 2723 2724
f 2721 2725 2723
f 2723 2725 2726
f 2727 2728 2725
f 2725 2728 2726
f 2729 2725 2720
f 2720 2725 2721
f 2731 2729 2730
f 2730 2729 2720
f 2719 2732 2720
f 2720 2732 2730
f 2726 2733 2723
f 2723 2733 2724
f 2709 2711 2733
f 2733 2711 2724
f 2724 2711 2734
f 2734 2711 2712
f 2722 2724 2735
f 2735 2724 2734
f 2719 2722 2736
f 2736 2722 2735
f 2726 2728 2733
f 2733 2728 2718
f 2709 2733 2710
f 2710 2733 2718
f 2732 2719 2737
f 2737 2719 2736
f 2738 2739 2735
f 2735 2739 2736
f 2739 2740 2736
f 2736 2740 2737
f 2741 2742 2738
f 2738 2742 2739
f 2738 2743 2741
f 2741 2743 2744
f 2740 2739 2745
f 2745 2739 2742
f 2735 2734 2738
f 2738 2734 2743
f 2713 2743 2712
f 2712 2743 2734
f 2737 2746 2732
f 2732 2746 2747
f 2732 2747 2730
f 2730 2747 2731
f 2718 2728 2748
f 2748 2728 2727
f 2749 2750 2727
f 2727 2750 2748
f 2748 2751 2718
f 2718 2751 2717
f 2750 2752 2748
f 2748 2752 2751
f 2750 2749 2754
f 2754 2749 2753
f 2731 2747 2753
f 2753 2747 2754
f 2727 2725 2749
f 2749 2725 2729
f 2749 2729 2753
f 2753 2729 2731
f 2702 2755 2703
f 2703 2755 2713
f 2706 2716 2701
f 2701 2716 2756
f 2755 2702 2756
f 2756 2702 2701
f 2756 2757 2755
f 2755 2757 2744
f 2757 2758 2744
f 2744 2758 2741
f 2759 2757 2716
f 2716 2757 2756
f 2743 2713 2744
f 2744 2713 2755
f 2760 2759 2715
f 2715 2759 2716
f 2715 2714 2760
f 2760 2714 2717
f 2760 2717 2761
f 2761 2717 2751
f 2761 2762 2760
f 2760 2762 2759
f 2763 2764 2761
f 2761 2764 2762
f 2762 2758 2759
f 2759 2758 2757
f 2758 2762 2765
f 2765 2762 2764
f 2752 2763 2751
f 2751 2763 2761
f 2763 2752 2766
f 2766 2752 2767
f 2768 2769 2766
f 2766 2769 2770
f 2764 2763 2770
f 2770 2763 2766
f 2766 2767 2768
f 2768 2767 2746
f 2747 2746 2754
f 2754 2746 2767
f 2752 2750 2767
f 2767 2750 2754
f 2758 2765 2741
f 2741 2765 2742
f 2769 2745 2765
f 2765 2745 2742
f 2769 2765 2770
f 2770 2765 2764
f 2768 2740 2769
f 2769 2740 2745
f 2746 2737 2768
f 2768 2737 2740
f 2201 2212 2200
f 2200 2212 2214
f 2201 2202 2212
f 2212 2202 2185
f 2512 2581 2191
f 2191 2581 2192
f 2059 2290 2056
f 2056 2290 2272
f 2174 2199 2294
f 2294 2199 2278
f 2063 2175 2194
f 2194 2175 2291
f 2192 2581 2133
f 2133 2581 2490
f 2133 2132 2192
f 2192 2132 2189
f 2054 2276 2055
f 2055 2276 2138
f 2083 2279 2084
f 2084 2279 2771
f 2771 2279 2599
f 2599 2279 2596
f 2606 2772 2599
f 2599 2772 2771
f 2772 2773 2771
f 2771 2773 2084
f 2773 2774 2084
f 2084 2774 2085
f 2085 2775 2082
f 2082 2775 2144
f 2774 2078 2085
f 2085 2078 2775
f 2078 2774 2079
f 2079 2774 2776
f 2774 2773 2776
f 2776 2773 2777
f 2773 2772 2777
f 2777 2772 2778
f 2190 2189 2609
f 2609 2189 2778
f 2053 2052 2779
f 2779 2052 2181
f 2144 2775 2081
f 2081 2775 2078
f 2294 2153 2174
f 2174 2153 2175
f 2132 2276 2189
f 2189 2276 2778
f 2606 2609 2772
f 2772 2609 2778
f 2195 2613 2698
f 2698 2613 2612
f 2596 2279 2698
f 2698 2279 2195
f 2054 2777 2276
f 2276 2777 2778
f 2777 2054 2776
f 2776 2054 2053
f 2053 2779 2776
f 2776 2779 2079
f 2779 2181 2079
f 2079 2181 2080
f 2181 2239 2080
f 2080 2239 2240
f 2122 2256 2014
f 2042 1982 2076
f 2076 1982 2007
f 1982 1985 2007
f 2007 1985 2008
f 2095 2097 2265
f 2265 2097 2266
f 2076 2050 2042
f 2042 2050 2047
f 2046 2043 2047
f 2047 2043 2042
f 2118 1993 2046
f 2046 1993 2043
f 1995 1994 2118
f 2118 1994 1993
f 2267 1992 2011
f 2011 1992 2012
f 1997 2012 1994
f 1994 2012 1992
f 2226 2013 1997
f 1997 2013 2012
f 2225 2087 2226
f 2226 2087 2013
f 2225 2232 2087
f 2087 2232 2288
f 2232 2070 2288
f 2288 2070 2252
f 2070 2025 2252
f 2252 2025 2253
f 1988 2249 2025
f 2025 2249 2253
f 2116 2115 2267
f 2267 2115 2268
f 2096 1984 2237
f 2237 1984 1991
f 2095 1985 2096
f 2096 1985 1984
f 2265 2008 2095
f 2095 2008 1985
f 2092 2009 2265
f 2265 2009 2008
f 2091 2286 2092
f 2092 2286 2009
f 2255 2238 2091
f 2091 2238 2286
f 2256 2239 2255
f 2255 2239 2238
f 2122 2240 2256
f 2256 2240 2239
f 2121 2241 2122
f 2122 2241 2240
f 2022 2018 2097
f 2097 2018 2266
f 2022 2024 2018
f 2018 2024 2019
f 2024 2072 2019
f 2019 2072 2073
f 2072 2228 2073
f 2073 2228 2230
f 2228 2184 2230
f 2230 2184 2183
f 2121 2285 2241
f 2241 2285 2258
f 2285 2036 2258
f 2258 2036 2257
f 2177 2145 2193
f 2193 2145 2257
f 2173 2193 2196
f 2196 2193 2037
f 2036 2037 2257
f 2257 2037 2193
f 2196 2037 2066
f 2066 2037 2035
f 2061 2108 2034
f 2034 2108 2067
f 2108 2208 2067
f 2067 2208 2204
f 2208 2210 2204
f 2204 2210 2203
f 2210 2280 2203
f 2203 2280 2186
f 2183 2186 2235
f 2235 2186 2280
f 1987 2114 1988
f 1988 2114 2249
f 2237 2115 1987
f 1987 2115 2114
f 1991 2268 2237
f 2237 2268 2115
f 1991 1990 2268
f 2268 1990 1992
f 107 110 2781
f 2781 110 2780
f 117 2782 118
f 118 2782 2783
f 119 2784 120
f 120 2784 2785
f 125 2786 126
f 126 2786 2787
f 127 2788 128
f 128 2788 2789
f 127 132 2788
f 2788 132 2790
f 231 230 2792
f 2792 230 2791
f 118 2783 119
f 119 2783 2784
f 241 243 2794
f 2794 243 2793
f 2781 2795 107
f 107 2795 352
f 120 2785 437
f 437 2785 2796
f 126 2787 110
f 110 2787 2780
f 455 2797 456
f 456 2797 2798
f 128 2789 457
f 457 2789 2799
f 456 2798 117
f 117 2798 2782
f 2794 2797 241
f 241 2797 455
f 457 2799 125
f 125 2799 2786
f 132 231 2790
f 2790 231 2792
f 230 437 2791
f 2791 437 2796
f 2792 2789 2790
f 2790 2789 2788
f 2785 2784 2801
f 2801 2784 2800
f 2786 2802 2787
f 2787 2802 2803
f 2792 2791 2805
f 2805 2791 2804
f 2784 2783 2800
f 2800 2783 2806
f 2785 2801 2796
f 2796 2801 2807
f 2787 2803 2780
f 2780 2803 2808
f 2789 2809 2799
f 2799 2809 2810
f 2799 2810 2786
f 2786 2810 2802
f 2791 2796 2804
f 2804 2796 2807
f 2789 2792 2809
f 2809 2792 2805
f 2812 2797 2811
f 2811 2797 2794
f 2809 2805 2810
f 2810 2805 2804
f 2810 2804 2802
f 2802 2804 2807
f 2802 2807 2803
f 2803 2807 2801
f 2808 2803 2800
f 2800 2803 2801
f 2814 699 2813
f 2813 699 698
f 2808 2815 2780
f 2780 2815 2781
f 2817 2782 2816
f 2816 2782 2798
f 2815 2818 2781
f 2781 2818 2795
f 2797 2812 2798
f 2798 2812 2816
f 2783 2782 2806
f 2806 2782 2817
f 2800 2806 2808
f 2808 2806 2815
f 2794 2793 2811
f 2811 2793 2819
f 174 201 384
f 384 201 362
f 200 1766 390
f 390 1766 1777
f 1777 1778 390
f 390 1778 398
f 1778 361 398
f 398 361 222
f 2820 2821 628
f 628 2821 629
f 1406 2820 790
f 790 2820 628
f 794 1415 1233
f 1233 1415 1234
f 1406 790 1407
f 1407 790 1312
f 1407 1312 2822
f 2822 1312 1316
f 2823 1380 1543
f 1543 1380 1379
f 1385 1738 1382
f 1382 1738 1383
f 1381 791 1382
f 1382 791 1386
f 791 794 1386
f 1386 794 1233
f 1259 1390 1260
f 1260 1390 1389
f 1905 1542 1394
f 1394 1542 1395
f 1410 1413 1397
f 1397 1413 1398
f 2821 1410 629
f 629 1410 1397
f 2823 2822 1380
f 1380 2822 1316
f 1392 1395 1378
f 1378 1395 1379
f 1738 1399 1383
f 1383 1399 1398
f 1388 1235 1389
f 1389 1235 1234
f 1393 1391 1394
f 1394 1391 1390
f 1381 1384 779
f 779 1384 780
f 1282 788 792
f 792 788 793
f 1431 1262 1432
f 1432 1262 1261
f 1400 1342 1408
f 1408 1342 1409
f 1508 1544 1411
f 1411 1544 1412
f 788 787 793
f 793 787 1414
f 2821 2820 1429
f 1429 2820 1430
f 2822 2823 1506
f 1506 2823 1507
f 778 1282 779
f 779 1282 792
f 2820 1406 1430
f 1430 1406 1409
f 1410 2821 1411
f 1411 2821 1429
f 1407 2822 1408
f 1408 2822 1506
f 1544 781 1412
f 1412 781 780
f 1260 1415 1261
f 1261 1415 1414
f 1334 2824 923
f 923 2824 924
f 2826 1268 2825
f 2825 1268 1267
f 769 1212 2827
f 2827 1212 2828
f 1492 1190 1266
f 1266 1190 1267
f 1488 2829 1489
f 1489 2829 2830
f 922 1329 923
f 923 1329 1328
f 1484 2831 1485
f 1485 2831 2832
f 1482 2833 1485
f 1485 2833 1486
f 1324 1493 1489
f 1489 1493 1490
f 1265 1491 1266
f 1266 1491 1490
f 2835 2836 2834
f 2834 2836 2837
f 1250 2838 2827
f 2827 2838 2839
f 1488 1491 2840
f 2840 1491 2841
f 1268 2826 2842
f 2842 2826 2843
f 2844 2845 1495
f 1495 2845 1496
f 1427 2847 2846
f 2846 2847 926
f 2829 1488 2848
f 2848 1488 2840
f 1329 922 2849
f 2849 922 927
f 2850 2851 768
f 768 2851 1213
f 1265 1268 2852
f 2852 1268 2842
f 1491 1265 2841
f 2841 1265 2852
f 2854 2855 2853
f 2853 2855 2856
f 2855 2857 2856
f 2856 2857 598
f 2857 2858 598
f 598 2858 595
f 2858 2859 595
f 595 2859 626
f 649 652 2860
f 2860 652 2861
f 639 642 2862
f 2862 642 2863
f 2864 705 2862
f 2862 705 639
f 2865 1418 2864
f 2864 1418 705
f 2866 2867 2865
f 2865 2867 1418
f 1760 1348 1761
f 1761 1348 2867
f 1764 2868 1197
f 1197 2868 1198
f 2869 611 2868
f 2868 611 1198
f 2870 612 2869
f 2869 612 611
f 1352 1350 944
f 944 1350 688
f 1350 1256 688
f 688 1256 685
f 1256 1255 685
f 685 1255 692
f 1255 2871 692
f 692 2871 2872
f 701 2873 698
f 698 2873 2813
f 2872 1349 692
f 692 1349 693
f 1696 1744 1574
f 1574 1744 1575
f 1753 1618 1577
f 1577 1618 1578
f 1729 1594 1608
f 1608 1594 1609
f 1725 1630 1611
f 1611 1630 1612
f 1604 1607 1625
f 1625 1607 1626
f 1624 1703 1625
f 1625 1703 1912
f 1703 1702 1912
f 1912 1702 1913
f 1702 1753 1913
f 1913 1753 1577
f 1598 1569 1915
f 1915 1569 1578
f 1616 1615 1915
f 1915 1615 1916
f 1615 1696 1916
f 1916 1696 1574
f 1744 1745 1575
f 1575 1745 1917
f 1745 1565 1917
f 1917 1565 1609
f 1568 1725 1608
f 1608 1725 1611
f 2874 1613 1918
f 1918 1613 1612
f 1607 2874 1626
f 1626 2874 1918
f 1610 1613 1562
f 1562 1613 1563
f 1547 1550 1570
f 1570 1550 1571
f 1573 1576 1580
f 1580 1576 1581
f 1553 1556 1595
f 1595 1556 1596
f 1556 1582 1596
f 1596 1582 1581
f 1551 1547 1599
f 1599 1547 1570
f 1731 1914 1601
f 1601 1914 1602
f 1686 1689 1605
f 1605 1689 1606
f 1598 1743 1599
f 1599 1743 1692
f 2874 1607 1723
f 1723 1607 1606
f 1727 1553 1730
f 1730 1553 1595
f 1600 1686 1601
f 1601 1686 1605
f 1914 1572 1602
f 1602 1572 1571
f 1579 1693 1580
f 1580 1693 1692
f 1613 2874 1563
f 1563 2874 1723
f 1561 1727 1562
f 1562 1727 1730
f 1949 1742 1548
f 1548 1742 1549
f 1694 1949 1552
f 1552 1949 1548
f 1954 1589 1554
f 1554 1589 1555
f 1693 1579 1558
f 1558 1579 1559
f 1561 1564 1584
f 1584 1564 1585
f 1582 1556 1588
f 1588 1556 1555
f 1600 1603 1591
f 1591 1603 1592
f 1981 1977 1687
f 1687 1977 1688
f 1564 1722 1585
f 1585 1722 1690
f 1551 1693 1552
f 1552 1693 1558
f 1751 1954 1728
f 1728 1954 1554
f 1590 1981 1591
f 1591 1981 1687
f 1603 1550 1592
f 1592 1550 1549
f 1977 1691 1688
f 1688 1691 1690
f 1587 1560 1588
f 1588 1560 1559
f 1727 1561 1728
f 1728 1561 1584
f 2875 1919 1947
f 1947 1919 1948
f 1557 1560 1952
f 1952 1560 1953
f 1933 1932 1955
f 1955 1932 1956
f 1587 1589 1958
f 1958 1589 1956
f 1959 1933 1965
f 1965 1933 1955
f 1961 1964 1966
f 1966 1964 1967
f 1981 1590 1969
f 1969 1590 1967
f 1742 1949 1972
f 1972 1949 1948
f 1593 1742 1966
f 1966 1742 1972
f 1957 1950 1958
f 1958 1950 1953
f 1583 1586 1974
f 1974 1586 1975
f 1940 1943 1978
f 1978 1943 1979
f 1943 1976 1979
f 1979 1976 1975
f 1951 2875 1952
f 1952 2875 1947
f 1968 1940 1969
f 1969 1940 1978
f 1973 1959 1974
f 1974 1959 1965
f 1923 1971 1920
f 1920 1971 1921
f 1919 2875 1920
f 1920 2875 1924
f 2875 1951 1924
f 1924 1951 1926
f 1950 1957 1929
f 1929 1957 1930
f 2244 2243 1934
f 1934 2243 1935
f 1973 1976 1937
f 1937 1976 1938
f 1944 1980 1941
f 1941 1980 1942
f 1940 1968 1941
f 1941 1968 1945
f 2287 2244 1960
f 1960 2244 1934
f 1970 2245 1962
f 1962 2245 1963
f 2243 1931 1935
f 1935 1931 1930
f 1927 1926 1928
f 1928 1926 1929
f 1961 1922 1962
f 1962 1922 1921
f 2245 1946 1963
f 1963 1946 1945
f 1976 1943 1938
f 1938 1943 1942
f 1936 2287 1937
f 1937 2287 1960
f 743 1238 608
f 608 1238 609
f 607 1811 608
f 608 1811 744
f 1304 2876 1305
f 1305 2876 2877
f 586 585 1298
f 1298 585 1299
f 585 702 1299
f 1299 702 1300
f 702 1428 1300
f 1300 1428 1301
f 1238 586 609
f 609 586 1298
f 2878 2879 1218
f 1218 2879 2877
f 2880 2881 1812
f 1812 2881 1819
f 2883 1821 2882
f 2882 1821 1820
f 2840 2841 620
f 620 2841 621
f 2842 2843 795
f 795 2843 796
f 892 895 2844
f 2844 895 2845
f 2848 2840 942
f 942 2840 620
f 2849 927 1202
f 1202 927 1203
f 2852 2842 1270
f 1270 2842 795
f 2841 2852 621
f 621 2852 1270
f 941 1759 942
f 942 1759 2884
f 659 929 1427
f 1427 929 2847
f 1237 2851 751
f 751 2851 2850
f 1216 2885 1217
f 1217 2885 1754
f 2887 734 2886
f 2886 734 733
f 2889 1816 2888
f 2888 1816 1815
f 2890 1245 2889
f 2889 1245 1816
f 1824 2891 1825
f 1825 2891 1246
f 2892 2893 2895
f 2895 2893 2894
f 1854 1833 1851
f 1851 1833 1832
f 1851 1832 1884
f 1884 1832 1876
f 1884 1876 1441
f 1441 1876 1443
f 1441 1443 1442
f 1442 1443 1446
f 1442 1446 2896
f 2896 1446 1507
f 2897 2823 2898
f 2898 2823 1543
f 1542 2899 1543
f 1543 2899 2898
f 1542 1905 2899
f 2899 1905 2900
f 1905 1259 2900
f 2900 1259 2901
f 1262 1431 2902
f 2902 1431 1904
f 1431 1434 1904
f 1904 1434 1902
f 1902 1434 2903
f 2903 1434 719
f 2903 719 2904
f 2904 719 718
f 1869 1881 718
f 718 1881 2904
f 1881 1869 1880
f 1880 1869 756
f 1880 756 2905
f 2905 756 755
f 2905 755 2906
f 2906 755 758
f 762 2907 763
f 763 2907 2908
f 724 723 2909
f 2909 723 894
f 796 895 723
f 723 895 894
f 2843 2845 796
f 796 2845 895
f 2826 1496 2843
f 2843 1496 2845
f 2825 1497 2826
f 2826 1497 1496
f 1189 2836 2825
f 2825 2836 1497
f 797 891 798
f 798 891 2837
f 802 888 797
f 797 888 891
f 2910 2911 2913
f 2913 2911 2912
f 1780 1783 2915
f 2915 1783 2914
f 2916 2917 831
f 831 2917 832
f 2918 2919 845
f 845 2919 846
f 2920 2916 847
f 847 2916 831
f 2921 2922 857
f 857 2922 858
f 2923 2924 860
f 860 2924 861
f 2919 2912 846
f 846 2912 887
f 2925 2920 940
f 940 2920 847
f 2924 2926 861
f 861 2926 1204
f 2917 2918 832
f 832 2918 845
f 2927 2928 1449
f 1449 2928 1450
f 2929 2930 889
f 889 2930 2931
f 2896 1507 2897
f 2897 1507 2823
f 2902 2901 1262
f 1262 2901 1259
f 2932 2933 750
f 750 2933 1236
f 2933 2934 1236
f 1236 2934 1835
f 2936 2937 2935
f 2935 2937 2938
f 2940 2941 2939
f 2939 2941 2942
f 2943 2944 1841
f 1841 2944 1842
f 2945 1860 2944
f 2944 1860 1842
f 2945 2946 1860
f 1860 2946 1859
f 1889 2947 1890
f 1890 2947 1856
f 1856 2947 1857
f 1857 2947 2948
f 2950 709 2949
f 2949 709 1829
f 2952 730 2951
f 2951 730 729
f 2866 2953 2867
f 2867 2953 1761
f 2953 2954 1761
f 1761 2954 1420
f 2954 2955 1420
f 1420 2955 742
f 2955 2956 742
f 742 2956 739
f 2956 2957 739
f 739 2957 760
f 2957 2958 760
f 760 2958 761
f 2958 2959 761
f 761 2959 2960
f 2959 2961 2960
f 2960 2961 2962
f 2963 2964 1839
f 1839 2964 1840
f 2964 2965 1840
f 1840 2965 2942
f 2966 2950 2939
f 2939 2950 2949
f 2935 2967 2936
f 2936 2967 2968
f 2969 2970 736
f 736 2970 735
f 734 2887 1815
f 1815 2887 2888
f 2887 2882 2888
f 2888 2882 2881
f 1819 1820 1817
f 1817 1820 748
f 1195 1757 1197
f 1197 1757 1424
f 1757 647 1424
f 1424 647 646
f 647 648 646
f 646 648 643
f 648 1271 643
f 643 1271 737
f 1271 725 737
f 737 725 765
f 725 724 765
f 765 724 762
f 762 724 2907
f 2907 724 2909
f 1254 1437 2909
f 2909 1437 2907
f 1438 1253 1836
f 1836 1253 1835
f 1836 1835 2938
f 2938 1835 2934
f 2971 2972 2935
f 2935 2972 2967
f 897 896 2969
f 2969 896 2970
f 1815 1814 734
f 734 1814 731
f 728 1215 896
f 896 1215 732
f 2885 1216 733
f 733 1216 2886
f 1216 1219 2886
f 2886 1219 2883
f 2876 1304 1821
f 1821 1304 749
f 1304 1303 749
f 749 1303 746
f 1818 2973 1817
f 1817 2973 1810
f 747 2974 1818
f 1818 2974 2973
f 747 746 2974
f 2974 746 1303
f 2976 2977 2975
f 2975 2977 2978
f 2976 2979 2901
f 2901 2979 2900
f 2980 2981 2982
f 2982 2981 2979
f 2981 2980 2983
f 2983 2980 2984
f 2985 2897 2983
f 2983 2897 2898
f 2987 2988 2986
f 2986 2988 2985
f 2896 2988 1442
f 1442 2988 1439
f 1903 2977 1904
f 1904 2977 2902
f 1856 1855 1890
f 1890 1855 2989
f 2989 2990 1890
f 1890 2990 1359
f 2990 2991 1359
f 1359 2991 1356
f 2946 2992 1859
f 1859 2992 1893
f 2992 2993 1893
f 1893 2993 775
f 2993 2994 775
f 775 2994 776
f 2986 1356 2987
f 2987 1356 2991
f 2975 2978 776
f 776 2978 777
f 2982 2994 2980
f 2980 2994 2995
f 1357 2984 2995
f 2995 2984 2980
f 2995 2996 1357
f 1357 2996 1358
f 2996 2997 1358
f 1358 2997 1889
f 2998 2999 2932
f 2932 2999 2933
f 2999 2971 2933
f 2933 2971 2934
f 1837 1836 2937
f 2937 1836 2938
f 2943 1841 2941
f 2941 1841 1838
f 3001 2944 3000
f 3000 2944 2943
f 3001 3002 2944
f 2944 3002 2945
f 3002 3003 2945
f 2945 3003 2946
f 2997 3003 1889
f 1889 3003 2947
f 2947 3003 2948
f 2948 3003 3002
f 3001 3004 3002
f 3002 3004 2948
f 3000 3005 3001
f 3001 3005 3004
f 2940 3006 3000
f 3000 3006 3005
f 2999 3007 2971
f 2971 3007 2972
f 2998 2951 2999
f 2999 2951 3007
f 3008 2952 2998
f 2998 2952 2951
f 2966 2965 2936
f 2936 2965 2937
f 2935 2938 2971
f 2971 2938 2934
f 3003 2997 2946
f 2946 2997 2992
f 2997 2996 2992
f 2992 2996 2993
f 2996 2995 2993
f 2993 2995 2994
f 1356 2986 1357
f 1357 2986 2984
f 2982 2975 2994
f 2994 2975 776
f 1844 1843 1899
f 1899 1843 3009
f 1843 638 3009
f 3009 638 3010
f 638 637 3010
f 3010 637 3011
f 637 1830 3011
f 3011 1830 3012
f 1830 1833 3012
f 3012 1833 2894
f 1833 1854 2894
f 2894 1854 2895
f 1854 1853 2895
f 2895 1853 1888
f 1858 1857 1885
f 1885 1857 1892
f 1899 3009 1898
f 1898 3009 1874
f 3009 3010 1874
f 1874 3010 1865
f 3010 3011 1865
f 1865 3011 1862
f 3011 3012 1862
f 1862 3012 1882
f 3012 2894 1882
f 1882 2894 2893
f 1850 2890 782
f 782 2890 2889
f 783 2880 1811
f 1811 2880 1812
f 744 1810 745
f 745 1810 2973
f 745 2973 805
f 805 2973 806
f 2973 2974 806
f 806 2974 815
f 1303 812 2974
f 2974 812 815
f 1303 1302 812
f 812 1302 1221
f 1307 3013 1302
f 1302 3013 1221
f 1734 3014 1633
f 1633 3014 1634
f 1646 1649 1636
f 1636 1649 1637
f 1654 1657 1641
f 1641 1657 1642
f 1639 1736 1636
f 1636 1736 1684
f 1716 1713 1698
f 1698 1713 1699
f 1718 1721 1705
f 1705 1721 1706
f 1653 1654 1709
f 1709 1654 1641
f 1620 1623 1714
f 1714 1623 1699
f 1712 1682 1714
f 1714 1682 1740
f 1668 1671 1746
f 1746 1671 1747
f 1752 1650 1749
f 1749 1650 1750
f 1750 1650 1709
f 1709 1650 1653
f 1632 1668 1633
f 1633 1668 1746
f 1649 1752 1637
f 1637 1752 1749
f 1682 1643 1740
f 1740 1643 1642
f 3014 1685 1634
f 1634 1685 1684
f 1704 1748 1705
f 1705 1748 1747
f 1697 1707 1698
f 1698 1707 1706
f 1739 1701 1621
f 1621 1701 1622
f 1567 1566 1647
f 1647 1566 1648
f 1664 1695 1651
f 1651 1695 1652
f 1614 1617 1655
f 1655 1617 1656
f 1704 1707 1659
f 1659 1707 1660
f 3014 1734 1662
f 1662 1734 1663
f 1650 1752 1651
f 1651 1752 1665
f 1741 1657 1667
f 1667 1657 1656
f 1695 1614 1652
f 1652 1614 1655
f 1724 1567 1726
f 1726 1567 1647
f 1645 1628 1733
f 1733 1628 1663
f 1685 3014 1726
f 1726 3014 1662
f 1620 1741 1621
f 1621 1741 1667
f 1566 1666 1648
f 1648 1666 1665
f 1658 1737 1659
f 1659 1737 1901
f 1911 1661 1910
f 1910 1661 1660
f 1701 1911 1622
f 1622 1911 1910
f 1732 1748 1733
f 1733 1748 1901
f 1857 2948 1892
f 1892 2948 3004
f 1892 3004 1891
f 1891 3004 3005
f 1828 3006 1829
f 1829 3006 2949
f 2967 736 2968
f 2968 736 710
f 2972 2969 2967
f 2967 2969 736
f 2969 2972 897
f 897 2972 3007
f 897 3007 729
f 729 3007 2951
f 3016 753 3015
f 3015 753 752
f 3018 767 3017
f 3017 767 766
f 3019 3020 1249
f 1249 3020 3021
f 2915 2914 3019
f 3019 2914 3020
f 3023 2914 3022
f 3022 2914 1783
f 2827 2839 769
f 769 2839 766
f 3025 2838 3024
f 3024 2838 3021
f 768 767 2850
f 2850 767 3026
f 2850 3026 751
f 751 3026 752
f 750 753 2932
f 2932 753 3027
f 3008 2998 3027
f 3027 2998 2932
f 3028 3029 3008
f 3008 3029 2952
f 3029 3030 2952
f 2952 3030 730
f 3032 3033 3031
f 3031 3033 3034
f 3036 3037 3035
f 3035 3037 3038
f 2870 3039 612
f 612 3039 3040
f 3041 3042 3031
f 3031 3042 3038
f 3034 1352 3043
f 3043 1352 944
f 612 3040 613
f 613 3040 3044
f 613 3044 1425
f 1425 3044 1422
f 3045 3042 669
f 669 3042 670
f 3041 3043 599
f 599 3043 600
f 772 771 1544
f 1544 771 781
f 1503 771 1866
f 1866 771 770
f 771 1503 781
f 781 1503 778
f 61 281 416
f 416 281 1907
f 283 103 3046
f 3046 103 3047
f 76 79 3048
f 3048 79 3049
f 280 76 1906
f 1906 76 3048
f 3051 335 3050
f 3050 335 334
f 3053 417 3052
f 3052 417 416
f 3055 435 3054
f 3054 435 434
f 428 435 419
f 419 435 1908
f 420 1909 293
f 293 1909 443
f 79 294 3049
f 3049 294 444
f 3057 444 3056
f 3056 444 443
f 3051 3058 335
f 335 3058 452
f 216 215 1332
f 1332 215 452
f 308 283 462
f 462 283 3046
f 3050 334 3059
f 3059 334 462
f 103 62 3047
f 3047 62 417
f 313 312 434
f 434 312 463
f 3061 574 3060
f 3060 574 573
f 1310 3062 1428
f 1428 3062 3063
f 1258 3064 1255
f 1255 3064 2871
f 932 3065 2853
f 2853 3065 3066
f 699 2814 931
f 931 2814 3067
f 3068 1301 3063
f 3063 1301 1428
f 571 574 1310
f 1310 574 3062
f 3060 573 3069
f 3069 573 1332
f 3070 3071 1906
f 1906 3071 1907
f 3072 3073 1908
f 1908 3073 1909
f 3075 2814 3074
f 3074 2814 2813
f 2854 3076 1258
f 1258 3076 3064
f 2871 3077 2872
f 2872 3077 3078
f 3074 2813 3079
f 3079 2813 2873
f 2872 3078 1349
f 1349 3078 3080
f 2873 701 3068
f 3068 701 1301
f 1330 1201 3080
f 3080 1201 1349
f 1264 1263 3081
f 3081 1263 3082
f 3083 3084 3082
f 3082 3084 3081
f 811 1448 3086
f 3086 1448 3085
f 808 811 3087
f 3087 811 3086
f 3088 3083 833
f 833 3083 3082
f 884 3089 885
f 885 3089 3090
f 3087 1790 808
f 808 1790 816
f 1790 3087 1787
f 1787 3087 3091
f 3092 3091 3086
f 3086 3091 3087
f 3093 3094 3084
f 3084 3094 3095
f 3089 3096 3090
f 3090 3096 3088
f 3097 3093 3083
f 3083 3093 3084
f 3099 3100 3098
f 3098 3100 1786
f 3101 1788 2913
f 2913 1788 3102
f 838 837 885
f 885 837 886
f 886 837 3103
f 3103 837 1541
f 3094 3093 3104
f 3104 3093 3097
f 3105 3106 3089
f 3089 3106 3096
f 3108 3109 3107
f 3107 3109 3110
f 3111 3112 3091
f 3091 3112 1787
f 3114 3108 3113
f 3113 3108 3107
f 3114 3115 3112
f 3112 3115 3102
f 3091 3092 3111
f 3111 3092 3116
f 839 838 835
f 835 838 836
f 885 3090 838
f 838 3090 836
f 3110 3117 1247
f 1247 3117 3118
f 1247 3118 1248
f 1248 3118 3119
f 3120 3121 3119
f 3119 3121 1248
f 1247 844 3110
f 3110 844 3107
f 844 843 3107
f 3107 843 3113
f 843 3099 3113
f 3113 3099 3122
f 1781 3123 3098
f 3098 3123 3124
f 2915 2931 1780
f 1780 2931 2930
f 3019 3125 2915
f 2915 3125 2931
f 890 3125 2834
f 2834 3125 1252
f 3125 3019 1252
f 1252 3019 1249
f 907 908 946
f 946 908 947
f 1185 1188 1369
f 1369 1188 948
f 954 957 951
f 951 957 952
f 910 965 953
f 953 965 950
f 905 958 960
f 960 958 961
f 3126 978 949
f 949 978 962
f 936 935 967
f 967 935 968
f 994 993 969
f 969 993 966
f 902 904 971
f 971 904 972
f 983 985 973
f 973 985 970
f 906 905 974
f 974 905 960
f 977 981 959
f 959 981 975
f 911 910 1143
f 1143 910 953
f 952 957 1142
f 1142 957 1145
f 911 1143 1366
f 1366 1143 1368
f 1185 1369 1145
f 1145 1369 1142
f 993 1519 966
f 966 1519 1456
f 965 1454 950
f 950 1454 1457
f 900 899 1459
f 1459 899 1460
f 988 991 1461
f 1461 991 1458
f 899 963 1460
f 1460 963 1462
f 985 987 970
f 970 987 1463
f 904 906 972
f 972 906 974
f 981 983 975
f 975 983 973
f 935 900 968
f 968 900 1459
f 991 994 1458
f 1458 994 969
f 1154 1526 1088
f 1088 1526 1089
f 1109 1112 1092
f 1092 1112 1093
f 1083 1098 1084
f 1084 1098 1097
f 1078 1471 1100
f 1100 1471 1101
f 1075 1078 1104
f 1104 1078 1100
f 1152 1154 1156
f 1156 1154 1088
f 1156 1155 1372
f 1372 1155 1373
f 1372 1373 1104
f 1104 1373 1075
f 1467 1109 1465
f 1465 1109 1092
f 1465 1182 1468
f 1468 1182 1184
f 1474 1470 1096
f 1096 1470 1097
f 1102 1101 1083
f 1083 1101 1098
f 1112 1531 1093
f 1093 1531 1529
f 1102 1073 1099
f 1099 1073 1072
f 1526 1154 1079
f 1079 1154 1080
f 1081 1091 1082
f 1082 1091 1094
f 1069 1068 1085
f 1085 1068 1086
f 1153 1151 1080
f 1080 1151 1058
f 1371 1177 1179
f 1179 1177 1176
f 1099 1072 1103
f 1103 1072 1176
f 1068 1071 1086
f 1086 1071 1073
f 1085 1084 1180
f 1180 1084 1469
f 1066 1065 1183
f 1183 1065 1181
f 1153 1152 1177
f 1177 1152 1178
f 1091 1081 1182
f 1182 1081 1183
f 1057 1525 1079
f 1079 1525 1527
f 1120 1117 1076
f 1076 1117 1077
f 1087 1090 1107
f 1107 1090 1108
f 1127 1126 1110
f 1110 1126 1111
f 1095 1116 1096
f 1096 1116 1115
f 1471 1078 1119
f 1119 1078 1077
f 1087 1107 1155
f 1155 1107 1158
f 1376 1374 1157
f 1157 1374 1158
f 1076 1075 1374
f 1374 1075 1373
f 1109 1467 1110
f 1110 1467 1472
f 1467 1466 1472
f 1472 1466 1473
f 1135 1475 1114
f 1114 1475 1115
f 1471 1119 1095
f 1095 1119 1116
f 1126 1532 1111
f 1111 1532 1530
f 914 1276 1480
f 1480 1276 1517
f 3127 3128 1223
f 1223 3128 1224
f 824 933 1455
f 1455 933 3129
f 3131 1448 3130
f 3130 1448 1447
f 3132 3133 1452
f 1452 3133 1453
f 3130 1447 1322
f 1322 1447 1455
f 933 1514 3129
f 3129 1514 3134
f 1161 3135 1480
f 1480 3135 1481
f 3128 3136 1224
f 1224 3136 1499
f 3133 1162 1453
f 1453 1162 1517
f 1515 3127 1535
f 1535 3127 1223
f 3095 3085 3131
f 3131 3085 1448
f 3137 3092 3085
f 3085 3092 3086
f 3138 3116 3137
f 3137 3116 3092
f 3110 3109 3117
f 3117 3109 3139
f 3105 3140 3117
f 3117 3140 3118
f 3140 3141 3118
f 3118 3141 3119
f 3142 3120 3141
f 3141 3120 3119
f 1498 3143 1277
f 1277 3143 882
f 3144 3145 1340
f 1340 3145 1339
f 1340 3146 3144
f 3144 3146 3147
f 3145 3144 3143
f 3143 3144 3148
f 871 901 872
f 872 901 1362
f 3149 3148 3147
f 3147 3148 3144
f 1208 3150 1209
f 3098 1786 1781
f 1781 1786 1782
f 2930 2929 3123
f 3123 2929 2911
f 1794 1791 2916
f 2916 1791 2917
f 1793 3101 2918
f 2918 3101 2919
f 1796 1794 2920
f 2920 1794 2916
f 3151 3152 2921
f 2921 3152 2922
f 3153 3154 2923
f 2923 3154 2924
f 2919 3101 2912
f 2912 3101 2913
f 3155 1796 2925
f 2925 1796 2920
f 3154 3156 2924
f 2924 3156 2926
f 1791 1793 2917
f 2917 1793 2918
f 3157 3158 2927
f 2927 3158 2928
f 1780 2930 1781
f 1781 2930 3123
f 2825 1267 1189
f 1189 1267 1190
f 2827 2828 1250
f 1250 2828 1251
f 1489 2830 1324
f 1324 2830 1325
f 923 1328 1334
f 1334 1328 1335
f 1485 2832 1482
f 1482 2832 1483
f 1266 1490 1492
f 1492 1490 1493
f 1333 1346 1334
f 1334 1346 2824
f 722 799 1492
f 1492 799 1190
f 664 657 1482
f 1482 657 2833
f 631 634 1324
f 1324 634 1493
f 2828 1494 1251
f 1251 1494 2835
f 1249 3021 1250
f 1250 3021 2838
f 798 2837 1189
f 1189 2837 2836
f 3100 842 3160
f 3160 842 3159
f 1788 3101 1789
f 1789 3101 1793
f 1792 816 1789
f 1789 816 1790
f 817 816 1795
f 1795 816 1792
f 938 817 1797
f 1797 817 1795
f 1796 3155 1797
f 1797 3155 1798
f 3155 3158 1798
f 1798 3158 1799
f 3157 3152 1801
f 1801 3152 1802
f 3151 3156 1803
f 1803 3156 1804
f 3154 3153 1805
f 1805 3153 1806
f 3153 3161 1806
f 1806 3161 1807
f 3099 843 3100
f 3100 843 842
f 1788 1787 3102
f 3102 1787 3112
f 2910 3115 3124
f 3124 3115 3122
f 3099 3098 3122
f 3122 3098 3124
f 416 1907 3052
f 3052 1907 3071
f 3046 3047 3163
f 3163 3047 3162
f 249 445 259
f 259 445 3164
f 425 3165 424
f 424 3165 461
f 408 410 329
f 329 410 330
f 39 331 40
f 40 331 332
f 305 304 423
f 423 304 464
f 385 254 458
f 458 254 392
f 250 415 251
f 251 415 412
f 233 337 234
f 234 337 3166
f 435 3055 1908
f 1908 3055 3072
f 443 1909 3056
f 3056 1909 3073
f 3167 3049 3057
f 3057 3049 444
f 452 3058 1332
f 1332 3058 3069
f 234 3166 346
f 346 3166 411
f 3046 3163 462
f 462 3163 3059
f 259 3164 260
f 260 3164 336
f 3047 417 3162
f 3162 417 3053
f 463 3168 434
f 434 3168 3054
f 454 830 425
f 425 830 3165
f 3062 3169 3063
f 3063 3169 3170
f 1355 1354 1534
f 1534 1354 3171
f 3063 3170 3068
f 3068 3170 3172
f 574 3061 3062
f 3062 3061 3169
f 1534 3171 1535
f 1535 3171 3173
f 3079 2873 3172
f 3172 2873 3068
f 2838 3025 2839
f 2839 3025 3174
f 3176 3177 3175
f 3175 3177 3178
f 3180 1125 3179
f 3179 1125 1128
f 3182 3183 3181
f 3181 3183 3184
f 1134 3185 1130
f 1130 3185 3182
f 3186 3187 3189
f 3189 3187 3188
f 3191 3189 3190
f 3190 3189 3188
f 1137 1122 3190
f 3190 1122 3192
f 3175 3178 3193
f 3193 3178 3194
f 3181 3184 3179
f 3179 3184 3195
f 3197 3198 3196
f 3196 3198 3180
f 3200 3178 3199
f 3199 3178 3177
f 3202 3196 3201
f 3201 3196 3195
f 3204 3184 3203
f 3203 3184 3183
f 3206 3207 3205
f 3205 3207 3186
f 3205 3186 3208
f 3208 3186 3189
f 3209 3208 3191
f 3191 3208 3189
f 3210 3194 3200
f 3200 3194 3178
f 3201 3195 3204
f 3204 3195 3184
f 3197 3211 3177
f 3177 3211 3199
f 3213 3214 3212
f 3212 3214 3215
f 3217 3218 3216
f 3216 3218 3219
f 3221 3222 3220
f 3220 3222 3223
f 3225 3226 3224
f 3224 3226 3227
f 3229 3230 3228
f 3228 3230 3231
f 3233 3234 3232
f 3232 3234 3235
f 3237 3238 3236
f 3236 3238 3239
f 3238 3240 3239
f 3239 3240 3241
f 3232 3235 3242
f 3242 3235 3243
f 3245 3246 3244
f 3244 3246 3247
f 3248 3249 3245
f 3245 3249 3246
f 3251 3252 3250
f 3250 3252 3253
f 3255 3252 3254
f 3254 3252 3251
f 3256 3257 3259
f 3259 3257 3258
f 3261 3262 3260
f 3260 3262 3263
f 3265 3263 3264
f 3264 3263 3262
f 3256 3259 3266
f 3266 3259 3267
f 3269 3270 3268
f 3268 3270 3271
f 3269 3272 3270
f 3270 3272 3273
f 3274 3275 3277
f 3277 3275 3276
f 3278 3279 3276
f 3276 3279 3277
f 3281 3282 3280
f 3280 3282 3283
f 3280 3284 3281
f 3281 3284 3285
f 3287 3288 3286
f 3286 3288 3289
f 3290 3291 3288
f 3288 3291 3289
f 3234 3218 3235
f 3235 3218 3217
f 3232 3292 3233
f 3233 3292 3293
f 3239 3294 3236
f 3236 3294 3219
f 3233 3293 3237
f 3237 3293 3295
f 3296 3294 3241
f 3241 3294 3239
f 3240 3238 3297
f 3297 3238 3298
f 3217 3216 3235
f 3235 3216 3243
f 3297 3299 3240
f 3240 3299 3242
f 3246 3300 3247
f 3247 3300 3223
f 3301 3302 3254
f 3254 3302 3244
f 3249 3303 3246
f 3246 3303 3300
f 3245 3304 3248
f 3248 3304 3292
f 3252 3221 3253
f 3253 3221 3220
f 3250 3248 3299
f 3299 3248 3292
f 3222 3221 3255
f 3255 3221 3252
f 3297 3301 3251
f 3251 3301 3254
f 3258 3214 3259
f 3259 3214 3213
f 3257 3256 3304
f 3304 3256 3305
f 3263 3306 3260
f 3260 3306 3215
f 3261 3257 3302
f 3302 3257 3304
f 3307 3306 3265
f 3265 3306 3263
f 3262 3301 3264
f 3264 3301 3308
f 3259 3213 3267
f 3267 3213 3212
f 3308 3309 3264
f 3264 3309 3266
f 3270 3310 3271
f 3271 3310 3231
f 3311 3312 3278
f 3278 3312 3268
f 3270 3273 3310
f 3310 3273 3313
f 3272 3269 3305
f 3305 3269 3314
f 3277 3229 3274
f 3274 3229 3228
f 3275 3272 3309
f 3309 3272 3305
f 3279 3230 3277
f 3277 3230 3229
f 3276 3308 3278
f 3278 3308 3311
f 3281 3315 3282
f 3282 3315 3227
f 3290 3316 3283
f 3283 3316 3317
f 3281 3285 3315
f 3315 3285 3318
f 3284 3280 3314
f 3314 3280 3319
f 3289 3225 3286
f 3286 3225 3224
f 3287 3284 3312
f 3284 3314 3312
f 3291 3226 3289
f 3289 3226 3225
f 3288 3311 3290
f 3290 3311 3316
f 3212 3215 3307
f 3307 3215 3306
f 3294 3296 3219
f 3219 3296 3216
f 3303 3220 3300
f 3300 3220 3223
f 3224 3227 3318
f 3318 3227 3315
f 3228 3231 3313
f 3313 3231 3310
f 3234 3233 3236
f 3236 3233 3237
f 3243 3241 3242
f 3242 3241 3240
f 3247 3255 3244
f 3244 3255 3254
f 3253 3249 3250
f 3250 3249 3248
f 3260 3258 3261
f 3261 3258 3257
f 3266 3267 3264
f 3264 3267 3265
f 3268 3271 3278
f 3278 3271 3279
f 3274 3273 3275
f 3275 3273 3272
f 3283 3282 3290
f 3290 3282 3291
f 3286 3285 3287
f 3287 3285 3284
f 3218 3234 3219
f 3219 3234 3236
f 3295 3298 3237
f 3237 3298 3238
f 3216 3296 3243
f 3243 3296 3241
f 3242 3299 3232
f 3232 3299 3292
f 3223 3222 3247
f 3247 3222 3255
f 3244 3302 3245
f 3245 3302 3304
f 3303 3249 3220
f 3220 3249 3253
f 3297 3251 3299
f 3299 3251 3250
f 3215 3214 3260
f 3260 3214 3258
f 3301 3262 3302
f 3302 3262 3261
f 3212 3307 3267
f 3267 3307 3265
f 3266 3309 3256
f 3256 3309 3305
f 3271 3231 3279
f 3279 3231 3230
f 3268 3312 3269
f 3269 3312 3314
f 3228 3313 3274
f 3274 3313 3273
f 3308 3276 3309
f 3309 3276 3275
f 3282 3227 3291
f 3291 3227 3226
f 3317 3319 3283
f 3283 3319 3280
f 3224 3318 3286
f 3286 3318 3285
f 3312 3311 3287
f 3311 3288 3287
f 3320 3321 3194
f 3194 3321 3193
f 1375 3321 1121
f 1121 3321 3322
f 3323 3324 3322
f 3322 3324 3192
f 3175 1124 3176
f 3176 1124 1123
f 3179 3195 3180
f 3180 3195 3196
f 3181 1131 3182
f 3182 1131 1130
f 3207 3185 3186
f 3186 3185 3187
f 1136 3188 1133
f 1133 3188 3187
f 3190 3188 1137
f 1137 3188 1136
f 3193 1159 3175
f 3175 1159 1124
f 3179 1128 3181
f 3181 1128 1131
f 1533 3198 1123
f 1123 3198 3176
f 3321 1375 3193
f 3193 1375 1159
f 3321 3320 3322
f 3322 3320 3323
f 1122 1121 3192
f 3192 1121 3322
f 3194 3210 3320
f 3320 3210 3325
f 3324 3323 3327
f 3327 3323 3326
f 3320 3325 3323
f 3323 3325 3326
f 3208 3328 3205
f 3205 3328 3329
f 3330 3206 3329
f 3329 3206 3205
f 3203 3331 3204
f 3204 3331 3332
f 3210 3333 3325
f 3325 3333 3334
f 3325 3334 3326
f 3326 3334 3335
f 3327 3326 3336
f 3336 3326 3335
f 3327 3209 3324
f 3324 3209 3191
f 3190 3192 3191
f 3191 3192 3324
f 3338 3339 3337
f 3337 3339 3340
f 3338 3341 3339
f 3339 3341 3342
f 3341 3343 3342
f 3342 3343 3344
f 3343 3345 3344
f 3344 3345 3346
f 3345 3347 3346
f 3346 3347 3348
f 3347 3349 3348
f 3348 3349 3350
f 3337 3340 3351
f 3351 3340 3352
f 3351 3352 3353
f 3353 3352 3354
f 3353 3354 3355
f 3355 3354 3356
f 3350 3349 3357
f 3357 3349 3358
f 3355 3356 3359
f 3359 3356 3360
f 3359 3360 3361
f 3361 3360 3362
f 3361 3362 3363
f 3363 3362 3364
f 3363 3364 3358
f 3358 3364 3357
f 3339 3342 3365
f 3365 3342 3366
f 3342 3344 3366
f 3366 3344 3367
f 3344 3346 3367
f 3367 3346 3368
f 3346 3348 3368
f 3368 3348 3369
f 3348 3350 3369
f 3369 3350 3370
f 3368 3369 3371
f 3371 3369 3372
f 3369 3370 3372
f 3372 3370 3373
f 3373 3374 3372
f 3372 3374 3375
f 3377 3378 3376
f 3376 3378 3379
f 3377 3375 3378
f 3378 3375 3374
f 3375 3380 3372
f 3372 3380 3371
f 3377 3381 3375
f 3375 3381 3380
f 3376 3382 3377
f 3377 3382 3381
f 3384 3385 3383
f 3383 3385 3386
f 3384 3383 3388
f 3388 3383 3387
f 3388 3387 3389
f 3389 3387 3390
f 3392 3385 3391
f 3391 3385 3384
f 3388 3393 3384
f 3384 3393 3391
f 3389 3394 3388
f 3388 3394 3393
f 3389 3395 3394
f 3394 3395 3396
f 3395 3389 3397
f 3397 3389 3390
f 3339 3365 3340
f 3340 3365 3398
f 3340 3398 3352
f 3352 3398 3399
f 3371 3400 3368
f 3368 3400 3367
f 3400 3401 3367
f 3367 3401 3366
f 3366 3401 3365
f 3365 3401 3402
f 3398 3365 3403
f 3403 3365 3402
f 3398 3403 3399
f 3399 3403 3404
f 3403 3405 3404
f 3404 3405 3406
f 3352 3399 3354
f 3354 3399 3407
f 3399 3404 3407
f 3407 3404 3408
f 3404 3406 3408
f 3408 3406 3409
f 3405 3410 3406
f 3406 3410 3411
f 3410 3412 3411
f 3411 3412 3413
f 3397 3414 3395
f 3395 3414 3415
f 3417 3415 3416
f 3416 3415 3412
f 3410 3418 3412
f 3412 3418 3416
f 3410 3405 3418
f 3418 3405 3419
f 3405 3403 3419
f 3419 3403 3402
f 3370 3350 3420
f 3420 3350 3357
f 3373 3370 3421
f 3421 3370 3420
f 3374 3373 3422
f 3422 3373 3421
f 3378 3374 3423
f 3423 3374 3422
f 3378 3423 3379
f 3379 3423 3424
f 3424 3425 3379
f 3379 3425 3386
f 3383 3426 3387
f 3387 3426 3427
f 3387 3427 3390
f 3390 3427 3428
f 3390 3428 3397
f 3397 3428 3429
f 3429 3430 3397
f 3397 3430 3414
f 3411 3413 3431
f 3431 3413 3432
f 3406 3411 3409
f 3409 3411 3431
f 3401 3400 3335
f 3335 3400 3336
f 3401 3335 3402
f 3402 3335 3334
f 3402 3334 3419
f 3419 3334 3333
f 3419 3333 3418
f 3418 3333 3433
f 3418 3433 3416
f 3416 3433 3434
f 3435 3417 3434
f 3434 3417 3416
f 3394 3396 3436
f 3436 3396 3437
f 3393 3394 3332
f 3332 3394 3436
f 3393 3332 3391
f 3391 3332 3331
f 3330 3392 3331
f 3331 3392 3391
f 3382 3329 3381
f 3381 3329 3328
f 3354 3407 3356
f 3356 3407 3438
f 3356 3438 3360
f 3360 3438 3439
f 3360 3439 3362
f 3362 3439 3440
f 3362 3440 3364
f 3364 3440 3441
f 3364 3441 3357
f 3357 3441 3420
f 3421 3420 3442
f 3442 3420 3441
f 3442 3441 3443
f 3443 3441 3440
f 3443 3440 3444
f 3444 3440 3439
f 3444 3439 3445
f 3445 3439 3438
f 3445 3438 3408
f 3408 3438 3407
f 3422 3421 3446
f 3446 3421 3442
f 3446 3442 3447
f 3447 3442 3443
f 3447 3443 3448
f 3448 3443 3444
f 3448 3444 3449
f 3449 3444 3445
f 3449 3445 3409
f 3409 3445 3408
f 3409 3431 3449
f 3449 3431 3450
f 3449 3450 3448
f 3448 3450 3451
f 3451 3452 3448
f 3448 3452 3447
f 3447 3452 3446
f 3446 3452 3453
f 3446 3453 3422
f 3422 3453 3423
f 3424 3423 3454
f 3454 3423 3453
f 3452 3455 3453
f 3453 3455 3454
f 3452 3451 3455
f 3455 3451 3456
f 3450 3457 3451
f 3451 3457 3456
f 3431 3432 3450
f 3450 3432 3457
f 3454 3458 3424
f 3424 3458 3425
f 3427 3426 3459
f 3459 3426 3460
f 3428 3427 3461
f 3461 3427 3459
f 3428 3461 3429
f 3429 3461 3462
f 3462 3463 3429
f 3429 3463 3430
f 3464 3465 3462
f 3462 3465 3463
f 3455 3466 3454
f 3454 3466 3458
f 3465 3464 3466
f 3466 3464 3467
f 3461 3459 3468
f 3468 3459 3469
f 3468 3469 3464
f 3464 3469 3467
f 3464 3462 3468
f 3468 3462 3461
f 3459 3460 3469
f 3469 3460 3467
f 3295 3351 3298
f 3298 3351 3353
f 3353 3355 3298
f 3298 3355 3297
f 3297 3355 3301
f 3301 3355 3359
f 3301 3359 3308
f 3308 3359 3361
f 3308 3361 3311
f 3311 3361 3363
f 3311 3363 3316
f 3316 3363 3358
f 3316 3358 3317
f 3317 3358 3349
f 3349 3347 3317
f 3317 3347 3319
f 3347 3345 3319
f 3319 3345 3314
f 3345 3343 3314
f 3314 3343 3305
f 3343 3341 3305
f 3305 3341 3304
f 3304 3341 3292
f 3292 3341 3338
f 3292 3338 3293
f 3293 3338 3337
f 3293 3337 3295
f 3295 3337 3351
f 3437 3202 3436
f 3436 3202 3201
f 3436 3201 3332
f 3332 3201 3204
f 3433 3200 3434
f 3434 3200 3199
f 3211 3435 3199
f 3199 3435 3434
f 3333 3210 3433
f 3433 3210 3200
f 3380 3470 3371
f 3400 3371 3336
f 3336 3371 3470
f 3381 3328 3380
f 3380 3328 3470
f 3470 3328 3209
f 3209 3328 3208
f 3336 3470 3327
f 3327 3470 3209
f 1545 1763 1546
f 1546 1763 1762
f 1403 1546 773
f 773 1546 770
f 1221 3013 1220
f 1220 3013 3471
f 1305 2877 1306
f 1306 2877 2879
f 1220 3471 828
f 828 3471 829
f 1217 1754 3472
f 3472 1754 1756
f 1049 3473 1048
f 1048 3473 3474
f 1371 1179 3473
f 3473 1179 3474
f 1074 3475 1179
f 1179 3475 3474
f 3474 3475 1048
f 1048 3475 1056
f 919 666 1345
f 1345 666 665
f 856 680 919
f 919 680 666
f 679 680 1449
f 1449 680 858
f 1367 878 1500
f 1500 878 877
f 1366 908 1367
f 1367 908 878
f 1512 916 1513
f 1513 916 915
f 947 1368 948
f 948 1368 1369
f 1047 1021 1044
f 1044 1021 1020
f 1370 1049 1019
f 1019 1049 1020
f 1173 1030 1174
f 1174 1030 1033
f 3126 1188 1464
f 1464 1188 1187
f 1800 1451 1512
f 1512 1451 916
f 1175 1174 1186
f 1186 1174 1187
f 1030 1173 1047
f 1047 1173 1021
f 1513 915 3476
f 3476 915 1481
f 1345 665 3477
f 3477 665 1483
f 1502 1501 876
f 876 1501 877
f 1205 1451 1803
f 1803 1451 1802
f 3479 2832 3478
f 3478 2832 2831
f 1449 858 2927
f 2927 858 2922
f 908 1366 947
f 947 1366 1368
f 949 948 3126
f 3126 948 1188
f 3480 3135 1502
f 1502 3135 1501
f 2927 2922 3157
f 3157 2922 3152
f 3477 1483 3479
f 3479 1483 2832
f 1803 1802 3151
f 3151 1802 3152
f 663 658 664
f 664 658 657
f 655 658 939
f 939 658 706
f 1512 870 1800
f 1800 870 869
f 875 874 876
f 876 874 873
f 849 874 905
f 905 874 958
f 949 962 946
f 946 962 961
f 978 3126 979
f 979 3126 1464
f 1031 1168 1032
f 1032 1168 1022
f 1045 1013 1046
f 1046 1013 1012
f 1045 1044 1056
f 1056 1044 1048
f 1047 1046 1030
f 1030 1046 1031
f 939 706 940
f 940 706 1450
f 979 1464 1032
f 1032 1464 1033
f 3480 1478 3476
f 3476 1478 3134
f 2829 1487 2830
f 2830 1487 1486
f 848 1230 873
f 873 1230 1479
f 867 870 933
f 933 870 1514
f 1800 869 1801
f 1801 869 1799
f 2830 1486 1325
f 1325 1486 2833
f 940 1450 2925
f 2925 1450 2928
f 946 961 907
f 907 961 958
f 959 962 977
f 977 962 978
f 3476 3134 1513
f 1513 3134 1514
f 2925 2928 3155
f 3155 2928 3158
f 1325 2833 656
f 656 2833 657
f 1801 1799 3157
f 3157 1799 3158
f 1074 1055 3475
f 3475 1055 1056
f 1371 3473 1370
f 1370 3473 1049
f 2884 615 3481
f 3481 615 618
f 3478 2831 2846
f 2846 2831 617
f 2831 1484 617
f 617 1484 618
f 1484 1487 618
f 618 1487 3481
f 2848 3481 2829
f 2829 3481 1487
f 1480 1517 1161
f 1161 1517 1162
f 3129 1323 1455
f 1455 1323 1322
f 3129 3134 1323
f 1323 3134 1478
f 1535 3173 1515
f 1515 3173 1516
f 3085 3095 3137
f 3137 3095 3094
f 3137 3094 3138
f 3138 3094 3104
f 3117 3139 3105
f 3105 3139 3106
f 1138 1141 3127
f 3127 1141 3128
f 3081 3131 1264
f 1264 3131 3130
f 1227 1226 3132
f 3132 1226 3133
f 1264 3130 1229
f 1229 3130 1322
f 1160 1501 1161
f 1161 1501 3135
f 1141 1476 3128
f 3128 1476 3136
f 1226 1163 3133
f 3133 1163 1162
f 1363 1138 1515
f 1515 1138 3127
f 3084 3095 3081
f 3081 3095 3131
f 3089 884 3105
f 3105 884 3140
f 884 883 3140
f 3140 883 3141
f 883 3482 3141
f 3141 3482 3142
f 3476 1481 3480
f 3480 1481 3135
f 1502 1479 3480
f 3480 1479 1478
f 3168 463 440
f 714 1880 715
f 715 1880 2905
f 896 732 2970
f 2970 732 731
f 1263 834 3082
f 3082 834 833
f 898 1231 853
f 853 1231 854
f 3125 890 2931
f 2931 890 889
f 1237 893 2851
f 2851 893 892
f 898 853 899
f 899 853 963
f 988 987 989
f 989 987 986
f 1002 1007 1003
f 1003 1007 1006
f 1038 1036 1007
f 1007 1036 1004
f 1070 1052 1005
f 1005 1052 1006
f 1069 1067 1070
f 1070 1067 1052
f 1130 1129 1134
f 1134 1129 1135
f 879 1167 880
f 880 1167 1166
f 1171 1169 1037
f 1037 1169 1038
f 1085 1180 1069
f 1069 1180 1067
f 1209 1210 879
f 879 1210 1167
f 2885 1215 1754
f 1754 1215 1214
f 1263 855 834
f 834 855 854
f 708 1244 1826
f 1826 1244 1243
f 2909 894 1254
f 1254 894 893
f 1228 1361 964
f 964 1361 1360
f 2908 2907 1436
f 1436 2907 1437
f 2990 1440 2991
f 2991 1440 1439
f 964 1360 965
f 965 1360 1454
f 950 1457 951
f 951 1457 1456
f 970 1463 971
f 971 1463 1462
f 1025 1169 984
f 984 1169 986
f 1084 1097 1469
f 1469 1097 1470
f 1096 1115 1474
f 1474 1115 1475
f 1140 1361 1141
f 1141 1361 1476
f 1212 1495 2828
f 2828 1495 1494
f 880 1166 1452
f 1452 1166 1499
f 715 2905 1504
f 1504 2905 2906
f 954 1519 955
f 955 1519 1518
f 1026 1520 992
f 992 1520 1518
f 1029 1520 1043
f 1043 1520 1521
f 997 1522 1040
f 1040 1522 1521
f 1015 1522 1016
f 1016 1522 1523
f 1523 996 1524
f 1524 996 1062
f 1057 1060 1525
f 1525 1060 1524
f 1094 1528 1082
f 1082 1528 1527
f 1526 1528 1089
f 1089 1528 1529
f 1090 1531 1108
f 1108 1531 1530
f 1125 1533 1126
f 1126 1533 1532
f 3483 1755 727
f 727 1755 1214
f 735 1814 707
f 707 1814 1813
f 2891 1834 1246
f 1246 1834 1243
f 2904 1881 1847
f 1847 1881 1848
f 1852 1855 1853
f 1853 1855 1858
f 1902 2903 1877
f 1877 2903 1878
f 2903 2904 1878
f 1878 2904 1847
f 714 713 1848
f 1848 713 1849
f 1440 2990 1883
f 1883 2990 2989
f 1883 2989 1852
f 1852 2989 1855
f 2895 1888 2892
f 2892 1888 1887
f 774 777 1877
f 1877 777 1903
f 1251 2835 1252
f 1252 2835 2834
f 1213 2844 1212
f 1212 2844 1495
f 2851 892 1213
f 1213 892 2844
f 3123 2911 3124
f 3124 2911 2910
f 887 2929 888
f 888 2929 889
f 1435 2963 1436
f 1436 2963 2961
f 1253 1438 1254
f 1254 1438 1437
f 2970 731 735
f 735 731 1814
f 733 732 2885
f 2885 732 1215
f 2901 2902 2976
f 2976 2902 2977
f 2975 2982 2976
f 2976 2982 2979
f 2899 2900 2981
f 2981 2900 2979
f 2899 2981 2898
f 2898 2981 2983
f 2986 2985 2984
f 2984 2985 2983
f 2897 2985 2896
f 2896 2985 2988
f 2991 1439 2987
f 2987 1439 2988
f 777 2978 1903
f 1903 2978 2977
f 1885 1888 1858
f 1858 1888 1853
f 3090 3088 836
f 836 3088 833
f 3083 3088 3097
f 3097 3088 3096
f 3097 3096 3104
f 3104 3096 3106
f 3111 3116 3108
f 3108 3116 3109
f 3112 3111 3114
f 3114 3111 3108
f 3113 3122 3114
f 3114 3122 3115
f 891 890 2837
f 2837 890 2834
f 951 1456 954
f 954 1456 1519
f 967 1457 936
f 936 1457 1454
f 971 1462 902
f 902 1462 963
f 1461 1463 988
f 988 1463 987
f 1466 1468 1474
f 1474 1468 1470
f 1089 1529 1090
f 1090 1529 1531
f 1184 1181 1469
f 1469 1181 1180
f 1082 1527 1061
f 1061 1527 1525
f 1129 1473 1135
f 1135 1473 1475
f 1108 1530 1105
f 1105 1530 1532
f 1452 1499 3132
f 3132 1499 3136
f 3109 3116 3139
f 3139 3116 3138
f 2912 2911 887
f 887 2911 2929
f 2836 2835 1497
f 1497 2835 1494
f 2913 3102 2910
f 2910 3102 3115
f 1133 3187 1134
f 1134 3187 3185
f 3177 3176 3197
f 3197 3176 3198
f 3203 3183 3206
f 3206 3183 3207
f 3196 3202 3197
f 3197 3202 3211
f 3183 3182 3207
f 3207 3182 3185
f 1125 3180 1533
f 1533 3180 3198
f 3331 3203 3330
f 3330 3203 3206
f 3376 3379 3385
f 3385 3379 3386
f 3382 3376 3392
f 3392 3376 3385
f 3412 3415 3413
f 3413 3415 3414
f 3417 3396 3415
f 3415 3396 3395
f 3383 3386 3426
f 3426 3386 3425
f 3413 3414 3432
f 3432 3414 3430
f 3437 3396 3435
f 3435 3396 3417
f 3329 3382 3330
f 3330 3382 3392
f 3426 3425 3460
f 3460 3425 3458
f 3432 3430 3457
f 3457 3430 3463
f 3457 3463 3456
f 3456 3463 3465
f 3460 3458 3467
f 3467 3458 3466
f 3466 3455 3465
f 3465 3455 3456
f 3202 3437 3211
f 3211 3437 3435
f 3104 3106 3138
f 3138 3106 3139
f 3132 3136 1227
f 1227 3136 1476
f 943 687 600
f 600 687 601
f 596 625 667
f 667 625 1297
f 687 686 601
f 601 686 653
f 1319 784 711
f 711 784 712
f 1811 607 783
f 783 607 712
f 862 921 917
f 917 921 920
f 3478 925 3479
f 3479 925 924
f 2846 926 3478
f 3478 926 925
f 659 662 929
f 929 662 930
f 856 921 857
f 857 921 1204
f 1206 864 1207
f 1207 864 863
f 2876 1219 2877
f 2877 1219 1218
f 667 1297 593
f 593 1297 1296
f 917 920 1333
f 1333 920 1346
f 686 693 653
f 653 693 930
f 1277 913 1498
f 1498 913 1207
f 592 1536 610
f 610 1536 711
f 864 1206 1805
f 1805 1206 1804
f 1317 1536 1900
f 1900 1536 1809
f 1900 1809 1295
f 1295 1809 1296
f 3479 924 3477
f 3477 924 2824
f 927 926 1203
f 1203 926 2847
f 3484 2859 3032
f 3032 2859 3033
f 3472 2878 1217
f 1217 2878 1218
f 2889 2888 2880
f 2880 2888 2881
f 2886 2883 2887
f 2887 2883 2882
f 929 928 2847
f 2847 928 1203
f 857 1204 2921
f 2921 1204 2926
f 1820 1819 2882
f 2882 1819 2881
f 1821 2883 2876
f 2876 2883 1219
f 782 2889 783
f 783 2889 2880
f 1352 3034 1353
f 1353 3034 3033
f 3031 3034 3041
f 3041 3034 3043
f 944 943 3043
f 3043 943 600
f 1339 3145 1498
f 1498 3145 3143
f 1208 882 3148
f 3148 882 3143
f 2921 2926 3151
f 3151 2926 3156
f 3477 2824 1345
f 1345 2824 1346
f 1805 1804 3154
f 3154 1804 3156
f 886 3103 883
f 883 3103 3482
f 841 1248 3485
f 3485 1248 3121
f 2811 2819 2812
f 2812 2819 2816
f 2818 2815 2817
f 2817 2815 2806
f 2817 2816 2818
f 2818 2816 2819
f 2793 2795 2819
f 2819 2795 2818
f 243 352 2793
f 2793 352 2795
f 242 353 243
f 243 353 352
f 359 191 242
f 242 191 353
f 247 192 359
f 359 192 191
f 157 193 247
f 247 193 192
f 156 194 157
f 157 194 193
f 378 261 156
f 156 261 194
f 378 381 261
f 261 381 195
f 195 381 196
f 196 381 376
f 196 376 198
f 198 376 375
f 375 1776 198
f 198 1776 197
f 1776 1767 197
f 197 1767 274
f 181 274 199
f 199 274 1767
f 568 566 564
f 564 566 563
f 568 569 566
f 566 569 567
f 501 1773 1771
f 1771 1773 578
f 547 579 1773
f 1773 579 578
f 3486 470 474
f 474 470 469
f 450 582 3487
f 3487 582 3488
f 582 583 3488
f 3488 583 3489
f 583 584 3489
f 3489 584 3490
f 3490 584 3491
f 3491 584 543
f 470 3486 466
f 466 3486 467
f 3489 3490 503
f 503 3490 504
f 503 3492 3489
f 3489 3492 3488
f 3492 503 3493
f 3493 503 502
f 3495 3492 3494
f 3494 3492 3493
f 3487 3488 3495
f 3495 3488 3492
f 468 1774 465
f 465 1774 570
f 3494 3493 1775
f 1775 3493 1771
f 3490 3491 504
f 504 3491 1772
f 3491 543 1772
f 1772 543 548
f 450 3487 474
f 474 3487 3486
f 3495 467 3487
f 3487 467 3486
f 3494 468 3495
f 3495 468 467
f 468 3494 1774
f 1774 3494 1775
f 501 1771 502
f 502 1771 3493
f 527 366 384
f 384 366 365
f 522 524 527
f 527 524 366
f 521 534 522
f 522 534 524
f 530 535 521
f 521 535 534
f 508 486 513
f 513 486 532
f 513 532 541
f 541 532 535
f 667 668 596
f 596 668 597
f 1294 1297 624
f 624 1297 625
f 603 641 604
f 604 641 640
f 1290 1293 650
f 650 1293 651
f 1758 691 660
f 660 691 661
f 602 671 599
f 599 671 670
f 654 662 690
f 690 662 661
f 2856 598 695
f 695 598 597
f 602 654 671
f 671 654 690
f 604 640 676
f 676 640 704
f 1826 1829 708
f 708 1829 709
f 1288 1284 740
f 740 1284 741
f 755 754 758
f 758 754 759
f 2853 2856 932
f 932 2856 695
f 689 691 1192
f 1192 691 1193
f 784 1319 1240
f 1240 1319 1241
f 1813 1816 1244
f 1244 1816 1245
f 754 1288 759
f 759 1288 740
f 1894 1242 1318
f 1318 1242 1241
f 2867 1348 1418
f 1418 1348 1347
f 676 704 673
f 673 704 1347
f 1284 1287 741
f 741 1287 1419
f 1421 1426 1422
f 1422 1426 1425
f 1758 660 615
f 615 660 616
f 1192 1191 1421
f 1421 1191 1426
f 2962 1839 1504
f 1504 1839 1505
f 941 1194 1759
f 1759 1194 1193
f 1287 1537 1419
f 1419 1537 1760
f 1882 2893 1823
f 1823 2893 1824
f 1886 1891 1827
f 1827 1891 1828
f 1887 1886 1834
f 1834 1886 1827
f 1841 716 1838
f 1838 716 1505
f 782 784 1850
f 1850 784 1240
f 1239 1242 1863
f 1863 1242 1864
f 1242 1894 1864
f 1864 1894 1873
f 1822 1239 1823
f 1823 1239 1863
f 1318 1317 1895
f 1895 1317 1900
f 1894 1896 1873
f 1873 1896 1897
f 1291 1896 1292
f 1292 1896 1895
f 605 1898 606
f 606 1898 1897
f 1258 1257 2854
f 2854 1257 2855
f 1257 1351 2855
f 2855 1351 2857
f 1351 1353 2857
f 2857 1353 2858
f 1353 3033 2858
f 2858 3033 2859
f 2860 2861 3036
f 3036 2861 3037
f 2862 2863 2870
f 2870 2863 3039
f 2870 2869 2862
f 2862 2869 2864
f 2868 2865 2869
f 2869 2865 2864
f 1764 2866 2868
f 2868 2866 2865
f 1537 1199 1760
f 1760 1199 1348
f 615 2884 1758
f 1758 2884 1759
f 1825 1246 2890
f 2890 1246 1245
f 2893 2892 1824
f 1824 2892 2891
f 761 2960 758
f 758 2960 2906
f 3000 2943 2940
f 2940 2943 2941
f 2968 710 2950
f 2950 710 709
f 1764 1423 2866
f 2866 1423 2953
f 1423 645 2953
f 2953 645 2954
f 645 644 2954
f 2954 644 2955
f 644 738 2955
f 2955 738 2956
f 738 764 2956
f 2956 764 2957
f 764 763 2957
f 2957 763 2958
f 763 2908 2958
f 2958 2908 2959
f 2908 1436 2959
f 2959 1436 2961
f 1837 2964 1435
f 1435 2964 2963
f 1837 2937 2964
f 2964 2937 2965
f 2936 2968 2966
f 2966 2968 2950
f 1840 2942 1838
f 1838 2942 2941
f 2939 2949 2940
f 2940 2949 3006
f 2939 2942 2966
f 2966 2942 2965
f 1822 1825 1850
f 1850 1825 2890
f 1891 3005 1828
f 1828 3005 3006
f 3035 3038 3045
f 3045 3038 3042
f 3045 3044 3035
f 3035 3044 3040
f 669 1422 3045
f 3045 1422 3044
f 599 670 3041
f 3041 670 3042
f 931 3067 932
f 932 3067 3065
f 2853 3066 2854
f 2854 3066 3076
f 3067 3496 3065
f 3065 3496 3497
f 3066 3498 3076
f 3076 3498 3499
f 707 1813 708
f 708 1813 1244
f 2960 2962 2906
f 2906 2962 1504
f 2892 1887 2891
f 2891 1887 1834
f 1839 2962 2963
f 2963 2962 2961
f 595 626 596
f 596 626 625
f 623 626 3484
f 3484 626 2859
f 1291 1290 606
f 606 1290 603
f 1290 650 603
f 603 650 641
f 641 650 642
f 642 650 649
f 2860 2863 649
f 649 2863 642
f 3036 3039 2860
f 2860 3039 2863
f 3035 3040 3036
f 3036 3040 3039
f 1294 1293 1295
f 1295 1293 1292
f 624 651 1294
f 1294 651 1293
f 623 652 624
f 624 652 651
f 3484 2861 623
f 623 2861 652
f 3032 3037 3484
f 3484 3037 2861
f 3031 3038 3032
f 3032 3038 3037
f 3481 2848 2884
f 2884 2848 942
f 2846 617 1427
f 1427 617 616
f 3049 3167 3048
f 3048 3167 3500
f 1906 3048 3070
f 3070 3048 3500
f 1337 1768 3501
f 3501 1768 3502
f 3020 3503 3021
f 3021 3503 3024
f 2914 3023 3020
f 3020 3023 3503
f 859 1770 860
f 860 1770 3504
f 1336 3505 1768
f 1768 3505 3502
f 3065 3497 3066
f 3066 3497 3498
f 2814 3075 3067
f 3067 3075 3496
f 2839 3174 766
f 766 3174 3017
f 1337 3501 1338
f 1338 3501 1769
f 767 3018 3026
f 3026 3018 3506
f 3076 3499 3064
f 3064 3499 3507
f 727 730 3483
f 3483 730 3030
f 3064 3507 2871
f 2871 3507 3077
f 3100 3160 1786
f 1786 3160 1784
f 3026 3506 752
f 752 3506 3015
f 860 3504 2923
f 2923 3504 3508
f 753 3016 3027
f 3027 3016 3509
f 3027 3509 3008
f 3008 3509 3028
f 1782 1785 1783
f 1783 1785 3022
f 2923 3508 3153
f 3153 3508 3161
f 3148 3149 1208
f 1208 3149 3150
f 1335 1328 3510
f 3510 1328 1327
f 1336 1335 3505
f 3505 1335 3510
f 866 3511 1340
f 1340 3511 3146
f 865 1808 866
f 866 1808 3511
f 842 841 3159
f 3159 841 3485
f 2849 3512 1329
f 1329 3512 1326
f 1202 1331 2849
f 2849 1331 3512
f 3514 3515 3513
f 3513 3515 3516
f 3518 3516 3517
f 3517 3516 3515
f 3519 3520 3514
f 3514 3520 3515
f 3522 3523 3521
f 3521 3523 3524
f 3526 3527 3525
f 3525 3527 3528
f 3530 3531 3529
f 3529 3531 3532
f 3534 3535 3533
f 3533 3535 3536
f 3529 3532 3537
f 3537 3532 3538
f 3537 3539 3529
f 3529 3539 3540
f 3542 3543 3541
f 3541 3543 3544
f 3546 3547 3545
f 3545 3547 3548
f 3550 3534 3549
f 3549 3534 3533
f 3550 3543 3551
f 3551 3543 3552
f 3537 3545 3539
f 3539 3545 3548
f 3553 3554 3556
f 3556 3554 3555
f 3537 3557 3545
f 3545 3557 3546
f 3558 3559 3561
f 3561 3559 3560
f 3563 3564 3562
f 3562 3564 3565
f 3564 3563 3566
f 3566 3563 3567
f 3569 3570 3568
f 3568 3570 3571
f 3573 3574 3572
f 3572 3574 3575
f 3577 3578 3576
f 3576 3578 3579
f 3581 3582 3580
f 3580 3582 3583
f 3585 3586 3584
f 3584 3586 3579
f 3586 3587 3579
f 3579 3587 3576
f 3589 3590 3588
f 3588 3590 3591
f 3592 3593 3595
f 3595 3593 3594
f 3597 3598 3596
f 3596 3598 3595
f 3583 3600 3599
f 3599 3600 3601
f 3603 3599 3602
f 3602 3599 3601
f 3605 3606 3604
f 3604 3606 3607
f 3608 3555 3596
f 3596 3555 3554
f 3597 3610 3609
f 3609 3610 3565
f 3564 3611 3565
f 3565 3611 3609
f 3611 3564 3612
f 3612 3564 3566
f 3613 3614 3569
f 3569 3614 3570
f 3615 3616 3573
f 3573 3616 3574
f 3517 3617 3518
f 3518 3617 3618
f 3620 3621 3619
f 3619 3621 3622
f 3624 3625 3623
f 3623 3625 3626
f 3628 3629 3627
f 3627 3629 3630
f 3632 3633 3631
f 3631 3633 3634
f 3636 3637 3635
f 3635 3637 3638
f 3640 3641 3639
f 3639 3641 3642
f 3643 3644 3639
f 3639 3644 3640
f 3646 3513 3645
f 3645 3513 3647
f 3648 3514 3646
f 3646 3514 3513
f 3649 3519 3648
f 3648 3519 3514
f 3650 3651 3527
f 3527 3651 3652
f 3654 3651 3653
f 3653 3651 3650
f 3568 3571 3655
f 3655 3571 3656
f 3657 3658 3653
f 3653 3658 3659
f 3661 3662 3660
f 3660 3662 3658
f 3664 3665 3663
f 3663 3665 3666
f 3667 3657 3650
f 3650 3657 3653
f 3669 3523 3668
f 3668 3523 3670
f 3672 3673 3671
f 3671 3673 3674
f 3676 3677 3675
f 3675 3677 3678
f 3671 3674 3676
f 3676 3674 3677
f 3680 3681 3679
f 3679 3681 3682
f 3683 3684 3680
f 3680 3684 3681
f 3685 3686 3661
f 3661 3686 3662
f 3686 3687 3662
f 3662 3687 3688
f 3684 3683 3689
f 3689 3683 3690
f 3692 3693 3691
f 3691 3693 3694
f 3691 3694 3695
f 3695 3694 3696
f 3698 3699 3697
f 3697 3699 3700
f 3702 3703 3701
f 3701 3703 3704
f 3705 3706 3519
f 3519 3706 3520
f 3673 3672 3707
f 3707 3672 3708
f 3709 3710 3682
f 3682 3710 3679
f 3711 3712 3692
f 3692 3712 3693
f 3714 3715 3713
f 3713 3715 3716
f 3718 3700 3717
f 3717 3700 3699
f 3720 3721 3719
f 3719 3721 3722
f 3724 3725 3723
f 3723 3725 3726
f 3727 3728 3730
f 3730 3728 3729
f 3722 3721 3731
f 3731 3721 3732
f 3697 3700 3733
f 3733 3700 3714
f 3733 3714 3734
f 3734 3714 3713
f 3721 3723 3732
f 3732 3723 3735
f 3720 3736 3724
f 3724 3736 3737
f 3700 3718 3714
f 3714 3718 3715
f 3717 3699 3738
f 3738 3699 3739
f 3536 3740 3533
f 3533 3740 3540
f 3742 3743 3741
f 3741 3743 3744
f 3746 3747 3745
f 3745 3747 3748
f 3750 3751 3749
f 3749 3751 3752
f 3627 3632 3628
f 3628 3632 3631
f 3754 3755 3753
f 3753 3755 3626
f 3562 3565 3756
f 3756 3565 3610
f 3527 3652 3528
f 3528 3652 3757
f 3758 3524 3669
f 3669 3524 3523
f 3582 3598 3583
f 3583 3598 3600
f 3759 3670 3522
f 3522 3670 3523
f 3675 3678 3760
f 3760 3678 3761
f 3762 3763 3690
f 3690 3763 3689
f 3765 3766 3764
f 3764 3766 3767
f 3768 3739 3698
f 3698 3739 3699
f 3726 3725 3770
f 3770 3725 3769
f 3645 3647 3771
f 3771 3647 3772
f 3645 3678 3646
f 3646 3678 3677
f 3646 3677 3648
f 3648 3677 3674
f 3673 3649 3674
f 3674 3649 3648
f 3707 3773 3673
f 3673 3773 3649
f 3775 3776 3774
f 3774 3776 3777
f 3779 3526 3778
f 3778 3526 3525
f 3526 3779 3667
f 3667 3779 3780
f 3780 3781 3667
f 3667 3781 3657
f 3672 3679 3708
f 3708 3679 3710
f 3671 3680 3672
f 3672 3680 3679
f 3676 3683 3671
f 3671 3683 3680
f 3675 3690 3676
f 3676 3690 3683
f 3760 3762 3675
f 3675 3762 3690
f 3682 3681 3783
f 3783 3681 3782
f 3689 3784 3684
f 3684 3784 3785
f 3684 3785 3681
f 3681 3785 3782
f 3786 3709 3783
f 3783 3709 3682
f 3784 3689 3787
f 3787 3689 3763
f 3789 3557 3788
f 3788 3557 3790
f 3792 3793 3791
f 3791 3793 3794
f 3616 3615 3795
f 3795 3615 3796
f 3797 3798 3727
f 3727 3798 3728
f 3800 3801 3799
f 3799 3801 3802
f 3803 3578 3592
f 3592 3578 3593
f 3805 3806 3804
f 3804 3806 3807
f 3599 3603 3585
f 3585 3603 3586
f 3587 3586 3604
f 3604 3586 3603
f 3588 3591 3794
f 3794 3591 3791
f 3581 3803 3582
f 3582 3803 3592
f 3594 3561 3608
f 3608 3561 3790
f 3662 3688 3808
f 3808 3688 3809
f 3665 3664 3810
f 3810 3664 3811
f 3719 3812 3720
f 3720 3812 3736
f 3717 3813 3718
f 3718 3813 3737
f 3723 3721 3724
f 3724 3721 3720
f 3813 3717 3814
f 3814 3717 3738
f 3815 3816 303
f 303 3816 304
f 3818 3819 3817
f 3817 3819 3820
f 3578 3803 3579
f 3579 3803 3584
f 3558 3593 3577
f 3577 3593 3578
f 3822 3823 3821
f 3821 3823 3824
f 3546 3826 3825
f 3825 3826 3827
f 3828 3829 3547
f 3547 3829 3541
f 3831 3542 3830
f 3830 3542 3832
f 3834 3822 3833
f 3833 3822 3821
f 3835 3836 3827
f 3827 3836 3825
f 3800 3799 3828
f 3828 3799 3829
f 3830 3832 3837
f 3837 3832 3838
f 331 330 3551
f 3551 330 3839
f 3831 333 3552
f 3552 333 332
f 3819 3797 3841
f 3841 3797 3840
f 3513 3516 3647
f 3647 3516 3746
f 337 336 3745
f 3745 336 3772
f 3525 3528 3775
f 3775 3528 3749
f 3610 3597 3554
f 3554 3597 3596
f 3706 3702 3520
f 3520 3702 3701
f 3756 3610 3553
f 3553 3610 3554
f 3757 3750 3528
f 3528 3750 3749
f 3517 3515 3701
f 3701 3515 3520
f 3842 3584 3581
f 3581 3584 3803
f 3525 3775 3778
f 3778 3775 3774
f 3638 3843 3635
f 3635 3843 3618
f 3617 3621 3618
f 3618 3621 3635
f 3617 3517 3704
f 3704 3517 3701
f 3521 3624 3522
f 3522 3624 3623
f 3749 3844 3775
f 3775 3844 3776
f 3846 3847 3845
f 3845 3847 3848
f 3843 3747 3618
f 3618 3747 3518
f 3850 3851 3849
f 3849 3851 3748
f 3853 3854 3852
f 3852 3854 3855
f 3856 3857 3622
f 3622 3857 3619
f 3859 3860 3858
f 3858 3860 3861
f 3862 3844 3752
f 3752 3844 3749
f 3863 3759 3623
f 3623 3759 3522
f 3864 3777 3630
f 3630 3777 3776
f 3713 3865 3734
f 3734 3865 3866
f 3868 3869 3867
f 3867 3869 3870
f 3872 3873 3871
f 3871 3873 3874
f 3876 3877 3875
f 3875 3877 3878
f 3879 3880 3878
f 3878 3880 3881
f 3882 3883 3885
f 3885 3883 3884
f 3780 3886 3781
f 3781 3886 3887
f 3888 3685 3869
f 3869 3685 3661
f 3880 3879 3883
f 3883 3879 3884
f 3693 3783 3694
f 3694 3783 3782
f 3696 3785 3764
f 3764 3785 3784
f 3694 3782 3696
f 3696 3782 3785
f 3693 3786 3783
f 3787 3765 3784
f 3784 3765 3764
f 386 385 3765
f 3765 385 3766
f 3695 3889 3691
f 3691 3889 3890
f 3691 3890 3692
f 3692 3890 3891
f 3892 3711 3891
f 3891 3711 3692
f 3767 3893 3695
f 3695 3893 3889
f 3766 3894 3767
f 3767 3894 3893
f 3882 3885 3895
f 3895 3885 3896
f 3898 3698 3897
f 3897 3698 3697
f 3897 3697 3899
f 3899 3697 3733
f 3899 3733 3900
f 3900 3733 3734
f 3901 3768 3898
f 3898 3768 3698
f 3901 3902 3768
f 3768 3902 3903
f 3904 3905 3907
f 3907 3905 3906
f 3869 3661 3870
f 3870 3661 3660
f 3908 3909 3896
f 3896 3909 3895
f 3909 3758 3895
f 3895 3758 3669
f 3751 3531 3752
f 3752 3531 3848
f 3858 3536 3854
f 3854 3536 3535
f 3652 3562 3757
f 3757 3562 3756
f 3651 3654 3563
f 3563 3654 3567
f 3655 3656 3808
f 3808 3656 3659
f 3530 3740 3845
f 3845 3740 3861
f 3751 3750 3556
f 3556 3750 3553
f 3817 3820 3796
f 3796 3820 3795
f 410 409 3910
f 3910 409 3855
f 3750 3757 3553
f 3553 3757 3756
f 3908 3886 3909
f 3909 3886 3780
f 409 411 3855
f 3855 411 3851
f 413 412 3760
f 3760 412 3762
f 415 414 3763
f 3763 414 3787
f 3790 3557 3538
f 3538 3557 3537
f 3555 3608 3538
f 3538 3608 3790
f 3574 3911 3575
f 3575 3911 3912
f 3535 3534 3910
f 3910 3534 3839
f 3831 3552 3542
f 3542 3552 3543
f 3534 3550 3839
f 3839 3550 3551
f 3543 3550 3544
f 3544 3550 3549
f 3913 3914 3916
f 3916 3914 3915
f 3806 3805 3589
f 3589 3805 3590
f 3849 3843 3917
f 3917 3843 3638
f 3853 3644 3859
f 3859 3644 3742
f 3747 3746 3518
f 3518 3746 3516
f 3695 3696 3767
f 3767 3696 3764
f 3903 3918 3768
f 3768 3918 3739
f 3738 3739 3816
f 3816 3739 3918
f 3919 3920 3769
f 3769 3920 3770
f 3921 3726 3922
f 3922 3726 3770
f 3678 3645 3761
f 3761 3645 3771
f 3924 3913 3923
f 3923 3913 3916
f 3802 3925 3838
f 3838 3925 3837
f 3577 3926 3558
f 3558 3926 3559
f 3815 3919 3814
f 3814 3919 3769
f 3927 3928 3822
f 3822 3928 3823
f 3829 3832 3541
f 3541 3832 3542
f 3834 3927 3822
f 3832 3829 3838
f 3838 3829 3799
f 3745 3772 3746
f 3746 3772 3647
f 3849 3748 3843
f 3843 3748 3747
f 3854 3853 3858
f 3858 3853 3859
f 3854 3535 3855
f 3855 3535 3910
f 3557 3789 3546
f 3546 3789 3826
f 3923 3823 3924
f 3924 3823 3928
f 3823 3923 3929
f 3929 3923 3930
f 3531 3751 3532
f 3532 3751 3556
f 3532 3556 3538
f 3538 3556 3555
f 3932 3634 3931
f 3931 3634 3633
f 3814 3769 3813
f 3813 3769 3725
f 3620 3636 3621
f 3621 3636 3635
f 3847 3862 3848
f 3848 3862 3752
f 3531 3530 3848
f 3848 3530 3845
f 3933 3934 3830
f 3830 3934 3831
f 3925 3933 3837
f 3837 3933 3830
f 3934 440 3831
f 3831 440 333
f 3925 3802 3833
f 3833 3802 3801
f 3776 3844 3630
f 3630 3844 3627
f 3808 3659 3662
f 3662 3659 3658
f 3667 3650 3526
f 3526 3650 3527
f 3935 3666 3936
f 3936 3666 3665
f 3718 3737 3715
f 3715 3737 3736
f 3663 3809 3664
f 3664 3809 3688
f 3807 3806 3938
f 3938 3806 3937
f 445 413 3761
f 3761 413 3760
f 3902 447 3903
f 3903 447 446
f 3897 3890 3898
f 3898 3890 3889
f 3899 3891 3897
f 3897 3891 3890
f 3898 3889 3901
f 3901 3889 3893
f 3893 3894 3901
f 3901 3894 3902
f 414 386 3787
f 3787 386 3765
f 3940 3941 3939
f 3939 3941 3942
f 3840 3797 3943
f 3943 3797 3727
f 3665 3810 3936
f 3936 3810 3944
f 3921 3735 3726
f 3726 3735 3723
f 3920 3945 3770
f 3770 3945 3922
f 3521 3524 3774
f 3774 3524 3778
f 3864 3946 3625
f 3625 3946 3947
f 3773 3705 3649
f 3649 3705 3519
f 3779 3778 3758
f 3758 3778 3524
f 3812 3716 3736
f 3736 3716 3715
f 3624 3521 3777
f 3777 3521 3774
f 3703 3856 3704
f 3704 3856 3622
f 3900 3892 3899
f 3899 3892 3891
f 3641 3917 3642
f 3642 3917 3948
f 3895 3669 3882
f 3882 3669 3668
f 3855 3851 3852
f 3852 3851 3850
f 3894 458 3902
f 3902 458 447
f 3781 3887 3660
f 3660 3887 3870
f 3570 3566 3571
f 3571 3566 3567
f 3950 3576 3949
f 3949 3576 3587
f 3605 3602 3614
f 3614 3602 3612
f 3614 3612 3570
f 3570 3612 3566
f 3571 3567 3656
f 3656 3567 3654
f 3660 3658 3781
f 3781 3658 3657
f 3604 3607 3587
f 3587 3607 3949
f 3653 3659 3654
f 3654 3659 3656
f 3529 3540 3530
f 3530 3540 3740
f 3687 3811 3688
f 3688 3811 3664
f 3813 3725 3737
f 3737 3725 3724
f 3919 3815 461
f 461 3815 303
f 3818 3798 3819
f 3819 3798 3797
f 3819 3841 3820
f 3820 3841 3951
f 3816 3815 3738
f 3738 3815 3814
f 3540 3539 3533
f 3533 3539 3549
f 3548 3547 3544
f 3544 3547 3541
f 3539 3548 3549
f 3549 3548 3544
f 3741 3931 3860
f 3860 3931 3846
f 3801 3800 3835
f 3835 3800 3836
f 3934 3933 3824
f 3824 3933 3821
f 3825 3828 3546
f 3546 3828 3547
f 3833 3821 3925
f 3925 3821 3933
f 3800 3828 3836
f 3836 3828 3825
f 3824 3952 3934
f 3934 3952 440
f 3860 3846 3861
f 3861 3846 3845
f 3629 3946 3630
f 3630 3946 3864
f 3740 3536 3861
f 3861 3536 3858
f 3833 3801 3834
f 3834 3801 3835
f 3583 3599 3580
f 3580 3599 3585
f 3651 3563 3652
f 3652 3563 3562
f 3758 3909 3779
f 3779 3909 3780
f 3621 3617 3622
f 3622 3617 3704
f 3625 3947 3626
f 3626 3947 3753
f 3633 3632 3847
f 3847 3632 3862
f 3852 3850 3640
f 3640 3850 3641
f 3644 3853 3640
f 3640 3853 3852
f 3859 3742 3860
f 3860 3742 3741
f 3632 3627 3862
f 3862 3627 3844
f 3755 3863 3626
f 3626 3863 3623
f 3917 3638 3948
f 3948 3638 3637
f 3644 3643 3742
f 3742 3643 3743
f 3931 3633 3846
f 3846 3633 3847
f 3625 3624 3864
f 3864 3624 3777
f 3917 3641 3849
f 3849 3641 3850
f 3744 3932 3741
f 3741 3932 3931
f 3903 446 3918
f 3918 446 464
f 3953 3954 3956
f 3956 3954 3955
f 3958 3959 3957
f 3957 3959 3960
f 3876 3958 3877
f 3877 3958 3957
f 3877 3957 3961
f 3961 3957 3962
f 3963 3964 3958
f 3958 3964 3959
f 3965 3966 3876
f 3876 3966 3958
f 3966 3963 3958
f 3966 3967 3963
f 3963 3967 3968
f 3878 3877 3879
f 3879 3877 3961
f 3967 3969 3968
f 3968 3969 3970
f 3969 3971 3970
f 3970 3971 3972
f 3974 3904 3973
f 3973 3904 3907
f 3971 3975 3972
f 3972 3975 3976
f 3976 3975 3978
f 3978 3975 3977
f 3979 3980 3977
f 3977 3980 3978
f 3981 3982 3979
f 3979 3982 3980
f 3983 3984 3981
f 3981 3984 3982
f 3972 3985 3970
f 3970 3985 3986
f 3871 3987 3969
f 3969 3987 3971
f 3872 3871 3967
f 3967 3871 3969
f 3965 3872 3966
f 3966 3872 3967
f 3970 3986 3968
f 3968 3986 3988
f 3879 3961 3884
f 3884 3961 3940
f 3884 3940 3885
f 3885 3940 3939
f 3989 3990 3992
f 3992 3990 3991
f 3942 3993 3995
f 3995 3993 3994
f 3994 3996 3995
f 3995 3996 3974
f 3997 3998 3994
f 3994 3998 3996
f 3999 3997 3993
f 3993 3997 3994
f 4001 3996 4000
f 4000 3996 3998
f 4000 3998 4002
f 4002 3998 4003
f 4004 4003 3997
f 3997 4003 3998
f 3997 3999 4004
f 4004 3999 4005
f 4006 3995 3973
f 3973 3995 3974
f 3939 3942 4006
f 4006 3942 3995
f 3906 3887 3907
f 3907 3887 3886
f 3887 3906 3870
f 3870 3906 3867
f 3908 3973 3886
f 3886 3973 3907
f 3865 4007 3866
f 3866 4007 4008
f 3984 3983 4009
f 4009 3983 4010
f 3961 3962 3940
f 3940 3962 3941
f 4012 3868 4011
f 4011 3868 3867
f 4013 3975 3987
f 3987 3975 3971
f 4014 3977 4013
f 4013 3977 3975
f 4015 4010 4007
f 4007 4010 3983
f 4007 3983 4008
f 4008 3983 3981
f 4008 3981 4016
f 4016 3981 3979
f 4017 3984 4018
f 4018 3984 4009
f 3977 4014 3979
f 3979 4014 4016
f 3982 3984 4019
f 4019 3984 4017
f 4021 4022 4020
f 4020 4022 4023
f 4022 4012 4023
f 4023 4012 4011
f 4023 3904 4020
f 4020 3904 3974
f 4024 4025 4018
f 4018 4025 4017
f 4026 4027 4024
f 4024 4027 4025
f 4028 4026 4029
f 4029 4026 4024
f 4018 4021 4024
f 4024 4021 4029
f 4030 4031 4026
f 4026 4031 4027
f 4032 4030 4028
f 4028 4030 4026
f 4029 4001 4028
f 4028 4001 4000
f 4028 4000 4032
f 4032 4000 4002
f 4034 4035 4033
f 4033 4035 4036
f 4037 4038 4019
f 4019 4038 4039
f 4041 4039 4040
f 4040 4039 4038
f 4040 4038 4042
f 4042 4038 4036
f 4042 4036 4043
f 4043 4036 4035
f 3985 4044 4046
f 4046 4044 4045
f 4047 4048 4045
f 4045 4048 4046
f 4047 4049 4048
f 4048 4049 4050
f 4042 4047 4040
f 4040 4047 4045
f 4043 4049 4042
f 4042 4049 4047
f 4040 4045 4041
f 4041 4045 4044
f 4052 3959 4051
f 4051 3959 3964
f 4053 4054 4051
f 4051 4054 4055
f 3956 3960 4052
f 4052 3960 3959
f 3953 3956 4056
f 4056 3956 4052
f 4058 3953 4057
f 4057 3953 4056
f 4060 4061 4059
f 4059 4061 4062
f 4063 4064 4054
f 4054 4064 4057
f 4054 4053 4063
f 4063 4053 4065
f 4066 4067 4069
f 4069 4067 4068
f 4048 4050 4063
f 4063 4050 4064
f 4063 4065 4048
f 4048 4065 4046
f 3985 4046 3986
f 3986 4046 4065
f 3986 4065 3988
f 3988 4065 4053
f 3988 4053 3964
f 3964 4053 4051
f 3976 3978 4044
f 4044 3978 4041
f 3980 3982 4039
f 4039 3982 4019
f 4039 4041 3980
f 3980 4041 3978
f 3973 3908 4006
f 4006 3908 3896
f 3885 3939 3896
f 3896 3939 4006
f 4031 4034 4027
f 4027 4034 4033
f 4027 4033 4025
f 4025 4033 4037
f 4019 4017 4037
f 4037 4017 4025
f 3993 3942 4070
f 4070 3942 3941
f 3999 3993 4071
f 4071 3993 4070
f 3999 4071 4005
f 4005 4071 4072
f 4073 4074 4076
f 4076 4074 4075
f 4078 4079 4077
f 4077 4079 4080
f 4082 4080 4081
f 4081 4080 4079
f 4084 4085 4083
f 4083 4085 4086
f 4087 4088 4090
f 4090 4088 4089
f 4092 4093 4091
f 4091 4093 4094
f 4096 4097 4095
f 4095 4097 4098
f 4100 4101 4099
f 4099 4101 4102
f 4103 4104 4106
f 4106 4104 4105
f 4108 4109 4107
f 4107 4109 4110
f 4112 4113 4111
f 4111 4113 4114
f 4116 4117 4115
f 4115 4117 4118
f 4120 4121 4119
f 4119 4121 4122
f 4123 4124 4126
f 4126 4124 4125
f 4127 4128 4130
f 4130 4128 4129
f 4132 4133 4131
f 4131 4133 4134
f 4136 4108 4135
f 4135 4108 4107
f 4138 4139 4137
f 4137 4139 4140
f 4141 4142 4088
f 4088 4142 4089
f 4144 4145 4143
f 4143 4145 4146
f 4148 4149 4147
f 4147 4149 4150
f 4152 4153 4151
f 4151 4153 4154
f 4156 4082 4155
f 4155 4082 4081
f 4157 4158 4160
f 4160 4158 4159
f 4161 4162 4164
f 4164 4162 4163
f 4166 4122 4165
f 4165 4122 4121
f 4168 4152 4167
f 4167 4152 4151
f 4169 4170 4172
f 4172 4170 4171
f 4174 4175 4173
f 4173 4175 4176
f 4178 4149 4177
f 4177 4149 4179
f 4173 4176 4180
f 4180 4176 4181
f 4156 4085 4182
f 4182 4085 4183
f 4182 4184 4156
f 4156 4184 4082
f 4185 4186 4184
f 4184 4186 4187
f 4186 4188 4187
f 4187 4188 4189
f 4190 4191 4073
f 4073 4191 4074
f 4177 4179 4158
f 4158 4179 4159
f 4193 4127 4192
f 4192 4127 4130
f 4144 4194 4151
f 4151 4194 4167
f 4196 4197 4195
f 4195 4197 4198
f 4095 4199 4096
f 4096 4199 4200
f 4201 4202 4204
f 4204 4202 4203
f 4205 4206 4208
f 4208 4206 4207
f 4121 4120 4209
f 4209 4120 4210
f 4212 4213 4211
f 4211 4213 4214
f 4216 4217 4215
f 4215 4217 4218
f 4220 4221 4219
f 4219 4221 4222
f 4224 4196 4223
f 4223 4196 4195
f 4225 4226 4134
f 4134 4226 4131
f 4228 4229 4227
f 4227 4229 4230
f 4232 4233 4231
f 4231 4233 4098
f 4235 4236 4234
f 4234 4236 4237
f 4239 4240 4238
f 4238 4240 4241
f 4242 4243 4245
f 4245 4243 4244
f 4246 4247 4249
f 4249 4247 4248
f 4251 4252 4250
f 4250 4252 4253
f 4255 4256 4254
f 4254 4256 4257
f 4259 4260 4258
f 4258 4260 4261
f 4263 4264 4262
f 4262 4264 4265
f 4267 4268 4266
f 4266 4268 4269
f 4271 4199 4270
f 4270 4199 4272
f 4273 4274 4276
f 4276 4274 4275
f 4115 4118 4277
f 4277 4118 4278
f 4280 4281 4279
f 4279 4281 4282
f 4211 4283 4212
f 4212 4283 4284
f 4286 4287 4285
f 4285 4287 4288
f 4165 4121 4289
f 4289 4121 4209
f 4291 4286 4290
f 4290 4286 4285
f 4293 4294 4292
f 4292 4294 4295
f 4297 4298 4296
f 4296 4298 4299
f 4301 4302 4300
f 4300 4302 4303
f 4299 4304 4296
f 4296 4304 4305
f 4306 4292 4307
f 4307 4292 4295
f 4307 4308 4306
f 4306 4308 4309
f 4310 4309 4075
f 4075 4309 4308
f 4299 4298 4312
f 4312 4298 4311
f 4302 4301 4293
f 4293 4301 4294
f 3735 3921 4313
f 4313 3921 4314
f 4315 4314 3922
f 3922 4314 3921
f 4316 3945 829
f 829 3945 830
f 4289 4317 4165
f 4165 4317 4318
f 4320 4321 4319
f 4319 4321 4322
f 4324 4325 4323
f 4323 4325 4326
f 4327 4328 4330
f 4330 4328 4329
f 4290 4331 4291
f 4291 4331 4332
f 4165 4318 4166
f 4166 4318 4333
f 4334 4335 4337
f 4337 4335 4336
f 4339 4340 4338
f 4338 4340 4341
f 4168 4343 4342
f 4342 4343 4344
f 4346 4347 4345
f 4345 4347 4348
f 4350 4351 4349
f 4349 4351 4352
f 4354 4355 4353
f 4353 4355 4356
f 4357 4358 4324
f 4324 4358 4325
f 4337 4359 4334
f 4334 4359 4360
f 4362 4363 4361
f 4361 4363 4364
f 4366 4367 4365
f 4365 4367 4368
f 4369 4370 4372
f 4372 4370 4371
f 4331 4290 4374
f 4374 4290 4373
f 4373 4376 4375
f 4375 4376 4377
f 4379 4380 4378
f 4378 4380 4381
f 4217 4382 4218
f 4218 4382 4383
f 4385 4386 4384
f 4384 4386 4387
f 4388 4389 4338
f 4338 4389 4390
f 4337 4336 4392
f 4392 4336 4391
f 4394 4362 4393
f 4393 4362 4361
f 4396 4397 4395
f 4395 4397 4398
f 4400 4401 4399
f 4399 4401 4402
f 4345 4403 4346
f 4346 4403 4404
f 4405 4406 4342
f 4342 4406 4407
f 4409 4410 4408
f 4408 4410 4411
f 4408 4412 4409
f 4409 4412 4413
f 4181 4415 4414
f 4414 4415 4416
f 4182 4183 4417
f 4417 4183 4418
f 4419 4353 4311
f 4311 4353 4312
f 4421 4422 4420
f 4420 4422 4423
f 4353 4356 4312
f 4312 4356 4424
f 4166 4333 4425
f 4425 4333 4426
f 4425 4143 4166
f 4166 4143 4122
f 4427 4107 4428
f 4428 4107 4110
f 4429 4430 4174
f 4174 4430 4175
f 4335 4431 4336
f 4336 4431 4390
f 4336 4390 4391
f 4391 4390 4389
f 4432 4433 4435
f 4435 4433 4434
f 4437 4438 4436
f 4436 4438 4439
f 4441 4442 4440
f 4440 4442 4443
f 4359 4444 4361
f 4361 4444 4393
f 4446 4447 4445
f 4445 4447 4448
f 4338 4341 4388
f 4388 4341 4449
f 4450 4451 4398
f 4398 4451 4395
f 4453 4454 4452
f 4452 4454 4455
f 4457 4458 4456
f 4456 4458 4459
f 4460 4461 4448
f 4448 4461 4445
f 4463 4464 4462
f 4462 4464 4465
f 4462 4465 4466
f 4466 4465 4467
f 4468 4469 4467
f 4467 4469 4466
f 4469 4468 4470
f 4470 4468 4471
f 4472 4473 4471
f 4471 4473 4470
f 4475 4476 4474
f 4474 4476 4477
f 4479 4480 4478
f 4478 4480 4481
f 4483 4484 4482
f 4482 4484 4485
f 4487 4488 4486
f 4486 4488 4489
f 4491 4492 4490
f 4490 4492 4493
f 4494 4495 4493
f 4493 4495 4490
f 4496 4497 4494
f 4494 4497 4495
f 4497 4496 4498
f 4498 4496 4499
f 4500 4501 4503
f 4503 4501 4502
f 4505 4506 4504
f 4504 4506 4507
f 4466 4508 4462
f 4462 4508 4509
f 4470 4510 4469
f 4469 4510 4511
f 4513 4479 4512
f 4512 4479 4478
f 4515 4443 4514
f 4514 4443 4442
f 4516 4517 4519
f 4519 4517 4518
f 4521 4495 4520
f 4520 4495 4497
f 4522 4490 4521
f 4521 4490 4495
f 4491 4523 4488
f 4488 4523 4524
f 4525 4489 4524
f 4524 4489 4488
f 4484 4526 4485
f 4485 4526 4527
f 4503 4528 4500
f 4500 4528 4529
f 4530 4531 4533
f 4533 4531 4532
f 4535 4506 4534
f 4534 4506 4530
f 4486 4536 4487
f 4487 4536 4537
f 4487 4537 4492
f 4492 4537 4538
f 4494 4539 4496
f 4496 4539 4540
f 4542 4533 4541
f 4541 4533 4499
f 4544 4545 4543
f 4543 4545 4546
f 4548 4549 4547
f 4547 4549 4550
f 4536 4551 4537
f 4537 4551 4552
f 4537 4552 4538
f 4538 4552 4553
f 4554 4539 4556
f 4556 4539 4555
f 4557 4540 4554
f 4554 4540 4539
f 4559 4557 4558
f 4558 4557 4560
f 4540 4557 4541
f 4541 4557 4559
f 4562 4563 4561
f 4561 4563 4564
f 4546 4565 4543
f 4543 4565 4566
f 4547 4567 4548
f 4548 4567 4568
f 4570 4571 4569
f 4569 4571 4572
f 4574 4575 4573
f 4573 4575 4576
f 4578 4579 4577
f 4577 4579 4580
f 4582 4583 4581
f 4581 4583 4584
f 4585 4586 4588
f 4588 4586 4587
f 4589 4585 4590
f 4590 4585 4588
f 4592 4593 4591
f 4591 4593 4594
f 4596 4597 4595
f 4595 4597 4598
f 4600 4601 4599
f 4599 4601 4602
f 4563 4604 4603
f 4603 4604 4605
f 4603 4606 4608
f 4608 4606 4607
f 4609 4610 4594
f 4594 4610 4591
f 4611 4612 4614
f 4614 4612 4613
f 4616 4617 4615
f 4615 4617 4618
f 4602 4620 4619
f 4619 4620 4621
f 4619 4622 4602
f 4602 4622 4599
f 4605 4599 4623
f 4623 4599 4622
f 4605 4623 4603
f 4603 4623 4606
f 4625 4626 4624
f 4624 4626 4627
f 4438 4437 4628
f 4628 4437 4629
f 4442 4441 4630
f 4630 4441 4631
f 4630 4632 4442
f 4442 4632 4514
f 4633 4634 4529
f 4529 4634 4500
f 4500 4634 4501
f 4501 4634 4635
f 4637 4546 4636
f 4636 4546 4545
f 4639 4565 4638
f 4638 4565 4640
f 4573 4576 4641
f 4641 4576 4642
f 4593 4643 4594
f 4594 4643 4644
f 4645 4609 4644
f 4644 4609 4594
f 4647 4648 4646
f 4646 4648 4649
f 4651 4652 4650
f 4650 4652 4653
f 4654 4498 4519
f 4519 4498 4532
f 4520 4508 4521
f 4521 4508 4511
f 4522 4510 4523
f 4523 4510 4655
f 4524 4656 4525
f 4525 4656 4657
f 4514 4529 4515
f 4515 4529 4528
f 4658 4659 4661
f 4661 4659 4660
f 4496 4540 4499
f 4499 4540 4541
f 4493 4555 4494
f 4494 4555 4539
f 4549 4483 4550
f 4550 4483 4482
f 4545 4544 4501
f 4501 4544 4502
f 4636 4545 4635
f 4635 4545 4501
f 4589 4663 4662
f 4662 4663 4664
f 4662 4665 4558
f 4558 4665 4559
f 4569 4586 4570
f 4570 4586 4560
f 4552 4666 4553
f 4553 4666 4667
f 4668 4669 4670
f 4670 4669 4666
f 4672 4673 4671
f 4671 4673 4674
f 4287 4675 4288
f 4288 4675 4676
f 4678 4679 4677
f 4677 4679 4680
f 4681 4678 4682
f 4682 4678 4677
f 4682 4683 4681
f 4681 4683 4684
f 4161 4164 4685
f 4685 4164 4686
f 4414 4687 4689
f 4689 4687 4688
f 4405 4690 4346
f 4346 4690 4347
f 4691 4399 4693
f 4693 4399 4692
f 1209 4694 4365
f 4365 4694 4366
f 4650 1211 4651
f 4651 1211 1210
f 4695 4696 4255
f 4255 4696 4256
f 4697 4698 4218
f 4218 4698 4215
f 4700 4701 4699
f 4699 4701 4702
f 4703 4704 4303
f 4303 4704 4300
f 4315 3922 4316
f 4316 3922 3945
f 4653 4706 4705
f 4705 4706 4707
f 4709 4710 4708
f 4708 4710 4711
f 4335 4334 4713
f 4713 4334 4712
f 4714 4340 4321
f 4321 4340 4322
f 4716 4717 4715
f 4715 4717 4718
f 4238 4241 4719
f 4719 4241 4720
f 4231 4721 4307
f 4307 4721 4308
f 4723 4724 4722
f 4722 4724 4725
f 4727 4728 4726
f 4726 4728 4729
f 4730 4731 4327
f 4327 4731 4328
f 4733 4734 4732
f 4732 4734 4735
f 4720 4381 4736
f 4736 4381 4737
f 4738 4739 4741
f 4741 4739 4740
f 4743 4744 4742
f 4742 4744 4745
f 4338 4390 4339
f 4339 4390 4431
f 4746 4747 4431
f 4431 4747 4339
f 4291 4332 4289
f 4289 4332 4317
f 4289 4209 4291
f 4291 4209 4286
f 4287 4286 4210
f 4210 4286 4209
f 4749 4750 4748
f 4748 4750 4751
f 4212 4284 4752
f 4752 4284 4753
f 4752 4754 4212
f 4212 4754 4213
f 4252 4251 4225
f 4225 4251 4226
f 4227 4230 4248
f 4248 4230 4249
f 4205 4755 4757
f 4757 4755 4756
f 4708 4711 4758
f 4758 4711 4647
f 4367 4366 4759
f 4759 4366 4760
f 4526 4513 4527
f 4527 4513 4512
f 4420 4423 4385
f 4385 4423 4386
f 4705 4761 4653
f 4653 4761 4650
f 4761 1279 4650
f 4650 1279 1211
f 4762 4763 3944
f 3944 4763 3936
f 4274 4273 4765
f 4765 4273 4764
f 4767 4768 4766
f 4766 4768 4769
f 4770 4771 4769
f 4769 4771 4766
f 4771 4770 4242
f 4242 4770 4243
f 4093 4163 4094
f 4094 4163 4162
f 4772 4773 4775
f 4775 4773 4774
f 4777 4778 4776
f 4776 4778 4779
f 4417 4185 4182
f 4182 4185 4184
f 4780 4078 4781
f 4781 4078 4077
f 4781 4077 4782
f 4782 4077 4189
f 4188 4783 4189
f 4189 4783 4782
f 4295 4232 4307
f 4307 4232 4231
f 4785 4786 4784
f 4784 4786 4787
f 4784 1307 4785
f 4785 1307 1306
f 4078 4780 4096
f 4096 4780 4097
f 4075 4074 4310
f 4310 4074 4788
f 4788 4074 4789
f 4789 4074 4191
f 4789 4191 4059
f 4059 4191 4790
f 4791 4277 4792
f 4792 4277 4278
f 3732 3735 4793
f 4793 3735 4313
f 4793 4794 3732
f 3732 4794 3731
f 4792 4795 4791
f 4791 4795 4796
f 4797 4798 4799
f 4799 4798 4724
f 4763 4800 3936
f 3936 4800 3935
f 4801 4062 3729
f 3729 4062 3730
f 4713 4712 4802
f 4802 4712 4803
f 4146 4804 4119
f 4119 4804 4805
f 4498 4654 4497
f 4497 4654 4520
f 4806 4807 1326
f 1326 4807 1327
f 4689 4688 1330
f 1330 4688 1331
f 4801 4789 4062
f 4062 4789 4059
f 3730 4062 4808
f 4808 4062 4061
f 4810 4811 4809
f 4809 4811 4812
f 4813 4403 4814
f 4814 4403 4345
f 4815 4816 4349
f 4349 4816 4350
f 4817 4818 4820
f 4820 4818 4819
f 4406 4821 4407
f 4407 4821 4822
f 4823 4161 4824
f 4824 4161 4685
f 4181 4414 4825
f 4825 4414 4689
f 4741 4740 4826
f 4826 4740 4827
f 4828 4829 4827
f 4827 4829 4826
f 4142 4141 4415
f 4415 4141 4148
f 4830 1354 4761
f 4761 1354 1279
f 4832 4833 4831
f 4831 4833 4834
f 4835 4836 4626
f 4626 4836 4421
f 4451 4709 4395
f 4395 4709 4708
f 4627 4420 4837
f 4837 4420 4385
f 4837 1365 4838
f 4838 1365 1364
f 4397 4396 4839
f 4839 4396 4840
f 4842 4628 4841
f 4841 4628 4629
f 4671 4674 4631
f 4631 4674 4630
f 4674 4659 4630
f 4630 4659 4632
f 4633 4632 4658
f 4658 4632 4659
f 4658 4504 4633
f 4633 4504 4634
f 4635 4634 4507
f 4507 4634 4504
f 4843 4636 4507
f 4507 4636 4635
f 4844 4637 4843
f 4843 4637 4636
f 4637 4844 4640
f 4640 4844 4664
f 4638 4663 4642
f 4642 4663 4845
f 4847 4643 4846
f 4846 4643 4641
f 4644 4848 4645
f 4645 4848 4849
f 4851 4852 4850
f 4850 4852 4853
f 4855 4856 4854
f 4854 4856 4857
f 4859 4860 4858
f 4858 4860 4857
f 4715 4718 4859
f 4859 4718 4860
f 4862 4863 4861
f 4861 4863 4864
f 4866 4867 4865
f 4865 4867 4868
f 4870 4871 4869
f 4869 4871 4872
f 4869 4872 4116
f 4116 4872 4117
f 4820 4819 4874
f 4874 4819 4873
f 4876 4877 4875
f 4875 4877 4878
f 4880 4881 4879
f 4879 4881 4882
f 4884 4885 4883
f 4883 4885 4886
f 4887 4888 4280
f 4280 4888 4281
f 4818 4817 4889
f 4889 4817 4890
f 4891 4193 4823
f 4823 4193 4192
f 4892 4893 4228
f 4228 4893 4229
f 4158 4157 4894
f 4894 4157 4895
f 4896 4897 4132
f 4132 4897 4133
f 4099 4683 4100
f 4100 4683 4682
f 4101 4100 4899
f 4899 4100 4898
f 4150 4106 4147
f 4147 4106 4900
f 4100 4682 4898
f 4898 4682 4677
f 4080 4082 4187
f 4187 4082 4184
f 4077 4080 4189
f 4189 4080 4187
f 4191 4190 4790
f 4790 4190 4901
f 4177 4158 4680
f 4680 4158 4894
f 4108 4136 4752
f 4752 4136 4754
f 4752 4753 4108
f 4108 4753 4109
f 4817 4902 4890
f 4890 4902 4903
f 4904 4905 4907
f 4907 4905 4906
f 4909 4910 4908
f 4908 4910 4911
f 4913 4914 4912
f 4912 4914 4915
f 4916 4917 4919
f 4919 4917 4918
f 4312 4424 4299
f 4299 4424 4304
f 4920 4921 4297
f 4297 4921 4298
f 4194 4922 4167
f 4167 4922 4923
f 4924 4400 4691
f 4691 4400 4399
f 4395 4708 4396
f 4396 4708 4758
f 4367 4925 4368
f 4368 4925 4926
f 4919 4918 4873
f 4873 4918 4874
f 4836 4927 4421
f 4421 4927 4422
f 4921 4928 4298
f 4298 4928 4311
f 4143 4146 4122
f 4122 4146 4119
f 4929 4930 4455
f 4455 4930 4452
f 4932 4933 4931
f 4931 4933 4934
f 4935 4936 4932
f 4932 4936 4933
f 4461 4460 4457
f 4457 4460 4458
f 4480 4479 4475
f 4475 4479 4476
f 4660 4673 4517
f 4517 4673 4937
f 4661 4505 4658
f 4658 4505 4504
f 4484 4483 4489
f 4489 4483 4486
f 4462 4509 4463
f 4463 4509 4518
f 4469 4511 4466
f 4466 4511 4508
f 4655 4473 4656
f 4656 4473 4477
f 4476 4657 4477
f 4477 4657 4656
f 4479 4513 4476
f 4476 4513 4657
f 4489 4525 4484
f 4484 4525 4526
f 4483 4549 4486
f 4486 4549 4536
f 4549 4548 4536
f 4536 4548 4551
f 4548 4568 4551
f 4551 4568 4670
f 4663 4589 4845
f 4845 4589 4590
f 4668 4577 4938
f 4938 4577 4580
f 4940 4938 4939
f 4939 4938 4941
f 4940 4942 4669
f 4669 4942 4943
f 4587 4582 4944
f 4944 4582 4581
f 4848 4847 4608
f 4608 4847 4564
f 4616 4945 4613
f 4613 4945 4598
f 4615 4946 4616
f 4616 4946 4945
f 4947 4939 4948
f 4948 4939 4946
f 4599 4605 4600
f 4600 4605 4604
f 4608 4607 4848
f 4848 4607 4849
f 4613 4612 4616
f 4616 4612 4617
f 4835 4949 4709
f 4709 4949 4710
f 4357 1477 4837
f 4837 1477 1365
f 4712 4950 4803
f 4803 4950 4951
f 4401 4952 4402
f 4402 4952 4953
f 4759 4760 4402
f 4402 4760 4399
f 4508 4520 4509
f 4509 4520 4654
f 4510 4522 4511
f 4511 4522 4521
f 4513 4526 4657
f 4657 4526 4525
f 4632 4633 4514
f 4514 4633 4529
f 4931 4934 4453
f 4453 4934 4454
f 4153 4954 4154
f 4154 4954 4955
f 4957 4958 4956
f 4956 4958 4959
f 4961 4962 4960
f 4960 4962 4963
f 4120 4964 4210
f 4210 4964 4965
f 4967 4968 4966
f 4966 4968 4969
f 4349 4692 4815
f 4815 4692 4970
f 4652 4971 4653
f 4653 4971 4706
f 4758 4647 4972
f 4972 4647 4646
f 4973 4363 4646
f 4646 4363 4972
f 4950 4360 4974
f 4974 4360 4364
f 4431 4335 4746
f 4746 4335 4713
f 4358 4714 4325
f 4325 4714 4321
f 4765 4764 4266
f 4266 4764 4975
f 4202 4976 4203
f 4203 4976 4977
f 4917 4978 4918
f 4918 4978 4979
f 4279 4282 4854
f 4854 4282 4269
f 4820 4880 4817
f 4817 4880 4902
f 4890 4903 4980
f 4980 4903 4886
f 4982 4983 4981
f 4981 4983 4123
f 4795 4851 4796
f 4796 4851 4850
f 4918 4979 4874
f 4874 4979 4881
f 4809 4404 4810
f 4810 4404 4403
f 4354 4985 4984
f 4984 4985 4986
f 1364 1516 4838
f 4838 1516 4987
f 4759 4988 4367
f 4367 4988 4925
f 4989 4990 4481
f 4481 4990 4478
f 4443 4515 4990
f 4990 4515 4991
f 4527 4512 4992
f 4992 4512 4991
f 4528 4503 4992
f 4992 4503 4993
f 4993 4994 4485
f 4485 4994 4482
f 4544 4995 4502
f 4502 4995 4994
f 4995 4996 4550
f 4550 4996 4547
f 4998 4999 4997
f 4997 4999 4566
f 4998 5000 4578
f 4578 5000 4579
f 5001 5002 4596
f 4596 5002 4597
f 5003 4591 5004
f 5004 4591 4610
f 4626 4421 4627
f 4627 4421 4420
f 4837 4838 4627
f 4627 4838 4624
f 4761 4705 4830
f 4830 4705 5005
f 4705 4707 5005
f 5005 4707 5006
f 4308 4721 4075
f 4075 4721 4076
f 5007 4200 4797
f 4797 4200 4798
f 4685 4686 5008
f 5008 4686 5009
f 4889 4890 5010
f 5010 4890 4980
f 4323 1541 4324
f 4324 1541 1540
f 4385 4384 4358
f 4358 4384 4714
f 4396 4758 4840
f 4840 4758 4972
f 4866 4852 5011
f 5011 4852 5012
f 5013 4260 4980
f 4980 4260 5010
f 4875 4878 5014
f 5014 4878 5015
f 5017 5018 5016
f 5016 5018 5019
f 5016 5019 5020
f 5020 5019 5021
f 5023 5024 5022
f 5022 5024 5025
f 5027 5028 5026
f 5026 5028 5029
f 5031 5032 5030
f 5030 5032 5033
f 5035 5036 5034
f 5034 5036 5037
f 5039 5040 5038
f 5038 5040 5041
f 5043 5044 5042
f 5042 5044 5045
f 5038 5046 5039
f 5039 5046 5047
f 5049 5050 5048
f 5048 5050 5051
f 5053 5054 5052
f 5052 5054 5055
f 5057 5024 5056
f 5056 5024 5058
f 5060 5061 5059
f 5059 5061 5062
f 5064 5065 5063
f 5063 5065 5066
f 5043 5050 5064
f 5064 5050 5065
f 5038 5041 5067
f 5067 5041 5068
f 5070 5071 5069
f 5069 5071 5072
f 5074 5075 5073
f 5073 5075 5076
f 5034 5077 5035
f 5035 5077 5078
f 5080 5081 5079
f 5079 5081 5082
f 5084 5085 5083
f 5083 5085 5086
f 5085 5084 5087
f 5087 5084 5088
f 5090 5091 5089
f 5089 5091 5092
f 5094 5095 5093
f 5093 5095 5096
f 5098 5099 5097
f 5097 5099 5100
f 5102 5103 5101
f 5101 5103 5104
f 5105 5106 5108
f 5108 5106 5107
f 5110 5111 5109
f 5109 5111 5112
f 5114 5094 5113
f 5113 5094 5093
f 5116 5117 5115
f 5115 5117 5118
f 5120 5121 5119
f 5119 5121 5122
f 5124 5125 5123
f 5123 5125 5126
f 5128 5129 5127
f 5127 5129 5130
f 5097 5131 5098
f 5098 5131 5132
f 5134 5135 5133
f 5133 5135 5122
f 5084 5125 5088
f 5088 5125 5136
f 5138 5139 5137
f 5137 5139 5140
f 5142 5102 5141
f 5141 5102 5101
f 5106 5143 5107
f 5107 5143 5144
f 5146 5147 5145
f 5145 5147 5148
f 5149 5150 5109
f 5109 5150 5110
f 5151 5110 5152
f 5152 5110 5150
f 4715 5140 4716
f 4716 5140 5139
f 5143 4870 5144
f 5144 4870 4869
f 4115 5146 4116
f 4116 5146 5145
f 4791 4796 5149
f 5149 4796 5150
f 4796 4850 5150
f 5150 4850 5152
f 4858 5142 4859
f 4859 5142 5141
f 5153 5154 5115
f 5115 5154 5105
f 5156 5157 5155
f 5155 5157 5158
f 5159 5160 5053
f 5053 5160 5054
f 5161 5162 5020
f 5020 5162 5068
f 5026 5029 5163
f 5163 5029 5021
f 5083 5086 5164
f 5164 5086 5165
f 5090 5167 5166
f 5166 5167 5168
f 5169 5170 5172
f 5172 5170 5171
f 5174 5175 5173
f 5173 5175 5176
f 5177 5109 5178
f 5178 5109 5112
f 5179 5180 5182
f 5182 5180 5181
f 5123 5126 5120
f 5120 5126 5121
f 5180 5167 5181
f 5181 5167 5183
f 5184 5185 5179
f 5179 5185 5180
f 5186 5149 5177
f 5177 5149 5109
f 4868 5184 4865
f 4865 5184 5179
f 5188 5189 5187
f 5187 5189 5190
f 4277 4791 5186
f 5186 4791 5149
f 5179 5182 4865
f 4865 5182 4853
f 5189 4862 5190
f 5190 4862 4861
f 5156 5075 5191
f 5191 5075 5192
f 5036 5035 5193
f 5193 5035 5194
f 5115 5118 5153
f 5153 5118 5195
f 5022 5025 5196
f 5196 5025 5197
f 5155 5158 5069
f 5069 5158 5062
f 5063 5066 5198
f 5198 5066 5199
f 5073 5076 5200
f 5200 5076 5072
f 5202 5131 5201
f 5201 5131 5203
f 5143 5106 5204
f 5204 5106 5205
f 5114 5113 5206
f 5206 5113 5127
f 5098 5132 5193
f 5193 5132 5195
f 5204 5207 5143
f 5143 5207 4870
f 5088 5136 5208
f 5208 5136 5092
f 5209 5210 5089
f 5089 5210 5183
f 5211 5018 5060
f 5060 5018 5061
f 5017 5040 5070
f 5070 5040 5071
f 5191 5160 5156
f 5156 5160 5157
f 5048 5028 5049
f 5049 5028 5058
f 5207 5204 4858
f 4858 5204 5142
f 4859 5141 4715
f 4715 5141 5140
f 5212 5162 5042
f 5042 5162 5051
f 5182 5152 4853
f 4853 5152 4850
f 5214 5134 5213
f 5213 5134 5133
f 5164 5165 5133
f 5133 5165 5213
f 5215 5216 5201
f 5201 5216 5217
f 5147 5218 5148
f 5148 5218 5219
f 5147 5177 5218
f 5218 5177 5178
f 5141 5101 5140
f 5140 5101 5137
f 5201 5217 5202
f 5202 5217 5104
f 5146 5186 5147
f 5147 5186 5177
f 4277 5186 4115
f 4115 5186 5146
f 5191 5192 5031
f 5031 5192 5032
f 5052 5055 5220
f 5220 5055 5197
f 4116 5145 4869
f 4869 5145 5144
f 5034 5037 5214
f 5214 5037 5134
f 5097 5100 5114
f 5114 5100 5094
f 5108 5107 5219
f 5219 5107 5148
f 5221 5135 5116
f 5116 5135 5117
f 5124 5111 5209
f 5209 5111 5210
f 5107 5144 5148
f 5148 5144 5145
f 5152 5182 5151
f 5151 5182 5181
f 5208 5222 5088
f 5088 5222 5087
f 5222 5208 5171
f 5171 5208 5172
f 5223 1756 4698
f 4698 1756 1755
f 4427 5224 4107
f 4107 5224 4135
f 4178 4679 5225
f 5225 4679 5226
f 5227 5228 4892
f 4892 5228 4893
f 5229 5230 4171
f 4171 5230 4172
f 4855 4268 4884
f 4884 4268 4885
f 4884 4871 4855
f 4855 4871 4856
f 4684 5231 4896
f 4896 5231 4897
f 4768 4767 5009
f 5009 4767 5008
f 5205 5154 5102
f 5102 5154 5103
f 5099 5098 5194
f 5194 5098 5193
f 5198 5199 5079
f 5079 5199 5033
f 5102 5142 5205
f 5205 5142 5204
f 5224 4427 4681
f 4681 4427 4678
f 3712 3711 5232
f 5232 3711 5233
f 3968 3988 3963
f 3963 3988 3964
f 3976 4044 3972
f 3972 4044 3985
f 4038 4037 4036
f 4036 4037 4033
f 4794 4762 3731
f 3731 4762 3944
f 3731 3944 3722
f 3722 3944 3810
f 3874 5234 5232
f 5232 5234 3712
f 3906 3905 3867
f 3867 3905 4011
f 3904 4023 3905
f 3905 4023 4011
f 3719 3722 3811
f 3811 3722 3810
f 3812 3719 3687
f 3687 3719 3811
f 3716 3812 3686
f 3686 3812 3687
f 3713 3716 3685
f 3685 3716 3686
f 4810 4403 5235
f 5235 4403 4813
f 4345 1770 4814
f 4814 1770 1769
f 4067 4066 4058
f 4058 4066 5236
f 4043 4068 4049
f 4049 4068 4050
f 4034 5237 3989
f 3989 5237 3990
f 4031 4030 4072
f 4072 4030 4005
f 4003 4004 4002
f 4002 4004 4032
f 4004 4005 4032
f 4032 4005 4030
f 4067 4064 4068
f 4068 4064 4050
f 4058 4057 4067
f 4067 4057 4064
f 4035 4034 5238
f 5238 4034 3989
f 5236 5239 4058
f 4058 5239 5240
f 5234 3874 5241
f 5241 3874 3873
f 5241 3873 3881
f 3881 3873 3878
f 4800 4763 4788
f 4788 4763 4310
f 4763 4762 4310
f 4310 4762 4309
f 4762 4794 4309
f 4309 4794 4306
f 4794 4793 4306
f 4306 4793 4292
f 4293 4313 4302
f 4302 4313 4314
f 4302 4314 4303
f 4303 4314 4315
f 4303 4315 4703
f 4703 4315 4316
f 4035 4069 4043
f 4043 4069 4068
f 4324 1540 4357
f 4357 1540 1477
f 5232 3987 3874
f 3874 3987 3871
f 3987 5232 4013
f 4013 5232 5233
f 4013 5233 4014
f 4014 5233 5242
f 3888 4015 3865
f 3865 4015 4007
f 3866 4008 5243
f 5243 4008 4016
f 3873 5244 3878
f 3878 5244 3875
f 3965 5244 3872
f 3872 5244 3873
f 3876 3875 3965
f 3965 3875 5244
f 5243 4016 5242
f 5242 4016 4014
f 5246 5247 5245
f 5245 5247 5248
f 3576 3950 3577
f 3577 3950 3926
f 3584 3842 3585
f 3585 3842 3580
f 5249 5247 1784
f 1784 5247 1785
f 5250 5251 5253
f 5253 5251 5252
f 5255 5252 5254
f 5254 5252 5256
f 5254 5256 5258
f 5258 5256 5257
f 5258 5257 5260
f 5260 5257 5259
f 4356 5261 4424
f 4424 5261 5259
f 4355 5262 4356
f 4356 5262 5261
f 4924 5264 5263
f 5263 5264 5265
f 4693 5266 4691
f 4691 5266 5267
f 4351 5268 4352
f 4352 5268 5269
f 1808 1807 4351
f 4351 1807 5268
f 3580 3842 3581
f 3799 3802 3838
f 4800 4788 4801
f 4801 4788 4789
f 3729 3935 4801
f 4801 3935 4800
f 3728 3666 3729
f 3729 3666 3935
f 3728 3798 3666
f 3666 3798 3663
f 3798 3818 3663
f 3663 3818 3809
f 3818 3817 3809
f 3809 3817 3808
f 3796 3655 3817
f 3817 3655 3808
f 3615 3568 3796
f 3796 3568 3655
f 3573 3569 3615
f 3615 3569 3568
f 3572 3613 3573
f 3573 3613 3569
f 3792 3606 3572
f 3572 3606 3613
f 3607 3791 3949
f 3949 3791 3591
f 3590 3950 3591
f 3591 3950 3949
f 3805 3926 3590
f 3590 3926 3950
f 3804 3559 3805
f 3805 3559 3926
f 3804 3914 3559
f 3559 3914 3560
f 3924 3789 3913
f 3913 3789 3788
f 3924 3928 3789
f 3789 3928 3826
f 3928 3927 3826
f 3826 3927 3827
f 3927 3834 3827
f 3827 3834 3835
f 4079 4078 5270
f 5270 4078 5007
f 5271 5272 4233
f 4233 5272 5273
f 5275 5276 5274
f 5274 5276 5277
f 5278 5279 4236
f 4236 5279 4237
f 5278 5280 5271
f 5271 5280 5272
f 4235 5281 4236
f 4236 5281 5282
f 5284 5285 5283
f 5283 5285 5286
f 5288 5289 5287
f 5287 5289 5290
f 5292 5293 5291
f 5291 5293 5294
f 5287 5290 4726
f 4726 5290 5295
f 4293 4292 4313
f 4313 4292 4793
f 4720 4736 4719
f 4719 4736 5296
f 5297 4909 5298
f 5298 4909 4908
f 5299 5300 4976
f 4976 5300 5301
f 5302 4202 5303
f 5303 4202 4201
f 5304 5305 4983
f 4983 5305 5306
f 5308 5309 5307
f 5307 5309 5310
f 4722 4725 5283
f 5283 4725 5311
f 5291 5294 4125
f 4125 5294 4126
f 5313 5314 5312
f 5312 5314 5315
f 5316 5317 5319
f 5319 5317 5318
f 5321 5308 5320
f 5320 5308 5307
f 4819 4981 4873
f 4873 4981 5322
f 4981 4123 5322
f 5322 4123 4126
f 5324 5325 5323
f 5323 5325 5326
f 4764 5327 4975
f 4975 5327 5328
f 4172 5327 4169
f 4169 5327 5329
f 4768 4171 4769
f 4769 4171 4170
f 4243 4755 4244
f 4244 4755 5330
f 4755 4205 5330
f 5330 4205 4208
f 4206 4906 4207
f 4207 4906 4905
f 4686 5014 5009
f 5009 5014 5229
f 4756 4770 4170
f 4170 4770 4769
f 4170 4169 4756
f 4756 4169 4757
f 4273 5329 4764
f 4764 5329 5327
f 4276 5331 4273
f 4273 5331 5329
f 4770 4756 4243
f 4243 4756 4755
f 5333 4889 5332
f 5332 4889 5010
f 4877 5332 4878
f 4878 5332 4259
f 4875 4164 4876
f 4876 4164 4163
f 5334 5335 5324
f 5324 5335 5325
f 4983 5306 4123
f 4123 5306 4124
f 4818 4982 4819
f 4819 4982 4981
f 5332 5010 4259
f 4259 5010 4260
f 5014 4686 4875
f 4875 4686 4164
f 4171 4768 5229
f 5229 4768 5009
f 5337 4916 5336
f 5336 4916 4919
f 5293 5337 5294
f 5294 5337 5336
f 4982 4818 5333
f 5333 4818 4889
f 5338 5339 4262
f 4262 5339 5340
f 5307 5310 5338
f 5338 5310 5339
f 5341 5342 4204
f 4204 5342 5309
f 5336 4919 5322
f 5322 4919 4873
f 5294 5336 4126
f 4126 5336 5322
f 5323 5326 5343
f 5343 5326 5286
f 4914 5344 4915
f 4915 5344 5345
f 5312 5315 5344
f 5344 5315 5345
f 5347 5348 5346
f 5346 5348 5349
f 5350 5351 4832
f 4832 5351 4833
f 5352 5353 5349
f 5349 5353 5346
f 5354 5338 4265
f 4265 5338 4262
f 5320 5307 5354
f 5354 5307 5338
f 4201 5308 5303
f 5303 5308 5321
f 5356 5357 5355
f 5355 5357 4799
f 5358 5359 5334
f 5334 5359 5335
f 5358 5360 4093
f 4093 5360 4163
f 5360 5305 4163
f 4163 5305 4876
f 5305 5304 4876
f 4876 5304 4877
f 5270 4778 4079
f 4079 4778 4081
f 4779 5361 4774
f 4774 5361 5357
f 5356 5359 4775
f 4775 5359 4092
f 5333 5304 4982
f 4982 5304 4983
f 5332 4877 5333
f 5333 4877 5304
f 5015 4258 5230
f 5230 4258 5328
f 5327 4172 5328
f 5328 4172 5230
f 4169 5329 4757
f 4757 5329 5331
f 4757 5331 4205
f 4205 5331 4206
f 5331 4276 4206
f 4206 4276 4906
f 4276 4275 4906
f 4906 4275 4907
f 4275 4888 4907
f 4907 4888 4744
f 4887 4717 4745
f 4745 4717 4864
f 4716 5139 4861
f 4861 5139 5190
f 5139 5138 5190
f 5190 5138 5187
f 5138 5216 5187
f 5187 5216 5176
f 5215 5362 5173
f 5173 5362 5130
f 5364 5365 5363
f 5363 5365 5340
f 4742 4863 5366
f 5366 4863 4867
f 4862 5189 4868
f 4868 5189 5184
f 5189 5188 5184
f 5184 5188 5185
f 5188 5175 5185
f 5185 5175 5168
f 3560 3788 3561
f 3561 3788 3790
f 3596 3595 3608
f 3608 3595 3594
f 3598 3582 3595
f 3595 3582 3592
f 3600 3609 3601
f 3601 3609 3611
f 3602 3601 3612
f 3612 3601 3611
f 3606 3605 3613
f 3613 3605 3614
f 3793 5367 3794
f 3794 5367 5368
f 3598 3597 3600
f 3600 3597 3609
f 3793 3792 3575
f 3575 3792 3572
f 3561 3594 3558
f 3558 3594 3593
f 3807 3915 3804
f 3804 3915 3914
f 3916 3915 5370
f 5370 3915 5369
f 3602 3605 3603
f 3603 3605 3604
f 3606 3792 3607
f 3607 3792 3791
f 3914 3913 3560
f 3560 3913 3788
f 5174 5129 5166
f 5166 5129 5371
f 5170 5169 5093
f 5093 5169 5113
f 5166 5371 5090
f 5090 5371 5091
f 5128 5169 5372
f 5372 5169 5172
f 5127 5113 5128
f 5128 5113 5169
f 5114 5206 5203
f 5203 5206 5362
f 5200 5373 5073
f 5073 5373 5096
f 5374 5375 5200
f 5200 5375 5373
f 5039 5047 5374
f 5374 5047 5375
f 5087 5046 5085
f 5085 5046 5376
f 5212 5377 5067
f 5067 5377 5376
f 5042 5045 5212
f 5212 5045 5377
f 5064 5378 5043
f 5043 5378 5044
f 5063 5077 5064
f 5064 5077 5378
f 5079 5082 5198
f 5198 5082 5078
f 5099 5081 5100
f 5100 5081 5379
f 5100 5379 5094
f 5094 5379 5095
f 5381 5382 5380
f 5380 5382 5383
f 5385 5386 5384
f 5384 5386 5383
f 5385 5387 5386
f 5386 5387 5388
f 5390 5391 5389
f 5389 5391 5392
f 5393 5394 5396
f 5396 5394 5395
f 5398 5399 5397
f 5397 5399 5400
f 5402 5403 5401
f 5401 5403 5404
f 5406 5407 5405
f 5405 5407 5404
f 5408 5409 5163
f 5163 5409 5410
f 5411 5412 5414
f 5414 5412 5413
f 5057 5416 5415
f 5415 5416 5417
f 5393 5416 5418
f 5418 5416 5419
f 5396 5395 5420
f 5420 5395 5421
f 5423 5424 5422
f 5422 5424 5425
f 5415 5417 5220
f 5220 5417 5426
f 5418 5391 5393
f 5393 5391 5394
f 5414 5388 5411
f 5411 5388 5392
f 5059 5427 5060
f 5060 5427 5428
f 5423 5427 5429
f 5429 5427 5430
f 5432 5382 5431
f 5431 5382 5425
f 5429 5407 5423
f 5423 5407 5424
f 5380 5409 5381
f 5381 5409 5433
f 5381 5433 5422
f 5422 5433 5428
f 5027 5412 5056
f 5056 5412 5419
f 5435 5436 5434
f 5434 5436 5437
f 5159 5439 5438
f 5438 5439 5440
f 5053 5436 5159
f 5159 5436 5439
f 5441 5403 5398
f 5398 5403 5399
f 5163 5410 5026
f 5026 5410 5413
f 5438 5440 5442
f 5442 5440 5430
f 5444 5445 5443
f 5443 5445 5446
f 5447 5448 5450
f 5450 5448 5449
f 5451 5446 5452
f 5452 5446 5445
f 5454 5455 5453
f 5453 5455 5451
f 5456 5454 5458
f 5458 5454 5457
f 5460 5461 5459
f 5459 5461 5462
f 5464 5465 5463
f 5463 5465 5466
f 5468 5469 5467
f 5467 5469 5470
f 5472 5473 5471
f 5471 5473 5474
f 5475 5476 5478
f 5478 5476 5477
f 5479 5480 5482
f 5482 5480 5481
f 5483 5484 5448
f 5448 5484 5485
f 5448 5485 5449
f 5449 5485 5486
f 5487 5476 5488
f 5488 5476 5475
f 5490 5491 5489
f 5489 5491 5492
f 5494 5495 5493
f 5493 5495 5496
f 5498 5494 5497
f 5497 5494 5493
f 5500 5501 5499
f 5499 5501 5502
f 5503 5504 5446
f 5446 5504 5443
f 5506 5507 5505
f 5505 5507 5508
f 5510 5511 5509
f 5509 5511 5512
f 5514 5515 5513
f 5513 5515 5516
f 5518 5519 5517
f 5517 5519 5520
f 5495 5521 5496
f 5496 5521 5522
f 5524 5525 5523
f 5523 5525 5526
f 5527 5528 5494
f 5494 5528 5495
f 5499 5502 5529
f 5529 5502 5530
f 5531 5532 5485
f 5485 5532 5486
f 5485 5484 5531
f 5531 5484 5533
f 5482 5481 5534
f 5534 5481 5535
f 5536 5512 5506
f 5506 5512 5511
f 5455 5503 5451
f 5451 5503 5446
f 5467 5470 5511
f 5511 5470 5537
f 5538 5467 5510
f 5510 5467 5511
f 5540 5541 5539
f 5539 5541 5542
f 5543 5544 5546
f 5546 5544 5545
f 5548 5472 5547
f 5547 5472 5471
f 5493 5496 5549
f 5549 5496 5550
f 5496 5522 5550
f 5550 5522 5551
f 5553 5554 5552
f 5552 5554 5555
f 5557 5447 5556
f 5556 5447 5558
f 5557 5483 5447
f 5447 5483 5448
f 5478 5477 5553
f 5553 5477 5559
f 5477 5560 5559
f 5559 5560 5561
f 5476 5562 5477
f 5477 5562 5560
f 5476 5487 5562
f 5562 5487 5563
f 5560 5564 5561
f 5561 5564 5565
f 5564 5560 5566
f 5566 5560 5562
f 5563 5567 5562
f 5562 5567 5566
f 5569 5521 5568
f 5568 5521 5570
f 5481 5572 5571
f 5571 5572 5573
f 5574 5535 5571
f 5571 5535 5481
f 5576 5577 5575
f 5575 5577 5578
f 5579 5580 5456
f 5456 5580 5581
f 5475 5582 5488
f 5488 5582 5583
f 5584 5536 5505
f 5505 5536 5506
f 5585 5586 5588
f 5588 5586 5587
f 5590 5591 5589
f 5589 5591 5592
f 5519 5593 5520
f 5520 5593 5594
f 5595 5596 5462
f 5462 5596 5597
f 5599 5600 5598
f 5598 5600 5514
f 5602 5603 5601
f 5601 5603 5604
f 5524 5543 5525
f 5525 5543 5546
f 5543 5524 5606
f 5606 5524 5605
f 5607 5608 5500
f 5500 5608 5501
f 5610 5551 5609
f 5609 5551 5522
f 5611 5510 5598
f 5598 5510 5509
f 5612 5597 5457
f 5457 5597 5458
f 5510 5611 5538
f 5538 5611 5613
f 5580 5508 5581
f 5581 5508 5507
f 5615 5616 5614
f 5614 5616 5617
f 5619 5620 5618
f 5618 5620 5621
f 5623 5624 5622
f 5622 5624 5625
f 5627 5624 5626
f 5626 5624 5623
f 5629 5630 5628
f 5628 5630 5631
f 5633 5634 5632
f 5632 5634 5466
f 5635 5636 5463
f 5463 5636 5637
f 5523 5638 5524
f 5524 5638 5605
f 5639 5640 5641
f 5641 5640 5595
f 5611 5513 5613
f 5613 5513 5642
f 5643 5586 5608
f 5608 5586 5501
f 5622 5625 5590
f 5590 5625 5591
f 5598 5514 5611
f 5611 5514 5513
f 5645 5646 5644
f 5644 5646 5647
f 5620 5619 5491
f 5491 5619 5648
f 5649 5643 5492
f 5492 5643 5608
f 5650 5651 5653
f 5653 5651 5652
f 5463 5466 5635
f 5635 5466 5634
f 5597 5612 5462
f 5462 5612 5459
f 5635 5634 5523
f 5523 5634 5638
f 5654 5638 5633
f 5633 5638 5634
f 5655 5656 5525
f 5525 5656 5526
f 5658 5659 5657
f 5657 5659 5527
f 5660 5464 5637
f 5637 5464 5463
f 5632 5466 5661
f 5661 5466 5465
f 5661 5662 5632
f 5632 5662 5658
f 5662 5663 5658
f 5658 5663 5659
f 5665 5659 5664
f 5664 5659 5663
f 5632 5658 5633
f 5633 5658 5657
f 5666 5629 5530
f 5530 5629 5667
f 5528 5527 5665
f 5665 5527 5659
f 5668 5669 5570
f 5570 5669 5568
f 5669 5668 5670
f 5670 5668 5671
f 5646 5672 5673
f 5672 5674 5673
f 5673 5674 5675
f 5674 5460 5675
f 5675 5460 5459
f 5461 5676 5462
f 5462 5676 5595
f 5677 5678 5680
f 5680 5678 5679
f 5628 5681 5629
f 5629 5681 5667
f 5682 5529 5667
f 5667 5529 5530
f 5675 5459 5683
f 5683 5459 5612
f 5585 5666 5502
f 5502 5666 5530
f 5589 5684 5602
f 5602 5684 5603
f 5646 5645 5663
f 5663 5645 5664
f 5685 5647 5673
f 5673 5647 5646
f 5686 5687 5683
f 5683 5687 5685
f 5688 5689 5533
f 5533 5689 5531
f 5690 5691 5535
f 5535 5691 5534
f 5692 5690 5574
f 5574 5690 5535
f 5685 5687 5689
f 5689 5687 5693
f 5489 5694 5490
f 5490 5694 5695
f 5690 5692 5696
f 5696 5692 5697
f 5696 5644 5690
f 5690 5644 5691
f 5447 5450 5558
f 5558 5450 5698
f 5699 5700 5642
f 5642 5700 5613
f 5701 5702 5540
f 5540 5702 5541
f 5431 5703 5432
f 5432 5703 5697
f 5385 5384 5574
f 5574 5384 5692
f 5389 5387 5573
f 5573 5387 5571
f 5565 5390 5573
f 5573 5390 5389
f 5390 5565 5704
f 5704 5565 5564
f 5566 5705 5564
f 5564 5705 5704
f 5569 5441 5609
f 5609 5441 5398
f 5568 5405 5569
f 5569 5405 5441
f 5670 5706 5669
f 5669 5706 5406
f 5703 5431 5670
f 5670 5431 5706
f 5432 5697 5384
f 5384 5697 5692
f 5574 5571 5385
f 5385 5571 5387
f 5607 5707 5489
f 5489 5707 5694
f 5518 5708 5519
f 5519 5708 5709
f 5711 5576 5710
f 5710 5576 5575
f 5713 5714 5712
f 5712 5714 5715
f 5553 5552 5478
f 5478 5552 5716
f 5717 5475 5716
f 5716 5475 5478
f 5718 5719 5605
f 5605 5719 5606
f 5505 5622 5584
f 5584 5622 5590
f 5508 5623 5505
f 5505 5623 5622
f 5626 5623 5580
f 5580 5623 5508
f 5580 5579 5626
f 5626 5579 5720
f 5579 5721 5720
f 5720 5721 5722
f 5666 5585 5723
f 5723 5585 5588
f 5724 5725 5639
f 5639 5725 5640
f 5554 5726 5555
f 5555 5726 5727
f 5453 5728 5729
f 5689 5688 5685
f 5685 5688 5647
f 5604 5730 5512
f 5512 5730 5509
f 5628 5631 5618
f 5618 5631 5592
f 5601 5604 5536
f 5536 5604 5512
f 5732 5676 5731
f 5731 5676 5660
f 5730 5604 5733
f 5733 5604 5603
f 5563 5487 5551
f 5551 5487 5550
f 5489 5492 5607
f 5607 5492 5608
f 5573 5572 5565
f 5565 5572 5561
f 5609 5522 5569
f 5569 5522 5521
f 5499 5734 5500
f 5500 5734 5735
f 5596 5736 5721
f 5721 5736 5722
f 5737 5600 5594
f 5594 5600 5520
f 5599 5730 5517
f 5517 5730 5733
f 5660 5738 5731
f 5731 5738 5739
f 5648 5649 5491
f 5491 5649 5492
f 5501 5586 5502
f 5502 5586 5585
f 5525 5546 5655
f 5655 5546 5740
f 5600 5599 5520
f 5520 5599 5517
f 5708 5739 5709
f 5709 5739 5738
f 5636 5635 5526
f 5526 5635 5523
f 5670 5671 5703
f 5703 5671 5741
f 5490 5695 5742
f 5742 5695 5743
f 5682 5678 5744
f 5744 5678 5677
f 5678 5681 5679
f 5679 5681 5621
f 5742 5743 5679
f 5679 5743 5680
f 5618 5621 5628
f 5628 5621 5681
f 5725 5724 5589
f 5589 5724 5684
f 5456 5458 5579
f 5579 5458 5721
f 5675 5683 5673
f 5673 5683 5685
f 5529 5682 5745
f 5745 5682 5744
f 5721 5458 5596
f 5596 5458 5597
f 5701 5540 5719
f 5719 5540 5606
f 5703 5741 5697
f 5697 5741 5696
f 5500 5735 5607
f 5607 5735 5707
f 5549 5746 5493
f 5493 5746 5497
f 5700 5747 5613
f 5613 5747 5538
f 5420 5421 5434
f 5434 5421 5400
f 5689 5693 5531
f 5531 5693 5532
f 5705 5566 5748
f 5748 5566 5567
f 5609 5398 5610
f 5610 5398 5397
f 5669 5406 5568
f 5568 5406 5405
f 5488 5583 5549
f 5549 5583 5746
f 5714 5713 5710
f 5710 5713 5711
f 5747 5468 5538
f 5538 5468 5467
f 5548 5547 5749
f 5749 5547 5750
f 5733 5603 5751
f 5751 5603 5684
f 5589 5602 5590
f 5590 5602 5584
f 5636 5752 5614
f 5614 5752 5615
f 5753 5754 5738
f 5738 5754 5755
f 5602 5601 5584
f 5584 5601 5536
f 5723 5736 5630
f 5630 5736 5640
f 5595 5640 5596
f 5596 5640 5736
f 5734 5499 5745
f 5745 5499 5529
f 5627 5587 5643
f 5643 5587 5586
f 5553 5559 5554
f 5554 5559 5480
f 5559 5561 5480
f 5480 5561 5572
f 5554 5480 5726
f 5726 5480 5479
f 5749 5750 5715
f 5715 5750 5712
f 5683 5612 5686
f 5686 5612 5457
f 5678 5682 5681
f 5681 5682 5667
f 5598 5509 5599
f 5599 5509 5730
f 5679 5621 5742
f 5742 5621 5620
f 5652 5616 5653
f 5653 5616 5615
f 5220 5426 5052
f 5052 5426 5437
f 5487 5488 5550
f 5550 5488 5549
f 5742 5620 5490
f 5490 5620 5491
f 5551 5610 5563
f 5563 5610 5567
f 5610 5397 5567
f 5567 5397 5748
f 5614 5617 5753
f 5753 5617 5754
f 5480 5572 5481
f 5755 5756 5738
f 5738 5756 5709
f 5745 5744 5758
f 5758 5744 5757
f 5745 5758 5734
f 5734 5758 5759
f 5735 5734 5760
f 5760 5734 5759
f 5707 5735 5761
f 5761 5735 5760
f 5744 5677 5757
f 5757 5677 5762
f 5677 5680 5762
f 5762 5680 5763
f 5763 5680 5764
f 5764 5680 5743
f 5765 5766 5762
f 5762 5766 5757
f 5768 5769 5767
f 5767 5769 5770
f 5771 5772 5770
f 5770 5772 5767
f 5770 5769 5774
f 5774 5769 5773
f 5775 5776 5774
f 5774 5776 5777
f 5773 5778 5774
f 5774 5778 5775
f 5779 5766 5773
f 5773 5766 5778
f 5777 5771 5774
f 5774 5771 5770
f 5780 5781 5783
f 5783 5781 5782
f 5781 5780 5771
f 5771 5780 5772
f 5773 5769 5779
f 5779 5769 5768
f 5768 5759 5779
f 5779 5759 5758
f 5768 5784 5759
f 5759 5784 5760
f 5767 5785 5768
f 5768 5785 5784
f 5785 5767 5786
f 5786 5767 5772
f 5766 5779 5757
f 5757 5779 5758
f 5780 5787 5772
f 5772 5787 5786
f 5785 5786 5788
f 5788 5786 5789
f 5786 5787 5789
f 5789 5787 5790
f 5788 5789 5791
f 5791 5789 5792
f 5791 5793 5788
f 5788 5793 5794
f 5795 5792 5790
f 5790 5792 5789
f 5785 5788 5784
f 5784 5788 5794
f 5784 5794 5760
f 5760 5794 5761
f 5787 5780 5796
f 5796 5780 5783
f 5775 5778 5797
f 5797 5778 5766
f 5797 5798 5775
f 5775 5798 5776
f 5766 5765 5797
f 5797 5765 5799
f 5798 5797 5800
f 5800 5797 5799
f 5798 5801 5776
f 5776 5801 5802
f 5707 5761 5694
f 5694 5761 5803
f 5695 5804 5743
f 5743 5804 5764
f 5804 5695 5803
f 5803 5695 5694
f 5803 5793 5804
f 5804 5793 5805
f 5793 5791 5805
f 5805 5791 5806
f 5804 5805 5764
f 5764 5805 5807
f 5803 5761 5793
f 5793 5761 5794
f 5808 5763 5807
f 5807 5763 5764
f 5808 5765 5763
f 5763 5765 5762
f 5809 5799 5808
f 5808 5799 5765
f 5809 5808 5810
f 5810 5808 5807
f 5811 5809 5812
f 5812 5809 5810
f 5805 5806 5807
f 5807 5806 5810
f 5806 5813 5810
f 5810 5813 5812
f 5799 5809 5800
f 5800 5809 5811
f 5815 5800 5814
f 5814 5800 5811
f 5814 5817 5816
f 5816 5817 5818
f 5814 5811 5817
f 5817 5811 5812
f 5814 5816 5815
f 5815 5816 5796
f 5815 5796 5801
f 5801 5796 5783
f 5801 5798 5815
f 5815 5798 5800
f 5791 5792 5806
f 5806 5792 5813
f 5818 5813 5795
f 5795 5813 5792
f 5818 5817 5813
f 5813 5817 5812
f 5816 5818 5790
f 5790 5818 5795
f 5790 5787 5816
f 5816 5787 5796
f 5771 5777 5781
f 5781 5777 5782
f 5782 5802 5783
f 5783 5802 5801
f 5782 5777 5802
f 5802 5777 5776
f 5588 5587 5722
f 5722 5587 5720
f 5591 5619 5592
f 5592 5619 5618
f 5625 5624 5648
f 5648 5624 5649
f 5624 5627 5649
f 5649 5627 5643
f 5631 5630 5725
f 5725 5630 5640
f 5625 5648 5591
f 5591 5648 5619
f 5588 5722 5723
f 5723 5722 5736
f 5631 5725 5592
f 5592 5725 5589
f 5723 5630 5666
f 5666 5630 5629
f 5587 5627 5720
f 5720 5627 5626
f 5820 5821 5819
f 5819 5821 5822
f 5824 5825 5823
f 5823 5825 5826
f 5823 5826 5827
f 5827 5826 5828
f 5829 5830 5832
f 5832 5830 5831
f 5518 5833 5708
f 5708 5833 5834
f 5835 5836 5824
f 5824 5836 5825
f 5838 5839 5837
f 5837 5839 5840
f 5751 5684 5842
f 5842 5684 5841
f 5843 5841 5724
f 5724 5841 5684
f 5845 5846 5844
f 5844 5846 5847
f 5848 5830 5836
f 5836 5830 5825
f 5518 5751 5833
f 5833 5751 5842
f 5839 5838 5821
f 5821 5838 5849
f 5850 5848 5822
f 5822 5848 5836
f 5851 5845 5828
f 5828 5845 5852
f 5854 5855 5853
f 5853 5855 5856
f 5845 5844 5852
f 5852 5844 5857
f 5858 5827 5852
f 5852 5827 5828
f 5851 5828 5829
f 5829 5828 5826
f 5819 5859 5820
f 5820 5859 5860
f 5835 5861 5819
f 5819 5861 5859
f 5851 5829 5862
f 5862 5829 5832
f 5844 5847 5837
f 5837 5847 5834
f 5819 5822 5835
f 5835 5822 5836
f 5823 5863 5824
f 5824 5863 5864
f 5849 5850 5821
f 5821 5850 5822
f 5825 5830 5826
f 5826 5830 5829
f 5820 5860 5865
f 5865 5860 5866
f 5858 5854 5867
f 5867 5854 5853
f 5854 5857 5855
f 5855 5857 5840
f 5855 5865 5856
f 5856 5865 5866
f 5837 5840 5844
f 5844 5840 5857
f 5827 5858 5868
f 5868 5858 5867
f 5824 5864 5835
f 5835 5864 5861
f 5732 5731 5862
f 5862 5731 5846
f 5863 5823 5868
f 5868 5823 5827
f 5843 5831 5848
f 5848 5831 5830
f 5854 5858 5857
f 5857 5858 5852
f 5855 5840 5865
f 5865 5840 5839
f 5865 5839 5820
f 5820 5839 5821
f 5868 5867 5870
f 5870 5867 5869
f 5868 5870 5863
f 5863 5870 5871
f 5863 5871 5864
f 5864 5871 5872
f 5864 5872 5861
f 5861 5872 5873
f 5867 5853 5869
f 5869 5853 5874
f 5853 5856 5874
f 5874 5856 5875
f 5856 5866 5875
f 5875 5866 5876
f 5877 5878 5874
f 5874 5878 5869
f 5880 5881 5879
f 5879 5881 5882
f 5883 5884 5880
f 5880 5884 5881
f 5881 5884 5886
f 5886 5884 5885
f 5887 5888 5886
f 5886 5888 5889
f 5885 5890 5886
f 5886 5890 5887
f 5889 5882 5886
f 5886 5882 5881
f 5882 5891 5879
f 5879 5891 5892
f 5885 5884 5893
f 5893 5884 5883
f 5883 5871 5893
f 5893 5871 5870
f 5883 5894 5871
f 5871 5894 5872
f 5880 5895 5883
f 5883 5895 5894
f 5896 5895 5879
f 5879 5895 5880
f 5893 5878 5885
f 5885 5878 5890
f 5878 5893 5869
f 5869 5893 5870
f 5897 5896 5892
f 5892 5896 5879
f 5895 5896 5898
f 5898 5896 5899
f 5896 5897 5899
f 5899 5897 5900
f 5898 5899 5901
f 5901 5899 5902
f 5901 5903 5898
f 5898 5903 5904
f 5900 5905 5899
f 5899 5905 5902
f 5898 5904 5895
f 5895 5904 5894
f 5894 5904 5872
f 5872 5904 5873
f 5897 5892 5907
f 5907 5892 5906
f 5892 5891 5906
f 5906 5891 5908
f 5887 5890 5909
f 5909 5890 5878
f 5888 5887 5910
f 5910 5887 5909
f 5878 5877 5909
f 5909 5877 5911
f 5909 5911 5910
f 5910 5911 5912
f 5913 5914 5910
f 5910 5914 5888
f 5908 5914 5906
f 5906 5914 5913
f 5861 5873 5859
f 5859 5873 5915
f 5860 5916 5866
f 5866 5916 5876
f 5916 5860 5915
f 5915 5860 5859
f 5915 5903 5916
f 5916 5903 5917
f 5903 5901 5917
f 5917 5901 5918
f 5916 5917 5876
f 5876 5917 5919
f 5903 5915 5904
f 5904 5915 5873
f 5920 5875 5919
f 5919 5875 5876
f 5920 5877 5875
f 5875 5877 5874
f 5920 5921 5877
f 5877 5921 5911
f 5921 5920 5922
f 5922 5920 5919
f 5923 5921 5924
f 5924 5921 5922
f 5917 5918 5919
f 5919 5918 5922
f 5918 5925 5922
f 5922 5925 5924
f 5921 5923 5911
f 5911 5923 5912
f 5927 5912 5926
f 5926 5912 5923
f 5926 5929 5928
f 5928 5929 5930
f 5926 5923 5929
f 5929 5923 5924
f 5926 5928 5927
f 5927 5928 5907
f 5927 5907 5913
f 5913 5907 5906
f 5913 5910 5927
f 5927 5910 5912
f 5901 5902 5918
f 5918 5902 5925
f 5930 5925 5905
f 5905 5925 5902
f 5930 5929 5925
f 5925 5929 5924
f 5928 5930 5900
f 5900 5930 5905
f 5900 5897 5928
f 5928 5897 5907
f 5882 5889 5891
f 5891 5889 5908
f 5908 5889 5914
f 5914 5889 5888
f 5832 5831 5641
f 5641 5831 5639
f 5833 5838 5834
f 5834 5838 5837
f 5842 5841 5849
f 5849 5841 5850
f 5841 5843 5850
f 5850 5843 5848
f 5847 5846 5739
f 5739 5846 5731
f 5842 5849 5833
f 5833 5849 5838
f 5862 5832 5732
f 5732 5832 5641
f 5847 5739 5834
f 5834 5739 5708
f 5862 5846 5851
f 5851 5846 5845
f 5831 5843 5639
f 5639 5843 5724
f 5676 5732 5595
f 5595 5732 5641
f 5676 5461 5660
f 5660 5461 5464
f 5461 5460 5464
f 5464 5460 5465
f 5460 5674 5465
f 5465 5674 5661
f 5931 5932 5934
f 5934 5932 5933
f 5936 5937 5935
f 5935 5937 5938
f 5935 5938 5939
f 5939 5938 5940
f 5942 5943 5941
f 5941 5943 5944
f 5945 5946 5936
f 5936 5946 5937
f 5948 5949 5947
f 5947 5949 5950
f 5951 5952 5519
f 5519 5952 5593
f 5953 5951 5709
f 5709 5951 5519
f 5955 5956 5954
f 5954 5956 5957
f 5958 5942 5946
f 5946 5942 5937
f 5948 5959 5949
f 5949 5959 5933
f 5960 5958 5934
f 5934 5958 5946
f 5961 5955 5940
f 5940 5955 5962
f 5963 5964 5966
f 5966 5964 5965
f 5955 5954 5962
f 5962 5954 5967
f 5968 5939 5962
f 5962 5939 5940
f 5961 5940 5941
f 5941 5940 5938
f 5931 5969 5932
f 5932 5969 5970
f 5945 5971 5931
f 5931 5971 5969
f 5941 5944 5961
f 5961 5944 5972
f 5954 5957 5947
f 5947 5957 5973
f 5945 5931 5946
f 5946 5931 5934
f 5935 5974 5936
f 5936 5974 5975
f 5959 5960 5933
f 5933 5960 5934
f 5937 5942 5938
f 5938 5942 5941
f 5932 5970 5976
f 5976 5970 5977
f 5968 5964 5978
f 5978 5964 5963
f 5965 5964 5950
f 5950 5964 5967
f 5976 5977 5965
f 5965 5977 5966
f 5947 5950 5954
f 5954 5950 5967
f 5939 5968 5979
f 5979 5968 5978
f 5936 5975 5945
f 5945 5975 5971
f 5972 5754 5956
f 5956 5754 5617
f 5974 5935 5979
f 5979 5935 5939
f 5953 5943 5958
f 5958 5943 5942
f 5964 5968 5967
f 5967 5968 5962
f 5965 5950 5976
f 5976 5950 5949
f 5976 5949 5932
f 5932 5949 5933
f 5979 5978 5981
f 5981 5978 5980
f 5979 5981 5974
f 5974 5981 5982
f 5974 5982 5975
f 5975 5982 5983
f 5975 5983 5971
f 5971 5983 5984
f 5978 5963 5980
f 5980 5963 5985
f 5963 5966 5985
f 5985 5966 5986
f 5986 5966 5987
f 5987 5966 5977
f 5988 5989 5985
f 5985 5989 5980
f 5991 5992 5990
f 5990 5992 5993
f 5994 5995 5991
f 5991 5995 5992
f 5992 5995 5997
f 5997 5995 5996
f 5998 5999 5997
f 5997 5999 6000
f 5996 6001 5997
f 5997 6001 5998
f 6000 5993 5997
f 5997 5993 5992
f 6002 6003 5993
f 5993 6003 5990
f 5995 5994 5996
f 5996 5994 6004
f 5994 5982 6004
f 6004 5982 5981
f 5994 6005 5982
f 5982 6005 5983
f 5991 6006 5994
f 5994 6006 6005
f 6006 5991 6007
f 6007 5991 5990
f 5996 6004 6001
f 6001 6004 5989
f 5989 6004 5980
f 5980 6004 5981
f 6003 6008 5990
f 5990 6008 6007
f 6009 6006 6010
f 6010 6006 6007
f 6008 6011 6007
f 6007 6011 6010
f 6012 6009 6013
f 6013 6009 6010
f 6009 6012 6015
f 6015 6012 6014
f 6011 6016 6010
f 6010 6016 6013
f 6006 6009 6005
f 6005 6009 6015
f 6005 6015 5983
f 5983 6015 5984
f 6008 6003 6018
f 6018 6003 6017
f 6003 6002 6017
f 6017 6002 6019
f 5998 6001 6020
f 6020 6001 5989
f 5999 5998 6021
f 6021 5998 6020
f 5989 5988 6020
f 6020 5988 6022
f 6021 6020 6023
f 6023 6020 6022
f 6021 6024 5999
f 5999 6024 6025
f 6019 6025 6017
f 6017 6025 6024
f 5971 5984 5969
f 5969 5984 6026
f 5970 6027 5977
f 5977 6027 5987
f 6027 5970 6026
f 6026 5970 5969
f 6026 6014 6027
f 6027 6014 6028
f 6014 6012 6028
f 6028 6012 6029
f 6027 6028 5987
f 5987 6028 6030
f 6026 5984 6014
f 6014 5984 6015
f 6031 5986 6030
f 6030 5986 5987
f 6031 5988 5986
f 5986 5988 5985
f 6032 6022 6031
f 6031 6022 5988
f 6032 6031 6033
f 6033 6031 6030
f 6034 6032 6035
f 6035 6032 6033
f 6028 6029 6030
f 6030 6029 6033
f 6029 6036 6033
f 6033 6036 6035
f 6032 6034 6022
f 6022 6034 6023
f 6038 6023 6037
f 6037 6023 6034
f 6037 6040 6039
f 6039 6040 6041
f 6037 6034 6040
f 6040 6034 6035
f 6037 6039 6038
f 6038 6039 6018
f 6038 6018 6024
f 6024 6018 6017
f 6024 6021 6038
f 6038 6021 6023
f 6012 6013 6029
f 6029 6013 6036
f 6041 6036 6016
f 6016 6036 6013
f 6041 6040 6036
f 6036 6040 6035
f 6041 6016 6039
f 6039 6016 6011
f 6011 6008 6039
f 6039 6008 6018
f 5993 6000 6002
f 6002 6000 6019
f 6019 6000 6025
f 6025 6000 5999
f 5943 5756 5944
f 5944 5756 5755
f 6042 5948 5973
f 5973 5948 5947
f 5952 5951 5959
f 5959 5951 5960
f 5951 5953 5960
f 5960 5953 5958
f 5616 5957 5617
f 5617 5957 5956
f 6042 5952 5948
f 5948 5952 5959
f 5944 5755 5972
f 5972 5755 5754
f 5957 5616 5973
f 5973 5616 5652
f 5956 5955 5972
f 5972 5955 5961
f 5943 5953 5756
f 5756 5953 5709
f 6044 6045 6043
f 6043 6045 6046
f 6048 6049 6047
f 6047 6049 6050
f 6047 6050 6051
f 6051 6050 6052
f 6054 6055 6053
f 6053 6055 6056
f 6057 6058 6060
f 6060 6058 6059
f 6061 6062 6048
f 6048 6062 6049
f 6063 6064 6066
f 6066 6064 6065
f 6067 6068 6070
f 6070 6068 6069
f 6071 6069 5653
f 5653 6069 6068
f 6072 6073 6075
f 6075 6073 6074
f 6062 6076 6049
f 6049 6076 6054
f 6058 6067 6059
f 6059 6067 6070
f 6064 6077 6065
f 6065 6077 6045
f 6078 6076 6046
f 6046 6076 6062
f 6073 6080 6079
f 6079 6080 6052
f 6082 6083 6081
f 6081 6083 6084
f 6072 6085 6073
f 6073 6085 6080
f 6086 6051 6080
f 6080 6051 6052
f 6079 6052 6053
f 6053 6052 6050
f 6043 6087 6044
f 6044 6087 6088
f 6061 6089 6043
f 6043 6089 6087
f 6053 6056 6079
f 6079 6056 6090
f 6063 6072 6060
f 6060 6072 6075
f 6043 6046 6061
f 6061 6046 6062
f 6047 6091 6048
f 6048 6091 6092
f 6077 6078 6045
f 6045 6078 6046
f 6049 6054 6050
f 6050 6054 6053
f 6044 6088 6093
f 6093 6088 6094
f 6086 6082 6095
f 6095 6082 6081
f 6083 6082 6066
f 6066 6082 6085
f 6093 6094 6083
f 6083 6094 6084
f 6072 6063 6085
f 6085 6063 6066
f 6051 6086 6096
f 6096 6086 6095
f 6048 6092 6061
f 6061 6092 6089
f 5656 5655 6090
f 6090 5655 6074
f 6091 6047 6096
f 6096 6047 6051
f 6071 6055 6076
f 6076 6055 6054
f 6082 6086 6085
f 6085 6086 6080
f 6093 6083 6065
f 6065 6083 6066
f 6044 6093 6045
f 6045 6093 6065
f 6096 6095 6098
f 6098 6095 6097
f 6096 6098 6091
f 6091 6098 6099
f 6091 6099 6092
f 6092 6099 6100
f 6092 6100 6089
f 6089 6100 6101
f 6095 6081 6097
f 6097 6081 6102
f 6081 6084 6102
f 6102 6084 6103
f 6103 6084 6104
f 6104 6084 6094
f 6106 6097 6105
f 6105 6097 6102
f 6107 6108 6110
f 6110 6108 6109
f 6111 6112 6108
f 6108 6112 6109
f 6109 6112 6114
f 6114 6112 6113
f 6114 6115 6117
f 6117 6115 6116
f 6113 6118 6114
f 6114 6118 6115
f 6117 6110 6114
f 6114 6110 6109
f 6110 6119 6107
f 6107 6119 6120
f 6112 6111 6113
f 6113 6111 6121
f 6111 6099 6121
f 6121 6099 6098
f 6111 6122 6099
f 6099 6122 6100
f 6123 6122 6108
f 6108 6122 6111
f 6124 6123 6107
f 6107 6123 6108
f 6113 6121 6118
f 6118 6121 6106
f 6106 6121 6097
f 6097 6121 6098
f 6125 6124 6120
f 6120 6124 6107
f 6126 6123 6127
f 6127 6123 6124
f 6125 6128 6124
f 6124 6128 6127
f 6129 6126 6130
f 6130 6126 6127
f 6126 6129 6132
f 6132 6129 6131
f 6128 6133 6127
f 6127 6133 6130
f 6123 6126 6122
f 6122 6126 6132
f 6122 6132 6100
f 6100 6132 6101
f 6120 6134 6125
f 6125 6134 6135
f 6120 6119 6134
f 6134 6119 6136
f 6115 6118 6137
f 6137 6118 6106
f 6115 6137 6116
f 6116 6137 6138
f 6137 6106 6139
f 6139 6106 6105
f 6138 6137 6140
f 6140 6137 6139
f 6141 6142 6138
f 6138 6142 6116
f 6136 6142 6134
f 6134 6142 6141
f 6089 6101 6087
f 6087 6101 6143
f 6088 6144 6094
f 6094 6144 6104
f 6143 6144 6087
f 6087 6144 6088
f 6131 6145 6143
f 6143 6145 6144
f 6129 6146 6131
f 6131 6146 6145
f 6144 6145 6104
f 6104 6145 6147
f 6143 6101 6131
f 6131 6101 6132
f 6148 6103 6147
f 6147 6103 6104
f 6103 6148 6102
f 6102 6148 6105
f 6148 6149 6105
f 6105 6149 6139
f 6149 6148 6150
f 6150 6148 6147
f 6151 6149 6152
f 6152 6149 6150
f 6145 6146 6147
f 6147 6146 6150
f 6146 6153 6150
f 6150 6153 6152
f 6149 6151 6139
f 6139 6151 6140
f 6155 6140 6154
f 6154 6140 6151
f 6154 6157 6156
f 6156 6157 6158
f 6154 6151 6157
f 6157 6151 6152
f 6154 6156 6155
f 6155 6156 6135
f 6155 6135 6141
f 6141 6135 6134
f 6141 6138 6155
f 6155 6138 6140
f 6146 6129 6153
f 6153 6129 6130
f 6158 6153 6133
f 6133 6153 6130
f 6158 6157 6153
f 6153 6157 6152
f 6156 6158 6128
f 6128 6158 6133
f 6128 6125 6156
f 6156 6125 6135
f 6110 6117 6119
f 6119 6117 6136
f 6136 6117 6142
f 6142 6117 6116
f 6055 5615 6056
f 6056 5615 5752
f 6060 6059 6063
f 6063 6059 6064
f 6077 6070 6078
f 6078 6070 6069
f 6069 6071 6078
f 6078 6071 6076
f 6159 6057 6075
f 6075 6057 6060
f 6059 6070 6064
f 6064 6070 6077
f 6056 5752 6090
f 6090 5752 5656
f 6090 6074 6079
f 6079 6074 6073
f 6055 6071 5615
f 5615 6071 5653
f 5547 5471 6160
f 6160 5471 6161
f 5729 5577 6163
f 6163 5577 6162
f 5577 5576 6162
f 6162 5576 6164
f 5713 6165 5711
f 5711 6165 6166
f 5474 5729 6167
f 6167 5729 6163
f 5750 5547 6168
f 6168 5547 6160
f 5471 5474 6161
f 6161 5474 6167
f 6169 5712 6168
f 6168 5712 5750
f 5711 6166 5576
f 5576 6166 6164
f 6165 5713 6169
f 6169 5713 5712
f 6168 6170 6169
f 6169 6170 6171
f 6169 6171 6165
f 6165 6171 6172
f 6165 6172 6166
f 6166 6172 6173
f 6166 6173 6164
f 6164 6173 6174
f 6168 6160 6170
f 6170 6160 6175
f 6160 6161 6175
f 6175 6161 6176
f 6161 6167 6176
f 6176 6167 6177
f 6179 6170 6178
f 6178 6170 6175
f 6181 6182 6180
f 6180 6182 6183
f 6184 6185 6181
f 6181 6185 6182
f 6186 6187 6185
f 6185 6187 6182
f 6186 6188 6187
f 6187 6188 6189
f 6190 6183 6187
f 6187 6183 6182
f 6183 6190 6191
f 6191 6190 6192
f 6191 6193 6183
f 6183 6193 6180
f 6186 6185 6194
f 6194 6185 6184
f 6184 6172 6194
f 6194 6172 6171
f 6184 6195 6172
f 6172 6195 6173
f 6181 6196 6184
f 6184 6196 6195
f 6196 6181 6197
f 6197 6181 6180
f 6186 6194 6188
f 6188 6194 6179
f 6179 6194 6170
f 6170 6194 6171
f 6193 6198 6180
f 6180 6198 6197
f 6199 6196 6200
f 6200 6196 6197
f 6198 6201 6197
f 6197 6201 6200
f 6202 6199 6203
f 6203 6199 6200
f 6199 6202 6205
f 6205 6202 6204
f 6201 6206 6200
f 6200 6206 6203
f 6196 6199 6195
f 6195 6199 6205
f 6195 6205 6173
f 6173 6205 6174
f 6198 6193 6208
f 6208 6193 6207
f 6193 6191 6207
f 6207 6191 6192
f 6189 6188 6209
f 6209 6188 6179
f 6210 6189 6211
f 6211 6189 6209
f 6209 6179 6212
f 6212 6179 6178
f 6211 6209 6213
f 6213 6209 6212
f 6211 6214 6210
f 6210 6214 6215
f 6192 6215 6207
f 6207 6215 6214
f 6190 6187 6210
f 6210 6187 6189
f 6192 6190 6215
f 6215 6190 6210
f 6162 6164 6216
f 6216 6164 6174
f 6167 6163 6177
f 6177 6163 6217
f 6216 6217 6162
f 6162 6217 6163
f 6204 6218 6216
f 6216 6218 6217
f 6202 6219 6204
f 6204 6219 6218
f 6217 6218 6177
f 6177 6218 6220
f 6216 6174 6204
f 6204 6174 6205
f 6221 6176 6220
f 6220 6176 6177
f 6176 6221 6175
f 6175 6221 6178
f 6221 6222 6178
f 6178 6222 6212
f 6222 6221 6223
f 6223 6221 6220
f 6224 6222 6225
f 6225 6222 6223
f 6218 6219 6220
f 6220 6219 6223
f 6219 6226 6223
f 6223 6226 6225
f 6222 6224 6212
f 6212 6224 6213
f 6228 6213 6227
f 6227 6213 6224
f 6229 6227 6231
f 6231 6227 6230
f 6227 6224 6230
f 6230 6224 6225
f 6227 6229 6228
f 6228 6229 6208
f 6228 6208 6214
f 6214 6208 6207
f 6214 6211 6228
f 6228 6211 6213
f 6219 6202 6226
f 6226 6202 6203
f 6231 6226 6206
f 6206 6226 6203
f 6231 6230 6226
f 6226 6230 6225
f 6229 6231 6201
f 6201 6231 6206
f 6201 6198 6229
f 6229 6198 6208
f 5674 5672 5661
f 5661 5672 5662
f 5662 5672 5663
f 5663 5672 5646
f 5651 6042 5652
f 5652 6042 5973
f 5518 5517 5751
f 5751 5517 5733
f 5738 5660 5753
f 5753 5660 5637
f 5752 5636 5656
f 5656 5636 5526
f 5952 6042 5593
f 5593 6042 5651
f 5593 5651 5594
f 5594 5651 5650
f 5600 5737 5514
f 5514 5737 5515
f 5546 5545 5740
f 5740 5545 6232
f 6232 6058 5740
f 5740 6058 6057
f 6067 6058 6233
f 6233 6058 6232
f 6233 6232 6234
f 6234 6232 5545
f 6234 5545 6235
f 6235 5545 5544
f 5606 6236 5543
f 5543 6236 5544
f 6235 5544 5539
f 5539 5544 6236
f 6237 6235 5542
f 5542 6235 5539
f 6235 6237 6234
f 6234 6237 6238
f 6234 6238 6233
f 6233 6238 6239
f 5653 6068 5650
f 5650 6068 6239
f 5642 5513 6240
f 6240 5513 5516
f 5539 6236 5540
f 5540 6236 5606
f 5636 5614 5637
f 5637 5614 5753
f 6239 5737 5650
f 5650 5737 5594
f 6239 6068 6233
f 6233 6068 6067
f 6075 6074 6159
f 6159 6074 5655
f 6057 6159 5740
f 5740 6159 5655
f 5515 5737 6238
f 6238 5737 6239
f 6238 6237 5515
f 5515 6237 5516
f 5542 6240 6237
f 6237 6240 5516
f 6240 5542 5642
f 5642 5542 5541
f 5702 5699 5541
f 5541 5699 5642
f 5582 5475 5717
f 5470 5443 5537
f 5537 5443 5504
f 5469 5444 5470
f 5470 5444 5443
f 5726 5557 5727
f 5727 5557 5556
f 5537 5504 5511
f 5511 5504 5506
f 5504 5503 5506
f 5506 5503 5507
f 5503 5455 5507
f 5507 5455 5581
f 5455 5454 5581
f 5581 5454 5456
f 5473 5453 5474
f 5474 5453 5729
f 5457 5454 5473
f 5473 5454 5453
f 5473 5472 5457
f 5457 5472 5686
f 5472 5548 5686
f 5686 5548 5687
f 5749 5693 5548
f 5548 5693 5687
f 5715 5532 5749
f 5749 5532 5693
f 5714 5486 5715
f 5715 5486 5532
f 5714 5710 5486
f 5486 5710 5449
f 5728 5578 5729
f 5729 5578 5577
f 5452 5445 5698
f 5698 5445 5558
f 5445 5444 5558
f 5558 5444 5556
f 5444 5469 5556
f 5556 5469 5727
f 5469 5468 5727
f 5727 5468 5555
f 5468 5747 5555
f 5555 5747 5552
f 5747 5700 5552
f 5552 5700 5716
f 5700 5699 5716
f 5716 5699 5717
f 5699 5702 5717
f 5717 5702 5582
f 5702 5701 5582
f 5582 5701 5583
f 5726 5479 5557
f 5557 5479 5483
f 5483 5479 5484
f 5484 5479 5482
f 5534 5533 5482
f 5482 5533 5484
f 5691 5688 5534
f 5534 5688 5533
f 5644 5647 5691
f 5691 5647 5688
f 5719 5746 5701
f 5701 5746 5583
f 5718 5497 5719
f 5719 5497 5746
f 5718 5605 5654
f 5654 5605 5638
f 5498 5654 5657
f 5657 5654 5633
f 5497 5718 5498
f 5498 5718 5654
f 5657 5527 5498
f 5498 5527 5494
f 5528 5570 5495
f 5495 5570 5521
f 5665 5668 5528
f 5528 5668 5570
f 5664 5671 5665
f 5665 5671 5668
f 5645 5741 5664
f 5664 5741 5671
f 5644 5696 5645
f 5645 5696 5741
f 5710 5575 5449
f 5449 5575 5450
f 5575 5578 5450
f 5450 5578 5698
f 5578 5728 5698
f 5698 5728 5452
f 5452 5728 5451
f 5451 5728 5453
f 3619 6241 3620
f 3620 6241 6242
f 6243 6244 3628
f 3628 6244 3629
f 6245 6246 3634
f 3634 6246 3631
f 6247 6248 3636
f 3636 6248 3637
f 6249 6250 3642
f 3642 6250 3639
f 3639 6250 3643
f 3643 6250 6251
f 3743 6252 3744
f 3744 6252 6253
f 6246 6243 3631
f 3631 6243 3628
f 3753 6254 3754
f 3754 6254 6255
f 3857 6256 3619
f 3619 6256 6241
f 6257 6245 3932
f 3932 6245 3634
f 6242 6247 3620
f 3620 6247 3636
f 6258 6259 3946
f 3946 6259 3947
f 6260 6249 3948
f 3948 6249 3642
f 6244 6258 3629
f 3629 6258 3946
f 3947 6259 3753
f 3753 6259 6254
f 6248 6260 3637
f 3637 6260 3948
f 3643 6251 3743
f 3743 6251 6252
f 3744 6253 3932
f 3932 6253 6257
f 6250 6249 6251
f 6251 6249 6252
f 6245 6261 6246
f 6246 6261 6262
f 6263 6264 6247
f 6247 6264 6248
f 6252 6265 6253
f 6253 6265 6266
f 6246 6262 6243
f 6243 6262 6267
f 6268 6261 6257
f 6257 6261 6245
f 6269 6263 6242
f 6242 6263 6247
f 6270 6271 6260
f 6260 6271 6249
f 6264 6270 6248
f 6248 6270 6260
f 6253 6266 6257
f 6257 6266 6268
f 6249 6271 6252
f 6252 6271 6265
f 6254 6259 6272
f 6272 6259 6273
f 6266 6265 6270
f 6270 6265 6271
f 6268 6266 6264
f 6264 6266 6270
f 6261 6268 6263
f 6263 6268 6264
f 6269 6262 6263
f 6263 6262 6261
f 4186 4185 6274
f 6274 4185 6275
f 6241 6276 6242
f 6242 6276 6269
f 6258 6244 6277
f 6277 6244 6278
f 6256 6279 6241
f 6241 6279 6276
f 6259 6258 6273
f 6273 6258 6277
f 6243 6267 6244
f 6244 6267 6278
f 6276 6267 6269
f 6269 6267 6262
f 6254 6272 6255
f 6255 6272 6280
f 3865 3713 3888
f 3888 3713 3685
f 5242 5233 3892
f 3892 5233 3711
f 3900 5243 3892
f 3892 5243 5242
f 3734 3866 3900
f 3900 3866 5243
f 4117 6281 4118
f 4118 6281 6282
f 4118 6282 4278
f 4278 6282 4879
f 4717 4887 4718
f 4718 4887 4280
f 4792 4278 4882
f 4882 4278 4879
f 4795 4792 6283
f 6283 4792 4882
f 4852 4851 5012
f 5012 4851 6284
f 4856 5207 4857
f 4857 5207 4858
f 4860 4279 4857
f 4857 4279 4854
f 4718 4280 4860
f 4860 4280 4279
f 4864 4863 4745
f 4745 4863 4742
f 5366 4867 5011
f 5011 4867 4866
f 4871 4884 4872
f 4872 4884 4883
f 4872 4883 4117
f 4117 4883 6281
f 6284 4851 6283
f 6283 4851 4795
f 4852 4866 4853
f 4853 4866 4865
f 4871 4870 4856
f 4856 4870 5207
f 4717 4716 4864
f 4864 4716 4861
f 4868 4867 4862
f 4862 4867 4863
f 4268 4855 4269
f 4269 4855 4854
f 4281 4274 4282
f 4282 4274 4765
f 4744 4743 4907
f 4907 4743 4904
f 4874 4881 4820
f 4820 4881 4880
f 4885 5013 4886
f 4886 5013 4980
f 4888 4275 4281
f 4281 4275 4274
f 4902 6282 4903
f 4903 6282 6281
f 6283 4979 6284
f 6284 4979 4978
f 4282 4765 4269
f 4269 4765 4266
f 4880 4879 4902
f 4902 4879 6282
f 4903 6281 4886
f 4886 6281 4883
f 4882 4881 6283
f 6283 4881 4979
f 5013 4885 4267
f 4267 4885 4268
f 4888 4887 4744
f 4744 4887 4745
f 4410 6285 4411
f 4411 6285 4812
f 4750 4749 6286
f 6286 4749 6287
f 6289 4695 6288
f 6288 4695 4255
f 4750 4675 4751
f 4751 4675 4965
f 6290 6291 4963
f 4963 6291 4960
f 4807 4806 4411
f 4411 4806 4408
f 6292 6293 4959
f 4959 6293 4956
f 4958 6294 4959
f 4959 6294 4955
f 4962 4964 4963
f 4963 4964 4805
f 4962 4961 4751
f 4751 4961 4748
f 6296 6297 6295
f 6295 6297 6298
f 6299 6300 6288
f 6288 6300 4735
f 6302 4961 6301
f 6301 4961 4960
f 6304 6287 6303
f 6303 6287 4749
f 4968 6305 4969
f 4969 6305 6306
f 4413 6308 6307
f 6307 6308 4900
f 6301 4960 6309
f 6309 4960 6291
f 4412 4408 6310
f 6310 4408 4806
f 4696 6311 4256
f 4256 6311 6312
f 6303 4749 6313
f 6313 4749 4748
f 6313 4748 6302
f 6302 4748 4961
f 6315 6316 6314
f 6314 6316 6317
f 4084 6318 6315
f 6315 6318 6316
f 4083 6319 4084
f 4084 6319 6318
f 4112 6320 4083
f 4083 6320 6319
f 6322 4138 6321
f 6321 4138 4137
f 6324 4128 6323
f 6323 4128 4127
f 4127 4193 6323
f 6323 4193 6325
f 4193 4891 6325
f 6325 4891 6326
f 4891 6327 6326
f 6326 6327 6328
f 6327 4824 5227
f 5227 4824 5228
f 5231 4684 6329
f 6329 4684 4683
f 4683 4099 6329
f 6329 4099 6330
f 4099 4102 6330
f 6330 4102 6331
f 4174 4826 4429
f 4429 4826 4829
f 4173 4741 4174
f 4174 4741 4826
f 4180 4738 4173
f 4173 4738 4741
f 6332 6333 4180
f 4180 6333 4738
f 6274 6334 4186
f 4186 6334 4188
f 4181 4825 4180
f 4180 4825 6332
f 5044 5213 5045
f 5045 5213 5165
f 5046 5087 5047
f 5047 5087 5222
f 5077 5063 5078
f 5078 5063 5198
f 5081 5099 5082
f 5082 5099 5194
f 5095 5074 5096
f 5096 5074 5073
f 5373 5170 5096
f 5096 5170 5093
f 5375 5171 5373
f 5373 5171 5170
f 5047 5222 5375
f 5375 5222 5171
f 5046 5038 5376
f 5376 5038 5067
f 5377 5086 5376
f 5376 5086 5085
f 5045 5165 5377
f 5377 5165 5086
f 5378 5214 5044
f 5044 5214 5213
f 5077 5034 5378
f 5378 5034 5214
f 5082 5194 5078
f 5078 5194 5035
f 5081 5080 5379
f 5379 5080 6335
f 5379 6335 5095
f 5095 6335 5074
f 5032 5080 5033
f 5033 5080 5079
f 5040 5017 5041
f 5041 5017 5016
f 5050 5043 5051
f 5051 5043 5042
f 5065 5023 5066
f 5066 5023 5022
f 5050 5049 5065
f 5065 5049 5023
f 5041 5016 5068
f 5068 5016 5020
f 5071 5374 5072
f 5072 5374 5200
f 5075 5156 5076
f 5076 5156 5155
f 5162 5212 5068
f 5068 5212 5067
f 5075 5074 5192
f 5192 5074 6335
f 5066 5022 5199
f 5199 5022 5196
f 5076 5155 5072
f 5072 5155 5069
f 5040 5039 5071
f 5071 5039 5374
f 5162 5161 5051
f 5051 5161 5048
f 5192 6335 5032
f 5032 6335 5080
f 5199 5196 5033
f 5033 5196 5030
f 5018 5211 5019
f 5019 5211 5408
f 5019 5408 5021
f 5021 5408 5163
f 5024 5057 5025
f 5025 5057 5415
f 5028 5048 5029
f 5029 5048 5161
f 5054 5031 5055
f 5055 5031 5030
f 5024 5023 5058
f 5058 5023 5049
f 5061 5070 5062
f 5062 5070 5069
f 5157 5438 5158
f 5158 5438 5442
f 5160 5191 5054
f 5054 5191 5031
f 5029 5161 5021
f 5021 5161 5020
f 5025 5415 5197
f 5197 5415 5220
f 5158 5442 5062
f 5062 5442 5059
f 5018 5017 5061
f 5061 5017 5070
f 5160 5159 5157
f 5157 5159 5438
f 5028 5027 5058
f 5058 5027 5056
f 5055 5030 5197
f 5197 5030 5196
f 5409 5380 5410
f 5410 5380 6336
f 5026 5413 5027
f 5027 5413 5412
f 5396 5417 5393
f 5393 5417 5416
f 5416 5057 5419
f 5419 5057 5056
f 5417 5396 5426
f 5426 5396 5420
f 5427 5423 5428
f 5428 5423 5422
f 5427 5059 5430
f 5430 5059 5442
f 5409 5408 5433
f 5433 5408 5211
f 5433 5211 5428
f 5428 5211 5060
f 5412 5411 5419
f 5419 5411 5418
f 5436 5053 5437
f 5437 5053 5052
f 5439 5402 5440
f 5440 5402 5401
f 5436 5435 5439
f 5439 5435 5402
f 5410 6336 5413
f 5413 6336 5414
f 5440 5401 5430
f 5430 5401 5429
f 5426 5420 5437
f 5437 5420 5434
f 5382 5432 5383
f 5383 5432 5384
f 5386 6336 5383
f 5383 6336 5380
f 6336 5386 5414
f 5414 5386 5388
f 5391 5418 5392
f 5392 5418 5411
f 5705 5395 5704
f 5704 5395 5394
f 5399 5435 5400
f 5400 5435 5434
f 5403 5441 5404
f 5404 5441 5405
f 5407 5429 5404
f 5404 5429 5401
f 5395 5705 5421
f 5421 5705 5748
f 5424 5706 5425
f 5425 5706 5431
f 5391 5390 5394
f 5394 5390 5704
f 5392 5388 5389
f 5389 5388 5387
f 5382 5381 5425
f 5425 5381 5422
f 5407 5406 5424
f 5424 5406 5706
f 5403 5402 5399
f 5399 5402 5435
f 5421 5748 5400
f 5400 5748 5397
f 4097 4721 4098
f 4098 4721 4231
f 4233 5273 4098
f 4098 5273 4095
f 6337 6338 4785
f 4785 6338 4786
f 4076 4780 4073
f 4073 4780 4781
f 4782 4190 4781
f 4781 4190 4073
f 4783 4901 4782
f 4782 4901 4190
f 4780 4076 4097
f 4097 4076 4721
f 6337 2879 4701
f 4701 2879 2878
f 5280 6339 5272
f 5272 6339 6340
f 5282 5281 6341
f 6341 5281 6342
f 4109 6302 4110
f 4110 6302 6301
f 4283 6304 4284
f 4284 6304 6303
f 6305 4379 6306
f 6306 4379 4378
f 4110 6301 4428
f 4428 6301 6309
f 6310 4688 4412
f 4412 4688 4687
f 4284 6303 4753
f 4753 6303 6313
f 4753 6313 4109
f 4109 6313 6302
f 6343 5226 4428
f 4428 5226 4427
f 4147 4900 4416
f 4416 4900 6308
f 6312 6311 4241
f 4241 6311 4720
f 5223 6344 4702
f 4702 6344 4699
f 4221 4220 6345
f 6345 4220 6346
f 5276 5275 6347
f 6347 5275 6348
f 5275 4728 6348
f 6348 4728 6349
f 4727 6350 5284
f 5284 6350 5285
f 6351 6352 6354
f 6354 6352 6353
f 5313 5312 5292
f 5292 5312 5293
f 5312 5344 5293
f 5293 5344 5337
f 5344 4914 5337
f 5337 4914 4916
f 4914 4913 4916
f 4916 4913 4917
f 4913 6355 4917
f 4917 6355 4978
f 6356 6357 6284
f 6284 6357 5012
f 6357 6358 5012
f 5012 6358 5011
f 5011 6358 5366
f 5366 6358 6359
f 6360 4742 6359
f 6359 4742 5366
f 4743 6361 4904
f 4904 6361 5364
f 5363 4905 5364
f 5364 4905 4904
f 5363 6362 4905
f 4905 6362 4207
f 6362 6363 4207
f 4207 6363 4208
f 6363 5342 4208
f 4208 5342 5330
f 5342 5341 5330
f 5330 5341 4244
f 5341 6364 4244
f 4244 6364 4245
f 6364 6365 4245
f 4245 6365 4246
f 6366 6367 4253
f 4253 6367 4250
f 4214 6368 4211
f 4211 6368 4380
f 4380 4379 4211
f 4211 4379 4283
f 4379 6305 4283
f 4283 6305 6304
f 6305 4968 6304
f 6304 4968 6287
f 4968 4967 6287
f 6287 4967 6286
f 4967 6297 6286
f 6286 6297 4676
f 6296 4376 4288
f 4288 4376 4285
f 4376 4373 4285
f 4285 4373 4290
f 6369 6370 6372
f 6372 6370 6371
f 5245 6373 5246
f 5246 6373 6374
f 4317 6375 4318
f 4318 6375 6376
f 4331 6377 4332
f 4332 6377 6378
f 6379 4333 6376
f 6376 4333 4318
f 4343 6380 4344
f 4344 6380 6381
f 4347 6382 4348
f 4348 6382 6383
f 4374 6371 4331
f 4331 6371 6377
f 4333 6379 4426
f 4426 6379 6384
f 4690 6385 4347
f 4347 6385 6382
f 4332 6378 4317
f 4317 6378 6375
f 4922 6386 4923
f 4923 6386 6387
f 6388 6389 4375
f 4375 6389 6390
f 6355 6356 4978
f 4978 6356 6284
f 4742 6360 4743
f 4743 6360 6361
f 6391 4238 6392
f 6392 4238 4719
f 6392 4719 6393
f 6393 4719 5296
f 6395 6396 6394
f 6394 6396 6397
f 6399 6400 6398
f 6398 6400 6401
f 6402 5302 6403
f 6403 5302 5303
f 5303 5321 6403
f 6403 5321 6404
f 5320 6405 5321
f 5321 6405 6404
f 5319 6406 5350
f 5350 6406 5351
f 5319 5318 6406
f 6406 5318 6407
f 5288 4197 6408
f 6408 4197 6409
f 4217 4216 6410
f 6410 4216 6411
f 5227 6412 6327
f 6327 6412 6328
f 4892 6413 5227
f 5227 6413 6412
f 4228 6414 4892
f 4892 6414 6413
f 4227 6415 4228
f 4228 6415 6414
f 4248 6416 4227
f 4227 6416 6415
f 4247 6417 4248
f 4248 6417 6416
f 6417 4247 6419
f 6419 4247 6418
f 6419 6418 6421
f 6421 6418 6420
f 6422 5301 6423
f 6423 5301 5300
f 6423 5300 6424
f 6424 5300 6399
f 6408 6409 6398
f 6398 6409 6425
f 6426 6427 6397
f 6397 6427 6394
f 6428 4224 6429
f 6429 4224 4223
f 6347 6346 5276
f 5276 6346 4220
f 6346 6347 6341
f 6341 6347 6339
f 5280 5278 5282
f 5282 5278 4236
f 4896 5224 4684
f 4684 5224 4681
f 4132 4135 4896
f 4896 4135 5224
f 4131 4136 4132
f 4132 4136 4135
f 4226 4754 4131
f 4131 4754 4136
f 4251 4213 4226
f 4226 4213 4754
f 4250 4214 4251
f 4251 4214 4213
f 4250 6367 4214
f 4214 6367 6368
f 6367 4910 6368
f 6368 4910 4737
f 4909 5297 4736
f 4736 5297 5296
f 5297 6395 5296
f 5296 6395 6393
f 6427 6430 6394
f 6394 6430 6431
f 6429 4383 6428
f 6428 4383 4382
f 4219 5277 4220
f 4220 5277 5276
f 4222 4697 4383
f 4383 4697 4218
f 6345 4699 4221
f 4221 4699 6344
f 6342 4700 6345
f 6345 4700 4699
f 4235 4786 5281
f 5281 4786 6338
f 4234 4787 4235
f 4235 4787 4786
f 5279 5278 6432
f 6432 5278 5271
f 4237 5279 6433
f 6433 5279 6432
f 4787 4234 6433
f 6433 4234 4237
f 6435 6436 6434
f 6434 6436 6437
f 6359 6438 6360
f 6360 6438 6437
f 6439 6440 6441
f 6441 6440 6438
f 6443 6439 6442
f 6442 6439 6441
f 6357 6356 6442
f 6442 6356 6444
f 6444 6446 6445
f 6445 6446 6447
f 4912 6446 4913
f 4913 6446 6355
f 6361 6436 5364
f 5364 6436 5365
f 5319 5350 5316
f 5316 5350 6448
f 4832 6449 5350
f 5350 6449 6448
f 4831 6450 4832
f 4832 6450 6449
f 5354 6451 5320
f 5320 6451 6405
f 4265 6452 5354
f 5354 6452 6451
f 4264 6453 4265
f 4265 6453 6452
f 6450 4831 6447
f 6447 4831 6445
f 4263 6435 4264
f 4264 6435 6434
f 6454 6453 6439
f 6439 6453 6440
f 6439 6443 6454
f 6454 6443 4834
f 4833 6455 4834
f 4834 6455 6454
f 5351 6456 4833
f 4833 6456 6455
f 6457 6391 6458
f 6458 6391 6392
f 6458 6392 6431
f 6431 6392 6393
f 5298 6396 5297
f 5297 6396 6395
f 6402 6400 5302
f 5302 6400 5299
f 6402 6403 6459
f 6459 6403 6460
f 6460 6403 6461
f 6461 6403 6404
f 6405 6462 6404
f 6404 6462 6461
f 6406 6462 5351
f 5351 6462 6456
f 6406 6407 6462
f 6462 6407 6461
f 6407 6463 6461
f 6461 6463 6460
f 6463 6464 6460
f 6460 6464 6459
f 6464 6465 6459
f 6459 6465 6401
f 6430 6466 6431
f 6431 6466 6458
f 6466 6410 6458
f 6458 6410 6457
f 6410 6411 6457
f 6457 6411 6467
f 6396 6424 6397
f 6397 6424 6425
f 6393 6395 6431
f 6431 6395 6394
f 6451 6456 6405
f 6405 6456 6462
f 6452 6455 6451
f 6451 6455 6456
f 6453 6454 6452
f 6452 6454 6455
f 6443 6445 4834
f 4834 6445 4831
f 6440 6453 6434
f 6434 6453 4264
f 6468 5306 5360
f 5360 5306 5305
f 6469 4124 6468
f 6468 4124 5306
f 6470 4125 6469
f 6469 4125 4124
f 6471 5291 6470
f 6470 5291 4125
f 6353 5292 6471
f 6471 5292 5291
f 5292 6353 5313
f 5313 6353 6352
f 5347 5314 6352
f 6352 5314 5313
f 5353 5318 5346
f 5346 5318 5317
f 5334 6468 5358
f 5358 6468 5360
f 5324 6469 5334
f 5334 6469 6468
f 5323 6470 5324
f 5324 6470 6469
f 5343 6471 5323
f 5323 6471 6470
f 6354 6353 5343
f 5343 6353 6471
f 6348 6349 4270
f 4270 6349 5311
f 5272 6340 5273
f 5273 6340 4272
f 6432 5271 4232
f 4232 5271 4233
f 4294 6432 4295
f 4295 6432 4232
f 6432 4294 6433
f 6433 4294 4301
f 4301 4300 6433
f 6433 4300 4787
f 4704 4784 4300
f 4300 4784 4787
f 4704 3013 4784
f 4784 3013 1307
f 5103 6472 5104
f 5104 6472 5202
f 5108 5116 5105
f 5105 5116 5115
f 5111 5124 5112
f 5112 5124 5123
f 5154 5205 5105
f 5105 5205 5106
f 5167 5180 5168
f 5168 5180 5185
f 5175 5188 5176
f 5176 5188 5187
f 5112 5123 5178
f 5178 5123 5120
f 5167 5090 5183
f 5183 5090 5089
f 5210 5151 5183
f 5183 5151 5181
f 5216 5138 5217
f 5217 5138 5137
f 5218 5119 5219
f 5219 5119 5221
f 5218 5178 5119
f 5119 5178 5120
f 5217 5137 5104
f 5104 5137 5101
f 5116 5108 5221
f 5221 5108 5219
f 5111 5110 5210
f 5210 5110 5151
f 5154 5153 5103
f 5103 5153 6472
f 5216 5215 5176
f 5176 5215 5173
f 5175 5174 5168
f 5168 5174 5166
f 5091 5172 5092
f 5092 5172 5208
f 5117 5037 5118
f 5118 5037 5036
f 5121 5164 5122
f 5122 5164 5133
f 5125 5084 5126
f 5126 5084 5083
f 5129 5174 5130
f 5130 5174 5173
f 5131 5202 5132
f 5132 5202 6472
f 5135 5221 5122
f 5122 5221 5119
f 5125 5124 5136
f 5136 5124 5209
f 5126 5083 5121
f 5121 5083 5164
f 5118 5036 5195
f 5195 5036 5193
f 5131 5097 5203
f 5203 5097 5114
f 5132 6472 5195
f 5195 6472 5153
f 5136 5209 5092
f 5092 5209 5089
f 5135 5134 5117
f 5117 5134 5037
f 5362 5206 5130
f 5130 5206 5127
f 5372 5371 5128
f 5128 5371 5129
f 5371 5372 5091
f 5091 5372 5172
f 5362 5215 5203
f 5203 5215 5201
f 6463 6407 5353
f 5353 6407 5318
f 6464 6463 5352
f 5352 6463 5353
f 6408 6465 5288
f 5288 6465 5289
f 4196 4224 6426
f 6426 4224 6427
f 6430 6427 6428
f 6428 6427 4224
f 6466 6430 4382
f 4382 6430 6428
f 6410 6466 4217
f 4217 6466 4382
f 4240 4239 3015
f 3015 4239 3016
f 4254 4257 3017
f 3017 4257 3018
f 6473 6474 4732
f 4732 6474 6475
f 6474 6374 6475
f 6475 6374 6373
f 5246 6374 3022
f 3022 6374 3023
f 4254 6299 4255
f 4255 6299 6288
f 6473 6300 3024
f 3024 6300 3025
f 6476 4257 6312
f 6312 4257 4256
f 4240 6476 4241
f 4241 6476 6312
f 6477 4239 6391
f 6391 4239 4238
f 6467 6477 6457
f 6457 6477 6391
f 6411 3029 6467
f 6467 3029 3028
f 4216 3030 6411
f 6411 3030 3029
f 6479 6480 6478
f 6478 6480 6481
f 6483 6484 6482
f 6482 6484 6485
f 6486 6487 4102
f 4102 6487 6331
f 6483 6488 6478
f 6478 6488 6489
f 4429 4829 6490
f 6490 4829 6479
f 6491 6486 4101
f 4101 6486 4102
f 4895 6491 4899
f 4899 6491 4101
f 4160 6488 4157
f 4157 6488 6492
f 6489 4087 6490
f 6490 4087 4090
f 4267 4261 5013
f 5013 4261 4260
f 4258 4261 5328
f 5328 4261 4975
f 4261 4267 4975
f 4975 4267 4266
f 5367 3793 3912
f 3912 3793 3575
f 6494 3616 6493
f 6493 3616 3795
f 6496 3589 6495
f 6495 3589 3588
f 6495 3588 5368
f 5368 3588 3794
f 3841 3840 3050
f 3050 3840 3051
f 3912 3911 3052
f 3052 3911 3053
f 3929 3930 3054
f 3054 3930 3055
f 5370 3930 3916
f 3916 3930 3923
f 3938 5369 3807
f 3807 5369 3915
f 3589 6496 3806
f 3806 6496 3937
f 3938 3937 3056
f 3056 3937 3057
f 3051 3840 3058
f 3058 3840 3943
f 3730 4808 3727
f 3727 4808 3943
f 3820 3951 3795
f 3795 3951 6493
f 3951 3841 3059
f 3059 3841 3050
f 3911 3574 6494
f 6494 3574 3616
f 3823 3929 3824
f 3824 3929 3952
f 4061 4060 3060
f 3060 4060 3061
f 6497 6498 4901
f 4901 6498 4790
f 6333 6499 4738
f 4738 6499 4739
f 6500 6501 6314
f 6314 6501 4418
f 6502 6275 4417
f 4417 6275 4185
f 6503 6497 4783
f 4783 6497 4901
f 6498 4060 4790
f 4790 4060 4059
f 4808 4061 3069
f 3069 4061 3060
f 5367 3071 5368
f 5368 3071 3070
f 5369 3073 5370
f 5370 3073 3072
f 6274 6275 3074
f 3074 6275 3075
f 6499 6504 4739
f 4739 6504 6317
f 6333 6332 3077
f 3077 6332 3078
f 6334 6274 3079
f 3079 6274 3074
f 6332 4825 3078
f 3078 4825 3080
f 6334 6503 4188
f 4188 6503 4783
f 4825 4689 3080
f 3080 4689 1330
f 6506 4747 6505
f 6505 4747 4746
f 6505 6507 6506
f 6506 6507 6508
f 4297 6509 4920
f 4920 6509 6510
f 4296 6511 4297
f 4297 6511 6509
f 6506 6508 4319
f 4319 6508 6512
f 4372 4371 6514
f 6514 4371 6513
f 6511 4296 5251
f 5251 4296 4305
f 5251 5250 6511
f 6511 5250 6515
f 6516 6509 6515
f 6515 6509 6511
f 6517 6507 6519
f 6519 6507 6518
f 6512 6520 6513
f 6513 6520 6514
f 6507 6517 6508
f 6508 6517 6521
f 5249 6523 6522
f 6522 6523 6524
f 6525 6370 5253
f 5253 6370 6526
f 4370 4323 4371
f 4371 4323 4326
f 4370 3103 4323
f 4323 3103 1541
f 6521 6517 6527
f 6527 6517 6519
f 6520 6528 6514
f 6514 6528 6529
f 6531 6532 6530
f 6530 6532 6533
f 5250 6534 6515
f 6515 6534 6535
f 6530 6533 6536
f 6536 6533 6537
f 6526 6538 6534
f 6534 6538 6537
f 6515 6535 6516
f 6516 6535 6539
f 4325 4321 4326
f 4326 4321 4320
f 4371 4326 6513
f 6513 4326 4320
f 6531 4731 6541
f 6541 4731 6540
f 4731 4730 6540
f 6540 4730 6542
f 4730 3121 6542
f 6542 3121 3120
f 6530 4328 6531
f 6531 4328 4731
f 4328 6530 4329
f 4329 6530 6536
f 4329 6536 6524
f 6524 6536 6543
f 6544 6545 6522
f 6522 6545 5248
f 6389 6388 5245
f 5245 6388 6373
f 6388 6546 6373
f 6373 6546 6475
f 4733 6546 6295
f 6295 6546 4377
f 4732 6475 4733
f 4733 6475 6546
f 4393 4432 4394
f 4394 4432 4435
f 4434 4672 4842
f 4842 4672 4671
f 4440 4439 4441
f 4441 4439 4438
f 4436 4450 4437
f 4437 4450 4398
f 4447 4444 4448
f 4448 4444 4392
f 4446 4464 4433
f 4433 4464 6547
f 4454 4423 4455
f 4455 4423 4422
f 4452 4481 4453
f 4453 4481 4480
f 4458 4389 4459
f 4459 4389 4388
f 4456 4471 4457
f 4457 4471 4468
f 4391 4460 4392
f 4392 4460 4448
f 4461 4467 4445
f 4445 4467 4465
f 4437 4398 4629
f 4629 4398 4397
f 4438 4628 4441
f 4441 4628 4631
f 4841 4629 4839
f 4839 4629 4397
f 4628 4842 4631
f 4631 4842 4671
f 4930 4989 4452
f 4452 4989 4481
f 4929 4927 4436
f 4436 4927 4450
f 4933 4387 4934
f 4934 4387 4386
f 4931 4475 4932
f 4932 4475 4474
f 4936 4449 4933
f 4933 4449 4387
f 4935 4472 4456
f 4456 4472 4471
f 4389 4458 4391
f 4391 4458 4460
f 4457 4468 4461
f 4461 4468 4467
f 4934 4386 4454
f 4454 4386 4423
f 4453 4480 4931
f 4931 4480 4475
f 4575 4997 4576
f 4576 4997 4639
f 4579 4596 4580
f 4580 4596 4595
f 4583 4582 4572
f 4572 4582 4569
f 4587 4944 4588
f 4588 4944 4562
f 4588 4562 4590
f 4590 4562 4561
f 4576 4639 4642
f 4642 4639 4638
f 4642 4845 4641
f 4641 4845 4846
f 4845 4590 4846
f 4846 4590 4561
f 4941 4938 4595
f 4595 4938 4580
f 4938 4940 4668
f 4668 4940 4669
f 4583 4942 4584
f 4584 4942 4947
f 4582 4587 4569
f 4569 4587 4586
f 5000 5001 4579
f 4579 5001 4596
f 4558 4560 4585
f 4585 4560 4586
f 4565 4639 4566
f 4566 4639 4997
f 4568 4567 4577
f 4577 4567 4578
f 4570 4554 4571
f 4571 4554 4556
f 4640 4565 4637
f 4637 4565 4546
f 4662 4664 4665
f 4665 4664 4844
f 4662 4558 4589
f 4589 4558 4585
f 4554 4570 4557
f 4557 4570 4560
f 4571 4667 4572
f 4572 4667 4943
f 4551 4670 4552
f 4552 4670 4666
f 4640 4664 4638
f 4638 4664 4663
f 4670 4568 4668
f 4668 4568 4577
f 4999 4996 4566
f 4566 4996 4543
f 4608 4564 4603
f 4603 4564 4563
f 4573 4593 4574
f 4574 4593 4592
f 4597 4614 4598
f 4598 4614 4613
f 4601 4600 4584
f 4584 4600 4581
f 4563 4562 4604
f 4604 4562 4944
f 4643 4593 4641
f 4641 4593 4573
f 4643 4847 4644
f 4644 4847 4848
f 4564 4847 4561
f 4561 4847 4846
f 4945 4941 4598
f 4598 4941 4595
f 4941 4945 4939
f 4939 4945 4946
f 4601 4948 4602
f 4602 4948 4620
f 4600 4604 4581
f 4581 4604 4944
f 5002 5003 4597
f 4597 5003 4614
f 4988 4759 4953
f 4953 4759 4402
f 4706 6548 4707
f 4707 6548 6549
f 4311 4928 4419
f 4419 4928 6550
f 4921 4920 6551
f 6551 4920 6552
f 4925 6553 4926
f 4926 6553 6554
f 4928 4921 4802
f 4802 4921 6551
f 6555 4985 6550
f 6550 4985 4419
f 4952 6556 4953
f 4953 6556 4649
f 4971 6557 4706
f 4706 6557 6548
f 4988 4648 4925
f 4925 4648 6553
f 4707 6549 5006
f 5006 6549 4987
f 4920 6510 6552
f 6552 6510 6518
f 6558 6510 6516
f 6516 6510 6509
f 6559 6558 6539
f 6539 6558 6516
f 6531 6541 6532
f 6532 6541 6560
f 6540 6561 6541
f 6541 6561 6529
f 6542 6562 6540
f 6540 6562 6561
f 6542 3120 6562
f 6562 3120 3142
f 4366 6563 4760
f 4760 6563 4970
f 4815 6564 4816
f 4816 6564 6565
f 3147 3146 6565
f 6565 3146 4816
f 6564 6563 6565
f 6565 6563 6566
f 4837 4385 4357
f 4357 4385 4358
f 6565 6566 3147
f 3147 6566 3149
f 4694 1209 3150
f 5247 5249 5248
f 5248 5249 6522
f 6372 6390 6545
f 6545 6390 6389
f 6375 5254 6376
f 6376 5254 5258
f 6377 6525 6378
f 6378 6525 5255
f 5260 6379 5258
f 5258 6379 6376
f 6380 6567 6381
f 6381 6567 6568
f 6382 6569 6383
f 6383 6569 6570
f 6377 6371 6525
f 6525 6371 6370
f 6379 5260 6384
f 6384 5260 6571
f 6385 6572 6382
f 6382 6572 6569
f 6378 5255 6375
f 6375 5255 5254
f 6386 6573 6387
f 6387 6573 6574
f 6545 6389 5248
f 5248 6389 5245
f 4675 4750 4676
f 4676 4750 6286
f 4734 6289 4735
f 4735 6289 6288
f 4804 6290 4805
f 4805 6290 4963
f 4811 4807 4812
f 4812 4807 4411
f 4954 6292 4955
f 4955 6292 4959
f 4964 4962 4965
f 4965 4962 4751
f 6285 4821 4812
f 4812 4821 4809
f 4675 4287 4965
f 4965 4287 4210
f 6294 4145 4955
f 4955 4145 4154
f 4964 4120 4805
f 4805 4120 4119
f 6298 4966 4734
f 4734 4966 6289
f 6300 6473 4735
f 4735 6473 4732
f 6297 6296 4676
f 4676 6296 4288
f 6523 3160 4330
f 4330 3160 3159
f 5253 5252 6525
f 6525 5252 5255
f 5256 5252 4305
f 4305 5252 5251
f 4304 5257 4305
f 4305 5257 5256
f 4424 5259 4304
f 4304 5259 5257
f 5261 6571 5259
f 5259 6571 5260
f 5262 6573 5261
f 5261 6573 6571
f 5264 6567 5265
f 5265 6567 6574
f 5266 6572 5267
f 5267 6572 6568
f 5268 6570 5269
f 5269 6570 6569
f 1807 3161 5268
f 5268 3161 6570
f 6524 6523 4329
f 4329 6523 4330
f 5253 6526 5250
f 5250 6526 6534
f 6543 6538 6544
f 6544 6538 6369
f 6524 6543 6522
f 6522 6543 6544
f 3071 5367 3052
f 3052 5367 3912
f 6493 3163 6494
f 6494 3163 3162
f 3164 445 3771
f 3771 445 3761
f 461 3165 3919
f 3919 3165 3920
f 330 410 3839
f 3839 410 3910
f 332 331 3552
f 3552 331 3551
f 464 304 3918
f 3918 304 3816
f 385 458 3766
f 3766 458 3894
f 412 415 3762
f 3762 415 3763
f 3166 337 3748
f 3748 337 3745
f 3072 3055 5370
f 5370 3055 3930
f 3073 5369 3056
f 3056 5369 3938
f 3167 3057 6496
f 6496 3057 3937
f 3069 3058 4808
f 4808 3058 3943
f 411 3166 3851
f 3851 3166 3748
f 3059 3163 3951
f 3951 3163 6493
f 336 3164 3772
f 3772 3164 3771
f 3053 3911 3162
f 3162 3911 6494
f 3054 3168 3929
f 3929 3168 3952
f 3165 830 3920
f 3920 830 3945
f 3170 3169 6497
f 6497 3169 6498
f 3171 1354 5005
f 5005 1354 4830
f 3172 3170 6503
f 6503 3170 6497
f 3169 3061 6498
f 6498 3061 4060
f 3173 3171 5006
f 5006 3171 5005
f 3079 3172 6334
f 6334 3172 6503
f 3174 3025 6299
f 6299 3025 6300
f 6576 6577 6575
f 6575 6577 6578
f 4612 4611 6579
f 6579 4611 6580
f 6582 6583 6581
f 6581 6583 6584
f 6584 6585 4618
f 4618 6585 4621
f 6586 6587 6589
f 6589 6587 6588
f 6588 6587 6590
f 6590 6587 6591
f 6592 4606 6590
f 6590 4606 4623
f 6594 6576 6593
f 6593 6576 6575
f 6595 6582 6579
f 6579 6582 6581
f 6580 6597 6596
f 6596 6597 6598
f 6577 6576 6599
f 6599 6576 6600
f 6595 6596 6601
f 6601 6596 6602
f 6583 6582 6603
f 6603 6582 6604
f 6586 6606 6605
f 6605 6606 6607
f 6587 6586 6608
f 6608 6586 6605
f 6587 6608 6591
f 6591 6608 6609
f 6576 6594 6600
f 6600 6594 6610
f 6582 6595 6604
f 6604 6595 6601
f 6599 6611 6577
f 6577 6611 6598
f 6613 6614 6612
f 6612 6614 6615
f 6617 6618 6616
f 6616 6618 6619
f 6621 6622 6620
f 6620 6622 6623
f 6625 6626 6624
f 6624 6626 6627
f 6629 6630 6628
f 6628 6630 6631
f 6633 6634 6632
f 6632 6634 6635
f 6637 6638 6636
f 6636 6638 6639
f 6640 6641 6637
f 6637 6641 6638
f 6643 6633 6642
f 6642 6633 6632
f 6645 6646 6644
f 6644 6646 6647
f 6646 6648 6647
f 6647 6648 6649
f 6651 6652 6650
f 6650 6652 6653
f 6653 6652 6654
f 6654 6652 6655
f 6656 6657 6659
f 6659 6657 6658
f 6661 6662 6660
f 6660 6662 6663
f 6662 6661 6664
f 6664 6661 6665
f 6667 6657 6666
f 6666 6657 6656
f 6669 6670 6668
f 6668 6670 6671
f 6672 6673 6670
f 6670 6673 6671
f 6674 6675 6677
f 6677 6675 6676
f 6675 6678 6676
f 6676 6678 6679
f 6681 6682 6680
f 6680 6682 6683
f 6684 6685 6683
f 6683 6685 6680
f 6687 6688 6686
f 6686 6688 6689
f 6687 6690 6688
f 6688 6690 6691
f 6619 6618 6633
f 6633 6618 6634
f 6632 6635 6693
f 6693 6635 6692
f 6617 6694 6636
f 6636 6694 6637
f 6695 6692 6639
f 6639 6692 6635
f 6637 6694 6640
f 6640 6694 6696
f 6698 6638 6697
f 6697 6638 6641
f 6643 6616 6633
f 6633 6616 6619
f 6642 6699 6641
f 6641 6699 6697
f 6646 6645 6700
f 6700 6645 6621
f 6644 6701 6654
f 6654 6701 6702
f 6700 6703 6646
f 6646 6703 6648
f 6693 6704 6649
f 6649 6704 6647
f 6620 6623 6651
f 6651 6623 6652
f 6693 6649 6699
f 6699 6649 6650
f 6652 6623 6655
f 6655 6623 6622
f 6654 6702 6653
f 6653 6702 6697
f 6615 6614 6657
f 6657 6614 6658
f 6705 6656 6704
f 6704 6656 6659
f 6613 6706 6660
f 6660 6706 6661
f 6704 6659 6701
f 6701 6659 6663
f 6661 6706 6665
f 6665 6706 6707
f 6708 6702 6664
f 6664 6702 6662
f 6612 6615 6667
f 6667 6615 6657
f 6666 6709 6664
f 6664 6709 6708
f 6629 6710 6669
f 6669 6710 6670
f 6668 6711 6679
f 6679 6711 6712
f 6713 6672 6710
f 6710 6672 6670
f 6714 6671 6705
f 6705 6671 6673
f 6628 6631 6674
f 6674 6631 6675
f 6705 6673 6709
f 6709 6673 6677
f 6631 6630 6675
f 6675 6630 6678
f 6712 6708 6679
f 6679 6708 6676
f 6625 6715 6682
f 6682 6715 6683
f 6716 6717 6681
f 6681 6717 6691
f 6718 6684 6715
f 6715 6684 6683
f 6719 6680 6714
f 6714 6680 6685
f 6624 6627 6686
f 6686 6627 6687
f 6689 6711 6685
f 6685 6711 6714
f 6627 6626 6687
f 6687 6626 6690
f 6717 6712 6691
f 6691 6712 6688
f 6612 6707 6613
f 6613 6707 6706
f 6616 6696 6617
f 6617 6696 6694
f 6703 6700 6620
f 6620 6700 6621
f 6715 6625 6718
f 6718 6625 6624
f 6710 6629 6713
f 6713 6629 6628
f 6639 6635 6636
f 6636 6635 6634
f 6641 6640 6642
f 6642 6640 6643
f 6654 6655 6644
f 6644 6655 6645
f 6651 6650 6648
f 6648 6650 6649
f 6659 6658 6663
f 6663 6658 6660
f 6665 6667 6664
f 6664 6667 6666
f 6678 6669 6679
f 6679 6669 6668
f 6673 6672 6677
f 6677 6672 6674
f 6690 6682 6691
f 6691 6682 6681
f 6685 6684 6689
f 6689 6684 6686
f 6636 6634 6617
f 6617 6634 6618
f 6638 6698 6639
f 6639 6698 6695
f 6640 6696 6643
f 6643 6696 6616
f 6693 6699 6632
f 6632 6699 6642
f 6655 6622 6645
f 6645 6622 6621
f 6704 6701 6647
f 6647 6701 6644
f 6651 6648 6620
f 6620 6648 6703
f 6650 6653 6699
f 6699 6653 6697
f 6613 6660 6614
f 6614 6660 6658
f 6663 6662 6701
f 6701 6662 6702
f 6665 6707 6667
f 6667 6707 6612
f 6705 6709 6656
f 6656 6709 6666
f 6630 6629 6678
f 6678 6629 6669
f 6714 6711 6671
f 6671 6711 6668
f 6672 6713 6674
f 6674 6713 6628
f 6677 6676 6709
f 6709 6676 6708
f 6626 6625 6690
f 6690 6625 6682
f 6680 6719 6681
f 6681 6719 6716
f 6684 6718 6686
f 6686 6718 6624
f 6711 6689 6712
f 6689 6688 6712
f 6593 6720 6594
f 6594 6720 6721
f 6722 6720 4607
f 4607 6720 4849
f 6592 6723 6722
f 6722 6723 6724
f 4610 4609 6578
f 6578 4609 6575
f 6596 6595 6580
f 6580 6595 6579
f 4618 4617 6584
f 6584 4617 6581
f 6589 6585 6586
f 6586 6585 6606
f 4622 4619 6588
f 6588 4619 6589
f 4622 6588 4623
f 4623 6588 6590
f 4609 4645 6575
f 6575 4645 6593
f 4617 4612 6581
f 6581 4612 6579
f 5004 4610 6597
f 6597 4610 6578
f 4645 4849 6593
f 6593 4849 6720
f 6724 6721 6722
f 6722 6721 6720
f 6722 4607 6592
f 6592 4607 4606
f 6725 6610 6721
f 6721 6610 6594
f 6723 6726 6724
f 6724 6726 6727
f 6727 6725 6724
f 6724 6725 6721
f 6728 6729 6605
f 6605 6729 6608
f 6605 6607 6728
f 6728 6607 6730
f 6731 6732 6604
f 6604 6732 6603
f 6733 6734 6725
f 6725 6734 6610
f 6735 6733 6727
f 6727 6733 6725
f 6735 6727 6736
f 6736 6727 6726
f 6591 6609 6723
f 6723 6609 6726
f 6723 6592 6591
f 6591 6592 6590
f 6738 6739 6737
f 6737 6739 6740
f 6740 6739 6742
f 6742 6739 6741
f 6743 6744 6741
f 6741 6744 6742
f 6745 6746 6743
f 6743 6746 6744
f 6747 6748 6745
f 6745 6748 6746
f 6749 6750 6747
f 6747 6750 6748
f 6752 6738 6751
f 6751 6738 6737
f 6754 6752 6753
f 6753 6752 6751
f 6756 6754 6755
f 6755 6754 6753
f 6758 6750 6757
f 6757 6750 6749
f 6760 6756 6759
f 6759 6756 6755
f 6762 6760 6761
f 6761 6760 6759
f 6764 6762 6763
f 6763 6762 6761
f 6757 6764 6758
f 6758 6764 6763
f 6766 6741 6765
f 6765 6741 6739
f 6767 6743 6766
f 6766 6743 6741
f 6768 6745 6767
f 6767 6745 6743
f 6769 6747 6768
f 6768 6747 6745
f 6770 6749 6769
f 6769 6749 6747
f 6772 6769 6771
f 6771 6769 6768
f 6773 6770 6772
f 6772 6770 6769
f 6774 6775 6772
f 6772 6775 6773
f 6777 6778 6776
f 6776 6778 6779
f 6775 6774 6778
f 6778 6774 6779
f 6771 6780 6772
f 6772 6780 6774
f 6780 6781 6774
f 6774 6781 6779
f 6781 6782 6779
f 6779 6782 6776
f 6784 6785 6783
f 6783 6785 6786
f 6786 6787 6783
f 6783 6787 6788
f 6790 6788 6789
f 6789 6788 6787
f 6786 6785 6791
f 6791 6785 6792
f 6791 6793 6786
f 6786 6793 6787
f 6793 6794 6787
f 6787 6794 6789
f 6795 6796 6794
f 6794 6796 6789
f 6790 6789 6797
f 6797 6789 6796
f 6798 6765 6738
f 6738 6765 6739
f 6799 6798 6752
f 6752 6798 6738
f 6767 6800 6768
f 6768 6800 6771
f 6766 6801 6767
f 6767 6801 6800
f 6802 6801 6765
f 6765 6801 6766
f 6798 6803 6765
f 6765 6803 6802
f 6804 6803 6799
f 6799 6803 6798
f 6805 6806 6804
f 6804 6806 6803
f 6807 6799 6754
f 6754 6799 6752
f 6808 6804 6807
f 6807 6804 6799
f 6809 6805 6808
f 6808 6805 6804
f 6810 6811 6805
f 6805 6811 6806
f 6812 6813 6810
f 6810 6813 6811
f 6814 6815 6796
f 6796 6815 6797
f 6813 6814 6816
f 6816 6814 6817
f 6816 6818 6813
f 6813 6818 6811
f 6819 6806 6818
f 6818 6806 6811
f 6802 6803 6819
f 6819 6803 6806
f 6757 6749 6820
f 6820 6749 6770
f 6820 6770 6821
f 6821 6770 6773
f 6821 6773 6822
f 6822 6773 6775
f 6822 6775 6823
f 6823 6775 6778
f 6824 6823 6777
f 6777 6823 6778
f 6784 6825 6777
f 6777 6825 6824
f 6826 6827 6788
f 6788 6827 6783
f 6828 6826 6790
f 6790 6826 6788
f 6829 6828 6797
f 6797 6828 6790
f 6815 6830 6797
f 6797 6830 6829
f 6832 6812 6831
f 6831 6812 6810
f 6831 6810 6809
f 6809 6810 6805
f 6736 6800 6735
f 6735 6800 6801
f 6733 6735 6802
f 6802 6735 6801
f 6734 6733 6819
f 6819 6733 6802
f 6833 6734 6818
f 6818 6734 6819
f 6834 6833 6816
f 6816 6833 6818
f 6816 6817 6834
f 6834 6817 6835
f 6837 6795 6836
f 6836 6795 6794
f 6836 6794 6731
f 6731 6794 6793
f 6732 6731 6791
f 6791 6731 6793
f 6791 6792 6732
f 6732 6792 6730
f 6729 6728 6781
f 6781 6728 6782
f 6838 6807 6756
f 6756 6807 6754
f 6839 6838 6760
f 6760 6838 6756
f 6840 6839 6762
f 6762 6839 6760
f 6841 6840 6764
f 6764 6840 6762
f 6820 6841 6757
f 6757 6841 6764
f 6841 6820 6842
f 6842 6820 6821
f 6840 6841 6843
f 6843 6841 6842
f 6839 6840 6844
f 6844 6840 6843
f 6838 6839 6845
f 6845 6839 6844
f 6807 6838 6808
f 6808 6838 6845
f 6842 6821 6846
f 6846 6821 6822
f 6843 6842 6847
f 6847 6842 6846
f 6844 6843 6848
f 6848 6843 6847
f 6845 6844 6849
f 6849 6844 6848
f 6808 6845 6809
f 6809 6845 6849
f 6850 6831 6849
f 6849 6831 6809
f 6851 6850 6848
f 6848 6850 6849
f 6847 6852 6848
f 6848 6852 6851
f 6853 6852 6846
f 6846 6852 6847
f 6846 6822 6853
f 6853 6822 6823
f 6853 6823 6854
f 6854 6823 6824
f 6854 6855 6853
f 6853 6855 6852
f 6856 6851 6855
f 6855 6851 6852
f 6856 6857 6851
f 6851 6857 6850
f 6857 6832 6850
f 6850 6832 6831
f 6825 6858 6824
f 6824 6858 6854
f 6860 6827 6859
f 6859 6827 6826
f 6859 6826 6861
f 6861 6826 6828
f 6862 6861 6829
f 6829 6861 6828
f 6830 6863 6829
f 6829 6863 6862
f 6863 6864 6862
f 6862 6864 6865
f 6858 6866 6854
f 6854 6866 6855
f 6867 6865 6866
f 6866 6865 6864
f 6869 6859 6868
f 6868 6859 6861
f 6867 6869 6865
f 6865 6869 6868
f 6861 6862 6868
f 6868 6862 6865
f 6867 6860 6869
f 6869 6860 6859
f 6753 6751 6698
f 6698 6751 6695
f 6697 6755 6698
f 6698 6755 6753
f 6759 6755 6702
f 6702 6755 6697
f 6761 6759 6708
f 6708 6759 6702
f 6763 6761 6712
f 6712 6761 6708
f 6758 6763 6717
f 6717 6763 6712
f 6750 6758 6716
f 6716 6758 6717
f 6719 6748 6716
f 6716 6748 6750
f 6714 6746 6719
f 6719 6746 6748
f 6705 6744 6714
f 6714 6744 6746
f 6704 6742 6705
f 6705 6742 6744
f 6740 6742 6693
f 6693 6742 6704
f 6737 6740 6692
f 6692 6740 6693
f 6751 6737 6695
f 6695 6737 6692
f 6601 6602 6836
f 6836 6602 6837
f 6604 6601 6731
f 6731 6601 6836
f 6599 6600 6834
f 6834 6600 6833
f 6834 6835 6599
f 6599 6835 6611
f 6600 6610 6833
f 6833 6610 6734
f 6780 6771 6870
f 6870 6771 6736
f 6736 6771 6800
f 6870 6729 6780
f 6780 6729 6781
f 6608 6729 6609
f 6609 6729 6870
f 6609 6870 6726
f 6726 6870 6736
f 5014 5015 5229
f 5229 5015 5230
f 4258 5015 4259
f 4259 5015 4878
f 3471 3013 4703
f 4703 3013 4704
f 2879 6337 1306
f 1306 6337 4785
f 829 3471 4316
f 4316 3471 4703
f 4702 3472 5223
f 5223 3472 1756
f 6871 6872 4534
f 4534 6872 4535
f 6871 4665 6872
f 6872 4665 4844
f 6871 6873 4665
f 4665 6873 4559
f 6871 4534 6873
f 6873 4534 4542
f 4153 4152 4822
f 4822 4152 4407
f 4152 4168 4407
f 4407 4168 4342
f 4343 4168 4923
f 4923 4168 4167
f 4363 4362 4972
f 4972 4362 4840
f 4362 4394 4840
f 4840 4394 4839
f 4401 4400 4986
f 4986 4400 4984
f 4435 4434 4841
f 4841 4434 4842
f 4506 4505 4530
f 4530 4505 4531
f 4506 4535 4507
f 4507 4535 4843
f 4661 4660 4516
f 4516 4660 4517
f 4673 4672 4937
f 4937 4672 6547
f 4400 4924 4984
f 4984 4924 5263
f 4673 4660 4674
f 4674 4660 4659
f 4505 4661 4531
f 4531 4661 4516
f 4952 4401 6874
f 6874 4401 4986
f 4954 4153 6875
f 6875 4153 4822
f 4363 4973 4364
f 4364 4973 4974
f 5264 4924 5267
f 5267 4924 4691
f 6293 6292 6876
f 6876 6292 6877
f 6380 4343 6387
f 6387 4343 4923
f 4394 4435 4839
f 4839 4435 4841
f 4672 4434 6547
f 6547 4434 4433
f 4973 6556 4974
f 4974 6556 6878
f 6567 6380 6574
f 6574 6380 6387
f 6292 4954 6877
f 6877 4954 6875
f 6567 5264 6568
f 6568 5264 5267
f 4145 4144 4154
f 4154 4144 4151
f 4194 4144 4425
f 4425 4144 4143
f 4355 4354 5263
f 5263 4354 4984
f 4360 4359 4364
f 4364 4359 4361
f 4444 4359 4392
f 4392 4359 4337
f 4447 4446 4432
f 4432 4446 4433
f 4464 4463 6547
f 6547 4463 4937
f 4519 4518 4654
f 4654 4518 4509
f 4533 4532 4499
f 4499 4532 4498
f 4533 4542 4530
f 4530 4542 4534
f 4519 4532 4516
f 4516 4532 4531
f 4922 4194 4426
f 4426 4194 4425
f 4463 4518 4937
f 4937 4518 4517
f 6555 4951 6874
f 6874 4951 6878
f 4958 4957 6290
f 6290 4957 6291
f 4334 4360 4712
f 4712 4360 4950
f 4985 4354 4419
f 4419 4354 4353
f 5262 4355 5265
f 5265 4355 5263
f 6294 4958 4804
f 4804 4958 6290
f 6386 4922 6384
f 6384 4922 4426
f 4444 4447 4393
f 4393 4447 4432
f 4464 4446 4465
f 4465 4446 4445
f 4985 6555 4986
f 4986 6555 6874
f 6573 6386 6571
f 6571 6386 6384
f 4145 6294 4146
f 4146 6294 4804
f 6573 5262 6574
f 6574 5262 5265
f 4542 4541 6873
f 6873 4541 4559
f 4535 6872 4843
f 4843 6872 4844
f 4104 4103 6879
f 6879 4103 6343
f 4105 6293 6307
f 6307 6293 6876
f 4104 4956 4105
f 4105 4956 6293
f 4956 4104 4957
f 4957 4104 6879
f 4957 6879 6291
f 6291 6879 6309
f 4648 4988 4649
f 4649 4988 4953
f 4802 4803 4928
f 4928 4803 6550
f 6550 4803 6555
f 6555 4803 4951
f 1516 3173 4987
f 4987 3173 5006
f 6519 6518 6558
f 6558 6518 6510
f 6527 6519 6559
f 6559 6519 6558
f 6528 6560 6529
f 6529 6560 6541
f 6548 4625 6549
f 6549 4625 4624
f 6551 6552 4746
f 4746 6552 6505
f 6553 4711 6554
f 6554 4711 4710
f 4802 6551 4713
f 4713 6551 4746
f 6556 4973 4649
f 4649 4973 4646
f 6557 4949 6548
f 6548 4949 4625
f 4648 4647 6553
f 6553 4647 4711
f 6549 4624 4987
f 4987 4624 4838
f 6552 6518 6505
f 6505 6518 6507
f 6561 4372 6529
f 6529 4372 6514
f 6562 4369 6561
f 6561 4369 4372
f 3142 3482 6562
f 6562 3482 4369
f 6556 4952 6878
f 6878 4952 6874
f 4951 4950 6878
f 6878 4950 4974
f 3168 440 3952
f 4204 4203 5341
f 5341 4203 6364
f 4219 4222 6429
f 6429 4222 4383
f 4319 4322 6506
f 6506 4322 4747
f 4340 4714 4341
f 4341 4714 4384
f 4375 4377 6388
f 6388 4377 6546
f 4378 4381 6311
f 6311 4381 4720
f 4449 4341 4387
f 4387 4341 4384
f 4473 4472 4477
f 4477 4472 4474
f 4492 4491 4487
f 4487 4491 4488
f 4523 4491 4522
f 4522 4491 4490
f 4492 4538 4493
f 4493 4538 4555
f 4538 4553 4555
f 4555 4553 4556
f 4620 4615 4621
f 4621 4615 4618
f 4652 4651 4368
f 4368 4651 4365
f 4523 4655 4524
f 4524 4655 4656
f 4553 4667 4556
f 4556 4667 4571
f 4651 1210 4365
f 4365 1210 1209
f 4698 4697 5223
f 5223 4697 6344
f 4340 4339 4322
f 4322 4339 4747
f 4726 4729 5287
f 5287 4729 4198
f 4381 4380 4737
f 4737 4380 6368
f 4836 4835 4451
f 4451 4835 4709
f 4910 6367 4911
f 4911 6367 6366
f 4912 4915 6450
f 6450 4915 6449
f 4927 4836 4450
f 4450 4836 4451
f 4930 4929 4439
f 4439 4929 4436
f 4936 4935 4459
f 4459 4935 4456
f 4473 4655 4470
f 4470 4655 4510
f 4942 4583 4943
f 4943 4583 4572
f 4948 4601 4947
f 4947 4601 4584
f 4949 4835 4625
f 4625 4835 4626
f 4966 4969 6289
f 6289 4969 4695
f 4971 4652 4926
f 4926 4652 4368
f 4203 4977 6364
f 6364 4977 6365
f 4990 4989 4443
f 4443 4989 4440
f 4990 4991 4478
f 4478 4991 4512
f 4992 4991 4528
f 4528 4991 4515
f 4992 4993 4527
f 4527 4993 4485
f 4994 4993 4502
f 4502 4993 4503
f 4994 4995 4482
f 4482 4995 4550
f 4543 4996 4544
f 4544 4996 4995
f 4999 4998 4567
f 4567 4998 4578
f 5000 4998 4575
f 4575 4998 4997
f 5002 5001 4592
f 4592 5001 4574
f 5003 5004 4614
f 4614 5004 4611
f 3483 4215 1755
f 1755 4215 4698
f 5274 5277 4195
f 4195 5277 4223
f 4726 5295 4727
f 4727 5295 6350
f 5309 5342 5310
f 5310 5342 6363
f 5315 5314 5316
f 5316 5314 5317
f 5339 6362 5340
f 5340 6362 5363
f 5310 6363 5339
f 5339 6363 6362
f 4204 5309 4201
f 4201 5309 5308
f 4915 5345 6449
f 6449 5345 6448
f 5345 5315 6448
f 6448 5315 5316
f 5348 5347 6351
f 6351 5347 6352
f 5365 4263 5340
f 5340 4263 4262
f 6295 6298 4733
f 4733 6298 4734
f 4969 6306 4695
f 4695 6306 4696
f 6306 4378 4696
f 4696 4378 6311
f 6369 6372 6544
f 6544 6372 6545
f 4375 6390 4373
f 4373 6390 4374
f 6421 6422 4911
f 4911 6422 4908
f 4910 4909 4737
f 4737 4909 4736
f 5277 4219 4223
f 4223 4219 6429
f 4697 4222 6344
f 6344 4222 4221
f 6436 6361 6437
f 6437 6361 6360
f 6438 6440 6437
f 6437 6440 6434
f 6438 6359 6441
f 6441 6359 6358
f 6442 6441 6357
f 6357 6441 6358
f 6442 6444 6443
f 6443 6444 6445
f 6446 6444 6355
f 6355 6444 6356
f 6446 4912 6447
f 6447 4912 6450
f 6436 6435 5365
f 5365 6435 4263
f 5314 5347 5317
f 5317 5347 5346
f 4319 6512 4320
f 4320 6512 6513
f 6520 6512 6521
f 6521 6512 6508
f 6528 6520 6527
f 6527 6520 6521
f 6532 6539 6533
f 6533 6539 6535
f 6533 6535 6537
f 6537 6535 6534
f 6538 6543 6537
f 6537 6543 6536
f 6295 4377 6296
f 6296 4377 4376
f 4989 4930 4440
f 4440 4930 4439
f 4927 4929 4422
f 4422 4929 4455
f 4449 4936 4388
f 4388 4936 4459
f 4472 4935 4474
f 4474 4935 4932
f 4942 4940 4947
f 4947 4940 4939
f 5001 5000 4574
f 4574 5000 4575
f 4669 4943 4666
f 4666 4943 4667
f 4996 4999 4547
f 4547 4999 4567
f 4948 4946 4620
f 4620 4946 4615
f 5003 5002 4591
f 4591 5002 4592
f 6557 4971 6554
f 6554 4971 4926
f 6532 6560 6539
f 6539 6560 6559
f 6390 6372 4374
f 4374 6372 6371
f 4966 6298 4967
f 4967 6298 6297
f 6538 6526 6369
f 6369 6526 6370
f 6585 6589 4621
f 4621 6589 4619
f 6597 6578 6598
f 6598 6578 6577
f 6606 6583 6607
f 6607 6583 6603
f 6611 6602 6598
f 6598 6602 6596
f 6585 6584 6606
f 6606 6584 6583
f 6597 6580 5004
f 5004 6580 4611
f 6607 6603 6730
f 6730 6603 6732
f 6776 6785 6777
f 6777 6785 6784
f 6785 6776 6792
f 6792 6776 6782
f 6815 6814 6812
f 6812 6814 6813
f 6817 6814 6795
f 6795 6814 6796
f 6825 6784 6827
f 6827 6784 6783
f 6830 6815 6832
f 6832 6815 6812
f 6817 6795 6835
f 6835 6795 6837
f 6792 6782 6730
f 6730 6782 6728
f 6858 6825 6860
f 6860 6825 6827
f 6863 6830 6857
f 6857 6830 6832
f 6864 6863 6856
f 6856 6863 6857
f 6866 6858 6867
f 6867 6858 6860
f 6866 6864 6855
f 6855 6864 6856
f 6835 6837 6611
f 6611 6837 6602
f 6560 6528 6559
f 6559 6528 6527
f 4949 6557 4710
f 4710 6557 6554
f 4430 4090 4175
f 4175 4090 4089
f 4777 4113 4155
f 4155 4113 4086
f 4175 4089 4176
f 4176 4089 4142
f 4199 4271 4200
f 4200 4271 4798
f 4199 4095 4272
f 4272 4095 5273
f 4406 4405 4404
f 4404 4405 4346
f 4410 4409 6877
f 6877 4409 6876
f 4409 4413 6876
f 6876 4413 6307
f 4415 4148 4416
f 4416 4148 4147
f 4690 4405 4344
f 4344 4405 4342
f 4693 4692 4352
f 4352 4692 4349
f 4701 4700 6337
f 6337 4700 6338
f 4778 4777 4081
f 4081 4777 4155
f 4821 4406 4809
f 4809 4406 4404
f 4176 4142 4181
f 4181 4142 4415
f 4760 4970 4399
f 4399 4970 4692
f 4200 5007 4096
f 4096 5007 4078
f 5266 4693 5269
f 5269 4693 4352
f 5270 5007 5361
f 5361 5007 4797
f 4778 5270 4779
f 4779 5270 5361
f 6285 4410 6875
f 6875 4410 6877
f 6308 4413 4687
f 4687 4413 4412
f 6480 6320 6481
f 6481 6320 6880
f 4701 2878 4702
f 4702 2878 3472
f 6339 6347 6340
f 6340 6347 6348
f 6341 6342 6346
f 6346 6342 6345
f 4416 6308 4414
f 4414 6308 4687
f 6385 4690 6381
f 6381 4690 4344
f 5282 6341 5280
f 5280 6341 6339
f 4700 6342 6338
f 6338 6342 5281
f 6340 6348 4272
f 4272 6348 4270
f 6480 6479 4828
f 4828 6479 4829
f 6490 6479 6489
f 6489 6479 6478
f 4090 4430 6490
f 6490 4430 4429
f 6563 6564 4970
f 4970 6564 4815
f 4694 6566 4366
f 4366 6566 6563
f 6572 6385 6568
f 6568 6385 6381
f 4821 6285 4822
f 4822 6285 6875
f 6572 5266 6569
f 6569 5266 5269
f 3482 3103 4369
f 4369 3103 4370
f 3121 4730 3485
f 3485 4730 4327
f 6277 6280 6273
f 6273 6280 6272
f 6267 6276 6278
f 6278 6276 6279
f 6278 6279 6277
f 6277 6279 6280
f 6279 6256 6280
f 6280 6256 6255
f 6256 3857 6255
f 6255 3857 3754
f 3857 3856 3754
f 3754 3856 3755
f 3856 3703 3755
f 3755 3703 3863
f 3703 3702 3863
f 3863 3702 3759
f 3702 3706 3759
f 3759 3706 3670
f 3706 3705 3670
f 3670 3705 3668
f 3705 3773 3668
f 3668 3773 3882
f 3882 3773 3883
f 3883 3773 3707
f 3707 3708 3883
f 3883 3708 3880
f 3708 3710 3880
f 3880 3710 3881
f 3709 5241 3710
f 3710 5241 3881
f 5241 3709 5234
f 5234 3709 3786
f 3693 3712 3786
f 3786 3712 5234
f 4051 4055 4052
f 4052 4055 4056
f 4056 4055 4057
f 4057 4055 4054
f 4066 5238 5236
f 5236 5238 3989
f 4066 4069 5238
f 5238 4069 4035
f 6881 3962 3960
f 3960 3962 3957
f 6883 4070 6882
f 6882 4070 3941
f 4070 6883 4071
f 4071 6883 6884
f 4071 6884 4072
f 4072 6884 6885
f 6885 6886 4072
f 4072 6886 4031
f 3955 6881 3956
f 3956 6881 3960
f 6884 3991 6885
f 6885 3991 3990
f 6883 6887 6884
f 6884 6887 3991
f 6887 6888 3991
f 3991 6888 3992
f 6888 6887 6889
f 6889 6887 6890
f 6887 6883 6890
f 6890 6883 6882
f 4058 5240 3953
f 3953 5240 3954
f 5236 6888 5239
f 5239 6888 6889
f 5237 6886 3990
f 3990 6886 6885
f 4034 4031 5237
f 5237 4031 6886
f 6881 6882 3962
f 3962 6882 3941
f 6881 3955 6882
f 6882 3955 6890
f 3955 3954 6890
f 6890 3954 6889
f 5239 6889 5240
f 5240 6889 3954
f 6888 5236 3992
f 3992 5236 3989
f 3869 3868 3888
f 3888 3868 4015
f 3868 4012 4015
f 4015 4012 4010
f 4012 4022 4010
f 4010 4022 4009
f 4022 4021 4009
f 4009 4021 4018
f 4020 3974 4001
f 4001 3974 3996
f 4021 4020 4029
f 4029 4020 4001
f 4085 4156 4086
f 4086 4156 4155
f 4113 4777 4114
f 4114 4777 4776
f 4130 4129 4094
f 4094 4129 4091
f 4139 4773 4140
f 4140 4773 4772
f 4149 4178 4150
f 4150 4178 5225
f 4160 4159 4087
f 4087 4159 4088
f 4149 4148 4179
f 4179 4148 4141
f 4085 4084 4183
f 4183 4084 6315
f 4179 4141 4159
f 4159 4141 4088
f 4192 4130 4162
f 4162 4130 4094
f 4197 5288 4198
f 4198 5288 5287
f 4229 4766 4230
f 4230 4766 4771
f 4245 4246 4242
f 4242 4246 4249
f 4183 6315 4418
f 4418 6315 6314
f 4679 4178 4680
f 4680 4178 4177
f 4724 4798 4725
f 4725 4798 4271
f 4728 5275 4729
f 4729 5275 5274
f 4230 4771 4249
f 4249 4771 4242
f 4724 4723 4799
f 4799 4723 5355
f 4823 4824 4891
f 4891 4824 6327
f 4823 4192 4161
f 4161 4192 4162
f 4893 4767 4229
f 4229 4767 4766
f 4894 4895 4898
f 4898 4895 4899
f 4106 4150 4103
f 4103 4150 5225
f 4680 4894 4677
f 4677 4894 4898
f 6420 4977 5301
f 5301 4977 4976
f 4679 4678 5226
f 5226 4678 4427
f 5228 5008 4893
f 4893 5008 4767
f 5285 6354 5286
f 5286 6354 5343
f 5289 5352 5290
f 5290 5352 5349
f 5290 5349 5295
f 5295 5349 5348
f 5302 5299 4202
f 4202 5299 4976
f 4725 4271 5311
f 5311 4271 4270
f 5325 4723 5326
f 5326 4723 4722
f 5335 5355 5325
f 5325 5355 4723
f 5326 4722 5286
f 5286 4722 5283
f 4799 5357 4797
f 4797 5357 5361
f 5359 5356 5335
f 5335 5356 5355
f 4775 4774 5356
f 5356 4774 5357
f 5359 5358 4092
f 4092 5358 4093
f 6316 4740 6317
f 6317 4740 4739
f 6318 4827 6316
f 6316 4827 4740
f 6319 4828 6318
f 6318 4828 4827
f 6320 6480 6319
f 6319 6480 4828
f 6484 6322 6485
f 6485 6322 6321
f 6487 6324 6331
f 6331 6324 6323
f 6331 6323 6330
f 6330 6323 6325
f 6325 6326 6330
f 6330 6326 6329
f 6326 6328 6329
f 6329 6328 5231
f 4824 4685 5228
f 5228 4685 5008
f 5226 6343 5225
f 5225 6343 4103
f 4728 4727 6349
f 6349 4727 5284
f 6350 6351 5285
f 5285 6351 6354
f 4247 4246 6418
f 6418 4246 6365
f 6400 6402 6401
f 6401 6402 6459
f 4197 4196 6409
f 6409 4196 6426
f 6412 4897 6328
f 6328 4897 5231
f 6413 4133 6412
f 6412 4133 4897
f 6414 4134 6413
f 6413 4134 4133
f 6415 4225 6414
f 6414 4225 4134
f 6416 4252 6415
f 6415 4252 4225
f 6417 4253 6416
f 6416 4253 4252
f 4253 6417 6366
f 6366 6417 6419
f 6366 6419 4911
f 4911 6419 6421
f 6422 6423 4908
f 4908 6423 5298
f 5298 6423 6396
f 6396 6423 6424
f 6409 6426 6425
f 6425 6426 6397
f 5300 5299 6399
f 6399 5299 6400
f 6465 6408 6401
f 6401 6408 6398
f 6424 6399 6425
f 6425 6399 6398
f 6349 5284 5311
f 5311 5284 5283
f 6465 6464 5289
f 5289 6464 5352
f 6488 6483 6492
f 6492 6483 6482
f 6486 6491 6482
f 6482 6491 6492
f 6491 4895 6492
f 6492 4895 4157
f 6488 4160 6489
f 6489 4160 4087
f 6501 6502 4418
f 4418 6502 4417
f 6504 6500 6317
f 6317 6500 6314
f 3497 3496 6501
f 6501 3496 6502
f 3499 3498 6504
f 6504 3498 6500
f 4729 5274 4198
f 4198 5274 4195
f 6418 6365 6420
f 6420 6365 4977
f 5295 5348 6350
f 6350 5348 6351
f 5301 6422 6420
f 6420 6422 6421
f 4113 4112 4086
f 4086 4112 4083
f 6320 4112 6880
f 6880 4112 4111
f 4091 4772 4092
f 4092 4772 4775
f 4129 4140 4091
f 4091 4140 4772
f 4137 4140 4128
f 4128 4140 4129
f 4128 6324 4137
f 4137 6324 6321
f 6324 6487 6321
f 6321 6487 6485
f 6487 6486 6485
f 6485 6486 6482
f 4774 4773 4779
f 4779 4773 4776
f 4773 4139 4776
f 4776 4139 4114
f 4139 4138 4114
f 4114 4138 4111
f 4138 6322 4111
f 4111 6322 6880
f 6322 6484 6880
f 6880 6484 6481
f 6484 6483 6481
f 6481 6483 6478
f 6879 6343 6309
f 6309 6343 4428
f 4106 4105 4900
f 4900 4105 6307
f 3500 3167 6495
f 6495 3167 6496
f 3500 6495 3070
f 3070 6495 5368
f 3502 5235 3501
f 3501 5235 4813
f 3024 3503 6473
f 6473 3503 6474
f 3503 3023 6474
f 6474 3023 6374
f 3504 1770 4348
f 4348 1770 4345
f 3502 3505 5235
f 5235 3505 4810
f 3498 3497 6500
f 6500 3497 6501
f 3496 3075 6502
f 6502 3075 6275
f 6299 4254 3174
f 3174 4254 3017
f 1769 3501 4814
f 4814 3501 4813
f 3506 3018 6476
f 6476 3018 4257
f 3507 3499 6499
f 6499 3499 6504
f 3030 4216 3483
f 3483 4216 4215
f 3077 3507 6333
f 6333 3507 6499
f 1784 3160 5249
f 5249 3160 6523
f 3015 3506 4240
f 4240 3506 6476
f 3508 3504 6383
f 6383 3504 4348
f 3509 3016 6477
f 6477 3016 4239
f 3028 3509 6467
f 6467 3509 6477
f 3022 1785 5246
f 5246 1785 5247
f 3161 3508 6570
f 6570 3508 6383
f 3150 3149 4694
f 4694 3149 6566
f 1327 4807 3510
f 3510 4807 4811
f 3510 4811 3505
f 3505 4811 4810
f 3146 3511 4816
f 4816 3511 4350
f 3511 1808 4350
f 4350 1808 4351
f 3485 4327 3159
f 3159 4327 4330
f 1326 3512 4806
f 4806 3512 6310
f 3512 1331 6310
f 6310 1331 4688
