v 0.046083 0.718330 0.060671
v 0.040603 0.704790 0.071553
v 0.051452 0.699672 0.062649
v 0.057480 0.708969 0.051338
v 0.048013 0.691446 0.070601
v 0.038516 0.693573 0.077279
v 0.058763 0.692011 0.053943
v 0.063860 0.697385 0.042631
v 0.065373 0.654917 0.049972
v 0.069629 0.648726 0.041155
v 0.068666 0.661483 0.040195
v 0.063492 0.664172 0.049048
v 0.064938 0.628116 0.051428
v 0.059306 0.620440 0.061378
v 0.061606 0.609792 0.053078
v 0.066266 0.617010 0.041967
v 0.026426 0.637981 0.081870
v 0.031822 0.631361 0.081935
v 0.035829 0.637986 0.079893
v 0.029678 0.643737 0.079587
v 0.017075 0.648705 0.085863
v 0.018241 0.653504 0.081680
v 0.013284 0.658109 0.085902
v 0.013088 0.652839 0.091303
v 0.020919 0.632623 0.082950
v 0.026667 0.625665 0.082840
v 0.021718 0.643900 0.082260
v 0.019448 0.639778 0.085152
v 0.016479 0.635448 0.096364
v 0.017855 0.639991 0.094024
v 0.014605 0.642215 0.100395
v 0.013605 0.636634 0.100837
v 0.019177 0.633059 0.087433
v 0.019518 0.636548 0.089506
v 0.017318 0.633063 0.092545
v 0.016016 0.630302 0.089931
v 0.016283 0.644655 0.089459
v 0.013344 0.647867 0.095883
v 0.009424 0.650372 0.102395
v 0.010408 0.642925 0.107164
v 0.042721 0.616889 0.078025
v 0.037596 0.624329 0.080926
v 0.032516 0.619445 0.082159
v 0.037288 0.613467 0.080253
v 0.017303 0.626742 0.087222
v 0.020832 0.610898 0.089913
v 0.021155 0.614872 0.089424
v 0.015150 0.616397 0.093157
v 0.015454 0.612633 0.093503
v 0.047904 0.601103 0.071209
v 0.042046 0.600632 0.076139
v 0.042348 0.593451 0.074458
v 0.047866 0.592334 0.068637
v 0.039964 0.587466 0.074460
v 0.046131 0.583873 0.066993
v 0.036339 0.569543 0.069742
v 0.041549 0.575883 0.068062
v 0.035800 0.581888 0.075918
v 0.030460 0.577170 0.079826
v 0.018835 0.582971 0.087761
v 0.012916 0.582118 0.090685
v 0.017453 0.569615 0.090294
v 0.023787 0.572675 0.085754
v 0.020335 0.604337 0.086530
v 0.024207 0.603861 0.083802
v 0.024606 0.605826 0.085723
v 0.020626 0.607389 0.088832
v 0.027994 0.603365 0.081831
v 0.029682 0.603058 0.081197
v 0.029466 0.604584 0.082238
v 0.027778 0.604101 0.082305
v 0.025872 0.603760 0.082880
v 0.024683 0.601937 0.083507
v 0.027012 0.602615 0.082348
v 0.021237 0.601543 0.086455
v 0.008980 0.600664 0.094764
v 0.012781 0.600933 0.093475
v 0.011267 0.605158 0.091616
v 0.008028 0.605216 0.092775
v 0.027598 0.606520 0.083699
v 0.030270 0.608292 0.083158
v 0.026623 0.611588 0.085920
v 0.025292 0.608649 0.085850
v 0.033044 0.610333 0.082359
v 0.031790 0.605674 0.081434
v 0.034945 0.606369 0.080544
v 0.028966 0.601292 0.081273
v 0.031789 0.599480 0.080011
v 0.032507 0.602329 0.080720
v 0.029576 0.596355 0.080845
v 0.026484 0.599572 0.082568
v 0.022990 0.598148 0.085558
v 0.018579 0.597038 0.089438
v 0.020895 0.591823 0.086959
v 0.025800 0.593757 0.083470
v 0.028534 0.615287 0.084456
v 0.036687 0.601446 0.078974
v 0.040044 0.607705 0.078034
v 0.036461 0.596556 0.078355
v 0.034227 0.592047 0.078655
v 0.029799 0.588370 0.080492
v 0.024633 0.585218 0.084160
v 0.019796 0.559207 0.080082
v 0.027743 0.563782 0.075634
v 0.036248 0.685601 0.076088
v 0.044799 0.684309 0.072903
v 0.045257 0.675771 0.069715
v 0.047071 0.678221 0.068960
v 0.041817 0.680059 0.072052
v 0.041352 0.677058 0.072175
v 0.058002 0.666639 0.054890
v 0.053467 0.668881 0.059479
v 0.053910 0.665001 0.058705
v 0.059883 0.659979 0.055358
v 0.046794 0.658232 0.067083
v 0.050956 0.659190 0.063597
v 0.047040 0.666051 0.065212
v 0.044263 0.665461 0.067994
v 0.040565 0.665254 0.070167
v 0.036488 0.665564 0.071524
v 0.036827 0.660050 0.071737
v 0.041796 0.658849 0.069982
v 0.035133 0.681233 0.073269
v 0.028115 0.680672 0.073248
v 0.029388 0.677485 0.072774
v 0.035528 0.677927 0.073331
v 0.019492 0.670120 0.069418
v 0.020571 0.672752 0.070005
v 0.017238 0.674270 0.071235
v 0.016402 0.669805 0.070964
v 0.018758 0.666779 0.071422
v 0.020778 0.668522 0.070000
v 0.037639 0.738686 0.055031
v 0.033069 0.723629 0.067659
v 0.052469 0.729952 0.045915
v 0.063003 0.717434 0.037866
v 0.070189 0.702703 0.030051
v 0.054985 0.604336 0.063339
v 0.055902 0.594478 0.058372
v 0.062819 0.599828 0.045144
v 0.060940 0.588931 0.041564
v 0.053685 0.583769 0.056134
v 0.039894 0.564824 0.056251
v 0.048539 0.573179 0.055489
v 0.055940 0.578252 0.037545
v 0.062681 0.588205 0.020022
v 0.065925 0.596771 0.026619
v 0.065702 0.601977 0.004998
v 0.057909 0.579107 0.010016
v 0.062924 0.599525 -0.003139
v 0.042695 0.545294 0.017639
v 0.044399 0.534109 0.014330
v 0.055567 0.539552 0.000678
v 0.054524 0.550483 0.003901
v 0.067605 0.606380 0.033126
v 0.070750 0.670993 0.030932
v 0.066045 0.672545 0.042277
v 0.072415 0.657294 0.029335
v 0.073808 0.727220 0.003388
v 0.069848 0.724658 0.021777
v 0.075272 0.707979 0.016840
v 0.079603 0.712003 0.000843
v 0.045197 0.761693 0.006407
v 0.043334 0.752523 0.033329
v 0.057283 0.740968 0.027781
v 0.060261 0.747685 0.005601
v 0.081258 0.712118 -0.013802
v 0.081808 0.709954 -0.031779
v 0.077119 0.724896 -0.041030
v 0.075622 0.729134 -0.018556
v 0.064537 0.742536 -0.049982
v 0.062882 0.748374 -0.023683
v 0.060983 0.584848 -0.011052
v 0.062216 0.603069 -0.015876
v 0.053588 0.563723 0.008384
v 0.060200 0.569026 -0.009161
v 0.046699 0.756668 -0.057335
v 0.045423 0.764571 -0.025984
v 0.069605 0.680193 -0.075776
v 0.072541 0.699066 -0.070082
v 0.079380 0.688833 -0.053321
v 0.076832 0.673091 -0.060779
v 0.057985 0.687866 -0.091433
v 0.060850 0.709648 -0.085123
v 0.056429 0.625383 -0.068131
v 0.049724 0.608965 -0.059644
v 0.041006 0.609217 -0.072357
v 0.045984 0.626016 -0.082388
v 0.054714 0.686760 0.063127
v 0.050659 0.681396 0.068093
v 0.054468 0.677528 0.062816
v 0.058857 0.680569 0.056488
v 0.062900 0.682861 0.046857
v 0.067615 0.685007 0.035413
v 0.077379 0.693147 0.011465
v 0.081174 0.698458 -0.002467
v 0.083138 0.696676 -0.027551
v 0.083028 0.698553 -0.013597
v 0.081353 0.677251 -0.043801
v 0.078477 0.667286 -0.048479
v 0.061684 0.611051 -0.032078
v 0.057958 0.590408 -0.028334
v 0.052116 0.592232 -0.042892
v 0.055717 0.610325 -0.047657
v 0.035566 0.593305 -0.063618
v 0.043468 0.593394 -0.053760
v 0.056700 0.558698 -0.027256
v 0.056912 0.546117 -0.030692
v 0.051740 0.549164 -0.045904
v 0.050466 0.560888 -0.041690
v 0.043971 0.549119 -0.058304
v 0.033648 0.548471 -0.067145
v 0.033124 0.561949 -0.062987
v 0.041931 0.562454 -0.053938
v 0.021717 0.526449 0.032054
v 0.022410 0.517267 0.028077
v 0.034056 0.520251 0.021201
v 0.032064 0.529970 0.024448
v 0.058857 0.535999 -0.035846
v 0.054129 0.540167 -0.051289
v 0.062970 0.625583 -0.053702
v 0.067133 0.627830 -0.042696
v 0.046693 0.539374 -0.064242
v 0.042238 0.576594 -0.051668
v 0.050397 0.575040 -0.041132
v 0.025948 0.594207 -0.071572
v 0.029670 0.609115 -0.082296
v 0.023752 0.648675 0.079616
v 0.026786 0.663191 0.072344
v 0.027354 0.667023 0.071636
v 0.023426 0.667772 0.070811
v 0.022266 0.664806 0.071891
v 0.015412 0.705749 0.081543
v 0.013811 0.688639 0.083191
v 0.026912 0.692689 0.081716
v 0.028407 0.706598 0.077879
v 0.054065 0.633758 0.069388
v 0.044939 0.640261 0.075276
v 0.042102 0.631360 0.078564
v 0.048118 0.623403 0.074673
v 0.050743 0.670394 0.062441
v 0.052405 0.672668 0.062075
v 0.049710 0.672372 0.064636
v 0.045618 0.609460 0.074979
v 0.052383 0.613894 0.069217
v 0.072217 0.642190 0.029823
v 0.061222 0.673094 0.051339
v 0.024252 0.772792 0.008993
v 0.024014 0.761454 0.040165
v 0.026092 0.768349 -0.060681
v 0.024601 0.774690 -0.026617
v 0.044255 0.717246 -0.097321
v 0.039941 0.694184 -0.103907
v 0.021785 0.697300 -0.111723
v 0.023816 0.726610 -0.104896
v 0.033321 0.626672 -0.093644
v 0.023499 0.547941 -0.072167
v 0.022546 0.563535 -0.069743
v 0.022255 0.742943 0.060467
v 0.018348 0.723806 0.073982
v 0.073580 0.688078 0.023246
v 0.065155 0.645809 0.054115
v 0.060251 0.653736 0.058571
v 0.057855 0.649775 0.063229
v 0.062313 0.639182 0.059657
v 0.068089 0.636572 0.045414
v 0.069674 0.627818 0.033427
v 0.071095 0.618949 0.019241
v 0.068351 0.608043 0.011900
v 0.080668 0.702905 -0.046384
v 0.074021 0.715693 -0.059974
v 0.062867 0.729010 -0.072427
v 0.046729 0.740665 -0.082532
v 0.082465 0.692553 -0.040130
v 0.025454 0.750261 -0.088499
v 0.014452 0.620965 0.091856
v 0.021527 0.620422 0.087103
v 0.012887 0.625138 0.091488
v 0.013971 0.596246 0.092452
v 0.009771 0.595880 0.093950
v 0.010588 0.590111 0.091073
v 0.015540 0.590679 0.089624
v 0.019842 0.554044 0.064675
v 0.029501 0.558390 0.060269
v 0.021314 0.535470 0.036961
v 0.031061 0.539353 0.028972
v 0.012665 0.633930 0.095220
v 0.011033 0.634291 0.095521
v 0.010806 0.633186 0.093429
v 0.012864 0.633002 0.093146
v 0.026454 0.605028 0.083815
v 0.010620 0.612856 0.095661
v 0.007511 0.612625 0.096256
v 0.007729 0.608952 0.094792
v 0.010863 0.609077 0.094180
v 0.045521 0.565399 0.034346
v 0.042437 0.556062 0.023347
v 0.059393 0.541636 -0.013467
v 0.059647 0.554541 -0.010679
v 0.057148 0.573084 -0.026445
v 0.032814 0.578842 -0.061881
v 0.024009 0.578955 -0.069056
v 0.000835 0.581342 -0.076780
v 0.000199 0.595363 -0.081557
v 0.013764 0.594599 -0.078710
v 0.012319 0.580054 -0.074676
v 0.031424 0.554363 0.045129
v 0.020806 0.549724 0.051165
v 0.021236 0.543797 0.042431
v 0.031162 0.548296 0.034928
v 0.007318 0.631032 0.096638
v 0.005967 0.630107 0.098229
v 0.006403 0.627799 0.095489
v 0.008273 0.629853 0.094707
v 0.013618 0.631158 0.091317
v 0.011490 0.630035 0.091580
v 0.011915 0.628102 0.091529
v 0.014103 0.633827 0.095782
v 0.014566 0.632379 0.093160
v 0.009427 0.634819 0.100444
v 0.012149 0.634707 0.098787
v 0.009351 0.635303 0.105304
v 0.008794 0.632187 0.095164
v 0.009371 0.630902 0.093592
v 0.012485 0.632106 0.091805
v 0.010868 0.631779 0.092061
v 0.009567 0.634866 0.098359
v 0.011416 0.634544 0.097110
v 0.008975 0.656465 0.096726
v 0.003082 0.657652 0.099337
v 0.003029 0.651052 0.105173
v 0.003181 0.643128 0.110374
v 0.003346 0.634928 0.108402
v 0.012618 0.541370 0.046210
v 0.012669 0.533135 0.040649
v 0.002262 0.723311 0.075591
v 0.002616 0.704017 0.081737
v 0.027224 0.603718 0.082222
v 0.027310 0.684532 0.076526
v 0.051874 0.648125 0.068880
v 0.030949 0.649620 0.076501
v 0.037617 0.645343 0.076422
v 0.037373 0.652884 0.073526
v 0.031328 0.655697 0.073889
v 0.018154 0.681508 0.076722
v 0.009604 0.678042 0.082076
v 0.013177 0.675936 0.075589
v 0.012731 0.669437 0.075639
v 0.009854 0.669080 0.083866
v 0.013937 0.661989 0.080149
v 0.015726 0.664296 0.074534
v 0.047706 0.674200 0.067046
v 0.050098 0.675643 0.065618
v 0.019155 0.657352 0.077403
v 0.024846 0.653459 0.076380
v 0.025677 0.658279 0.073744
v 0.020423 0.660910 0.073839
v 0.044274 0.650000 0.072129
v 0.056568 0.672766 0.057850
v 0.053275 0.661575 0.060452
v 0.069738 0.634338 -0.033987
v 0.066576 0.623207 -0.026980
v 0.072913 0.614226 -0.007028
v 0.070312 0.610039 -0.004117
v 0.065530 0.612362 -0.008602
v 0.070883 0.616722 -0.011474
v 0.081966 0.667013 -0.026481
v 0.081724 0.674207 -0.030148
v 0.082424 0.675172 -0.022841
v 0.081306 0.667766 -0.023626
v 0.081282 0.671150 -0.017604
v 0.081645 0.674334 -0.015003
v 0.080181 0.666488 -0.013846
v 0.080450 0.666739 -0.017236
v 0.083198 0.685581 -0.014175
v 0.081288 0.683542 -0.004163
v 0.079216 0.671718 -0.007358
v 0.074731 0.669254 0.016360
v 0.075090 0.657686 0.003556
v 0.075870 0.666496 -0.001756
v 0.077350 0.678590 0.005449
v 0.071340 0.614950 0.000112
v 0.071230 0.622338 0.003544
v 0.064589 0.616361 -0.017357
v 0.003656 0.703762 -0.115264
v 0.002293 0.732996 -0.106309
v 0.066542 0.661522 -0.076908
v 0.054935 0.666392 -0.091825
v 0.073157 0.657235 -0.062647
v 0.075267 0.654834 -0.049507
v 0.040379 0.670662 -0.103853
v 0.022938 0.672731 -0.112432
v 0.074708 0.652084 0.016569
v 0.073426 0.645884 0.005327
v 0.061835 0.642444 -0.074614
v 0.049672 0.645574 -0.088940
v 0.068723 0.640852 -0.060286
v 0.071537 0.641674 -0.047811
v 0.037357 0.649087 -0.101679
v 0.017148 0.625753 -0.099991
v 0.019167 0.647226 -0.109002
v 0.074342 0.624891 -0.008235
v 0.073054 0.623511 -0.003729
v 0.072623 0.617489 -0.004667
v 0.075839 0.619524 -0.006228
v 0.073519 0.636122 0.017009
v 0.073187 0.633543 0.004399
v 0.009475 0.662492 0.091083
v 0.003106 0.671161 0.088180
v 0.003324 0.664178 0.093762
v 0.003101 0.678901 0.084258
v 0.002022 0.778212 -0.022894
v 0.001943 0.775761 0.011320
v 0.001616 0.756796 -0.086143
v 0.002016 0.772720 -0.056721
v 0.007735 0.581985 0.092420
v 0.010695 0.568243 0.092658
v 0.009564 0.620902 0.094459
v 0.006607 0.620220 0.095103
v 0.007127 0.616310 0.095957
v 0.010200 0.616872 0.095321
v 0.021656 0.678089 0.072219
v 0.015564 0.610526 -0.088331
v 0.011539 0.564317 -0.073144
v 0.011912 0.549110 -0.075327
v 0.036118 0.537645 -0.073317
v 0.024775 0.536367 -0.078890
v 0.006199 0.624128 0.094839
v 0.008891 0.624722 0.093879
v 0.008805 0.634165 0.096974
v 0.015547 0.608698 0.092223
v 0.008743 0.627623 0.093575
v 0.009481 0.629699 0.093258
v 0.004369 0.627252 0.096189
v 0.004672 0.623731 0.094995
v 0.031760 0.661638 0.072542
v 0.032050 0.666332 0.071825
v 0.006660 0.632145 0.101749
v 0.007396 0.633112 0.099178
v 0.003355 0.631171 0.102441
v 0.046723 0.523838 0.011339
v 0.056621 0.527977 -0.002875
v 0.005411 0.612436 0.096319
v 0.005558 0.608657 0.095029
v 0.002287 0.763937 0.042949
v -0.000642 0.623340 -0.102481
v -0.000825 0.643521 -0.111221
v 0.074993 0.650408 -0.004105
v 0.076784 0.646213 -0.009048
v 0.078016 0.653316 -0.011329
v 0.076428 0.658038 -0.006566
v 0.012801 0.524215 0.035921
v 0.059915 0.531556 -0.019247
v 0.011931 0.536487 -0.081689
v 0.050550 0.668620 0.062071
v 0.049354 0.667164 0.063176
v 0.024189 0.675578 0.071430
v 0.003403 0.672939 -0.117392
v 0.017102 0.601139 0.090438
v 0.015528 0.604842 0.089595
v 0.000377 0.565735 -0.074797
v 0.012498 0.547197 0.054399
v 0.004396 0.629659 0.099030
v 0.000388 0.609726 -0.090342
v 0.080306 0.659827 -0.019766
v 0.081859 0.658394 -0.016292
v 0.081275 0.655020 -0.016642
v 0.079690 0.655768 -0.018094
v 0.083123 0.662041 -0.011945
v 0.083910 0.658451 -0.013975
v 0.085849 0.661324 -0.015150
v 0.084824 0.665168 -0.013764
v 0.078583 0.663861 -0.009941
v 0.080457 0.658177 -0.011308
v 0.086918 0.663278 -0.016886
v 0.087194 0.666180 -0.015678
v 0.084629 0.667816 -0.016856
v 0.081100 0.667629 -0.020330
v 0.089896 0.666814 -0.019091
v 0.086155 0.669006 -0.021106
v 0.092703 0.665869 -0.024102
v 0.087954 0.668450 -0.026491
v 0.093713 0.662492 -0.029604
v 0.088187 0.664528 -0.031845
v 0.074864 0.630752 -0.003739
v 0.074005 0.631068 -0.010619
v 0.094180 0.657017 -0.032951
v 0.087756 0.658093 -0.034535
v 0.093271 0.649825 -0.034686
v 0.087262 0.650254 -0.035923
v 0.091826 0.642234 -0.033941
v 0.086745 0.641377 -0.035050
v 0.090290 0.634995 -0.031939
v 0.085075 0.634000 -0.033198
v 0.088020 0.628147 -0.027738
v 0.082762 0.624603 -0.029342
v 0.088795 0.663961 -0.025196
v 0.089866 0.660596 -0.028936
v 0.079985 0.663055 -0.027961
v 0.087690 0.665049 -0.020689
v 0.079547 0.649736 -0.023417
v 0.077762 0.652224 -0.023753
v 0.078594 0.650453 -0.022788
v 0.077576 0.648947 -0.025120
v 0.075685 0.638580 -0.009335
v 0.076570 0.638387 -0.012956
v 0.077065 0.644216 -0.012720
v 0.075052 0.634012 -0.013456
v 0.074010 0.635408 -0.014400
v 0.073632 0.639124 -0.014063
v 0.073177 0.643761 -0.014289
v 0.074529 0.633582 -0.016470
v 0.075593 0.631937 -0.015702
v 0.073132 0.634855 -0.016630
v 0.072825 0.635832 -0.015536
v 0.071845 0.638155 -0.016448
v 0.072664 0.641613 -0.018818
v 0.074777 0.640737 -0.003231
v 0.074806 0.638099 -0.027283
v 0.071947 0.629429 -0.023158
v 0.084761 0.623533 -0.022108
v 0.081014 0.617502 -0.022076
v 0.079026 0.616072 -0.008759
v 0.080455 0.613853 -0.014686
v 0.077984 0.657905 -0.029512
v 0.077936 0.651399 -0.031289
v 0.070525 0.622857 -0.016751
v 0.077196 0.644900 -0.030861
v 0.086085 0.632376 -0.026151
v 0.082717 0.628970 -0.022491
v 0.088334 0.637258 -0.029671
v 0.076778 0.628727 -0.014013
v 0.078651 0.623113 -0.011390
v 0.081971 0.622122 -0.016389
v 0.079187 0.627955 -0.018595
v 0.084463 0.635615 -0.023991
v 0.080491 0.633146 -0.022076
v 0.081229 0.638616 -0.024189
v 0.077482 0.636387 -0.022447
v 0.075160 0.634328 -0.019235
v 0.077259 0.631961 -0.019231
v 0.073427 0.638904 -0.022704
v 0.077542 0.642122 -0.024236
v 0.072618 0.636100 -0.019047
v 0.084307 0.641776 -0.024502
v 0.086621 0.645539 -0.025720
v 0.084217 0.648206 -0.023495
v 0.080923 0.645091 -0.024210
v 0.089192 0.643153 -0.031852
v 0.089079 0.643925 -0.028369
v 0.087328 0.639400 -0.026440
v 0.089705 0.649359 -0.029339
v 0.089928 0.649851 -0.032365
v 0.087654 0.649645 -0.026974
v 0.086156 0.650854 -0.024753
v 0.088723 0.658505 -0.027015
v 0.089507 0.654516 -0.028685
v 0.090408 0.655961 -0.031281
v 0.088244 0.653422 -0.026344
v 0.087430 0.656655 -0.025332
v 0.086136 0.654952 -0.024308
v 0.086970 0.653122 -0.025350
v 0.084672 0.662893 -0.018461
v 0.083267 0.661236 -0.016781
v 0.085864 0.662840 -0.021246
v 0.083542 0.663270 -0.020579
v 0.084289 0.660587 -0.021455
v 0.082040 0.662239 -0.020254
v 0.083266 0.658582 -0.020832
v 0.081282 0.655884 -0.020656
v 0.025465 0.496033 0.023229
v 0.023800 0.506805 0.024859
v 0.012816 0.504365 0.028371
v 0.013423 0.494257 0.025584
v 0.084765 0.656661 -0.022427
v 0.085881 0.658929 -0.023584
v 0.087516 0.661623 -0.024646
v 0.082498 0.652162 -0.022751
v 0.083927 0.651188 -0.023157
v 0.084842 0.652809 -0.023459
v 0.083217 0.654354 -0.022297
v 0.077225 0.648398 -0.013514
v 0.075360 0.646816 -0.016920
v 0.075962 0.644046 -0.020510
v 0.059402 0.484645 0.006354
v 0.073342 0.493354 -0.007147
v 0.067991 0.500312 -0.009865
v 0.055054 0.493474 0.003294
v 0.070464 0.463914 0.024749
v 0.072643 0.446446 0.035903
v 0.091947 0.451735 0.029262
v 0.092126 0.473257 0.009705
v 0.090896 0.433621 0.044217
v 0.073151 0.429273 0.047858
v 0.086734 0.384206 0.078432
v 0.088136 0.399499 0.067411
v 0.071419 0.397654 0.070460
v 0.070451 0.382324 0.081569
v 0.108334 0.306326 0.107129
v 0.096555 0.308201 0.111886
v 0.089547 0.291912 0.111020
v 0.102720 0.288226 0.104606
v 0.154070 0.406276 0.041398
v 0.163537 0.395128 0.037990
v 0.166281 0.413049 0.032138
v 0.155581 0.424497 0.033638
v 0.102810 0.508922 -0.039730
v 0.093951 0.511526 -0.042371
v 0.089686 0.497307 -0.021111
v 0.098867 0.493960 -0.015551
v 0.149879 0.319916 0.058011
v 0.145100 0.329560 0.067963
v 0.141909 0.317433 0.075011
v 0.145746 0.307883 0.066485
v 0.122205 0.227619 0.060818
v 0.107960 0.227126 0.076369
v 0.107701 0.207160 0.078161
v 0.122502 0.207420 0.061193
v 0.156843 0.250208 -0.006818
v 0.154418 0.232770 -0.006892
v 0.153507 0.233214 -0.033626
v 0.155839 0.249326 -0.033983
v 0.115456 0.383873 0.069760
v 0.118158 0.400359 0.059722
v 0.103920 0.400505 0.063831
v 0.101828 0.384672 0.074404
v 0.326051 0.366179 -0.010250
v 0.303980 0.377934 -0.007975
v 0.297581 0.362957 -0.007118
v 0.319329 0.351396 -0.009665
v 0.152610 0.138378 0.010893
v 0.153894 0.120530 0.014187
v 0.154296 0.124766 -0.012974
v 0.152023 0.142020 -0.014989
v 0.214518 0.454263 0.001464
v 0.218742 0.470765 -0.016590
v 0.205082 0.480902 -0.016601
v 0.201176 0.464823 0.003335
v 0.154498 0.368626 0.047169
v 0.158716 0.380729 0.042808
v 0.151217 0.390643 0.047823
v 0.147009 0.376185 0.053905
v 0.164108 0.280398 -0.039520
v 0.167039 0.296786 -0.043177
v 0.167120 0.298356 -0.021993
v 0.164952 0.281994 -0.015834
v 0.162324 0.265707 -0.010660
v 0.160642 0.264469 -0.036342
v 0.138110 0.379838 0.059279
v 0.141187 0.397092 0.051453
v 0.130494 0.399065 0.055225
v 0.127559 0.382227 0.064823
v 0.081025 0.277098 0.106617
v 0.096763 0.272661 0.098290
v 0.146443 0.115628 0.040276
v 0.146145 0.134103 0.036463
v 0.133879 0.129504 0.058512
v 0.133862 0.110441 0.062433
v 0.091522 0.244549 0.086969
v 0.106808 0.244145 0.075981
v 0.106978 0.259213 0.081505
v 0.092520 0.260002 0.090727
v 0.117348 0.106520 0.081435
v 0.117884 0.125784 0.077224
v 0.099778 0.123524 0.094003
v 0.099156 0.102418 0.098961
v 0.089734 0.416214 0.056337
v 0.072499 0.413188 0.059295
v 0.127491 0.306404 0.093321
v 0.119050 0.305778 0.100727
v 0.114522 0.287275 0.097579
v 0.124387 0.288838 0.090002
v 0.170465 0.364678 0.017299
v 0.177726 0.374726 0.013155
v 0.176778 0.396542 0.025924
v 0.170120 0.380336 0.030407
v 0.157918 0.107618 -0.010999
v 0.156406 0.103464 0.016882
v 0.118061 0.086650 0.084221
v 0.099877 0.081621 0.101885
v 0.202198 0.361013 -0.056746
v 0.201370 0.364375 -0.043128
v 0.192232 0.355957 -0.040630
v 0.194394 0.353211 -0.054579
v 0.057258 0.310005 0.115824
v 0.066283 0.289314 0.113456
v 0.078675 0.302402 0.115387
v 0.072140 0.319117 0.115374
v 0.121456 0.273298 0.081487
v 0.110069 0.271783 0.090099
v 0.120044 0.261016 0.071549
v 0.041205 0.300394 0.112250
v 0.051948 0.273893 0.107516
v 0.054468 0.410229 0.062738
v 0.053933 0.395133 0.073384
v 0.054827 0.425882 0.052349
v 0.053367 0.441732 0.042043
v 0.035542 0.438382 0.046432
v 0.036509 0.422131 0.055671
v 0.051071 0.457798 0.033058
v 0.033242 0.453919 0.038422
v 0.043170 0.479252 0.016894
v 0.040394 0.488840 0.014111
v 0.163848 0.368353 0.034003
v 0.159459 0.357754 0.037685
v 0.134891 0.091880 0.065032
v 0.114844 0.436316 -0.129885
v 0.132533 0.441914 -0.122888
v 0.130748 0.424067 -0.127080
v 0.113112 0.418124 -0.134282
v 0.112002 0.495673 -0.012819
v 0.112488 0.509306 -0.038760
v 0.179630 0.373894 -0.100335
v 0.179384 0.364755 -0.095889
v 0.171137 0.357911 -0.099385
v 0.170611 0.369182 -0.104077
v 0.200603 0.362712 -0.078618
v 0.199088 0.367973 -0.085844
v 0.208442 0.367539 -0.088470
v 0.209707 0.361939 -0.081442
v 0.148533 0.128272 -0.037574
v 0.145903 0.145441 -0.040131
v 0.131358 0.261637 -0.099348
v 0.139179 0.278674 -0.098221
v 0.149165 0.271006 -0.080394
v 0.142931 0.254926 -0.080252
v 0.015955 0.408166 -0.132982
v 0.034218 0.411366 -0.137579
v 0.034168 0.395724 -0.139949
v 0.015989 0.392766 -0.134761
v 0.074589 0.439289 -0.135463
v 0.052500 0.431529 -0.137141
v 0.051722 0.445889 -0.132635
v 0.074149 0.454662 -0.129938
v 0.094947 0.429648 -0.135554
v 0.093885 0.411354 -0.139357
v 0.160607 0.282628 -0.060960
v 0.164502 0.298324 -0.062470
v 0.169935 0.319593 -0.064678
v 0.173909 0.327082 -0.065253
v 0.174642 0.327408 -0.049961
v 0.170962 0.319711 -0.048447
v 0.085785 0.516068 -0.044802
v 0.093277 0.518628 -0.065875
v 0.083340 0.522165 -0.068155
v 0.047584 0.496108 -0.110552
v 0.058370 0.501235 -0.106101
v 0.060984 0.495307 -0.110191
v 0.047328 0.489598 -0.114935
v 0.040678 0.325075 -0.142731
v 0.043488 0.302711 -0.139177
v 0.020420 0.303764 -0.137311
v 0.018637 0.324752 -0.141061
v 0.176504 0.336278 -0.077683
v 0.173973 0.341432 -0.086792
v 0.181661 0.348778 -0.084992
v 0.183631 0.343174 -0.077079
v 0.168373 0.334445 -0.088129
v 0.171509 0.329653 -0.077833
v 0.167560 0.321835 -0.078210
v 0.163864 0.326648 -0.089914
v 0.146900 0.294163 -0.096129
v 0.153497 0.308015 -0.093264
v 0.159497 0.302508 -0.078707
v 0.154939 0.287626 -0.079667
v 0.021952 0.233063 -0.122243
v 0.021510 0.256801 -0.128719
v 0.042358 0.254899 -0.129908
v 0.041876 0.231140 -0.124682
v 0.208621 0.373615 -0.020687
v 0.219191 0.367928 -0.025733
v 0.218524 0.375639 -0.010437
v 0.208635 0.379459 -0.005916
v 0.217669 0.383808 -0.100670
v 0.218583 0.390756 -0.102393
v 0.228902 0.389766 -0.102791
v 0.227496 0.383511 -0.101708
v 0.233115 0.352236 -0.043751
v 0.247830 0.342621 -0.047660
v 0.247491 0.350225 -0.032738
v 0.231494 0.359709 -0.029319
v 0.122299 0.511819 -0.066342
v 0.112458 0.513782 -0.065768
v 0.122809 0.511107 -0.037917
v 0.220933 0.353248 -0.064655
v 0.219418 0.354859 -0.075876
v 0.231213 0.349183 -0.080808
v 0.231845 0.346173 -0.069502
v 0.331855 0.380279 -0.018231
v 0.309944 0.392038 -0.016356
v 0.264733 0.329755 -0.064247
v 0.247211 0.338122 -0.061380
v 0.247110 0.338125 -0.073924
v 0.266407 0.331247 -0.077268
v 0.137812 0.238791 -0.079825
v 0.124181 0.244886 -0.098300
v 0.121859 0.132561 -0.076555
v 0.118267 0.151190 -0.079291
v 0.133394 0.148707 -0.061903
v 0.136963 0.130930 -0.059254
v 0.151412 0.111376 -0.036527
v 0.124792 0.114174 -0.074898
v 0.140071 0.113404 -0.058015
v 0.066460 0.528183 -0.063039
v 0.074588 0.525458 -0.066837
v 0.063406 0.522219 -0.083654
v 0.056928 0.527371 -0.078054
v 0.174638 0.004660 -0.041351
v 0.178882 0.002818 -0.009455
v 0.179084 -0.018942 -0.015577
v 0.173348 -0.019758 -0.046432
v 0.031637 0.509560 -0.100872
v 0.028446 0.518529 -0.093746
v 0.043409 0.523024 -0.088027
v 0.048692 0.515563 -0.093985
v 0.173495 0.028274 -0.038212
v 0.176860 0.025530 -0.007828
v 0.070295 0.522415 -0.043604
v 0.077999 0.519213 -0.045229
v 0.068684 0.514135 -0.026048
v 0.076068 0.508969 -0.026741
v 0.062441 0.508176 -0.009637
v 0.176463 -0.002820 0.018214
v 0.180539 -0.024975 0.015460
v 0.051000 0.532278 -0.071269
v 0.039440 0.529144 -0.080899
v 0.026366 0.527120 -0.086410
v 0.012617 0.525859 -0.088931
v -0.002276 0.525944 -0.089701
v -0.001631 0.536216 -0.082512
v 0.160497 0.091531 -0.009419
v 0.155728 0.094497 -0.036351
v 0.128553 -0.123373 -0.113608
v 0.134076 -0.136898 -0.101906
v 0.100544 -0.141775 -0.111344
v 0.100557 -0.130406 -0.121892
v 0.028463 -0.123138 -0.126646
v 0.066732 -0.130110 -0.126659
v 0.064588 -0.142309 -0.114290
v 0.026472 -0.135260 -0.112527
v 0.035038 -0.004981 -0.142406
v 0.035823 0.016849 -0.135993
v 0.064846 0.016601 -0.135309
v 0.064739 -0.004825 -0.142778
v 0.144283 0.096197 -0.058741
v 0.129242 0.096450 -0.076099
v 0.157510 0.087147 0.018431
v 0.199595 -0.149166 0.030100
v 0.205725 -0.183431 0.027210
v 0.207053 -0.176590 -0.011460
v 0.203454 -0.142041 -0.010746
v 0.171426 -0.176671 -0.072389
v 0.139571 -0.180689 -0.087611
v 0.136396 -0.157228 -0.093595
v 0.168771 -0.148872 -0.077297
v 0.081039 0.077360 0.117412
v 0.080550 0.055649 0.116439
v 0.099841 0.061303 0.101958
v 0.020419 0.067005 0.139168
v 0.018860 0.044665 0.137424
v 0.039540 0.047380 0.134257
v 0.041960 0.070130 0.136150
v 0.025556 -0.068792 0.116454
v 0.029615 -0.044201 0.119433
v 0.014008 -0.046061 0.122414
v 0.012609 -0.068888 0.118600
v 0.167281 -0.009558 0.043764
v 0.163472 0.009841 0.045289
v 0.145173 0.001229 0.066387
v 0.147775 -0.017999 0.066232
v 0.061483 -0.153970 -0.097248
v 0.024992 -0.145193 -0.094221
v 0.182474 -0.156165 0.067486
v 0.191271 -0.190894 0.063724
v 0.165362 -0.200132 0.091024
v 0.158079 -0.166047 0.093929
v 0.126239 -0.175037 0.103608
v 0.131949 -0.206722 0.100362
v 0.013858 -0.146495 0.059195
v 0.017432 -0.156227 0.057718
v 0.032187 -0.140153 0.082639
v 0.025381 -0.126982 0.087108
v 0.030602 -0.091673 -0.141790
v 0.063284 -0.095481 -0.143440
v 0.064928 -0.113940 -0.136981
v 0.029756 -0.109549 -0.134793
v 0.110965 0.095473 -0.089112
v 0.106936 0.114335 -0.087036
v 0.087904 0.114346 -0.095074
v 0.085367 0.135008 -0.096203
v 0.104532 0.134141 -0.088744
v 0.087969 0.263573 -0.123251
v 0.096800 0.281931 -0.126646
v 0.115762 0.270112 -0.114447
v 0.107663 0.253094 -0.112416
v 0.053238 0.416524 -0.141201
v 0.053183 0.400364 -0.143829
v 0.100371 -0.179912 -0.093365
v 0.112678 -0.209760 -0.087015
v 0.075941 -0.210462 -0.080875
v 0.053624 -0.173755 -0.083972
v 0.175105 -0.206274 -0.069122
v 0.195615 -0.173102 -0.047002
v 0.197071 -0.205647 -0.046159
v 0.209927 -0.216359 0.025066
v 0.210230 -0.209498 -0.013114
v 0.169831 -0.233531 0.087666
v 0.136479 -0.238569 0.095254
v 0.046316 -0.218073 0.057561
v 0.052310 -0.242049 0.047599
v 0.074060 -0.242917 0.069546
v 0.069126 -0.216624 0.077888
v 0.062697 -0.068801 0.101121
v 0.073608 -0.091993 0.101199
v 0.100317 -0.068981 0.095157
v 0.096178 -0.046358 0.093306
v 0.043159 0.093890 0.135268
v 0.025450 0.090138 0.138514
v 0.080434 0.099616 0.114920
v 0.061404 0.097074 0.127733
v 0.061314 0.073395 0.129382
v 0.047897 0.187645 0.122356
v 0.045049 0.165767 0.126300
v 0.066294 0.165624 0.116563
v 0.069958 0.186871 0.112445
v 0.072523 0.208626 0.107459
v 0.050474 0.209317 0.116811
v 0.051171 0.250739 0.102088
v 0.072948 0.246909 0.095794
v 0.074183 0.263640 0.100003
v 0.036643 0.406407 0.065418
v 0.036338 0.391333 0.075193
v 0.171023 -0.030639 0.043266
v 0.027951 -0.186088 -0.056339
v 0.046813 -0.216640 -0.061512
v 0.033633 -0.225338 -0.033917
v 0.022634 -0.199612 -0.025964
v 0.173486 0.017487 0.019735
v 0.147991 0.097980 0.042873
v 0.148910 0.080978 0.044036
v 0.149585 0.254808 0.024452
v 0.147133 0.233179 0.019827
v 0.087288 0.312203 0.114334
v 0.085637 0.324566 0.112733
v 0.192689 -0.141112 -0.049386
v 0.173539 -0.264789 0.082255
v 0.140463 -0.270311 0.088320
v 0.143267 -0.300870 0.080209
v 0.174962 -0.294904 0.075897
v 0.049188 -0.266130 0.012384
v 0.061425 -0.294194 0.002781
v 0.069652 -0.296403 0.027547
v 0.059762 -0.268823 0.037363
v 0.073739 -0.322357 -0.005077
v 0.083994 -0.349759 -0.012502
v 0.088995 -0.354305 0.010553
v 0.080354 -0.325550 0.019691
v 0.196685 -0.225694 0.061637
v 0.213897 -0.278931 0.022757
v 0.212736 -0.248690 0.024615
v 0.199068 -0.257219 0.058107
v 0.200957 -0.287595 0.054198
v 0.146829 -0.209251 -0.082030
v 0.031961 -0.216495 0.033560
v 0.039098 -0.239175 0.023178
v 0.067792 -0.286403 -0.045479
v 0.050867 -0.256190 -0.040201
v 0.066769 -0.250069 -0.064551
v 0.083503 -0.280894 -0.067246
v 0.187614 -0.264451 -0.064974
v 0.181464 -0.235814 -0.066025
v 0.201683 -0.236009 -0.042837
v 0.206097 -0.265304 -0.041761
v 0.212688 -0.240569 -0.010766
v 0.214588 -0.270761 -0.010871
v 0.216236 -0.338083 0.019304
v 0.214967 -0.308991 0.020811
v 0.201295 -0.317482 0.050476
v 0.201719 -0.346371 0.046278
v 0.219161 -0.329289 -0.012554
v 0.216719 -0.300022 -0.011770
v 0.214023 -0.322088 -0.040428
v 0.210154 -0.293579 -0.041284
v 0.198747 -0.319472 -0.061611
v 0.193841 -0.291638 -0.063641
v 0.178809 -0.319995 -0.075935
v 0.171536 -0.293282 -0.078108
v 0.145858 -0.297119 -0.083818
v 0.155827 -0.323212 -0.081592
v 0.132609 -0.327803 -0.079047
v 0.120752 -0.301699 -0.080617
v 0.095633 -0.339870 -0.054767
v 0.082685 -0.313726 -0.050384
v 0.098127 -0.307902 -0.069618
v 0.111366 -0.333919 -0.070512
v 0.142411 -0.441578 -0.071040
v 0.128971 -0.414851 -0.068723
v 0.146970 -0.408141 -0.074405
v 0.159351 -0.434734 -0.074606
v 0.175084 -0.428628 -0.079136
v 0.164687 -0.402611 -0.076527
v 0.181900 -0.398594 -0.077540
v 0.193155 -0.423746 -0.079579
v 0.213319 -0.397765 -0.056146
v 0.223246 -0.423109 -0.057762
v 0.209535 -0.421645 -0.072691
v 0.198947 -0.396381 -0.071110
v 0.229211 -0.400439 -0.038200
v 0.236431 -0.425938 -0.038889
v 0.232236 -0.407830 -0.013551
v 0.235756 -0.433486 -0.014324
v 0.220928 -0.417560 0.013088
v 0.225127 -0.442183 0.011621
v 0.110944 -0.434846 -0.018213
v 0.108158 -0.429486 -0.037700
v 0.120875 -0.455118 -0.044744
v 0.121759 -0.461035 -0.024693
v 0.139951 -0.438073 0.021544
v 0.148592 -0.463415 0.011939
v 0.164325 -0.460608 0.033041
v 0.157789 -0.436065 0.043372
v 0.217468 -0.365583 0.017506
v 0.221618 -0.356530 -0.012966
v 0.217450 -0.349195 -0.039504
v 0.202621 -0.346080 -0.058716
v 0.107072 -0.364827 -0.059611
v 0.123594 -0.358369 -0.072167
v 0.096146 -0.382073 0.001169
v 0.091925 -0.377076 -0.020556
v 0.179932 -0.407066 0.055754
v 0.204274 -0.400359 0.041028
v 0.202101 -0.373873 0.043330
v 0.177288 -0.380852 0.058076
v 0.227147 -0.382246 -0.013378
v 0.222042 -0.375001 -0.038680
v 0.206881 -0.371921 -0.056319
v 0.173238 -0.373414 -0.076978
v 0.191609 -0.371022 -0.070968
v 0.154238 -0.377680 -0.076389
v 0.117387 -0.389561 -0.064648
v 0.135079 -0.382958 -0.073705
v 0.104222 -0.408797 -0.008812
v 0.099993 -0.403480 -0.029225
v 0.188910 -0.455003 0.041658
v 0.212936 -0.448829 0.033101
v 0.208206 -0.424870 0.037442
v 0.184327 -0.432439 0.051134
v 0.193758 -0.476482 0.030620
v 0.172978 -0.481219 0.021729
v 0.204325 -0.450111 -0.081626
v 0.187586 -0.454530 -0.082871
v 0.220310 -0.448023 -0.074403
v 0.240898 -0.459308 -0.013680
v 0.244155 -0.450909 -0.040089
v 0.229574 -0.467836 0.010936
v 0.214235 -0.471041 0.026716
v 0.149247 -0.506337 -0.052265
v 0.148904 -0.510247 -0.034381
v 0.135298 -0.484462 -0.029940
v 0.136061 -0.479756 -0.048036
v 0.167214 -0.495398 -0.079324
v 0.157279 -0.467716 -0.070276
v 0.171809 -0.461076 -0.077071
v 0.181575 -0.488017 -0.089338
v 0.217335 -0.476790 -0.089892
v 0.198904 -0.481375 -0.093033
v 0.234093 -0.473387 -0.081498
v 0.252591 -0.477978 -0.040934
v 0.248492 -0.472718 -0.065160
v 0.235322 -0.447583 -0.060877
v 0.248782 -0.486181 -0.011252
v 0.238104 -0.525810 0.006472
v 0.258478 -0.514326 -0.011839
v 0.228855 -0.497388 0.009717
v 0.238181 -0.627570 -0.007189
v 0.246666 -0.661220 -0.013190
v 0.267254 -0.653346 -0.012743
v 0.261571 -0.619274 -0.006650
v 0.157704 -0.535841 -0.059319
v 0.158809 -0.538126 -0.038717
v 0.191420 -0.517203 -0.100125
v 0.174878 -0.525285 -0.090061
v 0.276082 -0.534625 -0.046404
v 0.272830 -0.530273 -0.073388
v 0.261433 -0.500392 -0.068732
v 0.265046 -0.505430 -0.042226
v 0.182926 -0.633212 -0.052501
v 0.172015 -0.601480 -0.048354
v 0.171919 -0.599320 -0.070732
v 0.182835 -0.631516 -0.072842
v 0.198275 -0.549278 -0.108468
v 0.207147 -0.582233 -0.112997
v 0.190178 -0.589563 -0.103016
v 0.181347 -0.557387 -0.097867
v 0.289336 -0.602664 -0.051925
v 0.287413 -0.599756 -0.076993
v 0.281854 -0.563305 -0.076509
v 0.284156 -0.567153 -0.049531
v 0.246797 -0.554869 0.003387
v 0.255541 -0.586001 -0.001591
v 0.275749 -0.574862 -0.020793
v 0.268206 -0.543477 -0.015921
v 0.221228 -0.563585 0.003081
v 0.230151 -0.594344 -0.001510
v 0.214242 -0.698745 -0.072708
v 0.214287 -0.702674 -0.056415
v 0.198589 -0.667314 -0.054597
v 0.198422 -0.664333 -0.072930
v 0.218107 -0.616060 -0.112523
v 0.230070 -0.651351 -0.107913
v 0.214815 -0.656807 -0.099822
v 0.201027 -0.622730 -0.103728
v 0.297056 -0.679665 -0.055944
v 0.294629 -0.678013 -0.076703
v 0.291499 -0.638704 -0.076737
v 0.293279 -0.640445 -0.054615
v 0.273779 -0.690400 -0.019399
v 0.291275 -0.683611 -0.033481
v 0.286486 -0.645108 -0.028253
v 0.254990 -0.697146 -0.019269
v 0.262805 -0.732891 -0.023066
v 0.278940 -0.727161 -0.023337
v 0.227735 -0.733059 -0.072354
v 0.229185 -0.735457 -0.057437
v 0.237856 -0.727272 -0.093454
v 0.228044 -0.692024 -0.095912
v 0.240556 -0.686959 -0.103580
v 0.249467 -0.722149 -0.100835
v 0.274142 -0.681175 -0.101453
v 0.279855 -0.716775 -0.097744
v 0.264644 -0.718499 -0.102610
v 0.257447 -0.683182 -0.105749
v 0.296323 -0.714321 -0.075825
v 0.289495 -0.715086 -0.089039
v 0.286780 -0.678753 -0.092053
v 0.299828 -0.715359 -0.056693
v 0.294194 -0.720452 -0.035762
v 0.010151 -0.163758 -0.033967
v 0.017695 -0.168264 -0.045925
v 0.016476 -0.183581 -0.014942
v 0.012074 -0.175913 -0.002638
v 0.088520 -0.300386 0.051794
v 0.080822 -0.270905 0.061221
v 0.101728 -0.358527 0.033241
v 0.095844 -0.330450 0.043547
v 0.109051 -0.385766 0.022926
v 0.123563 -0.439041 0.002101
v 0.116724 -0.412268 0.012098
v 0.132244 -0.464189 -0.006478
v 0.145037 -0.487837 -0.012112
v 0.158093 -0.512915 -0.015121
v 0.176921 -0.568044 -0.022671
v 0.169460 -0.538836 -0.018901
v 0.165221 -0.569229 -0.043843
v 0.194848 -0.633226 -0.030605
v 0.184429 -0.599914 -0.026420
v 0.222852 -0.703874 -0.040027
v 0.208283 -0.668515 -0.035342
v 0.237237 -0.736530 -0.042562
v 0.088592 -0.157775 0.101047
v 0.084781 -0.134618 0.101968
v 0.059412 -0.151666 0.094892
v 0.061750 -0.170092 0.090403
v 0.005267 -0.155854 0.022999
v 0.007097 -0.160587 0.021037
v 0.011213 -0.160887 0.038133
v 0.008520 -0.154532 0.039067
v 0.219404 -0.391789 0.015550
v 0.185325 -0.345764 -0.073090
v 0.143881 -0.352692 -0.077280
v 0.164572 -0.348417 -0.078654
v 0.131781 -0.414415 0.034071
v 0.153293 -0.411790 0.050857
v 0.149597 -0.386007 0.057550
v 0.126810 -0.387651 0.043348
v 0.212610 -0.537096 0.007045
v 0.188728 -0.539143 -0.002919
v 0.197811 -0.566949 -0.007932
v 0.205804 -0.513038 0.012404
v 0.248317 -0.500128 -0.088400
v 0.230689 -0.503784 -0.099305
v 0.219704 -0.540671 -0.111740
v 0.210749 -0.509803 -0.102974
v 0.241282 -0.533895 -0.107618
v 0.117675 -0.333235 0.062595
v 0.121562 -0.360651 0.053170
v 0.147404 -0.358577 0.064226
v 0.144893 -0.330420 0.072147
v 0.115043 0.170199 -0.082234
v 0.129998 0.166729 -0.065618
v 0.141397 0.284977 0.063009
v 0.132005 0.277532 0.072620
v 0.132748 0.264508 0.059877
v 0.144651 0.271921 0.046920
v 0.152403 0.283052 0.037325
v 0.148530 0.295333 0.054382
v 0.157314 0.296346 0.029103
v 0.153371 0.308112 0.045787
v 0.171595 0.355239 0.000819
v 0.178042 0.362792 -0.003522
v 0.027771 0.249697 0.106322
v 0.027688 0.229986 0.113620
v 0.051538 0.230342 0.109415
v 0.059872 0.051157 0.127518
v 0.069380 -0.035201 0.105884
v 0.047420 -0.040981 0.113692
v 0.041425 -0.069153 0.111023
v 0.009921 -0.132018 0.083821
v 0.001362 -0.141500 0.066103
v 0.000610 -0.151394 0.040925
v 0.000153 -0.154254 0.022978
v 0.061971 0.227188 -0.122007
v 0.063408 0.250627 -0.126850
v 0.015249 0.422248 -0.130725
v 0.033486 0.425736 -0.134887
v 0.031374 0.452649 -0.128222
v 0.013941 0.448511 -0.125726
v 0.013231 0.460444 -0.122682
v 0.029777 0.464395 -0.124465
v 0.013334 0.515925 -0.096289
v 0.014535 0.505113 -0.103404
v 0.004248 -0.156849 0.002595
v 0.005215 -0.158918 -0.006725
v 0.008651 -0.165117 0.016793
v 0.042069 -0.197178 0.066177
v 0.039919 -0.180225 0.073233
v 0.025042 -0.185013 0.051132
v 0.027300 -0.198658 0.043469
v 0.198906 -0.108836 -0.006454
v 0.192968 -0.115305 0.034389
v 0.100140 -0.158240 -0.099684
v 0.309464 0.317526 -0.079750
v 0.287469 0.324865 -0.078988
v 0.292123 0.331357 -0.090177
v 0.314306 0.324583 -0.089915
v 0.063841 0.326216 -0.142691
v 0.072556 0.299257 -0.136275
v 0.082380 0.503782 -0.024653
v 0.148029 0.510566 -0.031484
v 0.134431 0.511418 -0.035579
v 0.136218 0.499760 -0.009333
v 0.148013 0.499142 -0.005764
v 0.147433 0.462844 -0.109717
v 0.133886 0.460194 -0.116001
v 0.134331 0.478233 -0.104660
v 0.147293 0.479383 -0.097740
v 0.063485 -0.027944 -0.147790
v 0.033633 -0.027702 -0.146918
v 0.042392 0.161194 -0.106720
v 0.041449 0.183409 -0.112673
v 0.061251 0.180029 -0.110697
v 0.063140 0.158544 -0.105150
v 0.095951 0.312717 -0.135186
v 0.111154 0.297386 -0.125534
v 0.036923 0.325418 0.110087
v 0.053326 0.331551 0.111531
v 0.052293 0.349294 0.103457
v 0.035511 0.345119 0.103500
v 0.273571 0.365282 -0.102205
v 0.273545 0.348622 -0.097950
v 0.251199 0.352528 -0.095161
v 0.250343 0.363425 -0.099874
v 0.164583 -0.124541 -0.085203
v 0.188251 -0.105095 -0.053526
v 0.144401 0.199355 -0.054380
v 0.141632 0.180678 -0.049037
v 0.129046 0.184604 -0.070538
v 0.132339 0.203211 -0.076933
v 0.151437 0.251035 -0.058437
v 0.147734 0.235127 -0.058100
v 0.156285 0.266593 -0.059651
v 0.201182 0.360196 -0.069541
v 0.193356 0.352954 -0.067390
v 0.191684 0.356206 -0.076837
v 0.065002 -0.191534 0.084754
v 0.051158 -0.117808 0.098201
v 0.042886 -0.103087 0.100356
v 0.002729 -0.152900 0.007163
v -0.000041 -0.152526 0.008193
v 0.058615 0.517846 -0.006906
v 0.062812 0.522056 -0.023440
v 0.233168 0.347345 -0.057058
v 0.221589 0.355516 -0.052328
v 0.179277 0.334355 -0.051293
v 0.186062 0.341709 -0.052981
v 0.183945 0.345665 -0.037391
v 0.177335 0.338327 -0.034621
v 0.178584 0.333868 -0.065709
v 0.185709 0.340863 -0.066343
v 0.144184 0.413819 0.043477
v 0.144820 0.431469 0.034356
v 0.133271 0.435526 0.035775
v 0.132405 0.417520 0.045997
v 0.120112 0.418492 0.049478
v 0.121512 0.436990 0.038042
v 0.107260 0.436201 0.040647
v 0.105743 0.417734 0.052739
v 0.080100 0.485734 -0.000587
v 0.064792 0.477204 0.014916
v 0.046859 0.470683 0.024594
v 0.031136 0.466650 0.031120
v 0.014370 0.494290 -0.109629
v 0.035553 0.498866 -0.108691
v 0.030356 0.486585 -0.115818
v 0.013192 0.482920 -0.115043
v -0.002051 0.481360 -0.113690
v -0.002163 0.492197 -0.108769
v 0.051759 0.503557 0.004138
v 0.038575 0.499397 0.015858
v 0.026971 0.485536 0.022625
v 0.337723 0.389596 -0.031538
v 0.316320 0.401709 -0.030712
v 0.059118 0.532736 -0.057205
v 0.063462 0.528261 -0.040222
v 0.341233 0.394143 -0.048670
v 0.319505 0.406841 -0.048634
v 0.124731 0.477128 0.008659
v 0.136528 0.479361 0.009471
v 0.124317 0.498073 -0.011650
v 0.049273 0.513801 0.007391
v 0.036733 0.509867 0.018546
v 0.192287 -0.076077 0.001767
v 0.184181 -0.082597 0.038025
v 0.151158 0.156017 0.006578
v 0.146040 0.152320 0.031716
v 0.001787 0.187406 0.127907
v 0.000863 0.166147 0.131635
v 0.022833 0.165590 0.131226
v 0.025004 0.187800 0.126945
v 0.003714 0.248087 0.106772
v 0.003243 0.228984 0.113806
v 0.012737 0.514384 0.031815
v 0.042074 0.118889 0.132315
v 0.042731 0.143072 0.129261
v 0.020809 0.141487 0.133239
v 0.019686 0.114596 0.135700
v 0.011276 0.088198 0.139038
v 0.009854 0.075655 0.139345
v 0.021273 -0.088731 0.112631
v 0.011195 -0.088526 0.114138
v 0.249482 0.409197 0.000122
v 0.255257 0.426045 -0.008808
v 0.240101 0.435969 -0.004825
v 0.235414 0.417659 0.003595
v 0.081230 0.122552 0.110491
v 0.061804 0.121502 0.124169
v 0.165811 0.355220 0.020834
v 0.167154 0.345822 0.004192
v 0.027232 0.270982 0.106530
v 0.069611 0.336474 0.110267
v 0.068962 0.352485 0.102131
v 0.084624 0.339643 0.107127
v 0.084716 0.354518 0.099067
v -0.000142 -0.146241 -0.008665
v 0.002318 -0.153919 0.000013
v 0.236118 0.425994 -0.096897
v 0.235104 0.416820 -0.100107
v 0.223085 0.419049 -0.101830
v 0.224424 0.429410 -0.098731
v 0.024979 -0.210654 0.005730
v 0.019820 -0.194633 0.016003
v 0.020771 -0.151415 -0.072313
v 0.007020 -0.151010 -0.057700
v 0.000766 -0.146361 -0.060803
v 0.000239 -0.138813 -0.075119
v 0.103431 -0.242446 0.087628
v 0.098918 -0.211517 0.094505
v 0.108377 -0.273227 0.080069
v 0.113121 -0.303690 0.071488
v 0.160276 -0.486330 0.004235
v 0.177919 -0.510886 0.003681
v 0.206639 -0.598122 -0.012772
v 0.215987 -0.631154 -0.017828
v 0.226503 -0.666191 -0.023249
v 0.248919 -0.736055 -0.030774
v 0.237945 -0.702205 -0.028113
v 0.341571 0.391369 -0.064885
v 0.340477 0.383864 -0.079221
v 0.317331 0.395477 -0.081400
v 0.318604 0.404855 -0.066757
v 0.265286 0.333440 -0.050183
v 0.284446 0.325019 -0.051869
v 0.285843 0.330950 -0.037283
v 0.266207 0.340573 -0.035312
v 0.304739 0.316088 -0.053915
v 0.284802 0.322680 -0.066099
v 0.306038 0.315050 -0.067529
v 0.319532 0.335975 -0.097010
v 0.297383 0.342371 -0.097860
v 0.301524 0.356901 -0.100943
v 0.325273 0.348825 -0.099940
v 0.336523 0.373859 -0.090508
v 0.331313 0.361471 -0.097755
v 0.308488 0.371208 -0.098757
v 0.314211 0.383946 -0.091577
v 0.313199 0.338521 -0.015063
v 0.292071 0.349836 -0.012767
v 0.288074 0.339300 -0.023564
v 0.308560 0.328129 -0.025590
v 0.260282 0.439123 -0.023812
v 0.245117 0.450967 -0.020017
v 0.185709 0.380958 0.006111
v 0.196275 0.383058 -0.000792
v 0.199935 0.393141 0.011990
v 0.187916 0.395485 0.016869
v 0.288829 0.403587 -0.014001
v 0.295532 0.414190 -0.029397
v 0.276405 0.426736 -0.026729
v 0.270750 0.414950 -0.011411
v 0.271254 0.360366 -0.009962
v 0.251155 0.369823 -0.006319
v 0.248251 0.359538 -0.017991
v 0.267799 0.349900 -0.021324
v 0.248832 0.343181 -0.085507
v 0.269566 0.337244 -0.089121
v 0.229314 0.398680 0.006466
v 0.242600 0.391790 0.002709
v 0.162334 0.345230 0.024280
v 0.173049 0.331068 -0.032057
v 0.170769 0.322498 -0.029632
v 0.132754 0.292243 0.082179
v 0.134090 0.307403 0.085889
v 0.164765 0.303000 0.000139
v 0.162450 0.287405 0.008018
v 0.138817 0.308262 0.079351
v 0.139860 0.298184 0.074377
v 0.092558 0.227489 0.089972
v 0.028249 0.475658 0.024879
v 0.256884 0.383520 -0.001084
v 0.264146 0.399517 -0.002845
v 0.233297 0.364433 -0.096645
v 0.232414 0.355827 -0.090374
v 0.218592 0.359767 -0.085416
v 0.218926 0.366343 -0.092467
v 0.128916 0.336626 -0.125274
v 0.137866 0.324716 -0.116702
v 0.125550 0.311363 -0.121894
v 0.114155 0.324398 -0.131670
v 0.242595 0.439231 -0.086089
v 0.230088 0.446280 -0.086693
v 0.235536 0.453134 -0.075234
v 0.249176 0.443925 -0.075819
v 0.240849 0.457691 -0.059748
v 0.245648 0.458208 -0.040730
v 0.260919 0.445983 -0.043117
v 0.255795 0.446409 -0.061528
v 0.182531 -0.044811 -0.022394
v 0.175098 -0.044264 -0.053284
v 0.118156 0.067308 0.085010
v 0.135387 0.073656 0.065991
v 0.096015 -0.022655 0.095749
v 0.020123 -0.165358 0.056907
v 0.035253 -0.153381 0.081379
v 0.033004 -0.233788 -0.004545
v 0.184332 -0.048581 0.007375
v 0.061109 -0.290836 -0.021458
v 0.046337 -0.261987 -0.013435
v 0.108147 -0.274865 -0.080786
v 0.093444 -0.244704 -0.080650
v 0.124599 -0.241510 -0.085520
v 0.135650 -0.270075 -0.085009
v 0.155185 -0.238355 -0.080221
v 0.163386 -0.266493 -0.079425
v 0.176496 -0.352995 0.062190
v 0.228940 -0.574408 -0.116150
v 0.258892 -0.604632 -0.109899
v 0.238626 -0.609975 -0.114944
v 0.250415 -0.567578 -0.111366
v 0.259791 -0.530177 -0.094518
v 0.268713 -0.563622 -0.097533
v 0.281150 -0.608875 -0.023947
v 0.248576 -0.646228 -0.110545
v 0.267007 -0.642832 -0.105647
v 0.276170 -0.600528 -0.096638
v 0.282018 -0.639431 -0.094307
v 0.017438 -0.183743 0.025520
v 0.000236 -0.133975 -0.090697
v 0.165693 -0.094336 0.072750
v 0.174158 -0.123329 0.069817
v 0.079887 -0.113298 0.101865
v 0.105613 -0.093388 0.099116
v 0.120010 0.144788 0.072948
v 0.102115 0.143712 0.089448
v 0.122388 0.186334 0.064166
v 0.121801 0.164880 0.068701
v 0.135973 0.168090 0.049342
v 0.136707 0.188471 0.045350
v 0.152227 0.193507 -0.002179
v 0.150607 0.174552 0.001991
v 0.149162 0.177386 -0.024160
v 0.151178 0.196290 -0.028938
v 0.142585 0.162784 -0.044230
v 0.149979 0.159096 -0.019402
v 0.080377 0.198302 -0.110299
v 0.081497 0.221399 -0.115814
v 0.099588 0.215040 -0.106856
v 0.098090 0.194216 -0.100549
v 0.031851 -0.093141 0.107470
v 0.013129 -0.167683 0.036015
v 0.093573 -0.183363 0.098410
v 0.119254 -0.145083 0.105135
v 0.149241 -0.134647 0.094842
v 0.221201 0.360850 -0.039472
v 0.162960 0.350686 -0.103360
v 0.161371 0.362098 -0.108416
v 0.277710 0.433671 -0.045875
v 0.272338 0.434772 -0.064517
v 0.235348 0.377840 -0.001261
v 0.227002 0.444838 -0.001185
v 0.209188 0.432841 0.011911
v 0.222225 0.424935 0.007523
v 0.123556 -0.029731 0.081556
v 0.127339 -0.052538 0.084710
v 0.151770 -0.039434 0.067642
v 0.004340 -0.152067 -0.041184
v 0.001138 -0.146383 -0.049044
v 0.056855 -0.134350 0.097294
v 0.085992 -0.345575 -0.035007
v 0.074642 -0.318919 -0.028344
v 0.095778 -0.371151 -0.041844
v 0.105375 -0.396584 -0.049024
v 0.115513 -0.422169 -0.056053
v 0.128320 -0.447468 -0.061643
v 0.144484 -0.473162 -0.062056
v 0.156651 -0.501239 -0.067030
v 0.164303 -0.567251 -0.065785
v 0.163162 -0.531336 -0.076168
v 0.170158 -0.562935 -0.083545
v 0.178608 -0.595190 -0.088533
v 0.204696 -0.661039 -0.087782
v 0.189653 -0.627685 -0.090058
v 0.219269 -0.695256 -0.085606
v 0.231743 -0.729990 -0.084208
v 0.002080 -0.150358 -0.014116
v 0.003039 -0.151454 -0.026767
v 0.111187 0.474514 0.008001
v 0.174077 0.346205 -0.017014
v 0.180334 0.353042 -0.020463
v 0.222756 0.384367 0.003040
v 0.000659 -0.125526 -0.105930
v 0.000839 -0.113357 -0.119764
v 0.292064 0.391646 -0.094013
v 0.294327 0.405203 -0.085123
v 0.231291 0.368441 -0.014234
v 0.186513 0.371087 -0.009075
v 0.195511 0.376703 -0.015361
v 0.519920 0.298570 -0.049410
v 0.535960 0.285517 -0.050357
v 0.537767 0.289097 -0.061870
v 0.520905 0.301542 -0.062206
v 0.515056 0.290876 -0.039403
v 0.530846 0.278209 -0.041608
v 0.481544 0.238998 -0.053723
v 0.500034 0.229531 -0.058009
v 0.504172 0.237728 -0.046895
v 0.485742 0.247839 -0.042636
v 0.539762 0.256935 -0.038731
v 0.523881 0.268618 -0.036213
v 0.516229 0.258039 -0.035392
v 0.532849 0.246895 -0.038734
v 0.479807 0.235384 -0.083502
v 0.460465 0.242759 -0.079688
v 0.463434 0.249592 -0.092172
v 0.482982 0.242866 -0.094649
v 0.407360 0.283941 -0.035523
v 0.392995 0.292649 -0.031065
v 0.389917 0.281425 -0.040111
v 0.404717 0.273133 -0.045580
v 0.485516 0.324695 -0.047686
v 0.503322 0.311685 -0.048410
v 0.503005 0.314000 -0.062443
v 0.483578 0.325501 -0.062690
v 0.464024 0.294708 -0.025537
v 0.444665 0.308340 -0.024111
v 0.435848 0.295564 -0.027222
v 0.454870 0.282202 -0.028962
v 0.463516 0.335151 -0.062911
v 0.466640 0.338033 -0.048379
v 0.499371 0.269720 -0.031863
v 0.482195 0.281822 -0.028071
v 0.473638 0.270007 -0.031610
v 0.491623 0.258524 -0.035446
v 0.518234 0.221740 -0.087008
v 0.499119 0.228550 -0.085812
v 0.502517 0.236307 -0.095702
v 0.521694 0.229443 -0.095804
v 0.526905 0.237235 -0.043188
v 0.509369 0.247611 -0.039345
v 0.522000 0.228090 -0.050947
v 0.547847 0.269228 -0.084245
v 0.529768 0.280381 -0.086685
v 0.535209 0.287143 -0.074597
v 0.552414 0.275258 -0.073248
v 0.443845 0.260206 -0.044340
v 0.462501 0.248972 -0.048774
v 0.467035 0.258701 -0.038571
v 0.448258 0.270445 -0.035144
v 0.481327 0.318008 -0.034852
v 0.498632 0.304212 -0.036964
v 0.510998 0.291188 -0.088910
v 0.491176 0.300850 -0.090336
v 0.498418 0.309669 -0.076781
v 0.517197 0.298620 -0.075858
v 0.462704 0.295818 -0.098430
v 0.482818 0.288028 -0.098774
v 0.474869 0.274129 -0.101350
v 0.454843 0.281121 -0.100063
v 0.422500 0.262998 -0.052092
v 0.425588 0.272184 -0.040052
v 0.441366 0.250708 -0.074724
v 0.422114 0.258671 -0.068727
v 0.424206 0.263126 -0.083980
v 0.443908 0.256460 -0.088693
v 0.421738 0.344461 -0.027871
v 0.436357 0.334945 -0.026043
v 0.444402 0.344729 -0.035903
v 0.428464 0.354032 -0.038247
v 0.447301 0.348492 -0.049804
v 0.430251 0.357023 -0.052755
v 0.401024 0.360344 -0.072082
v 0.412001 0.355756 -0.069074
v 0.404149 0.345737 -0.077372
v 0.393780 0.350766 -0.081167
v 0.422958 0.307747 -0.098156
v 0.442494 0.302678 -0.098163
v 0.434344 0.287124 -0.098203
v 0.414254 0.292247 -0.096181
v 0.391800 0.283157 -0.085876
v 0.408515 0.278802 -0.089974
v 0.405246 0.268843 -0.078651
v 0.389302 0.273772 -0.073083
v 0.342309 0.301104 -0.071504
v 0.355181 0.294481 -0.073493
v 0.353406 0.291139 -0.059823
v 0.340598 0.298697 -0.058295
v 0.356470 0.301411 -0.031634
v 0.361900 0.312031 -0.022707
v 0.349052 0.319174 -0.020193
v 0.343709 0.308798 -0.029877
v 0.379597 0.368464 -0.033672
v 0.391713 0.362567 -0.032849
v 0.395672 0.370269 -0.046966
v 0.382394 0.374446 -0.048990
v 0.406434 0.311708 -0.098147
v 0.395253 0.297193 -0.093670
v 0.366883 0.294779 -0.033858
v 0.377357 0.288405 -0.036821
v 0.381323 0.299680 -0.027903
v 0.371557 0.305560 -0.025036
v 0.384598 0.332254 -0.023343
v 0.393502 0.325022 -0.025508
v 0.401714 0.338175 -0.025096
v 0.393062 0.344540 -0.024930
v 0.400826 0.357180 -0.031679
v 0.410020 0.350992 -0.029569
v 0.415989 0.360465 -0.040884
v 0.405823 0.365973 -0.044148
v 0.396308 0.314980 -0.098319
v 0.386855 0.316479 -0.098384
v 0.391759 0.328631 -0.095807
v 0.401568 0.327773 -0.095309
v 0.376127 0.278397 -0.067555
v 0.378291 0.286156 -0.080922
v 0.404614 0.318843 -0.027310
v 0.387315 0.312819 -0.024931
v 0.398028 0.305827 -0.027703
v 0.417000 0.362747 -0.055704
v 0.345687 0.306094 -0.082132
v 0.330741 0.310889 -0.080634
v 0.334548 0.318034 -0.089999
v 0.349490 0.313009 -0.090982
v 0.327549 0.306698 -0.069381
v 0.325806 0.306067 -0.056213
v 0.333533 0.327694 -0.017713
v 0.328601 0.317265 -0.027714
v 0.339982 0.340733 -0.012602
v 0.356102 0.332219 -0.015935
v 0.363036 0.345895 -0.017040
v 0.346426 0.354477 -0.013180
v 0.359460 0.377984 -0.032842
v 0.362733 0.382546 -0.048942
v 0.381074 0.372861 -0.063483
v 0.363100 0.379920 -0.064406
v 0.354122 0.294186 -0.044878
v 0.364961 0.286836 -0.047395
v 0.502877 0.279592 -0.098039
v 0.522198 0.270226 -0.095881
v 0.514319 0.258456 -0.100510
v 0.494766 0.266602 -0.101580
v 0.507524 0.246812 -0.100558
v 0.526956 0.239421 -0.099582
v 0.491334 0.293834 -0.030013
v 0.507761 0.280989 -0.033205
v 0.546327 0.266213 -0.042901
v 0.412630 0.331591 -0.025279
v 0.426558 0.321947 -0.024623
v 0.387769 0.341544 -0.090326
v 0.377975 0.344469 -0.092652
v 0.383483 0.354496 -0.084080
v 0.413805 0.326880 -0.093971
v 0.415546 0.339356 -0.077610
v 0.436378 0.333858 -0.076128
v 0.431249 0.323668 -0.091945
v 0.376746 0.318060 -0.097479
v 0.366283 0.320018 -0.097596
v 0.372227 0.332556 -0.098020
v 0.382494 0.330280 -0.096673
v 0.371394 0.358253 -0.022933
v 0.383752 0.350695 -0.024598
v 0.357047 0.364255 -0.088932
v 0.361512 0.372485 -0.077880
v 0.377368 0.366527 -0.075749
v 0.372259 0.358346 -0.086017
v 0.389696 0.363332 -0.074247
v 0.351356 0.353351 -0.096508
v 0.366554 0.347987 -0.094478
v 0.353321 0.367915 -0.019957
v 0.354474 0.323816 -0.097336
v 0.339199 0.328877 -0.097061
v 0.345494 0.341303 -0.099334
v 0.360501 0.335993 -0.098423
v 0.487947 0.254094 -0.100611
v 0.468294 0.260978 -0.099356
v 0.388893 0.273158 -0.055506
v 0.403854 0.265963 -0.061738
v 0.376089 0.279902 -0.050868
v 0.479092 0.233873 -0.068460
v 0.498108 0.225786 -0.072309
v 0.441099 0.252119 -0.058061
v 0.460199 0.242745 -0.063552
v 0.470944 0.309717 -0.090552
v 0.369437 0.297845 -0.085528
v 0.380545 0.296212 -0.089222
v 0.366375 0.289371 -0.076620
v 0.325565 0.310152 -0.041146
v 0.341113 0.301654 -0.043369
v 0.390190 0.306072 -0.096040
v 0.305425 0.320525 -0.039215
v 0.424759 0.349993 -0.066205
v 0.394490 0.369821 -0.061667
v 0.405843 0.366761 -0.059038
v 0.554195 0.277040 -0.061169
v 0.473535 0.307005 -0.026913
v 0.418272 0.308912 -0.027741
v 0.412029 0.296152 -0.030278
v 0.358229 0.301174 -0.083596
v 0.361648 0.308888 -0.092027
v 0.372051 0.306704 -0.093064
v 0.368383 0.325336 -0.019226
v 0.375155 0.338994 -0.020546
v 0.516960 0.218529 -0.074879
v 0.378195 0.318699 -0.021970
v 0.442835 0.342923 -0.063580
v 0.014421 0.435783 -0.128465
v -0.001278 0.421434 -0.127424
v -0.001220 0.434596 -0.124932
v 0.157931 0.272008 0.015330
v 0.120479 0.245981 0.062782
v 0.134002 0.249936 0.046327
v 0.170471 0.338157 -0.013616
v 0.167772 0.328449 -0.010385
v 0.197748 0.369680 -0.030062
v 0.188942 0.362311 -0.025310
v 0.160251 0.309944 0.020534
v 0.080233 0.669663 -0.035307
v 0.077848 0.662650 -0.038271
v 0.083066 0.683030 -0.035322
v 0.009647 0.101693 0.136789
v -0.002857 0.074265 0.137542
v -0.002740 0.060922 0.138036
v 0.079866 0.653187 -0.021626
v 0.077868 0.646638 -0.025581
v 0.082206 0.649876 -0.023297
v 0.079764 0.655267 -0.019508
v 0.079444 0.654220 -0.019833
v 0.083510 0.685568 -0.024862
v 0.075414 0.654110 -0.038553
v 0.073198 0.644786 -0.037458
v 0.081595 0.671647 -0.019911
v 0.050454 0.091766 -0.104588
v 0.055172 0.074069 -0.110238
v 0.029521 0.073384 -0.111940
v 0.026670 0.090435 -0.104966
v 0.001756 0.058585 -0.120035
v 0.001222 0.074676 -0.112081
v 0.032820 0.055247 -0.120392
v 0.148285 0.024055 -0.091096
v 0.144710 0.045305 -0.087127
v 0.159554 0.047532 -0.063989
v 0.163436 0.027427 -0.066561
v 0.164185 0.064254 -0.036538
v 0.169113 0.047756 -0.036794
v 0.153799 0.065422 -0.061834
v 0.168235 0.060792 -0.008012
v 0.172478 0.043955 -0.007671
v 0.164306 0.054614 0.019464
v 0.169168 0.036486 0.019963
v 0.159727 0.028104 0.044764
v 0.143332 0.019357 0.066763
v 0.122043 -0.009339 0.082203
v 0.121425 0.009644 0.084664
v 0.097961 -0.000306 0.098607
v 0.073699 -0.008697 0.109631
v 0.051466 -0.014644 0.118023
v 0.032485 -0.018994 0.123503
v 0.015215 -0.021111 0.126476
v -0.000340 -0.022534 0.126303
v 0.000586 -0.047470 0.122323
v 0.108713 0.455316 0.026149
v 0.083973 0.513751 -0.086951
v 0.102617 0.515829 -0.064662
v 0.094032 0.509780 -0.087127
v 0.116936 0.454849 -0.123622
v 0.096573 0.447318 -0.130645
v 0.097315 0.464582 -0.123371
v 0.118064 0.474345 -0.113156
v 0.073541 0.503780 -0.101265
v 0.068127 0.506820 -0.099815
v 0.080391 0.498965 -0.104179
v 0.064793 0.488579 -0.114798
v 0.046649 0.481014 -0.119069
v 0.147428 0.508844 -0.058981
v 0.161896 0.505989 -0.053744
v 0.158816 0.494538 -0.076269
v 0.147134 0.496192 -0.081869
v 0.147182 0.446311 -0.117087
v 0.158602 0.448637 -0.112420
v 0.158362 0.432848 -0.116653
v 0.146228 0.429000 -0.120958
v 0.203579 0.486846 -0.040281
v 0.218063 0.478014 -0.038788
v 0.212591 0.475636 -0.060162
v 0.198693 0.482694 -0.062088
v 0.158035 0.464429 -0.103957
v 0.086097 0.331307 -0.142470
v 0.105361 0.340329 -0.137972
v 0.120807 0.349079 -0.131849
v 0.160040 0.374395 -0.112542
v 0.151668 0.354004 -0.113611
v 0.149230 0.367319 -0.117822
v 0.170232 0.381064 -0.108652
v 0.177909 0.384346 -0.104751
v 0.195996 0.441887 0.015836
v 0.191772 0.416694 0.022114
v 0.204287 0.411031 0.016203
v 0.195763 0.384791 -0.097293
v 0.196415 0.378873 -0.094585
v 0.187208 0.376140 -0.094337
v 0.186250 0.382662 -0.097556
v 0.133476 0.510382 -0.063513
v 0.208220 0.467698 -0.076550
v 0.204482 0.457975 -0.088881
v 0.191320 0.461692 -0.090641
v 0.194730 0.473004 -0.078572
v 0.201619 0.447299 -0.097608
v 0.199440 0.435521 -0.103006
v 0.188274 0.436934 -0.105306
v 0.189849 0.449460 -0.099943
v 0.196361 0.391596 -0.100100
v 0.185338 0.390399 -0.100992
v 0.231433 0.461049 -0.018004
v 0.176895 0.501207 -0.021000
v 0.162488 0.507399 -0.025979
v 0.160270 0.494701 -0.000946
v 0.173163 0.486563 0.001587
v 0.209472 0.367357 -0.034879
v 0.211734 0.361680 -0.048274
v 0.211367 0.358226 -0.061430
v 0.189682 0.361870 -0.084957
v 0.211224 0.357802 -0.072707
v 0.210793 0.388753 0.007252
v 0.216915 0.405085 0.010883
v 0.157582 0.471503 0.014776
v 0.169327 0.462948 0.016519
v 0.231898 0.468795 -0.039350
v 0.226665 0.467191 -0.059629
v 0.217825 0.378172 -0.098784
v 0.207464 0.377872 -0.095981
v 0.207062 0.383479 -0.098709
v 0.180135 0.356325 -0.091230
v 0.187605 0.369510 -0.090273
v 0.176171 0.501743 -0.048191
v 0.217530 0.452172 -0.087894
v 0.221522 0.461074 -0.075910
v 0.179092 0.450153 -0.102936
v 0.169120 0.450074 -0.107691
v 0.168703 0.464731 -0.098866
v 0.179253 0.463809 -0.094375
v 0.210691 0.420820 -0.103708
v 0.211797 0.432899 -0.101211
v 0.168869 0.434995 -0.112177
v 0.178484 0.436366 -0.108338
v 0.207487 0.390573 -0.101037
v 0.147169 0.477700 0.012114
v 0.135113 0.456132 0.023316
v 0.146229 0.453794 0.023638
v 0.156269 0.447126 0.025230
v 0.167534 0.437566 0.026346
v 0.179659 0.425585 0.025694
v 0.123129 0.455820 0.024214
v 0.381801 0.305818 -0.095052
v 0.218820 0.372600 -0.096719
v 0.228766 0.378206 -0.100822
v 0.231357 0.371891 -0.099350
v 0.285354 0.379169 -0.100100
v 0.006597 0.595671 0.094569
v 0.006874 0.589991 0.091927
v 0.004971 0.619757 0.095052
v 0.005175 0.616075 0.095822
v 0.397010 0.338869 -0.087748
v 0.404881 0.336252 -0.086992
v 0.450876 0.317255 -0.090778
v 0.457581 0.327509 -0.076811
v 0.478274 0.319381 -0.077409
v 0.463058 0.331918 -0.034030
v 0.454763 0.321217 -0.025292
v 0.429536 0.282912 -0.032166
v 0.428381 0.273407 -0.094097
v 0.583618 0.250956 -0.049629
v 0.599984 0.240232 -0.050208
v 0.603445 0.243778 -0.058878
v 0.586503 0.254407 -0.059333
v 0.616672 0.231035 -0.051086
v 0.594769 0.233716 -0.045444
v 0.610897 0.224727 -0.046354
v 0.588429 0.225317 -0.044018
v 0.604317 0.216830 -0.044976
v 0.597700 0.208130 -0.047209
v 0.582098 0.216357 -0.046257
v 0.577887 0.208774 -0.051474
v 0.594209 0.201474 -0.052364
v 0.557102 0.210109 -0.056951
v 0.554452 0.205039 -0.066420
v 0.572511 0.197728 -0.066944
v 0.574661 0.202089 -0.058474
v 0.590686 0.191989 -0.082152
v 0.573533 0.199527 -0.085309
v 0.577230 0.205632 -0.091253
v 0.593925 0.196764 -0.087739
v 0.571181 0.232159 -0.093614
v 0.589108 0.222433 -0.091719
v 0.582752 0.213293 -0.092934
v 0.564501 0.222875 -0.095714
v 0.605215 0.212732 -0.091583
v 0.594799 0.229858 -0.086749
v 0.610679 0.220228 -0.086926
v 0.562298 0.254782 -0.043236
v 0.567569 0.262096 -0.050170
v 0.551612 0.273482 -0.050589
v 0.565942 0.225722 -0.044031
v 0.571917 0.235032 -0.042136
v 0.555902 0.245746 -0.040588
v 0.549522 0.236050 -0.041746
v 0.518455 0.220974 -0.061963
v 0.536469 0.212801 -0.064642
v 0.539557 0.218889 -0.054497
v 0.560939 0.217395 -0.049397
v 0.544094 0.227186 -0.046691
v 0.553634 0.203806 -0.077066
v 0.571983 0.196712 -0.076426
v 0.586118 0.252856 -0.070288
v 0.603094 0.242182 -0.069449
v 0.599734 0.236543 -0.078859
v 0.582684 0.247395 -0.079961
v 0.535452 0.211262 -0.076455
v 0.569354 0.263788 -0.071521
v 0.565463 0.258181 -0.081959
v 0.577489 0.240341 -0.088063
v 0.559420 0.250252 -0.090320
v 0.619331 0.232550 -0.070190
v 0.620024 0.234067 -0.059620
v 0.570362 0.265638 -0.060181
v 0.555258 0.207174 -0.086876
v 0.536901 0.214689 -0.087271
v 0.540491 0.222075 -0.094905
v 0.559025 0.214302 -0.093568
v 0.533975 0.249973 -0.098446
v 0.552471 0.241131 -0.096102
v 0.545905 0.231521 -0.098081
v 0.598881 0.203559 -0.090702
v 0.541147 0.260318 -0.093224
v 0.676228 0.171771 -0.046490
v 0.683916 0.175633 -0.040001
v 0.675510 0.179908 -0.035747
v 0.667409 0.175660 -0.043044
v 0.657803 0.190285 -0.024652
v 0.669549 0.194490 -0.019951
v 0.666940 0.204291 -0.019252
v 0.654312 0.201570 -0.023321
v 0.690954 0.181069 -0.036559
v 0.682729 0.183992 -0.031168
v 0.693780 0.188905 -0.037248
v 0.698715 0.179091 -0.041542
v 0.701541 0.185751 -0.045544
v 0.708921 0.182081 -0.050013
v 0.708586 0.184800 -0.059033
v 0.699077 0.192692 -0.055025
v 0.686742 0.183815 -0.077457
v 0.698883 0.175427 -0.076287
v 0.692406 0.169206 -0.082787
v 0.680141 0.177640 -0.083158
v 0.675543 0.157755 -0.088215
v 0.665328 0.167216 -0.088310
v 0.673076 0.172315 -0.085762
v 0.684903 0.162948 -0.085186
v 0.665597 0.165303 -0.057071
v 0.669530 0.168245 -0.053048
v 0.660526 0.171761 -0.051048
v 0.656101 0.168701 -0.055564
v 0.696542 0.200549 -0.033950
v 0.696092 0.196434 -0.031873
v 0.695579 0.194590 -0.042294
v 0.692365 0.200715 -0.044210
v 0.627417 0.168972 -0.056215
v 0.629907 0.174303 -0.052454
v 0.621668 0.181802 -0.053211
v 0.618313 0.176803 -0.058096
v 0.635066 0.196790 -0.034349
v 0.637273 0.209773 -0.038382
v 0.628566 0.208206 -0.041974
v 0.627778 0.194633 -0.041760
v 0.643563 0.199203 -0.028477
v 0.656451 0.211274 -0.029676
v 0.645849 0.211004 -0.034007
v 0.668949 0.212341 -0.024845
v 0.614592 0.173339 -0.067194
v 0.619813 0.165368 -0.065985
v 0.748536 0.151500 -0.044817
v 0.743681 0.154508 -0.045086
v 0.741733 0.149625 -0.046275
v 0.746826 0.146787 -0.046238
v 0.620815 0.171691 -0.084551
v 0.616378 0.176836 -0.083167
v 0.620877 0.182517 -0.088634
v 0.626230 0.178146 -0.089281
v 0.626924 0.165322 -0.086368
v 0.633619 0.172589 -0.090360
v 0.754899 0.157595 -0.055412
v 0.749612 0.160523 -0.056753
v 0.748381 0.160658 -0.051787
v 0.753324 0.157467 -0.050457
v 0.685107 0.168241 -0.047894
v 0.692340 0.172303 -0.042314
v 0.707809 0.162435 -0.045750
v 0.709681 0.168413 -0.044009
v 0.701101 0.170257 -0.043203
v 0.695479 0.164162 -0.048266
v 0.681219 0.154540 -0.060603
v 0.687907 0.157254 -0.056330
v 0.678495 0.162436 -0.056236
v 0.671997 0.159215 -0.060393
v 0.663559 0.151398 -0.064340
v 0.660353 0.146414 -0.065960
v 0.667693 0.141894 -0.067261
v 0.672300 0.146751 -0.065462
v 0.692936 0.141435 -0.064358
v 0.689385 0.137979 -0.066872
v 0.698012 0.134669 -0.069071
v 0.701484 0.137321 -0.066381
v 0.611724 0.181576 -0.083108
v 0.615908 0.187802 -0.088836
v 0.658706 0.146734 -0.091093
v 0.664747 0.138847 -0.091807
v 0.656713 0.133075 -0.088844
v 0.650443 0.141084 -0.088368
v 0.633605 0.185144 -0.090461
v 0.627894 0.189933 -0.090281
v 0.754770 0.154563 -0.059810
v 0.749499 0.157600 -0.061256
v 0.673260 0.215492 -0.033710
v 0.660489 0.215527 -0.039738
v 0.649583 0.215431 -0.044138
v 0.641369 0.215565 -0.046496
v 0.634095 0.216718 -0.047016
v 0.698170 0.158418 -0.051459
v 0.677334 0.166180 -0.052906
v 0.662254 0.162987 -0.059354
v 0.644473 0.142439 -0.068511
v 0.649890 0.146403 -0.065307
v 0.644511 0.151068 -0.062716
v 0.637253 0.146317 -0.067612
v 0.646574 0.136554 -0.081322
v 0.653618 0.129852 -0.082075
v 0.655277 0.130014 -0.075427
v 0.648396 0.135557 -0.074314
v 0.696950 0.206299 -0.034352
v 0.688810 0.207145 -0.042482
v 0.618337 0.167218 -0.076201
v 0.614084 0.173705 -0.075354
v 0.609827 0.179534 -0.076298
v 0.642459 0.170908 -0.053893
v 0.645445 0.173023 -0.051338
v 0.634440 0.180145 -0.045308
v 0.631543 0.177400 -0.049831
v 0.657345 0.179002 -0.037122
v 0.666642 0.183344 -0.029882
v 0.647238 0.186175 -0.031521
v 0.623967 0.186879 -0.048464
v 0.617061 0.193064 -0.049783
v 0.614521 0.187637 -0.055198
v 0.611760 0.182691 -0.061380
v 0.609616 0.179380 -0.069230
v 0.607640 0.196585 -0.051699
v 0.605418 0.191455 -0.057216
v 0.603393 0.186979 -0.064328
v 0.602419 0.184718 -0.072042
v 0.615426 0.203742 -0.091298
v 0.621989 0.195847 -0.090814
v 0.609508 0.195089 -0.089821
v 0.618340 0.211481 -0.044547
v 0.611310 0.202847 -0.046935
v 0.620746 0.199450 -0.044976
v 0.625205 0.218943 -0.046893
v 0.678352 0.197497 -0.017503
v 0.682632 0.191811 -0.022629
v 0.689118 0.194281 -0.019526
v 0.686149 0.199340 -0.014922
v 0.705856 0.176979 -0.044627
v 0.713054 0.174023 -0.046707
v 0.716051 0.177985 -0.052309
v 0.625304 0.157594 -0.066786
v 0.632493 0.161326 -0.058944
v 0.707853 0.157538 -0.049249
v 0.743273 0.163940 -0.057788
v 0.732458 0.169866 -0.058839
v 0.730738 0.169677 -0.052813
v 0.742170 0.164032 -0.052388
v 0.715693 0.152801 -0.054623
v 0.723838 0.151352 -0.055179
v 0.722462 0.153862 -0.049794
v 0.714930 0.156571 -0.049666
v 0.684377 0.133659 -0.069075
v 0.691542 0.130995 -0.070804
v 0.709687 0.165549 -0.072176
v 0.704585 0.182263 -0.069442
v 0.714254 0.175280 -0.068700
v 0.676328 0.150742 -0.063488
v 0.680894 0.142029 -0.065952
v 0.684626 0.145804 -0.063772
v 0.700351 0.155188 -0.053111
v 0.695004 0.153517 -0.056122
v 0.702658 0.151103 -0.056208
v 0.707199 0.154062 -0.052851
v 0.637431 0.143406 -0.079239
v 0.642495 0.149702 -0.087976
v 0.746118 0.158596 -0.047498
v 0.750990 0.155314 -0.046738
v 0.605366 0.188579 -0.084902
v 0.602985 0.185139 -0.078945
v 0.667481 0.155780 -0.062693
v 0.692870 0.189736 -0.068710
v 0.658487 0.160068 -0.060830
v 0.683869 0.137307 -0.086175
v 0.690602 0.132948 -0.086650
v 0.687716 0.129069 -0.082030
v 0.680462 0.131607 -0.082399
v 0.735281 0.147668 -0.055758
v 0.742252 0.145198 -0.056025
v 0.741415 0.146198 -0.050613
v 0.734337 0.149169 -0.050074
v 0.714982 0.161063 -0.046576
v 0.722860 0.157944 -0.046330
v 0.724794 0.162984 -0.045570
v 0.716581 0.166343 -0.045326
v 0.719630 0.170945 -0.048038
v 0.727859 0.167137 -0.048354
v 0.737816 0.149689 -0.061595
v 0.727088 0.153519 -0.061555
v 0.729371 0.159988 -0.065613
v 0.740756 0.155368 -0.064214
v 0.655482 0.176555 -0.088421
v 0.657758 0.161223 -0.090352
v 0.648650 0.170666 -0.090400
v 0.684883 0.149003 -0.087602
v 0.674884 0.142265 -0.087466
v 0.666877 0.151856 -0.090029
v 0.650709 0.155983 -0.090778
v 0.714512 0.154006 -0.065548
v 0.714483 0.156409 -0.071316
v 0.718735 0.161783 -0.066641
v 0.653526 0.155702 -0.062352
v 0.739671 0.161832 -0.048100
v 0.648183 0.216754 -0.066408
v 0.655392 0.212568 -0.066552
v 0.653772 0.205834 -0.078868
v 0.646481 0.212279 -0.077102
v 0.734895 0.152994 -0.046307
v 0.737009 0.157710 -0.045104
v 0.680932 0.129204 -0.072722
v 0.680545 0.125825 -0.076882
v 0.686717 0.125634 -0.077529
v 0.687862 0.127851 -0.073889
v 0.642089 0.165009 -0.090854
v 0.668562 0.132484 -0.092389
v 0.661738 0.126147 -0.088910
v 0.640285 0.178838 -0.090446
v 0.640599 0.192222 -0.088260
v 0.646902 0.185231 -0.088580
v 0.696759 0.152685 -0.082005
v 0.662055 0.181285 -0.085923
v 0.652871 0.190391 -0.086151
v 0.646299 0.198890 -0.085270
v 0.640936 0.205325 -0.084033
v 0.635202 0.198215 -0.087963
v 0.742899 0.160971 -0.062659
v 0.747498 0.152345 -0.063267
v 0.621298 0.211809 -0.087268
v 0.628731 0.204429 -0.087583
v 0.626596 0.218541 -0.080941
v 0.634409 0.211541 -0.082791
v 0.664316 0.200311 -0.077127
v 0.659093 0.195241 -0.082434
v 0.675009 0.191698 -0.077625
v 0.668589 0.186278 -0.083106
v 0.703375 0.161180 -0.081065
v 0.758397 0.141694 -0.058991
v 0.756094 0.139007 -0.055796
v 0.748187 0.142492 -0.055984
v 0.750775 0.145090 -0.059898
v 0.744627 0.147420 -0.060829
v 0.753130 0.149722 -0.061813
v 0.680893 0.197009 -0.067983
v 0.710430 0.149229 -0.057827
v 0.667982 0.206339 -0.063828
v 0.680257 0.207749 -0.052589
v 0.688585 0.200770 -0.056483
v 0.664483 0.214876 -0.050840
v 0.653692 0.216558 -0.054815
v 0.638862 0.220359 -0.054805
v 0.645523 0.218248 -0.055795
v 0.630105 0.224257 -0.053010
v 0.676400 0.214126 -0.043811
v 0.753215 0.142384 -0.046304
v 0.754903 0.147109 -0.044286
v 0.641267 0.220453 -0.064557
v 0.632674 0.226194 -0.061973
v 0.675746 0.187584 -0.025222
v 0.649874 0.164252 -0.058401
v 0.645650 0.160645 -0.058962
v 0.638787 0.155709 -0.060588
v 0.631272 0.151293 -0.067392
v 0.631196 0.224258 -0.072587
v 0.591630 0.195560 -0.058503
v 0.589871 0.191656 -0.066194
v 0.615457 0.226668 -0.079201
v 0.757506 0.150703 -0.045662
v 0.703257 0.136836 -0.073793
v 0.705181 0.137193 -0.072203
v 0.676349 0.205615 -0.016620
v 0.685479 0.206070 -0.014590
v 0.692785 0.213183 -0.024065
v 0.683415 0.215022 -0.028394
v 0.678784 0.212365 -0.020910
v 0.688324 0.210876 -0.018052
v 0.640346 0.168507 -0.054852
v 0.637525 0.165295 -0.056416
v 0.634425 0.157706 -0.087588
v 0.629603 0.151319 -0.079132
v 0.722532 0.173989 -0.053041
v 0.723571 0.174070 -0.059690
v 0.716806 0.178951 -0.060339
v 0.731504 0.166374 -0.064457
v 0.718944 0.154822 -0.061190
v 0.714935 0.151568 -0.061378
v 0.650295 0.175443 -0.045508
v 0.639636 0.182299 -0.038848
v 0.692694 0.193000 -0.027171
v 0.687402 0.189344 -0.029043
v 0.689172 0.150080 -0.060164
v 0.708284 0.148100 -0.080500
v 0.712094 0.155127 -0.079395
v 0.696979 0.146583 -0.060484
v 0.760156 0.152684 -0.049014
v 0.761828 0.152927 -0.053795
v 0.722213 0.170513 -0.066325
v 0.675962 0.137302 -0.068117
v 0.706967 0.141803 -0.077113
v 0.700253 0.143835 -0.080766
v 0.658735 0.124946 -0.082539
v 0.639680 0.217394 -0.074842
v 0.746474 0.143168 -0.050694
v 0.753307 0.139024 -0.050635
v 0.760007 0.145735 -0.060148
v 0.761316 0.150263 -0.058421
v 0.623434 0.159331 -0.078078
v 0.652976 0.166977 -0.057599
v 0.589411 0.190311 -0.074554
v 0.686651 0.213559 -0.037090
v 0.696074 0.211610 -0.030778
v 0.704236 0.143435 -0.061545
v 0.675458 0.134040 -0.087690
v 0.702893 0.140206 -0.083054
v 0.696971 0.138323 -0.088006
v 0.691505 0.142855 -0.087660
v 0.705010 0.137635 -0.078167
v 0.767356 0.146661 -0.057566
v 0.765922 0.142358 -0.059341
v 0.768112 0.149217 -0.052935
v 0.765727 0.148983 -0.048401
v 0.762587 0.147336 -0.045418
v 0.764178 0.138644 -0.058334
v 0.761724 0.136378 -0.055412
v 0.758599 0.136777 -0.050681
v 0.768967 0.135583 -0.057518
v 0.771798 0.138727 -0.058388
v 0.779173 0.142267 -0.050118
v 0.780422 0.140973 -0.052828
v 0.777213 0.142775 -0.053665
v 0.774673 0.145422 -0.052374
v 0.782901 0.138806 -0.049374
v 0.784158 0.138099 -0.052392
v 0.779728 0.138896 -0.056061
v 0.775897 0.141437 -0.056202
v 0.783835 0.135912 -0.055833
v 0.781716 0.132894 -0.057087
v 0.777765 0.135810 -0.057088
v 0.775015 0.138665 -0.057253
v 0.772689 0.143517 -0.056799
v 0.785775 0.134980 -0.049936
v 0.786439 0.130989 -0.052706
v 0.786915 0.133164 -0.055089
v 0.786542 0.135757 -0.052345
v 0.771062 0.145553 -0.047995
v 0.776443 0.141407 -0.047206
v 0.780648 0.137395 -0.046776
v 0.783547 0.133441 -0.047732
v 0.774106 0.139250 -0.044939
v 0.778585 0.135175 -0.045456
v 0.780971 0.131949 -0.046678
v 0.772111 0.136027 -0.044384
v 0.777019 0.132649 -0.045574
v 0.767615 0.143969 -0.045229
v 0.764796 0.140893 -0.044271
v 0.779214 0.131051 -0.046641
v 0.784138 0.129621 -0.050699
v 0.775559 0.133779 -0.057568
v 0.779697 0.130509 -0.056814
v 0.773625 0.131832 -0.056556
v 0.778021 0.128823 -0.055556
v 0.784694 0.131008 -0.056856
v 0.783630 0.128895 -0.055701
v 0.759679 0.144019 -0.044230
v 0.758065 0.139612 -0.046597
v 0.763168 0.136837 -0.046358
v 0.770349 0.132131 -0.046407
v 0.763710 0.134125 -0.050414
v 0.766646 0.133575 -0.054782
v 0.772002 0.130456 -0.054251
v 0.770254 0.130195 -0.050557
v 0.776425 0.128047 -0.053260
v 0.775419 0.128146 -0.050416
v 0.775827 0.129814 -0.047430
v 0.779635 0.127345 -0.051712
v 0.781642 0.127663 -0.053812
v 0.781322 0.129092 -0.049223
v 0.778851 0.129114 -0.048279
v 0.778176 0.127807 -0.050123
v 0.741846 0.124571 -0.064236
v 0.735923 0.129465 -0.064048
v 0.733379 0.125605 -0.065730
v 0.739462 0.120548 -0.066183
v 0.747316 0.133217 -0.073285
v 0.741735 0.137575 -0.073925
v 0.740692 0.136115 -0.068576
v 0.746072 0.131342 -0.067938
v 0.745419 0.130586 -0.078585
v 0.739906 0.134965 -0.079465
v 0.735105 0.142717 -0.074036
v 0.723177 0.150243 -0.072851
v 0.721783 0.147944 -0.067080
v 0.733935 0.140922 -0.068509
v 0.712566 0.133481 -0.072246
v 0.711489 0.134963 -0.067439
v 0.738363 0.132898 -0.065391
v 0.744132 0.128122 -0.064957
v 0.724725 0.126338 -0.073351
v 0.732191 0.121462 -0.074072
v 0.732058 0.122512 -0.069371
v 0.724500 0.127446 -0.068525
v 0.713359 0.138969 -0.063267
v 0.716870 0.143228 -0.060773
v 0.719870 0.145847 -0.062976
v 0.726755 0.128494 -0.078246
v 0.715377 0.136109 -0.077660
v 0.718322 0.141964 -0.080986
v 0.729971 0.133651 -0.081081
v 0.731567 0.138025 -0.064731
v 0.726004 0.131022 -0.064805
v 0.728821 0.134756 -0.062972
v 0.733134 0.139873 -0.079724
v 0.736665 0.128758 -0.080631
v 0.748437 0.114599 -0.077984
v 0.746820 0.111477 -0.074872
v 0.738364 0.116889 -0.074440
v 0.740235 0.119618 -0.078136
v 0.734036 0.123730 -0.078087
v 0.742579 0.124813 -0.080054
v 0.748005 0.113578 -0.066814
v 0.750129 0.117733 -0.064459
v 0.752316 0.121296 -0.064850
v 0.721770 0.148429 -0.079781
v 0.753835 0.124388 -0.067626
v 0.754915 0.126711 -0.072653
v 0.738119 0.117496 -0.069798
v 0.746385 0.111135 -0.070400
v 0.750392 0.119305 -0.079363
v 0.752894 0.124694 -0.077920
v 0.759264 0.119113 -0.077399
v 0.756680 0.114394 -0.078760
v 0.761362 0.121269 -0.072615
v 0.759762 0.119678 -0.067847
v 0.757611 0.117126 -0.065359
v 0.754884 0.110591 -0.077792
v 0.753029 0.108026 -0.075245
v 0.751821 0.107706 -0.070932
v 0.760722 0.106307 -0.077894
v 0.763433 0.109122 -0.078928
v 0.776615 0.107176 -0.071867
v 0.777411 0.107179 -0.075053
v 0.773157 0.110405 -0.074725
v 0.772572 0.111598 -0.071888
v 0.770063 0.112658 -0.075242
v 0.767981 0.115698 -0.073246
v 0.772059 0.109597 -0.078295
v 0.768405 0.111147 -0.077438
v 0.776823 0.105127 -0.078962
v 0.774225 0.102334 -0.079988
v 0.769670 0.105954 -0.078797
v 0.766873 0.108614 -0.078339
v 0.779961 0.103032 -0.073362
v 0.780405 0.104414 -0.075644
v 0.765020 0.114154 -0.077528
v 0.764891 0.115537 -0.068657
v 0.770505 0.110712 -0.068730
v 0.775209 0.105713 -0.069370
v 0.778183 0.101378 -0.071125
v 0.768130 0.108357 -0.066265
v 0.773167 0.103711 -0.067638
v 0.775555 0.100178 -0.069848
v 0.765594 0.104997 -0.065822
v 0.770936 0.101150 -0.067708
v 0.761956 0.113593 -0.065834
v 0.759199 0.110416 -0.065335
v 0.773444 0.099394 -0.069575
v 0.778419 0.098189 -0.074483
v 0.780597 0.099550 -0.076882
v 0.781145 0.102058 -0.079375
v 0.767844 0.104138 -0.078537
v 0.772698 0.100378 -0.078867
v 0.766254 0.102014 -0.078106
v 0.771385 0.098583 -0.078090
v 0.777900 0.099942 -0.080591
v 0.777217 0.098226 -0.079142
v 0.755179 0.113805 -0.065081
v 0.752932 0.110178 -0.067202
v 0.756947 0.106847 -0.067370
v 0.763390 0.101566 -0.068236
v 0.756176 0.104591 -0.071338
v 0.758288 0.104466 -0.075641
v 0.764262 0.100518 -0.076063
v 0.762750 0.100028 -0.072391
v 0.769704 0.097704 -0.076122
v 0.768438 0.097433 -0.073182
v 0.768978 0.098450 -0.069808
v 0.773511 0.096531 -0.075170
v 0.775628 0.096856 -0.077217
v 0.775656 0.097477 -0.072675
v 0.772713 0.097577 -0.071251
v 0.771666 0.096743 -0.073328
v 0.721997 0.112817 -0.076442
v 0.717585 0.117142 -0.075924
v 0.713674 0.113669 -0.076122
v 0.718144 0.109127 -0.076501
v 0.725610 0.117625 -0.086374
v 0.720904 0.123137 -0.086193
v 0.721741 0.122202 -0.081950
v 0.726132 0.117322 -0.082587
v 0.722868 0.115150 -0.089803
v 0.717422 0.120505 -0.090023
v 0.715845 0.128203 -0.085497
v 0.708277 0.135003 -0.084251
v 0.709093 0.133106 -0.078929
v 0.716990 0.126867 -0.080675
v 0.720476 0.120000 -0.078412
v 0.724890 0.115509 -0.079085
v 0.703564 0.114478 -0.080966
v 0.709565 0.109781 -0.082419
v 0.710749 0.110924 -0.078744
v 0.704925 0.115866 -0.077464
v 0.698496 0.126381 -0.072921
v 0.703142 0.129183 -0.072351
v 0.706855 0.131055 -0.074793
v 0.704218 0.115497 -0.086105
v 0.695194 0.123383 -0.083744
v 0.698283 0.127223 -0.088309
v 0.707190 0.120177 -0.089904
v 0.715601 0.124322 -0.076879
v 0.708077 0.118268 -0.074562
v 0.712376 0.121563 -0.074380
v 0.711714 0.125623 -0.089460
v 0.713052 0.115421 -0.090309
v 0.724284 0.100356 -0.088878
v 0.722832 0.098443 -0.085281
v 0.714493 0.105021 -0.083443
v 0.715754 0.106668 -0.087797
v 0.710066 0.110904 -0.087016
v 0.718981 0.110633 -0.090438
v 0.725231 0.102320 -0.077764
v 0.728577 0.105922 -0.076953
v 0.731267 0.108632 -0.079483
v 0.703818 0.132600 -0.088639
v 0.694015 0.122143 -0.078624
v 0.732653 0.110089 -0.082618
v 0.732706 0.110380 -0.086225
v 0.715312 0.106223 -0.079408
v 0.722799 0.099421 -0.081004
v 0.726997 0.104140 -0.090795
v 0.730259 0.108428 -0.089980
v 0.735632 0.103512 -0.090080
v 0.732377 0.099477 -0.091306
v 0.738294 0.105456 -0.086460
v 0.737609 0.105037 -0.082766
v 0.735709 0.103895 -0.079812
v 0.729835 0.095968 -0.089424
v 0.728498 0.094473 -0.086270
v 0.727663 0.095706 -0.081996
v 0.733722 0.092319 -0.089866
v 0.737217 0.095070 -0.091353
v 0.751324 0.092727 -0.085911
v 0.751183 0.092241 -0.088244
v 0.747420 0.095337 -0.087585
v 0.747833 0.096500 -0.085615
v 0.744757 0.097872 -0.088062
v 0.743296 0.100695 -0.086822
v 0.745939 0.093878 -0.090828
v 0.742700 0.096876 -0.090304
v 0.749553 0.090465 -0.091506
v 0.746046 0.087891 -0.092072
v 0.742542 0.091361 -0.091196
v 0.740570 0.094499 -0.091198
v 0.753633 0.088986 -0.087242
v 0.753393 0.089721 -0.089123
v 0.739834 0.099488 -0.090065
v 0.741734 0.101162 -0.083000
v 0.746464 0.096484 -0.082818
v 0.750215 0.092146 -0.083301
v 0.752005 0.088125 -0.084576
v 0.744150 0.095277 -0.080398
v 0.747988 0.090928 -0.081310
v 0.749505 0.087528 -0.082631
v 0.741402 0.093366 -0.078989
v 0.745618 0.089289 -0.080412
v 0.739338 0.100028 -0.080156
v 0.736247 0.098228 -0.078572
v 0.747414 0.087235 -0.081904
v 0.750595 0.084339 -0.087153
v 0.752489 0.085456 -0.089967
v 0.752581 0.087492 -0.092019
v 0.740035 0.089802 -0.091212
v 0.743941 0.086216 -0.091326
v 0.737948 0.088400 -0.089627
v 0.742449 0.085028 -0.089688
v 0.749077 0.085967 -0.092535
v 0.748166 0.084434 -0.091452
v 0.732844 0.101861 -0.078016
v 0.729598 0.098798 -0.078845
v 0.733293 0.095574 -0.079357
v 0.738675 0.090517 -0.080161
v 0.731351 0.092824 -0.082559
v 0.732151 0.091633 -0.086588
v 0.736747 0.087790 -0.086864
v 0.736579 0.088552 -0.083324
v 0.741423 0.084652 -0.087139
v 0.741368 0.085202 -0.084188
v 0.743137 0.086930 -0.081526
v 0.745148 0.083480 -0.086743
v 0.746571 0.083516 -0.089313
v 0.748277 0.084619 -0.084744
v 0.746101 0.085345 -0.083076
v 0.744207 0.084141 -0.084685
v 0.695275 0.124022 -0.075485
v 0.688292 0.103922 -0.084983
v 0.685852 0.108391 -0.084017
v 0.682428 0.106307 -0.083872
v 0.684763 0.101883 -0.084822
v 0.690413 0.106561 -0.094874
v 0.687728 0.111761 -0.094203
v 0.689493 0.111796 -0.089967
v 0.692149 0.106765 -0.090978
v 0.686130 0.104430 -0.097325
v 0.683103 0.109583 -0.096926
v 0.684237 0.117494 -0.092588
v 0.678936 0.126946 -0.089871
v 0.681181 0.125023 -0.085014
v 0.686123 0.117174 -0.088079
v 0.663161 0.121378 -0.082788
v 0.667568 0.116105 -0.084050
v 0.670372 0.116647 -0.080822
v 0.665276 0.122222 -0.078610
v 0.688604 0.110406 -0.086196
v 0.690992 0.105573 -0.087379
v 0.673329 0.108355 -0.086737
v 0.676610 0.103455 -0.088445
v 0.679209 0.104460 -0.085444
v 0.676092 0.108964 -0.083559
v 0.669597 0.123393 -0.076015
v 0.673994 0.118081 -0.079095
v 0.677552 0.120450 -0.079115
v 0.674665 0.125027 -0.075198
v 0.680131 0.122273 -0.081015
v 0.672515 0.109323 -0.090846
v 0.666604 0.117269 -0.087992
v 0.667674 0.120504 -0.092168
v 0.674574 0.111842 -0.094624
v 0.685327 0.115268 -0.084466
v 0.679402 0.110674 -0.082033
v 0.682820 0.113082 -0.082403
v 0.679513 0.115756 -0.095588
v 0.678445 0.106299 -0.095892
v 0.682457 0.093060 -0.094772
v 0.682446 0.092753 -0.091286
v 0.679027 0.098745 -0.089588
v 0.678709 0.099207 -0.093609
v 0.675975 0.104031 -0.092563
v 0.681361 0.101276 -0.096736
v 0.687821 0.096036 -0.086080
v 0.691599 0.097830 -0.086333
v 0.694164 0.099467 -0.088546
v 0.673454 0.125659 -0.093838
v 0.695358 0.100226 -0.091795
v 0.694029 0.099998 -0.095442
v 0.681490 0.099960 -0.086488
v 0.684598 0.094030 -0.088005
v 0.685082 0.094986 -0.097598
v 0.689785 0.098137 -0.097837
v 0.692937 0.093201 -0.098939
v 0.688352 0.090034 -0.098677
v 0.696911 0.095120 -0.096212
v 0.697800 0.095961 -0.092692
v 0.696228 0.095129 -0.089562
v 0.685505 0.088417 -0.095518
v 0.685572 0.088734 -0.092396
v 0.687328 0.090409 -0.089556
v 0.688643 0.084331 -0.096486
v 0.691928 0.085351 -0.099529
v 0.705089 0.082983 -0.095775
v 0.704212 0.082754 -0.097859
v 0.702121 0.085357 -0.097549
v 0.702934 0.086656 -0.095545
v 0.699878 0.087889 -0.097857
v 0.699635 0.090459 -0.096625
v 0.699516 0.084213 -0.099891
v 0.697273 0.086954 -0.099425
v 0.701875 0.080941 -0.100649
v 0.698297 0.078322 -0.100278
v 0.695979 0.081508 -0.100106
v 0.694835 0.084550 -0.100018
v 0.706140 0.079365 -0.096898
v 0.705575 0.080191 -0.098599
v 0.695533 0.089437 -0.099322
v 0.700045 0.091610 -0.093232
v 0.702994 0.087145 -0.093311
v 0.705478 0.082364 -0.093673
v 0.705618 0.078278 -0.094774
v 0.701366 0.086895 -0.091060
v 0.703683 0.082085 -0.091770
v 0.703944 0.078521 -0.092886
v 0.698713 0.086409 -0.089522
v 0.701308 0.081757 -0.090594
v 0.698411 0.091869 -0.090527
v 0.695649 0.091115 -0.088720
v 0.702298 0.079068 -0.091730
v 0.703312 0.075711 -0.096063
v 0.703975 0.076178 -0.098615
v 0.703759 0.077912 -0.100883
v 0.693678 0.080356 -0.099193
v 0.696696 0.076759 -0.099019
v 0.691859 0.080208 -0.096789
v 0.696002 0.076361 -0.096711
v 0.700563 0.076476 -0.100690
v 0.700249 0.075233 -0.099063
v 0.693633 0.093946 -0.087626
v 0.690381 0.092309 -0.087384
v 0.692293 0.089295 -0.088343
v 0.695574 0.084895 -0.089209
v 0.689494 0.087045 -0.090293
v 0.688136 0.085209 -0.093276
v 0.691694 0.080869 -0.093869
v 0.692854 0.082550 -0.090966
v 0.695916 0.077164 -0.094158
v 0.696871 0.078629 -0.091946
v 0.698907 0.080477 -0.090492
v 0.699637 0.075833 -0.094332
v 0.699882 0.074953 -0.096571
v 0.702221 0.076425 -0.093838
v 0.701026 0.077813 -0.092160
v 0.699403 0.077023 -0.092788
v 0.662962 0.121741 -0.086410
v 0.706768 0.205040 -0.028622
v 0.705750 0.199759 -0.028584
v 0.700615 0.193795 -0.020786
v 0.697402 0.195381 -0.014894
v 0.695726 0.200611 -0.011129
v 0.696824 0.206015 -0.011323
v 0.699486 0.210096 -0.014116
v 0.703913 0.195650 -0.025877
v 0.706114 0.210391 -0.025762
v 0.703089 0.212283 -0.019667
v 0.712806 0.212382 -0.015269
v 0.715259 0.210343 -0.021732
v 0.708921 0.210560 -0.009651
v 0.705127 0.206099 -0.007072
v 0.702692 0.200747 -0.007702
v 0.714892 0.204822 -0.025238
v 0.712819 0.199505 -0.025391
v 0.709706 0.195232 -0.022457
v 0.722881 0.205309 -0.021784
v 0.726284 0.210406 -0.017200
v 0.728564 0.208240 -0.000442
v 0.730693 0.211446 -0.002691
v 0.726598 0.211475 -0.004153
v 0.723602 0.209032 -0.001824
v 0.724257 0.211777 -0.005970
v 0.719197 0.210439 -0.005291
v 0.730135 0.213523 -0.008649
v 0.727127 0.212997 -0.009803
v 0.732654 0.212228 -0.013524
v 0.729465 0.212638 -0.013634
v 0.734240 0.213967 -0.007014
v 0.734504 0.211450 -0.001962
v 0.737429 0.212635 -0.005363
v 0.734008 0.208418 -0.000625
v 0.722702 0.212655 -0.011346
v 0.713173 0.205871 -0.003822
v 0.720412 0.205151 -0.001097
v 0.727086 0.204200 0.000153
v 0.732993 0.204011 -0.001109
v 0.718509 0.200031 -0.002475
v 0.726280 0.199761 -0.001991
v 0.731517 0.200512 -0.003248
v 0.718513 0.196026 -0.006395
v 0.726279 0.197262 -0.005315
v 0.709362 0.200403 -0.004883
v 0.708674 0.195837 -0.009005
v 0.730393 0.198625 -0.005297
v 0.737207 0.204441 -0.005236
v 0.738768 0.208817 -0.004396
v 0.732316 0.208973 -0.016410
v 0.736205 0.212379 -0.011736
v 0.736507 0.208692 -0.013965
v 0.730090 0.204790 -0.018386
v 0.735265 0.204493 -0.014745
v 0.738767 0.212207 -0.009439
v 0.739281 0.208786 -0.010192
v 0.702883 0.195744 -0.011618
v 0.705780 0.193789 -0.017141
v 0.711433 0.193991 -0.014843
v 0.720484 0.194804 -0.011888
v 0.715825 0.195521 -0.020085
v 0.719874 0.199940 -0.022768
v 0.727648 0.200382 -0.018605
v 0.724219 0.196450 -0.016416
v 0.733048 0.200818 -0.014271
v 0.730428 0.198117 -0.012519
v 0.727917 0.196845 -0.009143
v 0.735221 0.201335 -0.010320
v 0.737852 0.204591 -0.010336
v 0.734620 0.201231 -0.006331
v 0.732031 0.199012 -0.007527
v 0.732962 0.199463 -0.010123
v 0.660646 0.125626 -0.076461
v 0.665193 0.127888 -0.073227
v 0.659279 0.132584 -0.072021
v 0.651898 0.137585 -0.070214
v 0.642473 0.139807 -0.073281
v 0.656434 0.141564 -0.067658
v 0.663723 0.136490 -0.069610
v 0.671999 0.130998 -0.071503
v 0.654670 0.149345 -0.064383
v 0.040820 0.675557 0.070765
v 0.044145 0.674468 0.068709
v 0.045592 0.668641 0.066123
v 0.043119 0.668295 0.067987
v 0.039966 0.668231 0.069561
v 0.036110 0.668409 0.070573
v 0.030517 0.675787 0.071627
v 0.036021 0.676143 0.071938
v 0.021061 0.670062 0.068974
v 0.022887 0.671510 0.069024
v 0.021837 0.669150 0.069293
v 0.027875 0.668894 0.070557
v 0.024181 0.669217 0.069560
v 0.047940 0.672077 0.064886
v 0.048820 0.670955 0.063715
v 0.046437 0.673313 0.066678
v 0.031925 0.668677 0.070801
v 0.048624 0.669911 0.063502
v 0.047436 0.669143 0.064338
v 0.025954 0.674113 0.070355
v 0.040254 0.670538 0.069572
v 0.036284 0.670740 0.070807
v 0.031398 0.673532 0.071466
v 0.036304 0.673596 0.071279
v 0.028024 0.670721 0.070658
v 0.025582 0.670474 0.069969
v 0.043147 0.670207 0.068067
v 0.031945 0.670956 0.071013
v 0.040576 0.672956 0.070062
v 0.025167 0.671472 0.069983
v 0.027223 0.672596 0.070762
v 0.048300 0.670829 0.064210
v 0.048019 0.670347 0.064193
v 0.018598 0.435227 0.048555
v 0.018874 0.418320 0.057969
v 0.043751 0.672325 0.068275
v 0.047029 0.670152 0.065048
v 0.045445 0.670167 0.066433
v 0.045737 0.671702 0.066531
v 0.047271 0.671179 0.065137
v 0.282336 0.388959 -0.005446
v 0.276172 0.373585 -0.004357
v 0.297636 0.420478 -0.048240
v 0.291978 0.420005 -0.070213
v 0.063332 0.144164 0.119940
v 0.114161 0.189184 -0.087720
v 0.116684 0.208518 -0.094548
v 0.041473 0.207310 -0.119253
v 0.061192 0.202848 -0.117039
v 0.146853 0.191230 0.023077
v 0.146128 0.171404 0.027129
v 0.106464 0.185507 0.081086
v 0.104767 0.163725 0.085214
v 0.134906 0.148379 0.053745
v 0.082977 0.156075 -0.100508
v 0.080857 0.176377 -0.104584
v 0.098392 0.173622 -0.095419
v 0.101268 0.153613 -0.092119
v 0.021503 0.186966 -0.109047
v 0.021872 0.209862 -0.115860
v 0.154326 0.213166 -0.005675
v 0.152799 0.215194 -0.032354
v 0.133977 0.221728 -0.079513
v 0.119108 0.227763 -0.097173
v 0.083690 0.243330 -0.119802
v 0.102395 0.235295 -0.110069
v 0.091685 0.207783 0.093607
v 0.073743 0.228723 0.101317
v 0.147660 0.211752 0.020417
v 0.026973 0.209253 0.120994
v 0.042866 0.278854 -0.134997
v 0.066021 0.274298 -0.131609
v 0.145706 0.217876 -0.057411
v 0.035084 0.377081 0.085301
v 0.034969 0.361496 0.094559
v 0.052498 0.365453 0.094269
v 0.053159 0.380434 0.083950
v 0.069326 0.367715 0.092369
v 0.085369 0.369047 0.089176
v 0.100040 0.369448 0.084883
v 0.134838 0.364622 0.068137
v 0.124677 0.367134 0.074332
v 0.150641 0.356172 0.053115
v 0.143504 0.361438 0.061424
v 0.155651 0.345956 0.042682
v 0.158618 0.333837 0.029305
v 0.161547 0.322300 0.013720
v 0.164322 0.335167 0.007692
v 0.156243 0.321075 0.036970
v 0.152842 0.333319 0.049692
v 0.147869 0.342673 0.060591
v 0.020285 0.319551 0.106860
v 0.023287 0.295100 0.107861
v 0.017552 0.450888 0.039878
v 0.448286 0.267739 -0.097140
v 0.578160 0.243792 -0.044073
v 0.029222 0.475844 -0.120905
v 0.012582 0.471908 -0.119299
v -0.002359 0.459553 -0.118923
v -0.002826 0.470428 -0.116247
v 0.103988 0.504563 -0.089799
v 0.089059 0.491352 -0.108431
v 0.068363 0.479512 -0.119177
v 0.048489 0.470720 -0.124157
v 0.135957 0.230125 0.042779
v 0.032376 0.439575 -0.131723
v 0.050351 0.459088 -0.128467
v 0.072365 0.468501 -0.124510
v 0.095040 0.480536 -0.114234
v 0.117190 0.495954 -0.095546
v 0.134177 0.497052 -0.087726
v 0.157926 0.480065 -0.092706
v 0.169014 0.479017 -0.086938
v 0.171850 0.492196 -0.070748
v 0.185116 0.488206 -0.065873
v 0.181114 0.476764 -0.082097
v 0.262198 0.433871 -0.078572
v 0.272313 0.422879 -0.083067
v 0.275479 0.410756 -0.090406
v 0.273875 0.398017 -0.096890
v 0.267824 0.386608 -0.101060
v 0.258208 0.377390 -0.102394
v 0.244918 0.373098 -0.101736
v 0.208460 0.373853 -0.093537
v 0.197953 0.374773 -0.091426
v 0.172364 0.348723 -0.093882
v 0.165520 0.341632 -0.096573
v 0.136551 0.301842 -0.109311
v 0.146224 0.315339 -0.105878
v 0.126542 0.286496 -0.113210
v 0.101765 0.059399 -0.108183
v 0.095995 0.077030 -0.101579
v 0.116083 0.078712 -0.092294
v 0.121073 0.061572 -0.097707
v 0.024448 0.112680 -0.099465
v 0.047018 0.113381 -0.101396
v 0.163223 0.076708 -0.008110
v 0.158802 0.079134 -0.036221
v 0.148425 0.080312 -0.059965
v 0.133349 0.079966 -0.078137
v 0.159826 0.071558 0.019342
v 0.078360 0.034804 0.114347
v 0.098887 0.041370 0.100786
v 0.017205 0.023942 0.134357
v 0.036775 0.026221 0.130871
v 0.150551 0.064127 0.043966
v 0.057210 0.029841 0.124518
v 0.118498 0.048257 0.084461
v 0.136639 0.055910 0.065498
v 0.091549 0.094582 -0.097912
v 0.071936 0.093276 -0.102627
v 0.068148 0.114264 -0.099819
v 0.037169 0.345074 -0.144692
v 0.057731 0.346857 -0.146050
v 0.078970 0.350797 -0.145158
v 0.095170 0.374916 -0.142498
v 0.113035 0.381648 -0.136958
v 0.115650 0.364515 -0.135890
v 0.098037 0.356800 -0.141109
v 0.145563 0.396065 -0.122354
v 0.158040 0.401789 -0.117951
v 0.158954 0.387657 -0.116045
v 0.146974 0.381104 -0.120702
v 0.169204 0.393271 -0.112024
v 0.177208 0.397005 -0.107726
v 0.185859 0.399264 -0.103722
v 0.196895 0.400114 -0.102793
v 0.198319 0.423570 -0.105412
v 0.187239 0.423904 -0.107214
v 0.145309 0.412443 -0.122607
v 0.129940 0.406114 -0.129627
v 0.034145 0.379509 -0.141927
v 0.016076 0.377047 -0.136300
v 0.165660 0.316011 -0.005723
v 0.168790 0.311223 -0.026496
v 0.168711 0.309211 -0.046116
v 0.166399 0.309916 -0.063501
v 0.163378 0.312997 -0.078315
v 0.159095 0.317713 -0.091590
v 0.153606 0.324918 -0.102678
v 0.159387 0.333738 -0.099684
v 0.147273 0.334283 -0.111899
v 0.155099 0.342865 -0.107663
v 0.140837 0.345250 -0.119126
v 0.135357 0.358144 -0.124856
v 0.131839 0.373108 -0.127811
v 0.129930 0.389451 -0.129361
v 0.093702 0.392917 -0.141927
v 0.112345 0.399606 -0.136565
v 0.072868 0.405332 -0.143647
v 0.073864 0.422797 -0.139942
v 0.075296 0.368766 -0.146039
v 0.073779 0.387466 -0.146089
v 0.070808 0.515930 -0.089381
v 0.053537 0.508049 -0.100538
v 0.238927 0.388478 -0.102930
v 0.247805 0.384593 -0.102827
v 0.239266 0.379714 -0.102251
v 0.234964 0.383756 -0.102443
v 0.254480 0.392369 -0.101899
v 0.245515 0.404980 -0.101243
v 0.258533 0.402511 -0.099231
v 0.242820 0.396100 -0.102631
v 0.259963 0.413273 -0.094957
v 0.247161 0.415007 -0.098327
v 0.258069 0.423074 -0.090524
v 0.247080 0.423604 -0.094621
v 0.246034 0.429789 -0.091622
v 0.252440 0.431926 -0.087014
v 0.214136 0.442901 -0.095793
v 0.226507 0.438743 -0.093887
v 0.238101 0.433360 -0.092441
v 0.208350 0.399134 -0.102940
v 0.220528 0.399076 -0.103519
v 0.231830 0.397887 -0.103330
v 0.234190 0.407188 -0.102394
v 0.222176 0.408471 -0.103584
v 0.209503 0.409477 -0.104121
v 0.034567 0.362696 -0.143935
v 0.053897 0.365477 -0.146903
v 0.168680 0.406575 -0.113923
v 0.177441 0.409336 -0.109912
v 0.186328 0.410582 -0.106360
v 0.197116 0.410965 -0.104774
v 0.177755 0.422633 -0.110598
v 0.168482 0.420696 -0.114171
v 0.157776 0.417008 -0.118342
v 0.053333 0.383056 -0.145992
v 0.016588 0.360205 -0.139103
v 0.182209 0.452407 0.016683
v 0.186831 0.475768 0.002906
v 0.191103 0.491323 -0.018379
v 0.189979 0.494845 -0.043154
v -0.002076 0.503186 -0.103132
v 0.364570 0.284105 -0.063102
v 0.000506 0.304273 -0.135712
v -0.000819 0.324703 -0.139135
v 0.003301 0.235482 -0.117989
v 0.002074 0.258416 -0.125858
v 0.044450 0.137726 -0.101938
v 0.023193 0.139440 -0.099368
v 0.022270 0.163467 -0.103500
v 0.000833 0.090540 -0.103264
v 0.001646 0.112846 -0.095721
v 0.003226 0.165247 -0.098724
v 0.002935 0.189659 -0.103180
v 0.020945 0.280851 -0.134046
v 0.017672 0.343247 -0.142192
v -0.001158 0.359772 -0.136503
v -0.000463 0.375719 -0.133566
v -0.000300 0.392081 -0.131700
v 0.110388 0.339557 0.098420
v 0.111371 0.354192 0.089685
v 0.098824 0.354883 0.094839
v 0.098310 0.340237 0.103303
v 0.130509 0.337487 0.084989
v 0.132337 0.350924 0.076900
v 0.122407 0.352807 0.083546
v 0.121131 0.338657 0.091920
v 0.140679 0.347799 0.069303
v 0.138484 0.334870 0.076958
v 0.109785 0.323946 0.104828
v 0.120459 0.323429 0.098499
v 0.098157 0.324690 0.109656
v 0.136305 0.321307 0.083368
v 0.129006 0.322796 0.091198
v 0.012235 0.551751 0.067075
v 0.011746 0.557426 0.081888
v 0.006101 0.600517 0.095217
v 0.005703 0.604943 0.093126
v 0.005092 0.540304 0.046876
v 0.004789 0.532081 0.041677
v 0.003703 0.582100 0.092565
v 0.003990 0.567869 0.092704
v 0.003413 0.627152 0.096146
v 0.003434 0.623575 0.094832
v 0.003719 0.612377 0.096234
v 0.003809 0.608474 0.094986
v 0.004389 0.522587 0.037036
v 0.005283 0.546627 0.054713
v 0.003529 0.503078 0.029656
v 0.003323 0.493181 0.026396
v 0.014229 0.483935 0.024277
v 0.015203 0.473445 0.026445
v 0.019225 0.339974 0.101482
v 0.018579 0.386406 0.075857
v 0.018502 0.372896 0.085639
v 0.018733 0.401609 0.066673
v 0.016379 0.462942 0.032405
v 0.003981 0.512973 0.032984
v 0.003861 0.595581 0.094692
v 0.003827 0.589912 0.092105
v 0.003549 0.619597 0.094860
v 0.003636 0.616005 0.095516
v 0.002619 0.433463 0.049369
v 0.002342 0.416494 0.058934
v 0.018499 0.356824 0.094012
v 0.003744 0.316600 0.104743
v 0.003846 0.291958 0.105827
v 0.002886 0.449288 0.040332
v 0.003671 0.268313 0.106199
v 0.170092 -0.093605 -0.079410
v 0.153450 -0.111151 -0.098752
v 0.143046 -0.100139 -0.110299
v 0.156253 -0.086890 -0.096972
v 0.163155 -0.046295 -0.079424
v 0.163597 -0.022697 -0.073717
v 0.164560 0.002680 -0.069841
v 0.123007 -0.109623 -0.122753
v 0.093466 -0.096161 -0.138837
v 0.096996 -0.114321 -0.131885
v 0.150021 -0.000188 -0.094379
v 0.149906 -0.025867 -0.097869
v 0.147244 -0.083695 -0.106579
v 0.148626 -0.069978 -0.104421
v 0.162553 -0.068460 -0.087821
v 0.117842 -0.093622 -0.128549
v 0.136210 -0.089059 -0.116723
v 0.059727 0.055966 -0.117915
v 0.063454 0.036726 -0.126811
v 0.035699 0.036433 -0.128061
v 0.138830 0.063945 -0.081895
v 0.126435 0.042942 -0.103961
v 0.000557 -0.100534 -0.129245
v 0.133770 -0.073043 -0.118903
v 0.090652 -0.075238 -0.142545
v 0.115305 -0.074673 -0.132718
v 0.090648 -0.004396 -0.137920
v 0.113314 -0.003641 -0.128227
v 0.112636 -0.028898 -0.132327
v 0.089893 -0.028003 -0.142774
v 0.132800 -0.002642 -0.114081
v 0.130435 0.021200 -0.109285
v 0.089546 0.017878 -0.131085
v 0.111178 0.019595 -0.122297
v 0.106991 0.040631 -0.115540
v 0.132952 -0.028766 -0.117248
v 0.089620 -0.052595 -0.144832
v 0.061440 -0.051744 -0.150387
v 0.031503 -0.050426 -0.148289
v 0.001354 -0.051681 -0.144803
v 0.001417 -0.028079 -0.145480
v 0.086193 0.038701 -0.122906
v 0.076442 0.075713 -0.106994
v 0.082076 0.057538 -0.114519
v 0.065402 0.136253 -0.100233
v 0.175436 -0.324313 0.069339
v 0.006871 -0.161501 -0.018966
v 0.009893 -0.170426 0.009244
v 0.177307 -0.055768 0.043115
v 0.187816 -0.072467 -0.034209
v 0.175616 -0.069427 -0.063671
v 0.022875 -0.174644 0.055730
v 0.037927 -0.166278 0.078497
v 0.157779 -0.064685 0.070729
v 0.112310 -0.118363 0.102688
v 0.014976 -0.175335 0.032719
v 0.149223 -0.049598 -0.100931
v 0.133141 -0.052643 -0.118922
v 0.113602 -0.053558 -0.133785
v 0.062092 -0.074514 -0.148396
v 0.030591 -0.071981 -0.145765
v 0.001295 -0.071968 -0.140891
v 0.022094 -0.110145 0.102026
v 0.010579 -0.103333 0.108105
v 0.017809 -0.101215 0.109255
v 0.001747 -0.089771 0.113130
v 0.002213 -0.105488 0.105761
v 0.011604 -0.117069 0.097974
v 0.002405 -0.119067 0.094793
v 0.002067 -0.133863 0.084246
v 0.076790 0.014113 0.112775
v 0.098704 0.021180 0.100023
v 0.015992 0.002174 0.130945
v 0.034719 0.004003 0.127846
v 0.154520 0.046482 0.044078
v 0.055021 0.007934 0.122063
v 0.119964 0.028852 0.084695
v 0.139418 0.037754 0.065753
v 0.001693 0.017590 -0.136598
v 0.001826 0.038881 -0.128407
v -0.001561 0.001270 0.130943
v 0.004351 0.556922 0.082344
v 0.004633 0.551128 0.067386
v 0.001863 0.743864 0.062897
v -0.000703 0.549841 -0.076035
v 0.002864 0.689468 0.083944
v 0.003806 0.604781 0.093049
v 0.003505 0.629454 0.098932
v 0.003231 0.482859 0.023762
v 0.003197 0.471960 0.025411
v 0.000087 -0.147150 -0.020647
v 0.002902 0.461271 0.032107
v 0.000689 -0.147127 -0.033664
v 0.003495 0.212567 -0.109966
v 0.241480 -0.765144 -0.055389
v 0.239467 -0.763538 -0.070473
v 0.249441 -0.791593 -0.066463
v 0.249115 -0.792984 -0.051739
v 0.256283 -0.754286 -0.098693
v 0.245642 -0.759216 -0.090820
v 0.270378 -0.750277 -0.100503
v 0.283472 -0.748121 -0.094964
v 0.286412 -0.778285 -0.092478
v 0.275488 -0.780310 -0.099434
v 0.292016 -0.746938 -0.085619
v 0.301733 -0.775556 -0.072710
v 0.298147 -0.746318 -0.073950
v 0.301475 -0.747135 -0.055958
v 0.303259 -0.775426 -0.055469
v 0.296231 -0.752593 -0.035754
v 0.298194 -0.780090 -0.036040
v 0.282630 -0.758940 -0.024196
v 0.248189 -0.766234 -0.040451
v 0.253590 -0.793678 -0.035978
v 0.262748 -0.783972 -0.097813
v 0.254590 -0.788263 -0.088231
v 0.251335 -0.790153 -0.076897
v 0.241309 -0.761927 -0.081377
v 0.255621 -0.819921 -0.062652
v 0.250842 -0.821199 -0.046732
v 0.269062 -0.813012 -0.098007
v 0.263659 -0.816258 -0.084436
v 0.289752 -0.807125 -0.091128
v 0.281041 -0.808796 -0.101006
v 0.309161 -0.802730 -0.072520
v 0.299653 -0.804955 -0.082031
v 0.294440 -0.776767 -0.083110
v 0.309280 -0.802164 -0.055633
v 0.303712 -0.805118 -0.032855
v 0.256080 -0.820153 -0.029127
v 0.259957 -0.818406 -0.073501
v 0.332183 -0.892409 0.125472
v 0.329923 -0.888384 0.124974
v 0.325597 -0.889429 0.125734
v 0.325596 -0.894728 0.126580
v 0.292950 -0.903135 0.137036
v 0.288522 -0.893555 0.139513
v 0.280925 -0.897113 0.136966
v 0.282670 -0.908947 0.134470
v 0.310865 -0.898925 0.135640
v 0.312752 -0.901821 0.132053
v 0.317548 -0.900551 0.131493
v 0.318600 -0.896958 0.135122
v 0.353104 -0.883161 0.094433
v 0.354302 -0.887494 0.091803
v 0.358464 -0.886111 0.090087
v 0.358747 -0.882152 0.091459
v 0.339935 -0.890264 0.113647
v 0.341309 -0.894330 0.110492
v 0.345189 -0.892591 0.108973
v 0.346163 -0.889156 0.110690
v 0.291254 -0.888175 0.115350
v 0.277330 -0.890425 0.112605
v 0.279100 -0.895362 0.127019
v 0.290288 -0.890162 0.129667
v 0.275201 -0.905558 0.122739
v 0.273713 -0.902465 0.106990
v 0.282583 -0.908200 0.105642
v 0.283189 -0.908356 0.119980
v 0.295065 -0.905079 0.109144
v 0.294496 -0.905597 0.121983
v 0.299928 -0.896706 0.113790
v 0.300715 -0.896685 0.128118
v 0.318930 -0.890865 0.115172
v 0.312508 -0.884860 0.116208
v 0.315090 -0.888785 0.128592
v 0.322315 -0.893384 0.127095
v 0.301953 -0.888290 0.117790
v 0.307155 -0.891091 0.129671
v 0.300705 -0.898910 0.116518
v 0.307130 -0.902354 0.112645
v 0.309926 -0.902227 0.125415
v 0.303452 -0.899059 0.129574
v 0.316134 -0.899173 0.112084
v 0.318696 -0.900044 0.124179
v 0.329679 -0.880439 0.108558
v 0.319479 -0.884284 0.111098
v 0.323238 -0.888087 0.120338
v 0.330659 -0.885749 0.119060
v 0.320696 -0.896545 0.120223
v 0.318534 -0.894623 0.110672
v 0.324901 -0.897405 0.107586
v 0.326775 -0.898061 0.118056
v 0.333936 -0.894277 0.106160
v 0.334096 -0.896283 0.117287
v 0.336082 -0.885673 0.108278
v 0.336693 -0.889873 0.118661
v 0.350801 -0.881400 0.094339
v 0.345632 -0.875502 0.095289
v 0.345788 -0.881255 0.104831
v 0.349948 -0.886297 0.103711
v 0.337909 -0.878264 0.099207
v 0.339653 -0.882497 0.107027
v 0.335848 -0.888080 0.108025
v 0.335983 -0.884926 0.101148
v 0.340480 -0.892285 0.096779
v 0.339812 -0.894466 0.105138
v 0.348778 -0.889942 0.093037
v 0.347410 -0.892629 0.102983
v 0.359558 -0.871111 0.078513
v 0.359134 -0.874852 0.086721
v 0.362234 -0.879990 0.084874
v 0.362948 -0.877652 0.074919
v 0.352678 -0.872542 0.083549
v 0.352949 -0.875852 0.089660
v 0.350212 -0.881676 0.089700
v 0.351498 -0.879017 0.084635
v 0.353578 -0.887056 0.080749
v 0.352868 -0.888391 0.086848
v 0.360120 -0.884705 0.076363
v 0.359988 -0.886524 0.084505
v 0.295165 -0.886062 0.101052
v 0.276945 -0.886264 0.097894
v 0.284941 -0.908262 0.129817
v 0.274150 -0.899685 0.092279
v 0.291284 -0.906623 0.130822
v 0.299469 -0.903371 0.097041
v 0.283728 -0.906549 0.090891
v 0.298927 -0.896562 0.107715
v 0.315508 -0.891966 0.134909
v 0.319050 -0.898013 0.095472
v 0.317433 -0.892354 0.105201
v 0.310617 -0.893237 0.135455
v 0.313651 -0.881522 0.099601
v 0.331407 -0.877406 0.090739
v 0.328452 -0.897786 0.123703
v 0.332454 -0.896691 0.123232
v 0.337218 -0.892955 0.088655
v 0.336283 -0.883613 0.098982
v 0.344814 -0.884864 0.110481
v 0.351591 -0.888227 0.077499
v 0.351629 -0.878549 0.084978
v 0.341078 -0.885578 0.111864
v 0.347458 -0.871297 0.079232
v 0.356920 -0.878812 0.091260
v 0.361188 -0.884457 0.065807
v 0.364225 -0.875467 0.062656
v 0.353709 -0.878975 0.093190
v 0.358999 -0.868082 0.067548
v 0.262960 -0.792730 -0.024355
v 0.257340 -0.766164 -0.028872
v 0.268924 -0.764373 -0.023005
v 0.273942 -0.790777 -0.019669
v 0.286463 -0.785726 -0.022818
v 0.266941 -0.817093 -0.016461
v 0.279159 -0.813798 -0.012601
v 0.291480 -0.810262 -0.018123
v 0.319131 -0.823050 -0.057041
v 0.316294 -0.823046 -0.075150
v 0.304928 -0.825923 -0.084762
v 0.296110 -0.828065 -0.095218
v 0.286842 -0.830377 -0.105091
v 0.260904 -0.841676 -0.023422
v 0.270271 -0.836117 -0.006269
v 0.283432 -0.830626 -0.000347
v 0.298370 -0.827277 -0.008003
v 0.272109 -0.881522 0.081106
v 0.289465 -0.874790 0.082951
v 0.284155 -0.866875 0.063183
v 0.272588 -0.880328 0.059576
v 0.308082 -0.873053 0.079502
v 0.302559 -0.861925 0.059765
v 0.325782 -0.869812 0.071764
v 0.320139 -0.860925 0.051975
v 0.342381 -0.866509 0.061627
v 0.336359 -0.860808 0.042383
v 0.357011 -0.865040 0.052182
v 0.351516 -0.862919 0.032678
v 0.365740 -0.872890 0.047045
v 0.361957 -0.870808 0.027083
v 0.270926 -0.898952 0.075097
v 0.272635 -0.896152 0.053973
v 0.283235 -0.907103 0.072135
v 0.285268 -0.906275 0.051250
v 0.299886 -0.902735 0.071664
v 0.300626 -0.902230 0.049773
v 0.360486 -0.883985 0.029235
v 0.362543 -0.885187 0.049667
v 0.318372 -0.897587 0.067813
v 0.318273 -0.896532 0.045601
v 0.335844 -0.893760 0.061897
v 0.335187 -0.892977 0.039754
v 0.350685 -0.890164 0.055324
v 0.349673 -0.889777 0.033837
v 0.278556 -0.861355 0.038874
v 0.295570 -0.850304 0.038673
v 0.312526 -0.850807 0.029731
v 0.328987 -0.853445 0.019046
v 0.344438 -0.859833 0.008947
v 0.356067 -0.868398 0.003858
v 0.324711 -0.842694 -0.009680
v 0.338351 -0.859368 -0.017412
v 0.348108 -0.869634 -0.019807
v 0.342306 -0.870469 -0.043696
v 0.335395 -0.858422 -0.043503
v 0.327132 -0.860551 -0.085035
v 0.330946 -0.858783 -0.066788
v 0.339289 -0.870868 -0.067512
v 0.335969 -0.873703 -0.086803
v 0.326125 -0.842218 -0.038360
v 0.323049 -0.841983 -0.061982
v 0.317070 -0.842879 -0.078892
v 0.320111 -0.878826 -0.109356
v 0.314321 -0.863404 -0.109159
v 0.322295 -0.862001 -0.097914
v 0.330320 -0.875891 -0.099782
v 0.304515 -0.885140 -0.114093
v 0.299069 -0.868936 -0.116345
v 0.283931 -0.875905 -0.105130
v 0.288699 -0.891171 -0.104600
v 0.304752 -0.845308 -0.101937
v 0.310926 -0.844580 -0.090987
v 0.293002 -0.848855 -0.109603
v 0.279417 -0.855181 -0.100990
v 0.276968 -0.879060 -0.085911
v 0.273496 -0.858305 -0.083726
v 0.280343 -0.894265 -0.086743
v 0.272921 -0.878904 0.034538
v 0.276360 -0.891621 0.029871
v 0.305858 -0.838263 0.009253
v 0.288404 -0.840318 0.017532
v 0.272394 -0.853133 0.010092
v 0.270355 -0.877025 0.007479
v 0.278239 -0.889973 0.003438
v 0.269249 -0.878962 -0.018040
v 0.278851 -0.890002 -0.020396
v 0.286898 -0.899436 0.026883
v 0.288679 -0.894284 0.001005
v 0.288352 -0.894266 -0.022423
v 0.269713 -0.879853 -0.039702
v 0.277911 -0.891532 -0.041115
v 0.272724 -0.879254 -0.057273
v 0.277847 -0.892660 -0.057859
v 0.278135 -0.893873 -0.071675
v 0.275052 -0.879288 -0.071040
v 0.267712 -0.860839 -0.058526
v 0.270421 -0.859315 -0.070813
v 0.265182 -0.862388 -0.040816
v 0.264658 -0.860308 -0.017867
v 0.356327 -0.881889 0.005299
v 0.349882 -0.880680 -0.018745
v 0.343201 -0.880617 -0.042243
v 0.339701 -0.883075 -0.065567
v 0.334421 -0.886164 -0.083513
v 0.328690 -0.888413 -0.094954
v 0.319919 -0.890400 -0.103303
v 0.306565 -0.893992 -0.105617
v 0.294861 -0.898500 -0.099670
v 0.289057 -0.901786 -0.085585
v 0.287148 -0.902797 -0.072337
v 0.287084 -0.897712 -0.043075
v 0.286190 -0.901417 -0.059025
v 0.257057 -0.844002 -0.043270
v 0.259799 -0.842478 -0.060545
v 0.263805 -0.840559 -0.071782
v 0.274580 -0.835471 -0.097830
v 0.269040 -0.838087 -0.082420
v 0.301332 -0.899394 0.024293
v 0.317771 -0.894564 0.020051
v 0.333716 -0.890985 0.014478
v 0.346909 -0.887872 0.009281
v 0.342634 -0.886692 -0.015600
v 0.330651 -0.889785 -0.011555
v 0.315801 -0.893761 -0.006730
v 0.300711 -0.895290 -0.001912
v 0.336665 -0.887504 -0.038965
v 0.326238 -0.891170 -0.035042
v 0.312544 -0.894830 -0.031156
v 0.299492 -0.896390 -0.025778
v 0.297396 -0.900417 -0.046647
v 0.308718 -0.898087 -0.052404
v 0.320977 -0.894200 -0.056062
v 0.330894 -0.890101 -0.060902
v 0.325977 -0.892242 -0.077776
v 0.316518 -0.895712 -0.072339
v 0.305586 -0.899621 -0.068272
v 0.296280 -0.902318 -0.063063
v 0.321731 -0.893461 -0.087684
v 0.307958 -0.897159 -0.097769
v 0.316152 -0.894871 -0.094603
v 0.300178 -0.900524 -0.094564
v 0.297075 -0.902120 -0.084711
v 0.296189 -0.902691 -0.074279
v 0.303817 -0.899724 -0.085283
v 0.304398 -0.899809 -0.077733
v 0.313885 -0.896282 -0.081834
v 0.311099 -0.896781 -0.088466
v 0.304005 -0.899182 -0.090978
v 0.307751 -0.897675 -0.092486
v 0.311472 -0.827481 -0.029094
v -0.002573 0.515409 -0.096107
v -0.001804 0.447506 -0.122134
v 0.184249 -0.494768 0.014573
v 0.199215 -0.493210 0.018759
v 0.214364 -0.487968 0.019855
v 0.132765 -0.077119 0.090354
v 0.083465 0.144142 0.105744
v 0.089516 0.185808 0.097485
v 0.086715 0.164633 0.101961
v 0.140850 -0.105404 0.094213
v 0.136526 0.209267 0.042700
v 0.000760 -0.088243 -0.133938
v -0.000532 0.407204 -0.129708
v 0.113144 0.368816 0.079739
v 0.001813 -0.004806 -0.142943
v 0.081545 0.655658 -0.013959
v 0.079097 0.653788 -0.015459
v 0.078417 0.650252 -0.016322
v 0.077579 0.648387 -0.020033
v 0.077331 0.646473 -0.023143
v 0.076901 0.645469 -0.025585
v 0.079880 0.650911 -0.018748
v 0.078117 0.653665 -0.021851
v 0.079252 0.653809 -0.018697
v 0.080455 0.652816 -0.017282
v 0.002393 0.398986 0.067066
v 0.003013 0.383132 0.075851
v 0.003094 0.370629 0.086269
v 0.003584 0.354574 0.093815
v 0.003833 0.600460 0.095290
v -0.002929 0.087770 0.136162
v -0.002381 0.103260 0.134468
v 0.002777 0.140667 -0.094670
v -0.002288 0.042578 0.136994
v -0.001893 0.120097 0.134323
v 0.001741 0.281770 -0.131966
v 0.003610 0.336925 0.099965
v -0.002022 0.022768 0.134479
v -0.000965 0.343385 -0.139658
v -0.000632 0.142953 0.133467
v 0.001477 -0.070105 0.117969
v 0.002519 0.208571 0.121281
v -0.041642 0.715212 0.058947
v -0.051897 0.705784 0.050024
v -0.046349 0.697251 0.060980
v -0.035254 0.703019 0.068808
v -0.042651 0.689672 0.068878
v -0.032679 0.692444 0.075472
v -0.058658 0.694151 0.041468
v -0.053306 0.689550 0.052585
v -0.058968 0.653148 0.048525
v -0.056994 0.662325 0.047397
v -0.062563 0.659097 0.039344
v -0.063313 0.646864 0.039935
v -0.058250 0.626723 0.050065
v -0.059646 0.616650 0.040306
v -0.054645 0.609634 0.051563
v -0.052252 0.619986 0.059358
v -0.020271 0.637709 0.080368
v -0.023474 0.643388 0.078032
v -0.029302 0.637618 0.077953
v -0.025369 0.631090 0.080258
v -0.011455 0.648733 0.084703
v -0.007091 0.652861 0.090340
v -0.007524 0.657819 0.084795
v -0.012555 0.653235 0.080475
v -0.014849 0.632248 0.081951
v -0.020098 0.625417 0.081140
v -0.013865 0.639610 0.084367
v -0.015862 0.643609 0.081189
v -0.010305 0.635275 0.095970
v -0.007315 0.636417 0.100398
v -0.008340 0.642069 0.099888
v -0.011646 0.639975 0.093636
v -0.013567 0.632962 0.086621
v -0.009985 0.630112 0.089162
v -0.011257 0.633071 0.091807
v -0.013591 0.636605 0.089038
v -0.010672 0.644398 0.088991
v -0.007389 0.647816 0.095400
v -0.003234 0.650092 0.101838
v -0.003906 0.642802 0.106565
v -0.035714 0.616953 0.076080
v -0.030412 0.613579 0.078855
v -0.025622 0.619446 0.080509
v -0.030832 0.624120 0.078839
v -0.010934 0.626686 0.086165
v -0.013596 0.610945 0.089598
v -0.008034 0.612615 0.093110
v -0.007997 0.616594 0.092395
v -0.014164 0.615056 0.088773
v -0.040947 0.601311 0.069251
v -0.040967 0.592566 0.066828
v -0.034731 0.593698 0.073102
v -0.034937 0.600713 0.074492
v -0.032191 0.587390 0.073170
v -0.038523 0.583827 0.065987
v -0.028307 0.569087 0.070456
v -0.023001 0.576913 0.079274
v -0.028077 0.581872 0.075097
v -0.033999 0.576067 0.067321
v -0.011331 0.583284 0.087049
v -0.016859 0.572617 0.085069
v -0.009889 0.569661 0.090066
v -0.005573 0.582298 0.090057
v -0.012697 0.604432 0.086397
v -0.013005 0.607492 0.088644
v -0.017115 0.606069 0.085470
v -0.016620 0.603907 0.083815
v -0.020750 0.603322 0.081261
v -0.020601 0.604014 0.081980
v -0.022232 0.604674 0.081750
v -0.022500 0.603086 0.080531
v -0.018896 0.603602 0.082411
v -0.019733 0.602433 0.081750
v -0.017541 0.601752 0.083261
v -0.014157 0.601345 0.086302
v -0.001321 0.600573 0.094327
v -0.000398 0.605058 0.092443
v -0.003592 0.604955 0.091321
v -0.005054 0.600785 0.092995
v -0.020776 0.606604 0.083413
v -0.018079 0.608703 0.085911
v -0.019431 0.611923 0.085502
v -0.023027 0.608553 0.082913
v -0.026027 0.610881 0.081454
v -0.028271 0.606381 0.079391
v -0.024821 0.605554 0.080991
v -0.021458 0.601182 0.080447
v -0.025237 0.602410 0.079484
v -0.024248 0.599340 0.078630
v -0.022077 0.596379 0.079936
v -0.019280 0.599522 0.082112
v -0.015997 0.598196 0.085346
v -0.018742 0.593908 0.083007
v -0.013860 0.592054 0.086617
v -0.011503 0.596960 0.089395
v -0.021756 0.615543 0.083673
v -0.029321 0.601504 0.077546
v -0.033088 0.607509 0.076684
v -0.028907 0.596612 0.076477
v -0.026589 0.592107 0.077236
v -0.017698 0.585364 0.083433
v -0.022885 0.588262 0.079812
v -0.020618 0.562999 0.075961
v -0.011866 0.559002 0.080188
v -0.039075 0.683278 0.071112
v -0.030355 0.684833 0.074341
v -0.039199 0.675275 0.067637
v -0.035428 0.676601 0.069895
v -0.036199 0.679393 0.070220
v -0.040980 0.677353 0.067013
v -0.051499 0.665230 0.052889
v -0.053281 0.658606 0.053453
v -0.047569 0.663870 0.056943
v -0.046979 0.667908 0.057525
v -0.040240 0.657211 0.065294
v -0.038013 0.664518 0.066340
v -0.041006 0.664976 0.063743
v -0.044409 0.658084 0.061874
v -0.034279 0.664304 0.068568
v -0.035517 0.657689 0.068210
v -0.030660 0.659107 0.070221
v -0.030187 0.664776 0.069976
v -0.029373 0.680526 0.071701
v -0.029973 0.677319 0.071559
v -0.023583 0.676979 0.071088
v -0.021993 0.680210 0.071801
v -0.013682 0.669731 0.068047
v -0.010762 0.669568 0.069810
v -0.011260 0.673818 0.069949
v -0.014425 0.672189 0.068447
v -0.014962 0.668005 0.068784
v -0.013080 0.666476 0.070336
v -0.033239 0.737906 0.054967
v -0.046598 0.727849 0.044563
v -0.027702 0.721734 0.067345
v -0.057779 0.714981 0.035977
v -0.063491 0.699707 0.028090
v -0.055837 0.599622 0.044827
v -0.048748 0.594510 0.057165
v -0.047845 0.604373 0.061329
v -0.053983 0.588620 0.040893
v -0.046433 0.583725 0.055179
v -0.032630 0.564358 0.056028
v -0.041094 0.573284 0.054779
v -0.059954 0.595986 0.024329
v -0.057342 0.587086 0.018520
v -0.048977 0.577424 0.036778
v -0.061782 0.599695 0.003615
v -0.059112 0.596315 -0.004702
v -0.052565 0.578000 0.009388
v -0.036449 0.543766 0.018762
v -0.048627 0.549174 0.005243
v -0.050220 0.537478 0.001694
v -0.038141 0.532767 0.015782
v -0.060972 0.606268 0.030917
v -0.064719 0.668814 0.030269
v -0.066630 0.655137 0.028549
v -0.059909 0.670500 0.041131
v -0.067425 0.726761 -0.000300
v -0.072889 0.709461 -0.002117
v -0.068596 0.705513 0.013761
v -0.062511 0.722336 0.019535
v -0.040048 0.762422 0.005089
v -0.056122 0.746802 0.002571
v -0.052126 0.738742 0.026158
v -0.038256 0.752733 0.032603
v -0.075973 0.709718 -0.018121
v -0.069745 0.727518 -0.021945
v -0.071782 0.721858 -0.043250
v -0.077522 0.706815 -0.034801
v -0.058630 0.746952 -0.025632
v -0.060490 0.740261 -0.052123
v -0.058700 0.599613 -0.017093
v -0.056666 0.582270 -0.011655
v -0.055283 0.567281 -0.009237
v -0.048069 0.562633 0.008448
v -0.042556 0.754183 -0.058331
v -0.041207 0.762338 -0.027249
v -0.065151 0.677443 -0.077819
v -0.071101 0.670389 -0.062886
v -0.074806 0.685695 -0.055237
v -0.068337 0.695936 -0.071448
v -0.055442 0.684927 -0.093597
v -0.058047 0.707143 -0.087800
v -0.053355 0.624075 -0.068988
v -0.044927 0.624095 -0.083445
v -0.038268 0.609469 -0.072707
v -0.046094 0.608912 -0.060155
v -0.049714 0.684542 0.062022
v -0.053026 0.678482 0.055164
v -0.048164 0.676029 0.060959
v -0.044910 0.680108 0.066221
v -0.061794 0.682306 0.034685
v -0.057355 0.680369 0.045732
v -0.071387 0.689600 0.008877
v -0.075185 0.693884 -0.003968
v -0.079074 0.693582 -0.030200
v -0.077923 0.695185 -0.016586
v -0.073658 0.663925 -0.050945
v -0.076178 0.674247 -0.046300
v -0.059916 0.607895 -0.032891
v -0.053312 0.608320 -0.048224
v -0.050329 0.590288 -0.042714
v -0.056503 0.587333 -0.028888
v -0.034770 0.593820 -0.063892
v -0.041914 0.593113 -0.053889
v -0.055443 0.557245 -0.027788
v -0.049405 0.559935 -0.041918
v -0.051508 0.548168 -0.045110
v -0.055261 0.544839 -0.030299
v -0.044305 0.548778 -0.057611
v -0.041509 0.561777 -0.053986
v -0.033350 0.562093 -0.063735
v -0.035050 0.548090 -0.066069
v -0.013732 0.525975 0.031974
v -0.025174 0.529184 0.025261
v -0.027716 0.519364 0.022043
v -0.015219 0.516922 0.028208
v -0.057604 0.534811 -0.034425
v -0.054893 0.539053 -0.049556
v -0.059365 0.623203 -0.055483
v -0.063445 0.625552 -0.043347
v -0.047977 0.539175 -0.062561
v -0.048620 0.573756 -0.040974
v -0.040493 0.576561 -0.052252
v -0.024539 0.594339 -0.072595
v -0.028621 0.609748 -0.082813
v -0.017885 0.648444 0.078276
v -0.020830 0.662820 0.071196
v -0.016621 0.664427 0.070811
v -0.017697 0.667337 0.069668
v -0.021424 0.666517 0.070328
v -0.010220 0.704865 0.080897
v -0.023165 0.705334 0.076543
v -0.020898 0.691836 0.079957
v -0.008351 0.688252 0.082038
v -0.047486 0.633166 0.067354
v -0.041646 0.623140 0.072445
v -0.035527 0.630981 0.076461
v -0.038416 0.639673 0.073129
v -0.044189 0.669551 0.060565
v -0.043343 0.671525 0.062806
v -0.045663 0.671497 0.060242
v -0.038892 0.609536 0.072768
v -0.045387 0.613756 0.066817
v -0.066677 0.640008 0.028337
v -0.054778 0.671135 0.049652
v -0.019713 0.772472 0.008246
v -0.018871 0.761300 0.039330
v -0.020224 0.773421 -0.027201
v -0.020487 0.764311 -0.060305
v -0.042713 0.716621 -0.099974
v -0.023740 0.724220 -0.108027
v -0.021874 0.698829 -0.116281
v -0.040924 0.691435 -0.106704
v -0.032187 0.625102 -0.095723
v -0.023368 0.563219 -0.070095
v -0.024875 0.547931 -0.071362
v -0.016727 0.742939 0.060900
v -0.013224 0.723275 0.073072
v -0.066753 0.684985 0.021409
v -0.058444 0.644710 0.052189
v -0.055047 0.637881 0.058178
v -0.050770 0.648820 0.061576
v -0.053378 0.652855 0.056692
v -0.061648 0.635543 0.043274
v -0.063245 0.626517 0.031191
v -0.065319 0.617784 0.016885
v -0.063892 0.606119 0.009852
v -0.070126 0.712059 -0.062158
v -0.076374 0.699615 -0.048376
v -0.043612 0.738067 -0.083751
v -0.061055 0.726695 -0.074259
v -0.077915 0.689426 -0.042381
v -0.022570 0.748646 -0.088883
v -0.007727 0.621010 0.091153
v -0.006238 0.625190 0.090566
v -0.014922 0.620613 0.086147
v -0.006620 0.596098 0.092201
v -0.008752 0.590744 0.089394
v -0.003266 0.590106 0.090857
v -0.002066 0.595761 0.093677
v -0.011724 0.553366 0.065189
v -0.021971 0.557651 0.060670
v -0.012237 0.534884 0.036642
v -0.023526 0.538388 0.029464
v -0.006147 0.633612 0.094586
v -0.006519 0.633000 0.092409
v -0.004680 0.633180 0.092982
v -0.004636 0.634001 0.094995
v -0.019527 0.605010 0.083314
v -0.003108 0.612943 0.095021
v -0.003353 0.608976 0.093767
v -0.000213 0.608739 0.094524
v -0.000085 0.612510 0.095850
v -0.039024 0.564282 0.034360
v -0.036158 0.554957 0.024020
v -0.055629 0.541093 -0.014227
v -0.055193 0.553463 -0.011075
v -0.055924 0.571211 -0.027030
v -0.033953 0.577422 -0.062382
v -0.023804 0.578496 -0.070478
v -0.011908 0.579617 -0.075045
v -0.013160 0.594623 -0.079104
v -0.023294 0.553707 0.045667
v -0.023213 0.547022 0.035607
v -0.012065 0.543545 0.042688
v -0.011781 0.549214 0.051803
v -0.000454 0.631053 0.096281
v -0.001369 0.629787 0.094178
v 0.000558 0.627670 0.095128
v 0.000980 0.630041 0.097893
v -0.007404 0.630945 0.090784
v -0.005261 0.627928 0.090742
v -0.004909 0.629905 0.090793
v -0.008161 0.632219 0.092474
v -0.007614 0.633673 0.095187
v -0.002987 0.634442 0.099978
v -0.002672 0.635288 0.104810
v -0.005918 0.634456 0.098240
v -0.002392 0.632261 0.094765
v -0.002755 0.631020 0.092890
v -0.004677 0.631765 0.091305
v -0.006268 0.631884 0.091248
v -0.003243 0.634398 0.097845
v -0.005030 0.634190 0.096511
v -0.002594 0.656032 0.096033
v -0.003085 0.532643 0.040735
v -0.002507 0.541127 0.046287
v -0.020066 0.603640 0.081724
v -0.021027 0.684521 0.075229
v -0.045151 0.647281 0.067107
v -0.025094 0.649229 0.075128
v -0.025449 0.655171 0.072734
v -0.031383 0.652055 0.071752
v -0.031335 0.644798 0.074515
v -0.012360 0.681191 0.075441
v -0.007404 0.675655 0.074336
v -0.003583 0.677532 0.080586
v -0.007205 0.669124 0.074562
v -0.010231 0.664030 0.073445
v -0.008482 0.661735 0.079090
v -0.003742 0.668466 0.082629
v -0.043788 0.674649 0.063544
v -0.041747 0.673404 0.065287
v -0.013558 0.657037 0.076435
v -0.014817 0.660586 0.072941
v -0.019943 0.657882 0.072983
v -0.019111 0.653107 0.075340
v -0.037833 0.649121 0.069991
v -0.049626 0.671299 0.055901
v -0.046822 0.660221 0.058816
v -0.063631 0.620228 -0.029059
v -0.067629 0.630673 -0.036433
v -0.066453 0.612163 -0.008847
v -0.065413 0.614247 -0.013607
v -0.061017 0.608890 -0.010830
v -0.064126 0.608197 -0.005736
v -0.076470 0.664390 -0.029537
v -0.075761 0.664901 -0.025472
v -0.076341 0.671669 -0.024977
v -0.076687 0.670521 -0.032921
v -0.075780 0.667613 -0.018640
v -0.075277 0.663884 -0.018282
v -0.074980 0.663503 -0.014820
v -0.075083 0.670902 -0.016542
v -0.073476 0.668724 -0.008994
v -0.074377 0.679996 -0.005856
v -0.077201 0.681940 -0.016356
v -0.068642 0.666503 0.014951
v -0.070896 0.674842 0.003775
v -0.071449 0.663095 -0.002967
v -0.070576 0.654765 0.002362
v -0.066723 0.620077 0.002435
v -0.066343 0.611855 -0.000918
v -0.060944 0.612572 -0.019252
v -0.052291 0.663716 -0.094210
v -0.061366 0.658985 -0.078743
v -0.067253 0.654665 -0.064371
v -0.070526 0.651606 -0.051689
v -0.040033 0.669173 -0.106953
v -0.023581 0.670160 -0.114997
v -0.069285 0.649345 0.015975
v -0.068775 0.643243 0.004247
v -0.058140 0.640410 -0.076159
v -0.049544 0.643068 -0.091035
v -0.063377 0.638875 -0.061600
v -0.067617 0.638949 -0.049214
v -0.035073 0.647424 -0.103251
v -0.019006 0.645220 -0.111574
v -0.016966 0.624129 -0.101509
v -0.071036 0.621390 -0.008148
v -0.071672 0.615410 -0.007481
v -0.069237 0.614091 -0.005599
v -0.068619 0.620330 -0.004049
v -0.068207 0.631285 0.003614
v -0.067588 0.634190 0.015449
v -0.002948 0.662005 0.090133
v -0.002742 0.568277 0.092209
v -0.000712 0.582165 0.091788
v -0.002601 0.620968 0.093809
v -0.003109 0.616822 0.094714
v 0.000070 0.616186 0.095410
v 0.000371 0.620103 0.094710
v -0.015373 0.677725 0.070829
v -0.014798 0.609855 -0.089469
v -0.011647 0.564572 -0.073250
v -0.013272 0.548896 -0.074593
v -0.038387 0.537245 -0.071670
v -0.027054 0.535549 -0.077112
v 0.000664 0.624055 0.094440
v -0.002091 0.624679 0.093306
v -0.002734 0.633849 0.096579
v -0.007979 0.608541 0.091974
v -0.002795 0.629652 0.092466
v -0.002050 0.627509 0.092906
v 0.002460 0.627244 0.095972
v 0.002261 0.623697 0.094825
v -0.025667 0.660969 0.071178
v -0.025783 0.665584 0.070454
v -0.001094 0.632841 0.098779
v 0.000083 0.632076 0.101390
v -0.040859 0.522488 0.012045
v -0.052024 0.526426 -0.002298
v 0.001974 0.608607 0.094819
v 0.001991 0.612298 0.096151
v -0.070392 0.647830 -0.005352
v -0.071845 0.655298 -0.008010
v -0.073500 0.650186 -0.012771
v -0.071767 0.643927 -0.010848
v -0.004048 0.523971 0.036027
v -0.056803 0.530328 -0.018469
v -0.014972 0.535899 -0.080173
v -0.043114 0.666157 0.061486
v -0.044128 0.667703 0.060224
v -0.018062 0.675050 0.069645
v -0.009728 0.600921 0.090282
v -0.007943 0.604743 0.089403
v -0.002665 0.547201 0.054623
v 0.002445 0.629625 0.098858
v -0.074418 0.657173 -0.021464
v -0.073994 0.653569 -0.020636
v -0.076523 0.652680 -0.018611
v -0.076746 0.655932 -0.018144
v -0.077910 0.659455 -0.013402
v -0.078977 0.662844 -0.015446
v -0.080238 0.659246 -0.016744
v -0.079017 0.656322 -0.015776
v -0.074353 0.660427 -0.010888
v -0.075897 0.655566 -0.012656
v -0.081220 0.664071 -0.017463
v -0.081020 0.661360 -0.018502
v -0.075681 0.664654 -0.021144
v -0.078491 0.665427 -0.018632
v -0.079865 0.666815 -0.023283
v -0.083772 0.665035 -0.021257
v -0.082130 0.666432 -0.029473
v -0.086915 0.664343 -0.026540
v -0.082740 0.662332 -0.034604
v -0.088115 0.660802 -0.032125
v -0.068599 0.628824 -0.004056
v -0.068804 0.629063 -0.010672
v -0.082527 0.656179 -0.037519
v -0.088389 0.655428 -0.035542
v -0.081795 0.648623 -0.039187
v -0.087536 0.648389 -0.037167
v -0.080887 0.640495 -0.038538
v -0.085677 0.640924 -0.036702
v -0.079266 0.632480 -0.035982
v -0.083947 0.633816 -0.034074
v -0.077115 0.623452 -0.030803
v -0.081506 0.627144 -0.029156
v -0.083838 0.659130 -0.031266
v -0.082630 0.662384 -0.027498
v -0.075632 0.660461 -0.031509
v -0.081501 0.663199 -0.022522
v -0.072841 0.647656 -0.027306
v -0.072069 0.645502 -0.026596
v -0.074439 0.646638 -0.023693
v -0.072577 0.648574 -0.025138
v -0.072305 0.641713 -0.014270
v -0.072076 0.636180 -0.013972
v -0.070729 0.636338 -0.009987
v -0.070304 0.632142 -0.014432
v -0.069324 0.636759 -0.015835
v -0.069478 0.633451 -0.015963
v -0.068713 0.640882 -0.016465
v -0.069899 0.631847 -0.017501
v -0.071128 0.630211 -0.016259
v -0.068889 0.632857 -0.018194
v -0.068465 0.633855 -0.017314
v -0.067708 0.635707 -0.018307
v -0.067762 0.638666 -0.020718
v -0.070022 0.638567 -0.004239
v -0.067763 0.626326 -0.026514
v -0.071142 0.634464 -0.031166
v -0.078638 0.622087 -0.022994
v -0.075226 0.616463 -0.023429
v -0.073319 0.612351 -0.009720
v -0.074421 0.612572 -0.015892
v -0.074693 0.655193 -0.032938
v -0.074285 0.648728 -0.034297
v -0.065551 0.620112 -0.019120
v -0.073302 0.641979 -0.033757
v -0.079631 0.631055 -0.027897
v -0.077133 0.627552 -0.023502
v -0.082247 0.635970 -0.031374
v -0.072240 0.626716 -0.014078
v -0.074768 0.626066 -0.018586
v -0.076238 0.620359 -0.016849
v -0.073771 0.620228 -0.011856
v -0.075325 0.631310 -0.022848
v -0.078177 0.633967 -0.026132
v -0.071992 0.633603 -0.023685
v -0.074827 0.636375 -0.026212
v -0.070769 0.632021 -0.020234
v -0.072838 0.629887 -0.019468
v -0.068383 0.635380 -0.024278
v -0.071155 0.639316 -0.027113
v -0.068538 0.633565 -0.020373
v -0.077717 0.639492 -0.027258
v -0.074765 0.642511 -0.027279
v -0.078116 0.645817 -0.025679
v -0.080192 0.643343 -0.027384
v -0.080666 0.637728 -0.028668
v -0.082716 0.642152 -0.030051
v -0.083080 0.641781 -0.033697
v -0.083244 0.647527 -0.031137
v -0.083838 0.648325 -0.034463
v -0.081435 0.647361 -0.028170
v -0.079986 0.648307 -0.025760
v -0.084282 0.654568 -0.033620
v -0.083076 0.652814 -0.030598
v -0.082782 0.656922 -0.028952
v -0.081928 0.651362 -0.027902
v -0.081323 0.654485 -0.026663
v -0.080760 0.650672 -0.026215
v -0.080070 0.652368 -0.024923
v -0.078662 0.660558 -0.020033
v -0.077619 0.658628 -0.018431
v -0.079992 0.660760 -0.022979
v -0.078774 0.658148 -0.022669
v -0.077840 0.659496 -0.021370
v -0.076589 0.658340 -0.020976
v -0.077871 0.655822 -0.021907
v -0.075931 0.653785 -0.023029
v -0.019103 0.495926 0.024543
v -0.006803 0.494362 0.026351
v -0.005827 0.504300 0.028796
v -0.017229 0.506478 0.025715
v -0.080148 0.656630 -0.024792
v -0.079204 0.653951 -0.023075
v -0.081338 0.659579 -0.026424
v -0.076929 0.649828 -0.024981
v -0.077928 0.651689 -0.023697
v -0.079125 0.650092 -0.024362
v -0.078175 0.648572 -0.024814
v -0.072227 0.645709 -0.015665
v -0.070162 0.643981 -0.019026
v -0.070106 0.641330 -0.023087
v -0.053847 0.484256 0.007564
v -0.049765 0.493018 0.004255
v -0.063972 0.499608 -0.008535
v -0.069583 0.492854 -0.005140
v -0.065427 0.464217 0.026785
v -0.088245 0.472714 0.012508
v -0.087155 0.451659 0.032313
v -0.067406 0.446328 0.037822
v -0.085005 0.433305 0.046641
v -0.067252 0.429473 0.048962
v -0.079537 0.383395 0.078501
v -0.063181 0.382675 0.081548
v -0.064553 0.398127 0.070965
v -0.081240 0.399191 0.068120
v -0.099231 0.305173 0.106290
v -0.093294 0.287166 0.103679
v -0.080096 0.291244 0.109432
v -0.087503 0.307501 0.110568
v -0.147003 0.402235 0.041481
v -0.149176 0.421258 0.034351
v -0.159486 0.410015 0.031894
v -0.155772 0.391166 0.037653
v -0.101579 0.507797 -0.035280
v -0.096853 0.493188 -0.011538
v -0.086714 0.496882 -0.018268
v -0.092615 0.510659 -0.038510
v -0.142030 0.318572 0.059780
v -0.137599 0.306094 0.067476
v -0.133295 0.315710 0.075716
v -0.136713 0.327991 0.069172
v -0.113096 0.229309 0.059196
v -0.115323 0.210126 0.059284
v -0.100556 0.209371 0.075852
v -0.099001 0.228493 0.074550
v -0.149563 0.251318 -0.006240
v -0.152223 0.249478 -0.033558
v -0.150135 0.233772 -0.034196
v -0.148577 0.233698 -0.007257
v -0.108054 0.381965 0.070111
v -0.094566 0.383251 0.074689
v -0.096887 0.399016 0.064525
v -0.110920 0.397854 0.060489
v -0.319045 0.366072 -0.010264
v -0.312098 0.351347 -0.009889
v -0.290516 0.362648 -0.006939
v -0.297113 0.377523 -0.007748
v -0.151922 0.142962 0.002316
v -0.151551 0.146969 -0.023212
v -0.155420 0.128834 -0.020623
v -0.155111 0.124567 0.005749
v -0.206366 0.455867 0.002862
v -0.193175 0.466159 0.004364
v -0.196514 0.483653 -0.015113
v -0.209751 0.473711 -0.015023
v -0.146278 0.364607 0.048175
v -0.139221 0.372305 0.054804
v -0.143674 0.386477 0.048202
v -0.150767 0.376814 0.042618
v -0.160751 0.278897 -0.036482
v -0.158796 0.281181 -0.013272
v -0.161841 0.296755 -0.019370
v -0.164179 0.294880 -0.040152
v -0.154589 0.265620 -0.009096
v -0.156452 0.263788 -0.034615
v -0.130498 0.377159 0.060076
v -0.119985 0.379910 0.065312
v -0.123508 0.396157 0.056616
v -0.134112 0.393438 0.052467
v -0.087676 0.271624 0.097258
v -0.071727 0.276936 0.104617
v -0.148417 0.119126 0.031083
v -0.136523 0.113191 0.053161
v -0.135303 0.133559 0.049889
v -0.146358 0.138241 0.027468
v -0.082386 0.245317 0.085343
v -0.083575 0.259150 0.089963
v -0.098653 0.258181 0.080279
v -0.097653 0.244821 0.074445
v -0.121440 0.108117 0.072807
v -0.104302 0.103716 0.091121
v -0.103047 0.125976 0.087550
v -0.120327 0.129324 0.069649
v -0.083162 0.415770 0.057614
v -0.066102 0.413633 0.060134
v -0.118506 0.304546 0.092820
v -0.115646 0.287051 0.089192
v -0.105297 0.286117 0.096913
v -0.109842 0.304455 0.100192
v -0.162292 0.361676 0.017423
v -0.161641 0.376596 0.030177
v -0.169736 0.394029 0.025197
v -0.169525 0.370927 0.012792
v -0.158234 0.110850 -0.018199
v -0.157365 0.106057 0.008373
v -0.122791 0.086950 0.075111
v -0.105236 0.081670 0.093261
v -0.196502 0.355000 -0.060051
v -0.188671 0.346917 -0.056191
v -0.187304 0.349451 -0.039745
v -0.195311 0.358414 -0.044683
v -0.048410 0.309975 0.113408
v -0.063636 0.318833 0.113376
v -0.069550 0.301864 0.113281
v -0.057083 0.289328 0.110822
v -0.113297 0.271394 0.080765
v -0.111905 0.259434 0.070823
v -0.101548 0.270176 0.089160
v -0.032713 0.300779 0.109900
v -0.042966 0.273801 0.105372
v -0.048859 0.410221 0.062445
v -0.047590 0.395779 0.073319
v -0.048946 0.425858 0.052538
v -0.030928 0.422456 0.055852
v -0.029618 0.438363 0.046810
v -0.047722 0.441737 0.042834
v -0.026940 0.453925 0.038819
v -0.044840 0.457844 0.034340
v -0.036490 0.478912 0.017917
v -0.033798 0.488602 0.015366
v -0.155751 0.364958 0.034127
v -0.151196 0.354216 0.038844
v -0.138199 0.093128 0.055698
v -0.109279 0.439070 -0.127501
v -0.107407 0.421198 -0.132176
v -0.123971 0.425860 -0.125856
v -0.126315 0.443622 -0.121209
v -0.111853 0.508150 -0.033732
v -0.109963 0.494221 -0.008979
v -0.172688 0.372903 -0.104224
v -0.163222 0.368453 -0.106766
v -0.165500 0.356742 -0.101892
v -0.172815 0.363230 -0.099623
v -0.194130 0.357647 -0.082057
v -0.203067 0.358379 -0.083639
v -0.203005 0.365232 -0.090527
v -0.192280 0.364758 -0.088305
v -0.149084 0.132174 -0.044367
v -0.144284 0.149856 -0.047484
v -0.129827 0.263564 -0.100606
v -0.141355 0.255771 -0.080626
v -0.148575 0.271394 -0.079319
v -0.139119 0.279812 -0.097767
v -0.017841 0.409980 -0.132589
v -0.017325 0.394331 -0.134771
v -0.035391 0.398468 -0.138809
v -0.035493 0.413912 -0.136334
v -0.072451 0.443498 -0.131836
v -0.073462 0.459114 -0.126395
v -0.052566 0.450049 -0.129070
v -0.052880 0.435555 -0.134318
v -0.091268 0.433263 -0.132506
v -0.089945 0.415569 -0.137165
v -0.162934 0.297036 -0.059530
v -0.159078 0.281485 -0.058003
v -0.167887 0.317486 -0.063486
v -0.167213 0.317612 -0.047061
v -0.170481 0.324450 -0.048792
v -0.170368 0.324100 -0.064408
v -0.084680 0.515193 -0.041125
v -0.083706 0.520982 -0.063644
v -0.092737 0.516771 -0.060861
v -0.050598 0.498467 -0.107861
v -0.050142 0.492159 -0.111804
v -0.063325 0.497998 -0.106717
v -0.061142 0.503673 -0.103194
v -0.039914 0.326109 -0.142492
v -0.019419 0.325008 -0.141274
v -0.018902 0.303868 -0.138527
v -0.041077 0.303419 -0.139950
v -0.172739 0.332929 -0.078186
v -0.179405 0.338795 -0.078927
v -0.177063 0.345251 -0.087647
v -0.170448 0.338675 -0.088278
v -0.165801 0.332913 -0.088428
v -0.162160 0.325886 -0.089375
v -0.165988 0.320404 -0.077291
v -0.169139 0.327508 -0.077528
v -0.147186 0.294729 -0.094100
v -0.154653 0.287154 -0.077255
v -0.159428 0.301601 -0.077051
v -0.154098 0.307945 -0.092616
v -0.014833 0.233342 -0.124175
v -0.034646 0.231647 -0.127424
v -0.036275 0.255705 -0.131671
v -0.015844 0.257343 -0.129710
v -0.202744 0.370740 -0.019542
v -0.203283 0.377529 -0.005364
v -0.213832 0.374871 -0.010777
v -0.213682 0.366313 -0.026446
v -0.214555 0.383391 -0.102531
v -0.224695 0.383496 -0.103128
v -0.226332 0.390231 -0.103955
v -0.215669 0.390860 -0.103940
v -0.227043 0.350788 -0.045645
v -0.226315 0.359136 -0.031317
v -0.241906 0.350045 -0.034817
v -0.241791 0.341640 -0.049757
v -0.121220 0.510106 -0.061643
v -0.122233 0.509155 -0.033083
v -0.111610 0.511994 -0.060205
v -0.214910 0.349973 -0.067115
v -0.226270 0.344733 -0.071680
v -0.226321 0.347870 -0.082732
v -0.213849 0.352049 -0.078508
v -0.325403 0.380368 -0.018027
v -0.303382 0.391475 -0.015989
v -0.258970 0.329838 -0.066219
v -0.261404 0.331499 -0.079138
v -0.241425 0.337761 -0.075615
v -0.241159 0.337556 -0.063334
v -0.121585 0.246812 -0.101304
v -0.135469 0.240054 -0.082167
v -0.121166 0.135442 -0.082912
v -0.136938 0.134174 -0.065584
v -0.131613 0.152272 -0.068711
v -0.116078 0.154219 -0.085976
v -0.151424 0.113982 -0.042314
v -0.124588 0.115960 -0.080094
v -0.140360 0.115451 -0.063435
v -0.067254 0.528478 -0.060188
v -0.059040 0.527676 -0.075279
v -0.065743 0.522124 -0.080471
v -0.075367 0.525290 -0.063185
v -0.175223 0.004657 -0.043159
v -0.175040 -0.020751 -0.047671
v -0.181100 -0.021164 -0.018930
v -0.179531 0.002084 -0.012957
v -0.035484 0.509750 -0.098861
v -0.052246 0.515984 -0.091643
v -0.046686 0.522663 -0.085591
v -0.032732 0.517493 -0.091542
v -0.176516 0.024315 -0.012322
v -0.173245 0.028314 -0.041287
v -0.070177 0.521961 -0.040662
v -0.077756 0.518452 -0.041984
v -0.074155 0.508124 -0.024403
v -0.066615 0.513331 -0.024209
v -0.058515 0.507181 -0.008694
v -0.180245 -0.027089 0.010653
v -0.176012 -0.004918 0.013734
v -0.053026 0.532183 -0.069110
v -0.042066 0.528901 -0.078765
v -0.029702 0.526231 -0.084451
v -0.016436 0.525153 -0.087855
v -0.156329 0.096315 -0.041381
v -0.161402 0.093082 -0.016243
v -0.127358 -0.123805 -0.116336
v -0.099656 -0.129889 -0.123751
v -0.100517 -0.141998 -0.115523
v -0.133684 -0.138323 -0.107382
v -0.027393 -0.122218 -0.128685
v -0.025881 -0.134910 -0.115174
v -0.064333 -0.140772 -0.117206
v -0.066107 -0.129186 -0.129506
v -0.031797 -0.004823 -0.143858
v -0.061757 -0.004716 -0.143811
v -0.061967 0.017419 -0.136535
v -0.032755 0.017077 -0.137271
v -0.129118 0.097956 -0.080360
v -0.145016 0.097609 -0.063181
v -0.158965 0.087969 0.010403
v -0.199513 -0.148164 0.024791
v -0.203452 -0.141559 -0.015693
v -0.207673 -0.175422 -0.016744
v -0.205606 -0.182948 0.021403
v -0.172268 -0.176757 -0.077807
v -0.168803 -0.149175 -0.082498
v -0.137326 -0.157615 -0.100292
v -0.141322 -0.181552 -0.094078
v -0.086360 0.076999 0.109756
v -0.104978 0.060292 0.093291
v -0.086114 0.054715 0.109226
v -0.026370 0.066762 0.137119
v -0.048421 0.069850 0.131662
v -0.045696 0.046967 0.130776
v -0.024482 0.044574 0.135908
v -0.024603 -0.070533 0.111773
v -0.010891 -0.069861 0.116164
v -0.013429 -0.047028 0.119857
v -0.029607 -0.046253 0.114684
v -0.166534 -0.012926 0.038727
v -0.147246 -0.021022 0.060501
v -0.146350 -0.002939 0.059849
v -0.164285 0.006255 0.039428
v -0.025863 -0.144399 -0.097658
v -0.061551 -0.153648 -0.102736
v -0.191193 -0.191800 0.057567
v -0.183112 -0.156701 0.061027
v -0.164067 -0.202322 0.085712
v -0.129331 -0.208982 0.094998
v -0.123326 -0.177510 0.098756
v -0.157190 -0.168658 0.088193
v -0.012381 -0.144858 0.054638
v -0.022720 -0.126150 0.080881
v -0.030988 -0.139076 0.076387
v -0.016706 -0.154372 0.052442
v -0.028522 -0.091253 -0.142789
v -0.028574 -0.108282 -0.136629
v -0.063726 -0.113355 -0.139891
v -0.061805 -0.094864 -0.145052
v -0.105921 0.115930 -0.092043
v -0.110252 0.096993 -0.093100
v -0.086395 0.115569 -0.099560
v -0.102868 0.135870 -0.095189
v -0.083102 0.136813 -0.102394
v -0.084360 0.265235 -0.126637
v -0.104622 0.255238 -0.116059
v -0.113385 0.271848 -0.117106
v -0.093876 0.283779 -0.128690
v -0.053018 0.403751 -0.141667
v -0.053512 0.419850 -0.138522
v -0.100579 -0.181494 -0.100080
v -0.053597 -0.174875 -0.090679
v -0.077348 -0.211623 -0.086687
v -0.114683 -0.211069 -0.092541
v -0.176147 -0.206430 -0.074082
v -0.197671 -0.204883 -0.050958
v -0.195287 -0.172831 -0.051888
v -0.210889 -0.208559 -0.017964
v -0.210378 -0.215908 0.019459
v -0.168725 -0.235533 0.082262
v -0.133357 -0.241187 0.090022
v -0.043880 -0.218984 0.052352
v -0.065854 -0.218527 0.072574
v -0.071050 -0.244172 0.064290
v -0.050107 -0.242911 0.041819
v -0.062822 -0.070167 0.095060
v -0.096657 -0.049609 0.087331
v -0.100265 -0.071319 0.088465
v -0.072859 -0.092621 0.093251
v -0.031309 0.089986 0.136124
v -0.049263 0.093891 0.131449
v -0.067013 0.073221 0.122926
v -0.067323 0.096958 0.122558
v -0.085996 0.100079 0.108541
v -0.044311 0.188225 0.120939
v -0.065920 0.187935 0.110272
v -0.064966 0.166733 0.114558
v -0.043605 0.166470 0.125009
v -0.044705 0.209805 0.114808
v -0.066219 0.209808 0.104820
v -0.042444 0.250788 0.101194
v -0.065211 0.263241 0.098755
v -0.064024 0.247829 0.094432
v -0.031414 0.406763 0.065344
v -0.030610 0.391897 0.075050
v -0.170519 -0.033547 0.037451
v -0.029881 -0.186744 -0.063033
v -0.023047 -0.199632 -0.033111
v -0.035008 -0.225934 -0.041367
v -0.048706 -0.217163 -0.068006
v -0.173968 0.015950 0.015191
v -0.149999 0.099895 0.033743
v -0.151253 0.081117 0.035213
v -0.140845 0.255625 0.025246
v -0.140455 0.234278 0.019555
v -0.076915 0.324236 0.111285
v -0.078300 0.311498 0.112781
v -0.192273 -0.141425 -0.053792
v -0.172010 -0.267042 0.076847
v -0.173303 -0.297195 0.070632
v -0.140120 -0.303081 0.076472
v -0.137352 -0.273108 0.083841
v -0.048928 -0.266503 0.005440
v -0.058711 -0.269848 0.031120
v -0.068439 -0.297269 0.020701
v -0.061287 -0.294505 -0.004847
v -0.073078 -0.322511 -0.012602
v -0.078712 -0.326556 0.012718
v -0.086313 -0.354971 0.003636
v -0.082974 -0.349783 -0.020460
v -0.196145 -0.226881 0.056056
v -0.214503 -0.279495 0.017293
v -0.200660 -0.289302 0.049131
v -0.198754 -0.259060 0.052787
v -0.213145 -0.248705 0.019275
v -0.148925 -0.210020 -0.087705
v -0.037623 -0.239988 0.016387
v -0.030083 -0.217325 0.027414
v -0.068409 -0.286276 -0.053370
v -0.084967 -0.280644 -0.073843
v -0.068604 -0.250372 -0.071336
v -0.051889 -0.256664 -0.047877
v -0.188842 -0.262934 -0.069341
v -0.206431 -0.264067 -0.046227
v -0.202652 -0.234885 -0.047762
v -0.182852 -0.235065 -0.071104
v -0.213837 -0.239845 -0.016219
v -0.215161 -0.270412 -0.015778
v -0.216960 -0.338144 0.014622
v -0.201481 -0.347206 0.041804
v -0.201600 -0.318714 0.045253
v -0.215775 -0.309258 0.016017
v -0.219034 -0.328663 -0.016530
v -0.216942 -0.299807 -0.016140
v -0.209888 -0.292983 -0.045530
v -0.213263 -0.321492 -0.044624
v -0.197751 -0.318329 -0.065731
v -0.193638 -0.290513 -0.067653
v -0.171955 -0.292117 -0.082803
v -0.177930 -0.318491 -0.080175
v -0.146636 -0.295837 -0.089026
v -0.121136 -0.301138 -0.085597
v -0.132397 -0.326639 -0.083837
v -0.155378 -0.321614 -0.086087
v -0.095400 -0.339279 -0.061662
v -0.111253 -0.332928 -0.076340
v -0.098780 -0.307678 -0.075291
v -0.082937 -0.313664 -0.057719
v -0.140450 -0.439726 -0.075589
v -0.156892 -0.433219 -0.079611
v -0.144519 -0.406803 -0.079172
v -0.127134 -0.413570 -0.074095
v -0.173241 -0.427489 -0.084507
v -0.190967 -0.422855 -0.084466
v -0.179677 -0.397444 -0.081979
v -0.162800 -0.401458 -0.081978
v -0.212254 -0.396652 -0.061026
v -0.197091 -0.395419 -0.075526
v -0.207475 -0.420894 -0.077350
v -0.221781 -0.422029 -0.062266
v -0.234982 -0.424697 -0.043092
v -0.228207 -0.399477 -0.042609
v -0.235827 -0.432024 -0.018991
v -0.232521 -0.406732 -0.018143
v -0.220740 -0.416965 0.008286
v -0.225663 -0.441208 0.007454
v -0.108488 -0.433928 -0.025674
v -0.120268 -0.460172 -0.031443
v -0.118561 -0.454050 -0.051248
v -0.106128 -0.428301 -0.044606
v -0.137417 -0.437320 0.015535
v -0.154013 -0.436087 0.038373
v -0.160669 -0.460534 0.027848
v -0.146010 -0.462231 0.005665
v -0.221816 -0.355519 -0.017219
v -0.217788 -0.365467 0.013254
v -0.201500 -0.345111 -0.063090
v -0.216624 -0.348286 -0.043545
v -0.106107 -0.363909 -0.065899
v -0.122748 -0.357320 -0.077250
v -0.094027 -0.381926 -0.005478
v -0.090936 -0.376467 -0.028106
v -0.178234 -0.407589 0.051592
v -0.176015 -0.381349 0.054183
v -0.202186 -0.374567 0.039481
v -0.203815 -0.400826 0.037291
v -0.227473 -0.381345 -0.017446
v -0.221509 -0.374056 -0.042927
v -0.205784 -0.371103 -0.061316
v -0.189870 -0.369866 -0.075662
v -0.171278 -0.372060 -0.081491
v -0.152359 -0.376144 -0.080844
v -0.133477 -0.381408 -0.078010
v -0.116311 -0.388321 -0.069954
v -0.098003 -0.402294 -0.036538
v -0.100967 -0.408400 -0.015789
v -0.185441 -0.455640 0.038098
v -0.181188 -0.432752 0.047275
v -0.206897 -0.425235 0.033795
v -0.210989 -0.448308 0.029458
v -0.191066 -0.475783 0.026122
v -0.170520 -0.480427 0.016848
v -0.185606 -0.453211 -0.088073
v -0.202827 -0.448898 -0.086755
v -0.219086 -0.446637 -0.079289
v -0.243035 -0.449415 -0.044371
v -0.240570 -0.457465 -0.018307
v -0.228640 -0.466324 0.006254
v -0.212535 -0.469601 0.022095
v -0.146535 -0.504351 -0.057255
v -0.134106 -0.478278 -0.053398
v -0.134927 -0.483177 -0.035802
v -0.147867 -0.507759 -0.039453
v -0.163842 -0.493063 -0.084615
v -0.178553 -0.486050 -0.094097
v -0.169217 -0.459248 -0.082425
v -0.154624 -0.465643 -0.075185
v -0.197607 -0.480035 -0.097538
v -0.215914 -0.475392 -0.094201
v -0.232697 -0.471869 -0.085885
v -0.253000 -0.475364 -0.045744
v -0.234326 -0.446296 -0.065316
v -0.246794 -0.471174 -0.069596
v -0.248347 -0.483453 -0.015674
v -0.236912 -0.523205 0.003926
v -0.227807 -0.494974 0.006599
v -0.258153 -0.511350 -0.015811
v -0.236648 -0.624249 -0.008544
v -0.262120 -0.615743 -0.008935
v -0.267233 -0.650037 -0.015592
v -0.245831 -0.657856 -0.014793
v -0.157189 -0.535289 -0.043624
v -0.154602 -0.533376 -0.064074
v -0.171747 -0.523125 -0.094631
v -0.188950 -0.515467 -0.104112
v -0.275894 -0.531650 -0.051009
v -0.264707 -0.502476 -0.046674
v -0.259641 -0.498491 -0.072621
v -0.270410 -0.528194 -0.077307
v -0.181028 -0.629933 -0.055554
v -0.179687 -0.628770 -0.075557
v -0.168088 -0.596503 -0.073776
v -0.170078 -0.598163 -0.052006
v -0.195655 -0.547380 -0.111378
v -0.178080 -0.555074 -0.101383
v -0.186745 -0.587313 -0.105443
v -0.204301 -0.580244 -0.115199
v -0.289567 -0.599612 -0.055808
v -0.284322 -0.564043 -0.053925
v -0.279932 -0.561098 -0.080051
v -0.286132 -0.597260 -0.080801
v -0.246414 -0.551464 0.000641
v -0.268535 -0.540081 -0.020209
v -0.276473 -0.571305 -0.024772
v -0.255901 -0.582491 -0.004130
v -0.219068 -0.560091 -0.000146
v -0.228531 -0.590821 -0.003943
v -0.211658 -0.696438 -0.073793
v -0.195405 -0.661658 -0.074821
v -0.196411 -0.663724 -0.056963
v -0.213854 -0.699378 -0.058094
v -0.215495 -0.614085 -0.114292
v -0.198173 -0.620548 -0.105124
v -0.212246 -0.654735 -0.100999
v -0.227494 -0.649525 -0.109218
v -0.297079 -0.677338 -0.058237
v -0.293588 -0.637646 -0.057581
v -0.289970 -0.636321 -0.080196
v -0.292978 -0.676018 -0.079118
v -0.273634 -0.687503 -0.021625
v -0.286681 -0.642099 -0.031675
v -0.291780 -0.680877 -0.036178
v -0.279091 -0.725073 -0.024956
v -0.262818 -0.730936 -0.023798
v -0.254539 -0.694149 -0.020649
v -0.229177 -0.732641 -0.058569
v -0.225968 -0.730794 -0.072920
v -0.235140 -0.725683 -0.093931
v -0.246898 -0.720519 -0.101352
v -0.238334 -0.685198 -0.104519
v -0.225110 -0.690325 -0.097009
v -0.271457 -0.679457 -0.103282
v -0.254771 -0.681473 -0.106771
v -0.262076 -0.716931 -0.103376
v -0.277202 -0.715375 -0.099305
v -0.294703 -0.712786 -0.077301
v -0.284285 -0.676923 -0.094245
v -0.287541 -0.713598 -0.090687
v -0.299647 -0.713498 -0.058291
v -0.295384 -0.718263 -0.037402
v -0.010013 -0.162789 -0.038575
v -0.012703 -0.174578 -0.007249
v -0.016418 -0.182950 -0.020970
v -0.016747 -0.168147 -0.052245
v -0.085414 -0.301938 0.046211
v -0.077889 -0.271971 0.055872
v -0.099336 -0.358869 0.027666
v -0.093464 -0.331248 0.037590
v -0.106186 -0.385778 0.017119
v -0.113217 -0.411974 0.005780
v -0.120101 -0.438526 -0.004906
v -0.130130 -0.463527 -0.013311
v -0.143863 -0.486206 -0.017528
v -0.156625 -0.510409 -0.019892
v -0.174405 -0.565131 -0.026558
v -0.163177 -0.565994 -0.048390
v -0.167238 -0.536237 -0.023352
v -0.192581 -0.629780 -0.033163
v -0.181912 -0.596625 -0.029607
v -0.207101 -0.664901 -0.037416
v -0.222725 -0.700669 -0.041175
v -0.237215 -0.734044 -0.043084
v -0.086632 -0.159384 0.096043
v -0.059596 -0.171318 0.085312
v -0.058024 -0.151857 0.088746
v -0.083069 -0.135560 0.096597
v -0.005464 -0.154602 0.020208
v -0.008010 -0.153208 0.035583
v -0.011354 -0.159113 0.033689
v -0.007879 -0.159003 0.017493
v -0.219869 -0.391493 0.011573
v -0.183712 -0.344317 -0.077084
v -0.163231 -0.346901 -0.082726
v -0.142719 -0.351364 -0.081761
v -0.129060 -0.414077 0.028729
v -0.123883 -0.387640 0.038547
v -0.146550 -0.386301 0.053139
v -0.149950 -0.411658 0.046200
v -0.210065 -0.534497 0.003575
v -0.194751 -0.563805 -0.011205
v -0.186138 -0.536645 -0.006987
v -0.203159 -0.511340 0.008695
v -0.228624 -0.502422 -0.102775
v -0.246322 -0.498572 -0.092211
v -0.217248 -0.539021 -0.114410
v -0.238734 -0.532246 -0.110620
v -0.208911 -0.508352 -0.105775
v -0.115507 -0.334481 0.057725
v -0.142729 -0.331931 0.068060
v -0.144815 -0.359498 0.059479
v -0.118936 -0.361199 0.047821
v -0.125661 0.169477 -0.071871
v -0.111110 0.172444 -0.088224
v -0.133652 0.283191 0.063718
v -0.136517 0.270833 0.047976
v -0.124373 0.263501 0.059839
v -0.124156 0.275720 0.072412
v -0.144467 0.281760 0.038760
v -0.140663 0.293708 0.055800
v -0.145629 0.306772 0.047677
v -0.149733 0.295411 0.031457
v -0.164309 0.351417 0.000943
v -0.171067 0.358033 -0.003837
v -0.043972 0.231077 0.108088
v -0.020880 0.230193 0.113120
v -0.020065 0.249856 0.105904
v -0.066184 0.050194 0.122018
v -0.070764 -0.038929 0.098116
v -0.040795 -0.071335 0.104865
v -0.048180 -0.043477 0.107159
v -0.006507 -0.131576 0.081080
v -0.055494 0.227467 -0.126098
v -0.057707 0.251531 -0.129494
v -0.035241 0.428599 -0.133444
v -0.017591 0.424080 -0.130595
v -0.034151 0.455543 -0.125646
v -0.033549 0.467277 -0.121568
v -0.017501 0.462258 -0.120335
v -0.017527 0.450196 -0.124334
v -0.017792 0.515116 -0.095004
v -0.019050 0.505100 -0.101602
v -0.005235 -0.156054 0.000535
v -0.009819 -0.163608 0.012956
v -0.006283 -0.157715 -0.009378
v -0.040340 -0.197869 0.061406
v -0.026194 -0.198994 0.038173
v -0.024288 -0.184304 0.045962
v -0.038251 -0.180201 0.068160
v -0.191791 -0.115314 0.028423
v -0.198547 -0.108100 -0.011555
v -0.100721 -0.159795 -0.106773
v -0.305291 0.318808 -0.082194
v -0.310442 0.326088 -0.092053
v -0.288131 0.332639 -0.092149
v -0.282760 0.325652 -0.081328
v -0.062652 0.327993 -0.142436
v -0.070294 0.301559 -0.137100
v -0.079798 0.503139 -0.022314
v -0.145356 0.508633 -0.028607
v -0.144243 0.496853 -0.002564
v -0.133013 0.497361 -0.006163
v -0.133332 0.509173 -0.031578
v -0.142146 0.464033 -0.108090
v -0.143020 0.480070 -0.095625
v -0.130036 0.479584 -0.101687
v -0.128564 0.461950 -0.113725
v -0.030302 -0.026813 -0.147423
v -0.061021 -0.027547 -0.148937
v -0.036657 0.161097 -0.111103
v -0.057851 0.159056 -0.110869
v -0.054710 0.180631 -0.115935
v -0.034170 0.183414 -0.116140
v -0.094132 0.315297 -0.135515
v -0.109429 0.300004 -0.125860
v -0.028908 0.325572 0.108553
v -0.027994 0.345275 0.102142
v -0.044995 0.349375 0.102223
v -0.045477 0.331351 0.109565
v -0.269737 0.367185 -0.102782
v -0.246460 0.364083 -0.101142
v -0.247167 0.353070 -0.096590
v -0.269860 0.350231 -0.099275
v -0.187162 -0.105858 -0.057694
v -0.164024 -0.124876 -0.089356
v -0.139148 0.201767 -0.058544
v -0.127091 0.205427 -0.081238
v -0.124560 0.187160 -0.077116
v -0.137282 0.183586 -0.055262
v -0.148970 0.251314 -0.058158
v -0.145023 0.235692 -0.059466
v -0.154231 0.265790 -0.057717
v -0.185501 0.351569 -0.079125
v -0.187422 0.347166 -0.069626
v -0.195167 0.354392 -0.072292
v -0.061596 -0.193050 0.080091
v -0.050353 -0.116726 0.090915
v -0.041357 -0.102514 0.094227
v -0.003423 -0.152345 0.005644
v -0.060245 0.520787 -0.021962
v -0.054646 0.516400 -0.006324
v -0.215606 0.352534 -0.054202
v -0.227042 0.345556 -0.059238
v -0.174969 0.330324 -0.050321
v -0.171955 0.334539 -0.033661
v -0.178999 0.339880 -0.036305
v -0.181542 0.335997 -0.053011
v -0.181337 0.335614 -0.067467
v -0.174956 0.329886 -0.065711
v -0.137566 0.410061 0.044472
v -0.126058 0.414093 0.048181
v -0.127173 0.432367 0.038642
v -0.138597 0.428395 0.036138
v -0.113659 0.415485 0.051183
v -0.099468 0.416103 0.054379
v -0.101422 0.434415 0.043229
v -0.115351 0.433933 0.040280
v -0.076345 0.485324 0.001635
v -0.059740 0.477248 0.016662
v -0.040587 0.470420 0.025735
v -0.023977 0.466064 0.031653
v -0.019212 0.494987 -0.108285
v -0.017986 0.484210 -0.114041
v -0.034900 0.488440 -0.113637
v -0.039490 0.500330 -0.106652
v -0.046852 0.502657 0.004849
v -0.032403 0.498922 0.016600
v -0.020123 0.485517 0.024076
v -0.331007 0.389876 -0.031532
v -0.309136 0.401564 -0.030386
v -0.059960 0.532318 -0.054675
v -0.062340 0.527165 -0.037983
v -0.312849 0.407163 -0.048005
v -0.334578 0.395020 -0.048590
v -0.120046 0.475770 0.012445
v -0.121801 0.496188 -0.007959
v -0.131537 0.477126 0.012804
v -0.044189 0.512640 0.007712
v -0.030818 0.509054 0.019319
v -0.192152 -0.076486 -0.004316
v -0.183031 -0.083872 0.031051
v -0.144275 0.156916 0.024044
v -0.148472 0.160538 -0.001156
v -0.021457 0.188054 0.126718
v -0.021041 0.166005 0.130481
v -0.005048 0.514454 0.031999
v -0.046369 0.119273 0.130071
v -0.024267 0.115026 0.135674
v -0.022231 0.142026 0.133033
v -0.044225 0.143680 0.127342
v -0.017260 0.088284 0.137374
v -0.015874 0.076005 0.137860
v -0.019809 -0.089770 0.107779
v -0.008694 -0.088893 0.111708
v -0.243389 0.408357 0.001030
v -0.228760 0.417325 0.004268
v -0.232532 0.436265 -0.003061
v -0.247952 0.425583 -0.007629
v -0.065667 0.121818 0.119908
v -0.084653 0.123631 0.104926
v -0.158010 0.352512 0.021317
v -0.160118 0.343422 0.004720
v -0.019376 0.271180 0.106108
v -0.061534 0.336324 0.108645
v -0.061590 0.352195 0.100987
v -0.077089 0.353762 0.098158
v -0.076826 0.339088 0.105991
v -0.002736 -0.154163 -0.000842
v -0.232096 0.429072 -0.096789
v -0.220199 0.432230 -0.098970
v -0.219545 0.421281 -0.102594
v -0.231659 0.419501 -0.100484
v -0.019299 -0.194661 0.009997
v -0.024315 -0.210920 -0.001466
v -0.019825 -0.151078 -0.077631
v -0.006778 -0.149686 -0.061023
v -0.100087 -0.244467 0.082643
v -0.094956 -0.214172 0.088858
v -0.104548 -0.275666 0.074701
v -0.110313 -0.305987 0.066621
v -0.157635 -0.484906 -0.001304
v -0.175429 -0.509244 -0.000659
v -0.204262 -0.594484 -0.015271
v -0.214379 -0.627346 -0.020025
v -0.226067 -0.662630 -0.024541
v -0.237789 -0.699195 -0.029407
v -0.248695 -0.734091 -0.030896
v -0.336047 0.393597 -0.066071
v -0.313255 0.406784 -0.067050
v -0.312939 0.397985 -0.081784
v -0.335976 0.386532 -0.080799
v -0.258867 0.333149 -0.052378
v -0.260021 0.340647 -0.037799
v -0.279494 0.331059 -0.039778
v -0.278403 0.325225 -0.054537
v -0.299181 0.316807 -0.056610
v -0.301248 0.315820 -0.070219
v -0.279374 0.323309 -0.068659
v -0.316221 0.337485 -0.098904
v -0.322039 0.350795 -0.101561
v -0.297728 0.359078 -0.102359
v -0.293581 0.344154 -0.099321
v -0.333286 0.376236 -0.092529
v -0.310723 0.386360 -0.092710
v -0.305295 0.373531 -0.100063
v -0.328339 0.363882 -0.099686
v -0.305905 0.338209 -0.016243
v -0.301569 0.328215 -0.027855
v -0.281575 0.339256 -0.025575
v -0.285296 0.349462 -0.013625
v -0.236924 0.452254 -0.018321
v -0.252436 0.439652 -0.022506
v -0.178575 0.378500 0.006594
v -0.181069 0.393745 0.017004
v -0.193561 0.391550 0.012346
v -0.190447 0.380583 0.000512
v -0.282247 0.402696 -0.013391
v -0.264146 0.414181 -0.010525
v -0.269412 0.426566 -0.025655
v -0.288329 0.413690 -0.028450
v -0.264233 0.359855 -0.010235
v -0.261440 0.349855 -0.022791
v -0.242772 0.359796 -0.019782
v -0.245435 0.369485 -0.006352
v -0.265300 0.338418 -0.090598
v -0.243744 0.343092 -0.087073
v -0.224114 0.398379 0.007149
v -0.237364 0.390433 0.003185
v -0.154300 0.342645 0.025458
v -0.164879 0.320664 -0.028245
v -0.167335 0.328572 -0.031255
v -0.124392 0.290386 0.081737
v -0.125496 0.305591 0.085530
v -0.154613 0.286669 0.010389
v -0.157749 0.301776 0.002848
v -0.131744 0.296390 0.074507
v -0.130267 0.306419 0.079350
v -0.083164 0.228685 0.087772
v -0.021235 0.475512 0.025710
v -0.258358 0.398296 -0.002341
v -0.251307 0.382612 -0.000526
v -0.229153 0.364129 -0.098253
v -0.214481 0.365161 -0.094571
v -0.213693 0.357972 -0.087556
v -0.228081 0.355256 -0.092294
v -0.127081 0.339066 -0.125688
v -0.112676 0.327863 -0.131632
v -0.124667 0.314077 -0.122203
v -0.137213 0.326628 -0.117051
v -0.237230 0.442861 -0.084925
v -0.243253 0.447326 -0.074998
v -0.228833 0.456672 -0.074510
v -0.224676 0.449604 -0.085755
v -0.233518 0.461489 -0.059359
v -0.249476 0.449651 -0.060631
v -0.253650 0.447413 -0.042168
v -0.237321 0.460691 -0.039400
v -0.175259 -0.045270 -0.055490
v -0.183968 -0.045277 -0.026789
v -0.138749 0.073327 0.056614
v -0.122848 0.066415 0.075540
v -0.096998 -0.026256 0.087879
v -0.034086 -0.152285 0.074986
v -0.019426 -0.163926 0.051525
v -0.033544 -0.234067 -0.012079
v -0.184896 -0.049477 0.001824
v -0.046759 -0.262120 -0.021393
v -0.061447 -0.290602 -0.029306
v -0.109486 -0.274719 -0.086331
v -0.137233 -0.269494 -0.090202
v -0.126979 -0.241286 -0.091050
v -0.095383 -0.244796 -0.086425
v -0.164957 -0.265395 -0.084321
v -0.157378 -0.237939 -0.085522
v -0.174765 -0.353927 0.057998
v -0.225847 -0.572725 -0.118437
v -0.255923 -0.602668 -0.112659
v -0.247688 -0.565558 -0.114390
v -0.235784 -0.608144 -0.117095
v -0.266437 -0.561616 -0.100855
v -0.257365 -0.528268 -0.097989
v -0.281980 -0.605569 -0.027623
v -0.245901 -0.644443 -0.111801
v -0.264334 -0.640868 -0.107922
v -0.274160 -0.598231 -0.100336
v -0.279790 -0.637369 -0.097437
v -0.017334 -0.182608 0.020771
v -0.173855 -0.124214 0.063057
v -0.164935 -0.096008 0.065543
v -0.105241 -0.094961 0.092812
v -0.078659 -0.113445 0.095148
v -0.101817 0.146393 0.084023
v -0.119095 0.148831 0.066488
v -0.116328 0.189647 0.060638
v -0.130952 0.192172 0.041700
v -0.132469 0.172360 0.043912
v -0.117668 0.168999 0.063433
v -0.146690 0.196483 -0.006545
v -0.146163 0.198611 -0.033315
v -0.145161 0.180471 -0.030493
v -0.146250 0.178099 -0.004441
v -0.147294 0.163558 -0.026773
v -0.138557 0.166474 -0.050799
v -0.074233 0.199588 -0.115421
v -0.092602 0.195510 -0.106762
v -0.094428 0.216437 -0.112570
v -0.075742 0.222156 -0.121009
v -0.030048 -0.093473 0.100792
v -0.013382 -0.166459 0.031594
v -0.090901 -0.185435 0.093704
v -0.117255 -0.147449 0.099769
v -0.148979 -0.136719 0.088766
v -0.215252 0.358272 -0.040771
v -0.155339 0.362266 -0.110044
v -0.158534 0.350428 -0.104393
v -0.266476 0.436787 -0.063768
v -0.270868 0.434409 -0.045092
v -0.230207 0.376966 -0.001463
v -0.218990 0.445716 0.000658
v -0.214983 0.424959 0.008407
v -0.201843 0.433439 0.012742
v -0.123513 -0.034229 0.075381
v -0.151579 -0.043386 0.061174
v -0.126992 -0.056086 0.078235
v -0.004099 -0.151220 -0.043023
v -0.055446 -0.133849 0.090419
v -0.074067 -0.318342 -0.035982
v -0.085541 -0.344981 -0.042310
v -0.094936 -0.370320 -0.048864
v -0.103938 -0.395484 -0.055420
v -0.113475 -0.420943 -0.061864
v -0.126654 -0.446083 -0.066834
v -0.142077 -0.471669 -0.066973
v -0.153305 -0.499081 -0.072231
v -0.160556 -0.564475 -0.069633
v -0.166176 -0.560413 -0.087543
v -0.159706 -0.528721 -0.081330
v -0.174436 -0.592875 -0.091630
v -0.185525 -0.625491 -0.091931
v -0.201716 -0.658606 -0.089313
v -0.216031 -0.693233 -0.086650
v -0.228144 -0.728308 -0.084356
v -0.002698 -0.150223 -0.015101
v -0.003459 -0.150877 -0.027800
v -0.107382 0.473505 0.011822
v -0.167566 0.342491 -0.016543
v -0.174444 0.347941 -0.020225
v -0.217745 0.383310 0.003170
v -0.289187 0.394756 -0.094139
v -0.290330 0.407500 -0.085146
v -0.226426 0.368372 -0.015589
v -0.179744 0.367350 -0.006936
v -0.189323 0.373631 -0.012492
v -0.514692 0.300589 -0.052188
v -0.514358 0.303024 -0.066369
v -0.531197 0.290502 -0.065686
v -0.530608 0.287509 -0.052628
v -0.510734 0.292954 -0.040414
v -0.526374 0.280120 -0.042371
v -0.476655 0.238618 -0.053491
v -0.480934 0.247599 -0.042149
v -0.499042 0.237649 -0.046303
v -0.494939 0.229303 -0.057795
v -0.535284 0.258196 -0.038838
v -0.528116 0.247815 -0.038536
v -0.511676 0.258794 -0.034857
v -0.519671 0.270007 -0.036237
v -0.475475 0.236427 -0.084577
v -0.478410 0.243955 -0.096453
v -0.459472 0.250842 -0.094036
v -0.456950 0.243552 -0.080996
v -0.403901 0.282890 -0.035380
v -0.401426 0.272457 -0.046424
v -0.386303 0.281016 -0.041022
v -0.389221 0.292144 -0.031000
v -0.481011 0.326087 -0.050789
v -0.478377 0.326751 -0.066405
v -0.496994 0.315260 -0.066544
v -0.498398 0.313410 -0.051530
v -0.460593 0.295849 -0.024968
v -0.451432 0.282220 -0.028116
v -0.432964 0.295784 -0.026494
v -0.442015 0.309497 -0.023446
v -0.462486 0.338839 -0.051350
v -0.458970 0.337092 -0.066447
v -0.495421 0.270539 -0.031090
v -0.487020 0.258431 -0.034771
v -0.469484 0.269917 -0.030927
v -0.478587 0.282660 -0.027613
v -0.512920 0.222391 -0.087876
v -0.516242 0.230153 -0.097374
v -0.497456 0.237348 -0.097234
v -0.494279 0.229360 -0.086902
v -0.521924 0.237948 -0.042473
v -0.516763 0.228250 -0.050051
v -0.504526 0.247733 -0.038759
v -0.541380 0.271127 -0.089215
v -0.545810 0.276515 -0.077796
v -0.528449 0.288931 -0.079547
v -0.523154 0.282575 -0.091525
v -0.439723 0.259216 -0.044459
v -0.444195 0.269542 -0.034581
v -0.462568 0.258105 -0.037989
v -0.458201 0.248471 -0.048823
v -0.478165 0.320368 -0.036524
v -0.494890 0.306438 -0.038430
v -0.504377 0.292719 -0.092802
v -0.510743 0.300859 -0.080653
v -0.491980 0.311636 -0.081247
v -0.485447 0.303279 -0.093814
v -0.458436 0.298561 -0.101523
v -0.450880 0.283266 -0.102405
v -0.470384 0.276562 -0.103928
v -0.477876 0.290670 -0.101819
v -0.421622 0.271370 -0.040327
v -0.419261 0.262564 -0.052895
v -0.438546 0.251793 -0.076184
v -0.440791 0.258080 -0.090344
v -0.421670 0.264467 -0.085848
v -0.419449 0.259279 -0.070075
v -0.419871 0.346409 -0.028157
v -0.425944 0.354824 -0.039400
v -0.441501 0.345519 -0.037155
v -0.434197 0.335744 -0.026350
v -0.443180 0.349703 -0.052649
v -0.426649 0.358462 -0.055372
v -0.397980 0.362307 -0.074647
v -0.392241 0.353132 -0.083652
v -0.402707 0.348160 -0.080376
v -0.409378 0.357485 -0.071579
v -0.420104 0.310084 -0.101183
v -0.411739 0.294698 -0.098415
v -0.431171 0.289326 -0.100722
v -0.439220 0.304981 -0.101325
v -0.389465 0.284416 -0.088350
v -0.387032 0.274500 -0.075134
v -0.403191 0.269738 -0.080693
v -0.406284 0.280373 -0.092117
v -0.338162 0.302406 -0.073690
v -0.335816 0.300379 -0.060937
v -0.349765 0.292809 -0.062293
v -0.352072 0.295975 -0.075488
v -0.350238 0.301822 -0.033538
v -0.336857 0.309101 -0.032399
v -0.341356 0.318519 -0.021490
v -0.354908 0.311765 -0.023254
v -0.373204 0.370113 -0.034796
v -0.376736 0.376563 -0.051202
v -0.389981 0.372259 -0.049333
v -0.386198 0.364940 -0.033976
v -0.403980 0.313902 -0.100866
v -0.393337 0.299716 -0.096481
v -0.361571 0.294954 -0.034739
v -0.366130 0.305706 -0.024924
v -0.376907 0.299372 -0.027697
v -0.373244 0.288595 -0.037562
v -0.379409 0.333688 -0.022480
v -0.388756 0.347105 -0.024380
v -0.398701 0.340909 -0.024023
v -0.389867 0.326580 -0.023777
v -0.396846 0.360248 -0.032067
v -0.400999 0.367871 -0.045818
v -0.412766 0.362893 -0.042414
v -0.407377 0.353898 -0.029710
v -0.394024 0.317766 -0.100672
v -0.399896 0.329514 -0.097662
v -0.390297 0.330582 -0.097810
v -0.384759 0.319186 -0.100202
v -0.375667 0.287440 -0.083320
v -0.373530 0.279673 -0.069863
v -0.402231 0.318587 -0.025634
v -0.394677 0.304810 -0.026501
v -0.382943 0.312503 -0.023382
v -0.413635 0.364874 -0.058534
v -0.342363 0.307359 -0.083855
v -0.346671 0.314637 -0.092574
v -0.331690 0.319675 -0.091821
v -0.327020 0.312271 -0.083012
v -0.323106 0.308132 -0.072361
v -0.320599 0.307600 -0.059279
v -0.321520 0.317365 -0.030455
v -0.326012 0.327349 -0.019306
v -0.332273 0.340233 -0.013152
v -0.339053 0.354507 -0.013338
v -0.355896 0.345903 -0.017083
v -0.348518 0.331568 -0.016256
v -0.352737 0.378870 -0.032940
v -0.356520 0.384216 -0.049993
v -0.376539 0.375386 -0.066199
v -0.358327 0.382592 -0.066478
v -0.360272 0.287507 -0.049132
v -0.348683 0.294888 -0.047374
v -0.496987 0.281796 -0.101482
v -0.489697 0.268682 -0.104548
v -0.508941 0.260481 -0.103916
v -0.516263 0.272822 -0.100261
v -0.521384 0.240545 -0.102126
v -0.502449 0.248256 -0.102921
v -0.503991 0.282518 -0.033062
v -0.487529 0.295305 -0.030129
v -0.541786 0.267756 -0.043683
v -0.410790 0.332557 -0.024210
v -0.424704 0.322771 -0.024064
v -0.386473 0.343607 -0.092704
v -0.381581 0.357047 -0.086590
v -0.376207 0.346745 -0.094953
v -0.411722 0.329021 -0.096318
v -0.428308 0.326283 -0.094914
v -0.433766 0.337196 -0.080077
v -0.414420 0.341238 -0.081752
v -0.375376 0.320309 -0.098510
v -0.380945 0.332200 -0.098103
v -0.370447 0.334603 -0.099076
v -0.364722 0.322378 -0.098389
v -0.364990 0.358703 -0.023046
v -0.378165 0.352344 -0.024516
v -0.354077 0.366656 -0.091138
v -0.369347 0.360994 -0.088711
v -0.373895 0.369264 -0.078488
v -0.357904 0.375271 -0.080347
v -0.386411 0.365704 -0.076919
v -0.348554 0.355694 -0.098235
v -0.363847 0.350574 -0.096492
v -0.346302 0.368286 -0.019800
v -0.351891 0.325881 -0.098348
v -0.358092 0.338465 -0.099762
v -0.342598 0.343195 -0.100418
v -0.336475 0.330528 -0.098454
v -0.483322 0.255757 -0.102855
v -0.464044 0.262640 -0.101418
v -0.385756 0.273127 -0.057183
v -0.401113 0.266179 -0.063157
v -0.372174 0.280094 -0.052429
v -0.474719 0.233870 -0.068953
v -0.493272 0.226045 -0.072726
v -0.437749 0.251997 -0.058843
v -0.456197 0.242710 -0.064140
v -0.466510 0.311832 -0.093574
v -0.366837 0.299305 -0.088365
v -0.364046 0.290768 -0.078615
v -0.378138 0.298253 -0.092264
v -0.319646 0.311046 -0.044445
v -0.335238 0.302772 -0.046338
v -0.388321 0.308503 -0.098890
v -0.298771 0.320753 -0.041838
v -0.422320 0.352548 -0.069451
v -0.401393 0.368715 -0.061681
v -0.389866 0.371911 -0.064463
v -0.547755 0.278071 -0.064525
v -0.470180 0.308624 -0.027193
v -0.415170 0.308758 -0.026247
v -0.408639 0.295237 -0.029614
v -0.370469 0.309065 -0.095089
v -0.359607 0.311009 -0.093431
v -0.355631 0.302637 -0.085594
v -0.368778 0.339434 -0.020396
v -0.361527 0.324736 -0.018840
v -0.511832 0.218873 -0.075030
v -0.372148 0.318536 -0.020714
v -0.439048 0.344652 -0.066413
v -0.017630 0.437355 -0.127249
v -0.149343 0.271456 0.016909
v -0.111936 0.246579 0.062104
v -0.125811 0.249930 0.046442
v -0.161348 0.326410 -0.008779
v -0.163439 0.335851 -0.012998
v -0.184127 0.356610 -0.022786
v -0.191686 0.365330 -0.028504
v -0.152984 0.308925 0.022772
v -0.075787 0.665859 -0.038077
v -0.074096 0.658819 -0.041016
v -0.078072 0.679631 -0.037741
v -0.014873 0.101850 0.136284
v -0.073872 0.651775 -0.025383
v -0.071513 0.643996 -0.028203
v -0.076162 0.647533 -0.026028
v -0.073472 0.652913 -0.023691
v -0.073592 0.654042 -0.023270
v -0.078560 0.681983 -0.027120
v -0.072169 0.650413 -0.041757
v -0.070132 0.641256 -0.040243
v -0.075891 0.668145 -0.021211
v -0.048839 0.092196 -0.106169
v -0.024771 0.091191 -0.105623
v -0.027340 0.073468 -0.112722
v -0.052758 0.074084 -0.111535
v -0.029356 0.055505 -0.121391
v -0.146370 0.023910 -0.092626
v -0.162374 0.027263 -0.068579
v -0.158253 0.047505 -0.066265
v -0.142347 0.045543 -0.088643
v -0.163850 0.063636 -0.040687
v -0.152657 0.065150 -0.064960
v -0.169184 0.047408 -0.040242
v -0.172886 0.043095 -0.012378
v -0.167700 0.060234 -0.013484
v -0.169493 0.035238 0.014439
v -0.164881 0.053497 0.013241
v -0.160462 0.025501 0.037952
v -0.145550 0.015782 0.059220
v -0.123842 -0.013341 0.075881
v -0.099899 -0.003319 0.090274
v -0.123982 0.006139 0.076277
v -0.053580 -0.017539 0.110830
v -0.075592 -0.011938 0.101628
v -0.016348 -0.021832 0.124005
v -0.034019 -0.020391 0.118800
v -0.103777 0.453602 0.029484
v -0.084587 0.513665 -0.082238
v -0.093453 0.509349 -0.081657
v -0.102138 0.513930 -0.059503
v -0.112347 0.457610 -0.120384
v -0.114179 0.476343 -0.108897
v -0.094616 0.468331 -0.118735
v -0.092965 0.450916 -0.126437
v -0.075355 0.505749 -0.096877
v -0.070591 0.508673 -0.096245
v -0.081027 0.501055 -0.098743
v -0.049830 0.483677 -0.115794
v -0.066024 0.492067 -0.110087
v -0.144396 0.506677 -0.055724
v -0.143443 0.495655 -0.078927
v -0.154259 0.494289 -0.073928
v -0.157127 0.504767 -0.051398
v -0.140952 0.447156 -0.116197
v -0.139236 0.429999 -0.120682
v -0.150982 0.432862 -0.116959
v -0.152068 0.449168 -0.112098
v -0.194888 0.490546 -0.039307
v -0.190089 0.486202 -0.061620
v -0.204147 0.479966 -0.059475
v -0.208550 0.481705 -0.037872
v -0.152648 0.465029 -0.103310
v -0.083937 0.334756 -0.141347
v -0.102969 0.344059 -0.137086
v -0.117861 0.352339 -0.131544
v -0.152463 0.374784 -0.114502
v -0.143670 0.368962 -0.118462
v -0.147403 0.355314 -0.113961
v -0.161423 0.380417 -0.111468
v -0.170307 0.383114 -0.108141
v -0.197534 0.411043 0.016395
v -0.184893 0.416173 0.022174
v -0.188711 0.442239 0.016234
v -0.190668 0.382887 -0.100268
v -0.179572 0.381528 -0.101585
v -0.180425 0.374115 -0.097799
v -0.191061 0.376857 -0.097253
v -0.132058 0.508084 -0.059483
v -0.200853 0.470848 -0.076214
v -0.187209 0.475418 -0.078250
v -0.185050 0.463536 -0.090639
v -0.198212 0.460661 -0.088077
v -0.196390 0.449048 -0.097411
v -0.184076 0.450496 -0.100665
v -0.182608 0.437288 -0.106759
v -0.194703 0.436629 -0.103534
v -0.191104 0.390422 -0.103079
v -0.179342 0.389532 -0.104910
v -0.223043 0.463225 -0.015773
v -0.169996 0.501012 -0.019712
v -0.167029 0.486090 0.004072
v -0.155356 0.492906 0.001256
v -0.157493 0.505999 -0.024013
v -0.205097 0.357657 -0.049662
v -0.203701 0.363477 -0.034485
v -0.204959 0.352969 -0.063262
v -0.183522 0.358622 -0.087735
v -0.204248 0.353675 -0.074919
v -0.205804 0.387880 0.007552
v -0.210935 0.405018 0.011125
v -0.163593 0.461609 0.018212
v -0.152414 0.469725 0.017329
v -0.222638 0.471803 -0.038011
v -0.218845 0.471378 -0.058910
v -0.203338 0.382509 -0.101093
v -0.203345 0.376557 -0.098512
v -0.214686 0.377371 -0.100748
v -0.174716 0.353836 -0.094412
v -0.181370 0.367229 -0.093674
v -0.169163 0.502090 -0.047156
v -0.214433 0.464336 -0.075531
v -0.211432 0.454994 -0.087426
v -0.173017 0.450957 -0.104531
v -0.173434 0.464871 -0.094718
v -0.163060 0.465592 -0.099190
v -0.162712 0.450448 -0.108538
v -0.207119 0.434856 -0.101488
v -0.206530 0.422672 -0.104573
v -0.161765 0.434936 -0.113448
v -0.171990 0.436491 -0.110016
v -0.203717 0.390122 -0.103587
v -0.142199 0.475384 0.015006
v -0.140545 0.451149 0.026447
v -0.129058 0.453921 0.026502
v -0.161240 0.435403 0.027136
v -0.150287 0.444596 0.026909
v -0.172917 0.424081 0.026010
v -0.117590 0.453459 0.027371
v -0.380318 0.307842 -0.097580
v -0.215165 0.371909 -0.098703
v -0.227900 0.372010 -0.100865
v -0.225600 0.378329 -0.102316
v -0.282144 0.381640 -0.100307
v 0.000470 0.589897 0.091880
v 0.001059 0.595576 0.094462
v 0.001972 0.616017 0.095635
v 0.002040 0.619735 0.094916
v -0.395900 0.340535 -0.090429
v -0.403394 0.337804 -0.089999
v -0.447114 0.320108 -0.094058
v -0.472775 0.321713 -0.080832
v -0.453180 0.330122 -0.080005
v -0.460081 0.334319 -0.036019
v -0.452399 0.323378 -0.025908
v -0.425986 0.282356 -0.032004
v -0.425292 0.275387 -0.095874
v -0.578551 0.252421 -0.051111
v -0.580865 0.255096 -0.062163
v -0.598217 0.244377 -0.061992
v -0.595022 0.241458 -0.051923
v -0.612000 0.232321 -0.053263
v -0.606400 0.225940 -0.047427
v -0.589690 0.234497 -0.046050
v -0.599573 0.217768 -0.045957
v -0.583100 0.225930 -0.044332
v -0.593058 0.209389 -0.048077
v -0.589466 0.202923 -0.052798
v -0.572871 0.210440 -0.051279
v -0.577056 0.217609 -0.046250
v -0.552170 0.211606 -0.056179
v -0.569840 0.203761 -0.058260
v -0.567672 0.198822 -0.067090
v -0.549448 0.205867 -0.066000
v -0.585879 0.191316 -0.084359
v -0.589064 0.195974 -0.090716
v -0.572114 0.205330 -0.093512
v -0.568338 0.199446 -0.086709
v -0.565352 0.232016 -0.098046
v -0.559062 0.222906 -0.099000
v -0.577528 0.213176 -0.096825
v -0.583318 0.221832 -0.096159
v -0.599888 0.212201 -0.095510
v -0.605537 0.219551 -0.090992
v -0.588953 0.229876 -0.091658
v -0.546338 0.274847 -0.052518
v -0.562355 0.263224 -0.051839
v -0.557443 0.256066 -0.044053
v -0.560875 0.227087 -0.043808
v -0.544597 0.237320 -0.041299
v -0.551088 0.246871 -0.040601
v -0.567002 0.236165 -0.042481
v -0.513169 0.221093 -0.061352
v -0.534457 0.219680 -0.053462
v -0.531368 0.213453 -0.064083
v -0.556003 0.218948 -0.048696
v -0.539050 0.228187 -0.045805
v -0.548638 0.204686 -0.077415
v -0.567003 0.197416 -0.077176
v -0.579898 0.253098 -0.074079
v -0.576504 0.248054 -0.084752
v -0.593834 0.236191 -0.083406
v -0.597267 0.241805 -0.073498
v -0.530330 0.211967 -0.076366
v -0.559071 0.259449 -0.086867
v -0.562917 0.264569 -0.075777
v -0.571236 0.240975 -0.093217
v -0.553343 0.251597 -0.095300
v -0.613740 0.231577 -0.074139
v -0.615152 0.234482 -0.062958
v -0.564370 0.266520 -0.063261
v -0.549874 0.207611 -0.087921
v -0.553650 0.214233 -0.095475
v -0.535001 0.222485 -0.096711
v -0.531497 0.215233 -0.088117
v -0.527900 0.251572 -0.102420
v -0.540461 0.232284 -0.100938
v -0.546763 0.242086 -0.100291
v -0.593943 0.203994 -0.094714
v -0.534872 0.261982 -0.097655
v -0.672731 0.175088 -0.047851
v -0.664052 0.179219 -0.044158
v -0.672042 0.183396 -0.036649
v -0.680320 0.179258 -0.041137
v -0.654669 0.193505 -0.025110
v -0.651166 0.205035 -0.023699
v -0.663767 0.207789 -0.018868
v -0.666431 0.197647 -0.019829
v -0.687296 0.184611 -0.037215
v -0.679132 0.187902 -0.032004
v -0.689802 0.191898 -0.037141
v -0.698088 0.188618 -0.045201
v -0.695030 0.182287 -0.041865
v -0.706038 0.185216 -0.049444
v -0.695091 0.194611 -0.055108
v -0.705267 0.187051 -0.059197
v -0.684222 0.184793 -0.078688
v -0.678044 0.178637 -0.085408
v -0.690287 0.170498 -0.085143
v -0.696295 0.176956 -0.077605
v -0.673794 0.158357 -0.092166
v -0.682990 0.163901 -0.088820
v -0.671383 0.173189 -0.089282
v -0.663831 0.167859 -0.092294
v -0.662173 0.168172 -0.058482
v -0.652580 0.171424 -0.056947
v -0.657023 0.175087 -0.052210
v -0.666008 0.171508 -0.054417
v -0.691723 0.203078 -0.032543
v -0.687938 0.202864 -0.043520
v -0.691345 0.197124 -0.041924
v -0.691706 0.199231 -0.030818
v -0.624104 0.169283 -0.058185
v -0.614770 0.177022 -0.060421
v -0.618170 0.182562 -0.055497
v -0.626486 0.175134 -0.054642
v -0.631443 0.199652 -0.035731
v -0.624212 0.196900 -0.043341
v -0.624771 0.210299 -0.043353
v -0.633700 0.212074 -0.039434
v -0.640125 0.202231 -0.029297
v -0.642326 0.213895 -0.034926
v -0.653130 0.214949 -0.029783
v -0.665689 0.215996 -0.023921
v -0.611481 0.172569 -0.069848
v -0.616913 0.165100 -0.068504
v -0.746052 0.153359 -0.046826
v -0.743817 0.148049 -0.048332
v -0.739141 0.151432 -0.048306
v -0.741436 0.156814 -0.046758
v -0.619476 0.171115 -0.087642
v -0.625042 0.177444 -0.092992
v -0.619289 0.181863 -0.092420
v -0.614334 0.175833 -0.086337
v -0.626039 0.164677 -0.089509
v -0.632729 0.172311 -0.094072
v -0.752100 0.158904 -0.057194
v -0.750960 0.159486 -0.052037
v -0.746103 0.162741 -0.053102
v -0.746914 0.162025 -0.058473
v -0.688731 0.175834 -0.043445
v -0.681563 0.171643 -0.049226
v -0.704603 0.165210 -0.047038
v -0.692009 0.166996 -0.049471
v -0.697662 0.173468 -0.044076
v -0.706588 0.171379 -0.044794
v -0.677974 0.156294 -0.061995
v -0.668719 0.161324 -0.061764
v -0.675078 0.165163 -0.057610
v -0.684535 0.159596 -0.057831
v -0.660533 0.151829 -0.065384
v -0.669214 0.147166 -0.066758
v -0.664793 0.141909 -0.068528
v -0.657407 0.146425 -0.066986
v -0.689869 0.142247 -0.066519
v -0.698483 0.138243 -0.068935
v -0.694862 0.134982 -0.072150
v -0.686304 0.138443 -0.069259
v -0.613864 0.186553 -0.092670
v -0.608833 0.181036 -0.086761
v -0.657298 0.146397 -0.094776
v -0.649133 0.140718 -0.091508
v -0.655065 0.132459 -0.091956
v -0.663448 0.138466 -0.095457
v -0.632232 0.184799 -0.094666
v -0.626097 0.189481 -0.094476
v -0.751527 0.155514 -0.061921
v -0.746332 0.158651 -0.063333
v -0.656723 0.218303 -0.039894
v -0.669454 0.218542 -0.032742
v -0.646003 0.217979 -0.045045
v -0.638039 0.217770 -0.047782
v -0.630281 0.218780 -0.048591
v -0.694868 0.160926 -0.052887
v -0.673796 0.169346 -0.054269
v -0.658851 0.165180 -0.060650
v -0.641933 0.141996 -0.070283
v -0.635400 0.146153 -0.070251
v -0.641916 0.150985 -0.064308
v -0.647047 0.146367 -0.066671
v -0.644442 0.135831 -0.084228
v -0.645941 0.134921 -0.076732
v -0.652517 0.129346 -0.077619
v -0.650756 0.128643 -0.084726
v -0.692179 0.208387 -0.032583
v -0.684000 0.208858 -0.041464
v -0.616141 0.166170 -0.079242
v -0.611316 0.172483 -0.078596
v -0.606326 0.178585 -0.079501
v -0.638983 0.172389 -0.055562
v -0.628072 0.178787 -0.052023
v -0.630931 0.182392 -0.047173
v -0.641889 0.175406 -0.052704
v -0.653890 0.182583 -0.038007
v -0.643882 0.189116 -0.032233
v -0.663271 0.186831 -0.030488
v -0.620418 0.188268 -0.050461
v -0.610711 0.188229 -0.057216
v -0.613242 0.194322 -0.051364
v -0.608000 0.182617 -0.063994
v -0.606251 0.178983 -0.072165
v -0.601412 0.192284 -0.058494
v -0.603480 0.197985 -0.052755
v -0.599275 0.187281 -0.066313
v -0.598410 0.184484 -0.074457
v -0.612006 0.203652 -0.095553
v -0.605792 0.194696 -0.093546
v -0.619857 0.195357 -0.095077
v -0.614222 0.213270 -0.045862
v -0.617066 0.201270 -0.046381
v -0.607133 0.203719 -0.047921
v -0.620791 0.221283 -0.048380
v -0.674754 0.201051 -0.016784
v -0.682230 0.202950 -0.013648
v -0.685283 0.197673 -0.018589
v -0.679085 0.195588 -0.022497
v -0.713330 0.180776 -0.052465
v -0.710504 0.177220 -0.046567
v -0.702725 0.180159 -0.044384
v -0.629663 0.161199 -0.060723
v -0.622864 0.157431 -0.069236
v -0.704836 0.160120 -0.050806
v -0.740514 0.165662 -0.059355
v -0.739847 0.166309 -0.053609
v -0.728584 0.172366 -0.053762
v -0.729824 0.171846 -0.060270
v -0.712917 0.155062 -0.056492
v -0.712185 0.158895 -0.051277
v -0.719755 0.155520 -0.051231
v -0.721027 0.152804 -0.056977
v -0.688236 0.130984 -0.073772
v -0.681145 0.133663 -0.071439
v -0.706730 0.167095 -0.073554
v -0.711093 0.177304 -0.069089
v -0.701551 0.184254 -0.069874
v -0.673217 0.151777 -0.064790
v -0.681548 0.146749 -0.065395
v -0.677826 0.142514 -0.067770
v -0.697096 0.157721 -0.054995
v -0.704089 0.156595 -0.054623
v -0.699391 0.153260 -0.058182
v -0.691693 0.155738 -0.058068
v -0.641505 0.149630 -0.091557
v -0.635785 0.142893 -0.082144
v -0.748676 0.157501 -0.048354
v -0.744104 0.160921 -0.048805
v -0.601209 0.188629 -0.088167
v -0.598969 0.184648 -0.081730
v -0.664280 0.157090 -0.063884
v -0.689655 0.190938 -0.069237
v -0.655259 0.161474 -0.062043
v -0.681416 0.137375 -0.090061
v -0.677415 0.131211 -0.086600
v -0.684683 0.129006 -0.085296
v -0.687825 0.133008 -0.090156
v -0.732055 0.148653 -0.058047
v -0.731471 0.150602 -0.051988
v -0.738190 0.147239 -0.052756
v -0.738697 0.145785 -0.058421
v -0.712221 0.163641 -0.047905
v -0.713981 0.169073 -0.046236
v -0.722599 0.165486 -0.046638
v -0.720411 0.160107 -0.047723
v -0.717448 0.173899 -0.048555
v -0.725929 0.170064 -0.048971
v -0.734395 0.150446 -0.064158
v -0.737408 0.156186 -0.066843
v -0.726263 0.161214 -0.067754
v -0.724016 0.154788 -0.063751
v -0.654058 0.176825 -0.092495
v -0.647558 0.170937 -0.094500
v -0.656541 0.161411 -0.094214
v -0.665305 0.151898 -0.093926
v -0.672914 0.142211 -0.091863
v -0.682951 0.149708 -0.091850
v -0.649706 0.156069 -0.094736
v -0.712045 0.156131 -0.067348
v -0.715873 0.163393 -0.068203
v -0.712006 0.158301 -0.073166
v -0.650599 0.155508 -0.063561
v -0.737839 0.164446 -0.048979
v -0.644454 0.216764 -0.068552
v -0.642875 0.211476 -0.079199
v -0.650887 0.205789 -0.080565
v -0.652089 0.212799 -0.067971
v -0.732406 0.154871 -0.048012
v -0.734965 0.159989 -0.046504
v -0.677698 0.128936 -0.074882
v -0.684469 0.127605 -0.076722
v -0.683349 0.125498 -0.080454
v -0.677184 0.125810 -0.080163
v -0.641286 0.165228 -0.094875
v -0.659640 0.125802 -0.091681
v -0.666892 0.132200 -0.096289
v -0.639140 0.179017 -0.094903
v -0.645524 0.185336 -0.092837
v -0.638910 0.192319 -0.092669
v -0.694441 0.153447 -0.085927
v -0.660417 0.181870 -0.089596
v -0.651089 0.190668 -0.089586
v -0.643979 0.198449 -0.088407
v -0.637946 0.204679 -0.087181
v -0.632924 0.198022 -0.092185
v -0.739860 0.162180 -0.064629
v -0.743968 0.152977 -0.065676
v -0.625853 0.204545 -0.091955
v -0.617541 0.211892 -0.091658
v -0.621999 0.217804 -0.084610
v -0.630882 0.210804 -0.085936
v -0.656663 0.195398 -0.084758
v -0.661402 0.200551 -0.078619
v -0.666363 0.186855 -0.085331
v -0.672409 0.192335 -0.078990
v -0.701067 0.162615 -0.083599
v -0.754319 0.141561 -0.061754
v -0.746745 0.145268 -0.062666
v -0.744289 0.142742 -0.058485
v -0.752054 0.138942 -0.058486
v -0.740917 0.147866 -0.063512
v -0.749423 0.150142 -0.064380
v -0.677607 0.198242 -0.068745
v -0.707448 0.151295 -0.060078
v -0.664474 0.207483 -0.064820
v -0.684448 0.202444 -0.056625
v -0.675589 0.209256 -0.052591
v -0.650085 0.218089 -0.056041
v -0.659826 0.216700 -0.051393
v -0.634884 0.221743 -0.057679
v -0.642202 0.219433 -0.057582
v -0.625724 0.226061 -0.056110
v -0.671919 0.216046 -0.043145
v -0.752209 0.148319 -0.046410
v -0.750050 0.143136 -0.048566
v -0.636925 0.220594 -0.067728
v -0.627944 0.226228 -0.065337
v -0.672363 0.191283 -0.025676
v -0.642675 0.161046 -0.060628
v -0.646546 0.165478 -0.059866
v -0.629344 0.150851 -0.069851
v -0.636400 0.155449 -0.062253
v -0.626348 0.223397 -0.075902
v -0.587259 0.196907 -0.059037
v -0.585348 0.192384 -0.067105
v -0.609946 0.225449 -0.083377
v -0.755171 0.152461 -0.047444
v -0.702201 0.138056 -0.075017
v -0.700264 0.137191 -0.077037
v -0.672980 0.209578 -0.015409
v -0.681837 0.209621 -0.012890
v -0.688183 0.216195 -0.021954
v -0.684453 0.214250 -0.016056
v -0.675363 0.216206 -0.019325
v -0.679290 0.218245 -0.026847
v -0.636927 0.169567 -0.056826
v -0.634466 0.165618 -0.058201
v -0.633528 0.157607 -0.091026
v -0.628300 0.151064 -0.082055
v -0.720181 0.176851 -0.053866
v -0.713582 0.181090 -0.060797
v -0.720802 0.176366 -0.060950
v -0.728657 0.168058 -0.066139
v -0.712335 0.153718 -0.063365
v -0.716253 0.156589 -0.063010
v -0.636147 0.185357 -0.040291
v -0.646765 0.178780 -0.046649
v -0.683827 0.192901 -0.029187
v -0.688820 0.196222 -0.026499
v -0.685929 0.151716 -0.061906
v -0.705466 0.148674 -0.083749
v -0.709474 0.156352 -0.081895
v -0.693808 0.148020 -0.062400
v -0.759015 0.153987 -0.055774
v -0.757732 0.154373 -0.050652
v -0.719321 0.172331 -0.067508
v -0.672925 0.137374 -0.069912
v -0.697511 0.144137 -0.084421
v -0.703973 0.142420 -0.080482
v -0.655713 0.124175 -0.084884
v -0.635363 0.216722 -0.077890
v -0.742888 0.143575 -0.052829
v -0.749547 0.139030 -0.053055
v -0.756292 0.145852 -0.062780
v -0.758189 0.150910 -0.060634
v -0.621761 0.158712 -0.080893
v -0.649585 0.168648 -0.058944
v -0.584858 0.190300 -0.076220
v -0.682135 0.216020 -0.035552
v -0.691322 0.214303 -0.028695
v -0.701252 0.144775 -0.063655
v -0.673186 0.133727 -0.091996
v -0.689150 0.143258 -0.091611
v -0.694150 0.138416 -0.091865
v -0.700083 0.140388 -0.086916
v -0.702135 0.137833 -0.081903
v -0.761905 0.142388 -0.062135
v -0.763966 0.147218 -0.059887
v -0.765117 0.150192 -0.055106
v -0.763296 0.150575 -0.050171
v -0.760053 0.148794 -0.047370
v -0.759974 0.138465 -0.061246
v -0.757467 0.136180 -0.058054
v -0.754726 0.136418 -0.052933
v -0.764476 0.135399 -0.060527
v -0.767556 0.138725 -0.061279
v -0.775772 0.142901 -0.052191
v -0.771308 0.146065 -0.054531
v -0.773358 0.143081 -0.056030
v -0.776501 0.141290 -0.055143
v -0.780018 0.138500 -0.054584
v -0.779228 0.139317 -0.051374
v -0.771923 0.141694 -0.058595
v -0.775416 0.139082 -0.058373
v -0.773308 0.135922 -0.059880
v -0.776857 0.133201 -0.059661
v -0.779124 0.136197 -0.058122
v -0.770838 0.138772 -0.059992
v -0.769000 0.143994 -0.059180
v -0.781667 0.135503 -0.052125
v -0.782190 0.136172 -0.054588
v -0.782148 0.133622 -0.057301
v -0.781972 0.131555 -0.055065
v -0.768338 0.147139 -0.049827
v -0.773384 0.142668 -0.049140
v -0.777205 0.138209 -0.048986
v -0.779750 0.134021 -0.049972
v -0.770925 0.140378 -0.047226
v -0.774944 0.135911 -0.047923
v -0.777061 0.132431 -0.049108
v -0.768653 0.136697 -0.047050
v -0.773076 0.133157 -0.048052
v -0.761786 0.141857 -0.046653
v -0.764859 0.145521 -0.047207
v -0.775171 0.131441 -0.049108
v -0.779848 0.130127 -0.052942
v -0.770968 0.133875 -0.060437
v -0.774978 0.130809 -0.059583
v -0.769022 0.131798 -0.059461
v -0.773342 0.128959 -0.058258
v -0.778987 0.129352 -0.058248
v -0.779872 0.131487 -0.059258
v -0.756721 0.144996 -0.046554
v -0.754775 0.140062 -0.048979
v -0.759683 0.137044 -0.048791
v -0.766379 0.132372 -0.048813
v -0.759468 0.133932 -0.052888
v -0.762039 0.133466 -0.057569
v -0.767202 0.130419 -0.057044
v -0.765750 0.130182 -0.053128
v -0.771791 0.128082 -0.055894
v -0.771032 0.128274 -0.052954
v -0.771817 0.130182 -0.049881
v -0.775275 0.127567 -0.054216
v -0.777321 0.127975 -0.056281
v -0.777275 0.129462 -0.051611
v -0.773899 0.128056 -0.052650
v -0.774814 0.129573 -0.050774
v -0.739238 0.126388 -0.066713
v -0.736277 0.121938 -0.068685
v -0.730555 0.127063 -0.068467
v -0.733572 0.131328 -0.066522
v -0.744609 0.134491 -0.075852
v -0.743943 0.133311 -0.069952
v -0.738751 0.138119 -0.070490
v -0.739195 0.138980 -0.076495
v -0.742201 0.131638 -0.081316
v -0.736685 0.135908 -0.082026
v -0.732699 0.144147 -0.076449
v -0.732172 0.143101 -0.070386
v -0.719873 0.150364 -0.068852
v -0.720960 0.152263 -0.074777
v -0.708226 0.135467 -0.069431
v -0.709357 0.134499 -0.074872
v -0.741992 0.130196 -0.066944
v -0.736527 0.135097 -0.067089
v -0.721536 0.127693 -0.076185
v -0.721458 0.128475 -0.071051
v -0.728806 0.123853 -0.072069
v -0.728690 0.122849 -0.076873
v -0.714130 0.144766 -0.063327
v -0.710325 0.139854 -0.065338
v -0.717593 0.147888 -0.065187
v -0.723150 0.129477 -0.081518
v -0.726323 0.134364 -0.084358
v -0.715039 0.142846 -0.084108
v -0.712023 0.137136 -0.080784
v -0.729702 0.140147 -0.066772
v -0.723155 0.131999 -0.067253
v -0.726485 0.136346 -0.065443
v -0.730151 0.140924 -0.082335
v -0.732817 0.129360 -0.083852
v -0.744204 0.115673 -0.081324
v -0.736130 0.120766 -0.081233
v -0.734422 0.118209 -0.077268
v -0.742701 0.112574 -0.077943
v -0.730180 0.124707 -0.081313
v -0.738667 0.125540 -0.083270
v -0.747300 0.119387 -0.066978
v -0.744526 0.115017 -0.069336
v -0.749842 0.123263 -0.067035
v -0.718973 0.149695 -0.082212
v -0.752101 0.127976 -0.075205
v -0.751490 0.126331 -0.069685
v -0.734421 0.118696 -0.072342
v -0.742390 0.112271 -0.073013
v -0.746536 0.120231 -0.082872
v -0.749696 0.125808 -0.080715
v -0.752749 0.115445 -0.082338
v -0.755866 0.120358 -0.080297
v -0.758286 0.122645 -0.075247
v -0.757025 0.121467 -0.070020
v -0.754802 0.118899 -0.067739
v -0.750435 0.111549 -0.081190
v -0.748613 0.109149 -0.078239
v -0.747634 0.108895 -0.073749
v -0.756151 0.107168 -0.081357
v -0.759212 0.110178 -0.082562
v -0.773010 0.108865 -0.074668
v -0.769154 0.113252 -0.074558
v -0.769155 0.111760 -0.077674
v -0.773329 0.108735 -0.077961
v -0.764543 0.117253 -0.075957
v -0.766182 0.113961 -0.078229
v -0.764530 0.112373 -0.080608
v -0.767955 0.109639 -0.081222
v -0.765400 0.106635 -0.082343
v -0.769339 0.103399 -0.083038
v -0.772328 0.106557 -0.081964
v -0.762827 0.109638 -0.081984
v -0.776085 0.105879 -0.078559
v -0.775520 0.104496 -0.076429
v -0.761314 0.115521 -0.080589
v -0.762112 0.117480 -0.070787
v -0.767321 0.112684 -0.071107
v -0.771241 0.107424 -0.072114
v -0.773494 0.102698 -0.074282
v -0.764818 0.110050 -0.069137
v -0.769105 0.105147 -0.070727
v -0.771171 0.101418 -0.073106
v -0.762085 0.106503 -0.069063
v -0.766992 0.102457 -0.070927
v -0.755920 0.112026 -0.068291
v -0.759069 0.115377 -0.068350
v -0.769228 0.100652 -0.072744
v -0.775818 0.100877 -0.079975
v -0.773694 0.099334 -0.077659
v -0.776455 0.103493 -0.082150
v -0.763324 0.104840 -0.082019
v -0.767564 0.101308 -0.082256
v -0.761404 0.102873 -0.081561
v -0.766212 0.099384 -0.081622
v -0.772112 0.099383 -0.082393
v -0.772880 0.101395 -0.083414
v -0.752020 0.115456 -0.067784
v -0.749285 0.111625 -0.070049
v -0.753117 0.108073 -0.070294
v -0.759366 0.102608 -0.071094
v -0.751693 0.105682 -0.074120
v -0.753662 0.105538 -0.078621
v -0.759503 0.101444 -0.079092
v -0.758239 0.100900 -0.075159
v -0.764701 0.098424 -0.079256
v -0.763680 0.098145 -0.075991
v -0.764683 0.099623 -0.072722
v -0.768679 0.097268 -0.078326
v -0.770645 0.097740 -0.080686
v -0.770936 0.098676 -0.075697
v -0.767044 0.097461 -0.076254
v -0.768282 0.098704 -0.074279
v -0.718111 0.111965 -0.079965
v -0.713946 0.108143 -0.079890
v -0.709747 0.112896 -0.079588
v -0.714037 0.116474 -0.079413
v -0.721658 0.116871 -0.090164
v -0.722278 0.116520 -0.086386
v -0.718246 0.121563 -0.085712
v -0.717308 0.122625 -0.089955
v -0.718771 0.114611 -0.093882
v -0.713661 0.120255 -0.093789
v -0.712730 0.127964 -0.089426
v -0.713842 0.126418 -0.084463
v -0.706079 0.133146 -0.082562
v -0.705328 0.135218 -0.088146
v -0.721115 0.114680 -0.082756
v -0.717055 0.119371 -0.081987
v -0.699710 0.113968 -0.083898
v -0.701015 0.114985 -0.080400
v -0.706536 0.110149 -0.081912
v -0.705362 0.109334 -0.085386
v -0.699760 0.129109 -0.075465
v -0.694975 0.126055 -0.075962
v -0.703762 0.131145 -0.078142
v -0.700652 0.115516 -0.089298
v -0.703560 0.120083 -0.093666
v -0.694962 0.127270 -0.091766
v -0.691878 0.123459 -0.086710
v -0.712484 0.123905 -0.080416
v -0.704426 0.117590 -0.077699
v -0.709070 0.121118 -0.077643
v -0.708339 0.125532 -0.093359
v -0.708926 0.115126 -0.094053
v -0.719136 0.099340 -0.092335
v -0.711072 0.106170 -0.091167
v -0.709724 0.104237 -0.086334
v -0.717652 0.097300 -0.088270
v -0.705986 0.110723 -0.090332
v -0.714409 0.110013 -0.094390
v -0.724368 0.104890 -0.080866
v -0.720577 0.100937 -0.081046
v -0.727200 0.107321 -0.083292
v -0.700580 0.132710 -0.092498
v -0.690216 0.121559 -0.081342
v -0.728469 0.109142 -0.090169
v -0.728675 0.108922 -0.086591
v -0.710564 0.105115 -0.082326
v -0.717692 0.097930 -0.083882
v -0.722085 0.102992 -0.094911
v -0.725929 0.107422 -0.094086
v -0.727127 0.097949 -0.095535
v -0.730884 0.102107 -0.094294
v -0.733668 0.103909 -0.090575
v -0.733310 0.103700 -0.086777
v -0.731250 0.102337 -0.083777
v -0.724452 0.094439 -0.093087
v -0.723103 0.093159 -0.089416
v -0.722391 0.094120 -0.084992
v -0.728205 0.090663 -0.093517
v -0.731716 0.093377 -0.095584
v -0.746348 0.090770 -0.090414
v -0.742996 0.094642 -0.090006
v -0.742264 0.093435 -0.092006
v -0.745828 0.090366 -0.092708
v -0.738476 0.098865 -0.091125
v -0.739619 0.096021 -0.092499
v -0.737412 0.095020 -0.094678
v -0.740546 0.091936 -0.095197
v -0.736903 0.089461 -0.095406
v -0.740201 0.086226 -0.096057
v -0.743954 0.088654 -0.095712
v -0.735117 0.092654 -0.095541
v -0.747868 0.087884 -0.093460
v -0.748340 0.087117 -0.091666
v -0.734813 0.097841 -0.094548
v -0.737352 0.099476 -0.086913
v -0.741821 0.094840 -0.086836
v -0.745386 0.090191 -0.087584
v -0.746788 0.086231 -0.088979
v -0.739327 0.093583 -0.084309
v -0.742967 0.089042 -0.085306
v -0.744240 0.085622 -0.086754
v -0.736242 0.091621 -0.083014
v -0.740278 0.087443 -0.084432
v -0.731541 0.096489 -0.082498
v -0.734787 0.098400 -0.083993
v -0.742043 0.085367 -0.085882
v -0.746772 0.083861 -0.094016
v -0.745007 0.082621 -0.091283
v -0.746651 0.085871 -0.095885
v -0.734433 0.088112 -0.095168
v -0.738105 0.084629 -0.095288
v -0.732327 0.086733 -0.093239
v -0.736630 0.083303 -0.093461
v -0.742200 0.082844 -0.095370
v -0.743090 0.084447 -0.096359
v -0.728189 0.100195 -0.081921
v -0.724634 0.097176 -0.082252
v -0.728193 0.093790 -0.082902
v -0.733194 0.088683 -0.083670
v -0.725977 0.091060 -0.085565
v -0.726761 0.090017 -0.089789
v -0.731119 0.086071 -0.090263
v -0.730918 0.086518 -0.086533
v -0.735596 0.082836 -0.090769
v -0.735529 0.083118 -0.087664
v -0.737628 0.084972 -0.085179
v -0.739454 0.081540 -0.090548
v -0.740761 0.081709 -0.093173
v -0.742728 0.082688 -0.088754
v -0.738451 0.082134 -0.088404
v -0.740553 0.083436 -0.086922
v -0.691470 0.123347 -0.078337
v -0.684089 0.103479 -0.088816
v -0.680514 0.101611 -0.088198
v -0.678319 0.105938 -0.087284
v -0.681666 0.107788 -0.087878
v -0.686859 0.106415 -0.099352
v -0.688173 0.106301 -0.095320
v -0.685882 0.111287 -0.094337
v -0.684552 0.111691 -0.098759
v -0.682394 0.104420 -0.101488
v -0.679800 0.109617 -0.101079
v -0.681596 0.117409 -0.097031
v -0.683188 0.116691 -0.092321
v -0.678302 0.124746 -0.089206
v -0.676630 0.126690 -0.094232
v -0.660132 0.121160 -0.085030
v -0.662227 0.122120 -0.081070
v -0.666634 0.116281 -0.083152
v -0.663762 0.115664 -0.086342
v -0.686852 0.105020 -0.091642
v -0.684556 0.109674 -0.090426
v -0.669315 0.107776 -0.089078
v -0.672181 0.108463 -0.086161
v -0.675028 0.104222 -0.088271
v -0.672452 0.103276 -0.090895
v -0.666252 0.123391 -0.078674
v -0.671198 0.124984 -0.078223
v -0.674056 0.120271 -0.082353
v -0.670351 0.117777 -0.081841
v -0.676682 0.122066 -0.084865
v -0.668707 0.108772 -0.093378
v -0.671500 0.111607 -0.097710
v -0.665107 0.120240 -0.095196
v -0.663215 0.116882 -0.090598
v -0.681721 0.114497 -0.088563
v -0.675694 0.110255 -0.085144
v -0.679182 0.112510 -0.086000
v -0.676662 0.115534 -0.099771
v -0.674920 0.106282 -0.099133
v -0.677984 0.093078 -0.097120
v -0.674444 0.099290 -0.096039
v -0.674299 0.098641 -0.091968
v -0.677616 0.092658 -0.093496
v -0.672078 0.103901 -0.095028
v -0.677464 0.101393 -0.099777
v -0.687561 0.097753 -0.090072
v -0.683637 0.095880 -0.089347
v -0.690021 0.099162 -0.092692
v -0.671390 0.125249 -0.097870
v -0.690252 0.099922 -0.099879
v -0.691332 0.100009 -0.096110
v -0.677022 0.099824 -0.089265
v -0.679956 0.093898 -0.090691
v -0.681000 0.095076 -0.100559
v -0.685898 0.098152 -0.101952
v -0.683999 0.090088 -0.101513
v -0.688817 0.093270 -0.102838
v -0.693024 0.095194 -0.100382
v -0.693886 0.095616 -0.096687
v -0.692277 0.095356 -0.093449
v -0.681028 0.088317 -0.098017
v -0.680755 0.088508 -0.094637
v -0.682648 0.090253 -0.092021
v -0.684229 0.084630 -0.098869
v -0.687513 0.085620 -0.102355
v -0.701101 0.082886 -0.099756
v -0.699066 0.086583 -0.099623
v -0.697917 0.085514 -0.101319
v -0.700117 0.082578 -0.101650
v -0.695650 0.090601 -0.100673
v -0.695788 0.087952 -0.101953
v -0.693089 0.087098 -0.103282
v -0.695271 0.084315 -0.103487
v -0.691915 0.082134 -0.103635
v -0.694025 0.078783 -0.103463
v -0.697611 0.081171 -0.104120
v -0.690571 0.084871 -0.103303
v -0.701481 0.080250 -0.102434
v -0.702083 0.079355 -0.100790
v -0.691313 0.089549 -0.103013
v -0.696081 0.091576 -0.097242
v -0.699031 0.086987 -0.097343
v -0.701225 0.082351 -0.097694
v -0.701335 0.078379 -0.098513
v -0.697280 0.086919 -0.095056
v -0.699573 0.082086 -0.095746
v -0.699670 0.078584 -0.096682
v -0.694541 0.086330 -0.093207
v -0.697156 0.081706 -0.094385
v -0.691539 0.091075 -0.092265
v -0.694431 0.091849 -0.094478
v -0.698206 0.079203 -0.095593
v -0.699655 0.076457 -0.102155
v -0.699001 0.075961 -0.099579
v -0.699371 0.078277 -0.104361
v -0.689420 0.080947 -0.102027
v -0.692409 0.077229 -0.102065
v -0.687477 0.080764 -0.099409
v -0.691535 0.076965 -0.099672
v -0.695845 0.075590 -0.102343
v -0.696147 0.076975 -0.103879
v -0.689583 0.094177 -0.091169
v -0.685935 0.092359 -0.090676
v -0.687949 0.089190 -0.091498
v -0.691172 0.084773 -0.092494
v -0.684953 0.086891 -0.092769
v -0.683440 0.084981 -0.095458
v -0.687211 0.080913 -0.096423
v -0.688439 0.082461 -0.093656
v -0.691532 0.077251 -0.097129
v -0.692533 0.078602 -0.094983
v -0.694669 0.080435 -0.093999
v -0.695372 0.076003 -0.097640
v -0.695555 0.075280 -0.099854
v -0.698051 0.076602 -0.097438
v -0.695193 0.076998 -0.096077
v -0.696877 0.077749 -0.095742
v -0.660386 0.121397 -0.088875
v -0.701852 0.207894 -0.026270
v -0.701264 0.202703 -0.026736
v -0.693203 0.198221 -0.013341
v -0.696411 0.196604 -0.019147
v -0.691533 0.203357 -0.009369
v -0.694703 0.213000 -0.011589
v -0.692507 0.208751 -0.009246
v -0.699674 0.198522 -0.024448
v -0.701050 0.213155 -0.023080
v -0.697945 0.215029 -0.016876
v -0.710201 0.212941 -0.018698
v -0.707543 0.214939 -0.012131
v -0.703828 0.212839 -0.006406
v -0.700415 0.208054 -0.004544
v -0.698229 0.202684 -0.005444
v -0.710277 0.207869 -0.022687
v -0.708522 0.202537 -0.023667
v -0.705315 0.198436 -0.020548
v -0.718466 0.207864 -0.019283
v -0.721415 0.212725 -0.013960
v -0.723687 0.210781 0.003194
v -0.718795 0.211164 0.001578
v -0.721630 0.213782 -0.000669
v -0.725524 0.214391 0.001101
v -0.714116 0.212540 -0.001728
v -0.719279 0.213916 -0.002524
v -0.721925 0.214911 -0.006475
v -0.724874 0.215938 -0.005200
v -0.724245 0.214583 -0.010233
v -0.727562 0.214880 -0.010190
v -0.728986 0.217030 -0.003231
v -0.729417 0.214399 0.001795
v -0.732252 0.215563 -0.001547
v -0.729066 0.211155 0.003140
v -0.717542 0.214474 -0.008161
v -0.708328 0.207885 -0.000685
v -0.715798 0.207272 0.002359
v -0.722510 0.206504 0.003703
v -0.728344 0.206553 0.002496
v -0.713998 0.201974 0.000847
v -0.721838 0.201924 0.001505
v -0.726952 0.202881 0.000233
v -0.714321 0.197803 -0.003459
v -0.722042 0.199176 -0.002036
v -0.704523 0.197834 -0.006686
v -0.705091 0.202370 -0.002123
v -0.725881 0.200747 -0.001844
v -0.733780 0.211586 -0.000632
v -0.732346 0.206851 -0.001653
v -0.727452 0.211450 -0.013249
v -0.731194 0.215194 -0.008389
v -0.731793 0.211196 -0.010786
v -0.725723 0.207106 -0.015697
v -0.730749 0.206732 -0.011701
v -0.734333 0.211437 -0.006683
v -0.733683 0.215169 -0.005897
v -0.698524 0.198143 -0.009710
v -0.701455 0.196578 -0.015150
v -0.707487 0.196778 -0.012847
v -0.716382 0.196522 -0.009372
v -0.711583 0.198228 -0.018205
v -0.715756 0.202504 -0.021023
v -0.723568 0.202371 -0.016236
v -0.720092 0.198322 -0.013953
v -0.728736 0.202817 -0.011373
v -0.726022 0.199998 -0.009643
v -0.723643 0.198728 -0.006079
v -0.730681 0.203353 -0.007085
v -0.733195 0.206895 -0.007083
v -0.729964 0.203408 -0.003030
v -0.728468 0.201377 -0.006969
v -0.727424 0.201073 -0.004294
v -0.657753 0.125254 -0.078780
v -0.662298 0.127686 -0.075436
v -0.656479 0.132048 -0.073555
v -0.649199 0.136984 -0.071723
v -0.640336 0.139268 -0.075638
v -0.653549 0.141338 -0.068797
v -0.660790 0.136343 -0.070989
v -0.669009 0.130850 -0.073464
v -0.651625 0.149478 -0.065459
v -0.038003 0.673768 0.066907
v -0.034891 0.674816 0.068735
v -0.036904 0.667544 0.066167
v -0.039493 0.667775 0.064550
v -0.029698 0.667635 0.069073
v -0.033735 0.667286 0.068146
v -0.030228 0.675504 0.070043
v -0.024737 0.675202 0.069821
v -0.016900 0.671054 0.067323
v -0.015289 0.669546 0.067485
v -0.016061 0.668599 0.067982
v -0.018311 0.668616 0.068086
v -0.021973 0.668261 0.068996
v -0.042553 0.670098 0.061980
v -0.041674 0.671374 0.063085
v -0.040214 0.672565 0.064967
v -0.025830 0.667965 0.069415
v -0.041363 0.668298 0.062854
v -0.042410 0.669029 0.061875
v -0.020122 0.673627 0.068661
v -0.030078 0.670084 0.069093
v -0.034059 0.669797 0.068077
v -0.030379 0.672882 0.069583
v -0.025623 0.672866 0.069791
v -0.019871 0.669976 0.068355
v -0.022407 0.670073 0.069112
v -0.037039 0.669560 0.066361
v -0.026048 0.670237 0.069527
v -0.034578 0.672336 0.068291
v -0.021668 0.672035 0.069129
v -0.019374 0.671018 0.068196
v -0.041843 0.669983 0.062599
v -0.041775 0.669550 0.062566
v -0.012982 0.435167 0.048602
v -0.014068 0.418433 0.057899
v -0.037482 0.671691 0.066487
v -0.040869 0.669476 0.063455
v -0.039300 0.669511 0.064780
v -0.039611 0.671070 0.064811
v -0.041047 0.670468 0.063450
v -0.269122 0.372999 -0.004134
v -0.275546 0.387991 -0.005110
v -0.290716 0.420678 -0.047518
v -0.286342 0.421525 -0.070266
v -0.064685 0.145001 0.117125
v -0.109310 0.190944 -0.094320
v -0.111909 0.210450 -0.099942
v -0.033702 0.207380 -0.122142
v -0.054193 0.203557 -0.120726
v -0.141781 0.175328 0.020976
v -0.141580 0.194529 0.019081
v -0.101592 0.166736 0.081007
v -0.101161 0.188116 0.078078
v -0.134021 0.152987 0.046715
v -0.078944 0.157673 -0.106555
v -0.098498 0.155909 -0.098549
v -0.093690 0.175709 -0.101403
v -0.075295 0.178585 -0.110648
v -0.014575 0.209885 -0.117288
v -0.014714 0.186402 -0.110894
v -0.147849 0.215601 -0.007337
v -0.148877 0.216946 -0.034614
v -0.131494 0.222938 -0.083694
v -0.116136 0.229304 -0.102271
v -0.098111 0.236934 -0.115044
v -0.078542 0.244547 -0.123725
v -0.084462 0.209625 0.091033
v -0.065207 0.229813 0.099139
v -0.141125 0.214132 0.018860
v -0.021507 0.209653 0.120085
v -0.062352 0.275665 -0.133743
v -0.038265 0.279348 -0.136527
v -0.142974 0.219092 -0.060413
v -0.028952 0.377771 0.084860
v -0.046450 0.380964 0.083492
v -0.045617 0.365385 0.093220
v -0.028179 0.361960 0.093701
v -0.062152 0.367409 0.091741
v -0.078093 0.368450 0.089016
v -0.092624 0.368348 0.084976
v -0.126819 0.362940 0.068674
v -0.116773 0.365381 0.074554
v -0.142611 0.353264 0.054228
v -0.135438 0.359247 0.062001
v -0.147973 0.343362 0.044285
v -0.151128 0.332060 0.031078
v -0.156872 0.333202 0.008975
v -0.154788 0.320806 0.015637
v -0.149007 0.320008 0.038790
v -0.145032 0.331791 0.051549
v -0.139532 0.341070 0.061544
v -0.015150 0.295196 0.106736
v -0.012450 0.319744 0.105477
v -0.011560 0.450769 0.039934
v -0.444689 0.269245 -0.099347
v -0.573211 0.245138 -0.044586
v -0.017479 0.473034 -0.116873
v -0.033512 0.477704 -0.117465
v -0.087913 0.493916 -0.101929
v -0.102787 0.504398 -0.083917
v -0.068678 0.483780 -0.114180
v -0.050495 0.474370 -0.119853
v -0.127470 0.231191 0.041669
v -0.034745 0.442488 -0.129487
v -0.051987 0.463047 -0.124667
v -0.071563 0.472815 -0.119841
v -0.093000 0.483671 -0.108628
v -0.114508 0.496257 -0.090110
v -0.130831 0.496431 -0.083889
v -0.153133 0.480181 -0.090691
v -0.163340 0.479419 -0.086065
v -0.174187 0.477940 -0.081733
v -0.177320 0.490361 -0.065321
v -0.165422 0.492522 -0.069484
v -0.256832 0.437039 -0.077448
v -0.267419 0.425162 -0.082467
v -0.271416 0.412880 -0.089920
v -0.270486 0.400407 -0.096362
v -0.264575 0.388885 -0.101170
v -0.254732 0.378898 -0.103093
v -0.241397 0.373955 -0.102631
v -0.203769 0.372465 -0.095721
v -0.192542 0.372636 -0.093816
v -0.168190 0.346875 -0.095732
v -0.162273 0.340593 -0.097316
v -0.146343 0.315776 -0.106268
v -0.136338 0.303238 -0.109129
v -0.125298 0.288576 -0.113558
v -0.099335 0.060414 -0.109948
v -0.118868 0.062484 -0.099851
v -0.114654 0.079442 -0.095495
v -0.094459 0.077462 -0.104476
v -0.044643 0.114083 -0.103473
v -0.022244 0.113482 -0.100919
v -0.159740 0.079318 -0.040660
v -0.164220 0.076165 -0.014591
v -0.133158 0.081150 -0.081702
v -0.148190 0.080765 -0.063324
v -0.161561 0.070704 0.012017
v -0.103707 0.039242 0.093056
v -0.083716 0.033205 0.107985
v -0.042540 0.025717 0.128365
v -0.022305 0.024068 0.133014
v -0.153178 0.062986 0.036087
v -0.062955 0.028538 0.119963
v -0.140440 0.054227 0.057172
v -0.123297 0.045995 0.075805
v -0.066182 0.114892 -0.103207
v -0.070100 0.093939 -0.105232
v -0.090163 0.095801 -0.101248
v -0.037199 0.346326 -0.143972
v -0.057015 0.349227 -0.145060
v -0.076955 0.353866 -0.143088
v -0.091371 0.378521 -0.141001
v -0.095165 0.360358 -0.139974
v -0.111278 0.367898 -0.135243
v -0.108018 0.385157 -0.136584
v -0.138123 0.397209 -0.123379
v -0.139631 0.382719 -0.121771
v -0.150424 0.387857 -0.117809
v -0.149529 0.401875 -0.119453
v -0.160421 0.392356 -0.114946
v -0.169462 0.395803 -0.111262
v -0.179762 0.398543 -0.107422
v -0.191962 0.399529 -0.105690
v -0.192927 0.424579 -0.106704
v -0.180826 0.423786 -0.109060
v -0.137852 0.413099 -0.122951
v -0.122962 0.408291 -0.128678
v -0.035080 0.381718 -0.140827
v -0.017362 0.378048 -0.136506
v -0.159366 0.314147 -0.003121
v -0.163285 0.309066 -0.024137
v -0.165540 0.307048 -0.043881
v -0.164237 0.308277 -0.061169
v -0.162460 0.311795 -0.077204
v -0.158436 0.317344 -0.091000
v -0.157012 0.333570 -0.099605
v -0.152266 0.325492 -0.102563
v -0.151884 0.343607 -0.107739
v -0.145398 0.335634 -0.111647
v -0.138586 0.347475 -0.118999
v -0.132006 0.360562 -0.125044
v -0.126766 0.375405 -0.128468
v -0.123323 0.391563 -0.129658
v -0.106817 0.403186 -0.135739
v -0.089656 0.397250 -0.140497
v -0.071169 0.409746 -0.140971
v -0.071801 0.426940 -0.137390
v -0.071492 0.391346 -0.143388
v -0.073037 0.372573 -0.144088
v -0.073064 0.516244 -0.085584
v -0.057072 0.509250 -0.098287
v -0.235515 0.389282 -0.103714
v -0.231781 0.383844 -0.103512
v -0.235725 0.380198 -0.103242
v -0.244368 0.385855 -0.103378
v -0.251118 0.394377 -0.102161
v -0.242384 0.407381 -0.101316
v -0.239829 0.397666 -0.103031
v -0.255328 0.404785 -0.099160
v -0.256049 0.415824 -0.094821
v -0.243157 0.417583 -0.098233
v -0.253635 0.426255 -0.089928
v -0.242439 0.426796 -0.094325
v -0.247483 0.435264 -0.086151
v -0.241105 0.433179 -0.090918
v -0.209108 0.445224 -0.095682
v -0.221339 0.441508 -0.093545
v -0.232793 0.436808 -0.091941
v -0.204840 0.399215 -0.105348
v -0.217295 0.399902 -0.104956
v -0.228751 0.399447 -0.104149
v -0.230355 0.409271 -0.103198
v -0.218603 0.410200 -0.104637
v -0.205921 0.410248 -0.106039
v -0.035392 0.364375 -0.142764
v -0.053616 0.368278 -0.145231
v -0.160251 0.405713 -0.116436
v -0.169759 0.408475 -0.113233
v -0.180022 0.410035 -0.109359
v -0.192364 0.411125 -0.107117
v -0.170954 0.422199 -0.112851
v -0.160778 0.420167 -0.116143
v -0.149829 0.417053 -0.119031
v -0.052906 0.386150 -0.143705
v -0.017654 0.361360 -0.139553
v -0.175622 0.452149 0.017926
v -0.179773 0.476388 0.005051
v -0.183080 0.493128 -0.016416
v -0.181675 0.497494 -0.042344
v -0.361472 0.285686 -0.065266
v -0.016267 0.163224 -0.106076
v -0.018833 0.139551 -0.102134
v -0.040876 0.138812 -0.105667
v -0.017074 0.280871 -0.134731
v -0.018570 0.344292 -0.142325
v -0.102432 0.338348 0.097832
v -0.090399 0.339403 0.102527
v -0.091124 0.353754 0.094281
v -0.103511 0.352907 0.089447
v -0.122088 0.336174 0.085104
v -0.113340 0.337456 0.092073
v -0.114586 0.351616 0.083632
v -0.124131 0.349648 0.077084
v -0.129855 0.333403 0.077451
v -0.132335 0.346628 0.069902
v -0.112135 0.321769 0.098375
v -0.101796 0.322676 0.104249
v -0.089913 0.323891 0.108370
v -0.127585 0.319499 0.083545
v -0.120406 0.321072 0.091232
v -0.002807 0.551485 0.067437
v -0.003243 0.557322 0.082245
v 0.001587 0.600459 0.094949
v 0.001887 0.604817 0.092962
v -0.008497 0.473912 0.027214
v -0.007627 0.484391 0.025326
v -0.011788 0.339791 0.100410
v -0.011913 0.372740 0.085003
v -0.013360 0.386835 0.075707
v -0.014217 0.402153 0.067024
v -0.010341 0.463506 0.032793
v -0.011262 0.357038 0.093514
v -0.169315 -0.093078 -0.082573
v -0.152123 -0.111537 -0.101818
v -0.155022 -0.087323 -0.098519
v -0.142042 -0.100428 -0.111792
v -0.163609 -0.022420 -0.074148
v -0.162932 -0.047245 -0.080690
v -0.163803 0.002640 -0.070589
v -0.121969 -0.109223 -0.124220
v -0.096200 -0.113855 -0.133790
v -0.092363 -0.095575 -0.140847
v -0.148678 -0.000517 -0.094605
v -0.148915 -0.025288 -0.097626
v -0.146040 -0.084018 -0.107168
v -0.160707 -0.068973 -0.088636
v -0.147420 -0.070090 -0.105257
v -0.117132 -0.093764 -0.130738
v -0.135298 -0.089169 -0.117780
v -0.056615 0.056198 -0.119679
v -0.032612 0.037369 -0.129035
v -0.060653 0.037177 -0.127781
v -0.137160 0.064319 -0.084526
v -0.124636 0.043476 -0.105008
v -0.133281 -0.072812 -0.120496
v -0.113867 -0.074684 -0.133971
v -0.089410 -0.074790 -0.144375
v -0.088455 -0.004348 -0.138772
v -0.088191 -0.027284 -0.143940
v -0.111695 -0.028636 -0.133203
v -0.111416 -0.004411 -0.128787
v -0.129077 0.021047 -0.110662
v -0.131492 -0.003446 -0.114043
v -0.087110 0.018321 -0.131947
v -0.109252 0.019489 -0.123467
v -0.104570 0.041264 -0.116428
v -0.131852 -0.028332 -0.117732
v -0.059037 -0.050605 -0.150393
v -0.087753 -0.051252 -0.145690
v -0.028478 -0.049421 -0.148400
v -0.083514 0.039158 -0.123859
v -0.078891 0.058383 -0.115781
v -0.074396 0.075863 -0.109108
v -0.062466 0.137572 -0.105520
v -0.173924 -0.326107 0.063659
v -0.010980 -0.168795 0.005281
v -0.007451 -0.160275 -0.022393
v -0.176235 -0.057551 0.036077
v -0.187518 -0.071973 -0.038985
v -0.174994 -0.069430 -0.066687
v -0.036720 -0.165568 0.072603
v -0.022257 -0.173280 0.050377
v -0.157154 -0.067617 0.063308
v -0.111093 -0.119925 0.097660
v -0.015428 -0.173776 0.028319
v -0.148734 -0.049217 -0.101838
v -0.132608 -0.052110 -0.119788
v -0.112491 -0.053061 -0.134334
v -0.059777 -0.074058 -0.149662
v -0.028175 -0.072186 -0.146877
v -0.018943 -0.109950 0.096736
v -0.015397 -0.101502 0.104610
v -0.006978 -0.103496 0.105210
v -0.007252 -0.116826 0.094569
v -0.102610 0.017848 0.092935
v -0.080730 0.011120 0.105876
v -0.038248 0.003501 0.124304
v -0.019072 0.002073 0.128875
v -0.156610 0.044551 0.037138
v -0.058775 0.006030 0.116471
v -0.143246 0.035025 0.058241
v -0.124133 0.025793 0.076605
v -0.242230 -0.762185 -0.056061
v -0.250040 -0.789787 -0.052014
v -0.250550 -0.788157 -0.067315
v -0.239361 -0.760918 -0.070896
v -0.253398 -0.752688 -0.099190
v -0.242841 -0.757427 -0.091534
v -0.267564 -0.748789 -0.100951
v -0.272296 -0.778364 -0.100174
v -0.284160 -0.776430 -0.093304
v -0.280428 -0.746766 -0.096238
v -0.289646 -0.745510 -0.086832
v -0.299954 -0.774360 -0.073133
v -0.302607 -0.773794 -0.054879
v -0.300629 -0.745306 -0.056542
v -0.296460 -0.744928 -0.074700
v -0.296825 -0.750752 -0.036387
v -0.298965 -0.778181 -0.035132
v -0.282788 -0.757286 -0.025361
v -0.248689 -0.763628 -0.040197
v -0.253845 -0.790657 -0.034982
v -0.258795 -0.781911 -0.099089
v -0.250570 -0.785951 -0.088658
v -0.237703 -0.760354 -0.081435
v -0.250541 -0.787119 -0.077649
v -0.255979 -0.815954 -0.062494
v -0.251709 -0.817270 -0.046573
v -0.264744 -0.809771 -0.099361
v -0.260517 -0.812462 -0.085345
v -0.287889 -0.804547 -0.090928
v -0.277770 -0.806047 -0.101431
v -0.307284 -0.801424 -0.071935
v -0.292690 -0.775121 -0.084157
v -0.298428 -0.802891 -0.082312
v -0.309408 -0.800056 -0.053750
v -0.304430 -0.802951 -0.030905
v -0.255844 -0.816548 -0.028159
v -0.259553 -0.814235 -0.073746
v -0.331791 -0.893215 0.127409
v -0.324763 -0.895683 0.129078
v -0.324619 -0.890158 0.127862
v -0.329124 -0.889172 0.126953
v -0.292496 -0.902287 0.137172
v -0.281814 -0.908339 0.135281
v -0.280023 -0.896428 0.137595
v -0.287894 -0.892815 0.139320
v -0.310669 -0.899410 0.136874
v -0.318633 -0.897457 0.136083
v -0.317362 -0.901578 0.133003
v -0.312339 -0.902553 0.133501
v -0.351477 -0.885391 0.097148
v -0.356749 -0.884602 0.094440
v -0.356536 -0.888398 0.092793
v -0.352863 -0.889604 0.094546
v -0.339619 -0.891476 0.115817
v -0.345265 -0.890475 0.112942
v -0.344598 -0.894094 0.110974
v -0.341301 -0.895674 0.112558
v -0.290919 -0.886951 0.116793
v -0.290182 -0.888818 0.130769
v -0.277776 -0.893907 0.128297
v -0.275813 -0.889029 0.114443
v -0.273992 -0.904373 0.124232
v -0.282962 -0.907911 0.121352
v -0.281659 -0.908059 0.107057
v -0.272166 -0.901683 0.108859
v -0.295255 -0.905418 0.123385
v -0.295232 -0.905217 0.110299
v -0.300772 -0.896000 0.114517
v -0.301651 -0.895707 0.129302
v -0.319213 -0.891106 0.116676
v -0.322621 -0.893566 0.128516
v -0.315495 -0.888772 0.129851
v -0.312647 -0.884618 0.117843
v -0.307275 -0.891049 0.131087
v -0.301412 -0.887720 0.119222
v -0.300553 -0.898532 0.117226
v -0.302873 -0.899172 0.130958
v -0.309020 -0.902892 0.126761
v -0.306627 -0.902675 0.113586
v -0.315706 -0.900023 0.113543
v -0.318403 -0.901026 0.125804
v -0.329335 -0.881137 0.110378
v -0.329905 -0.886634 0.121168
v -0.322702 -0.888768 0.122076
v -0.319500 -0.884321 0.112582
v -0.320020 -0.897235 0.122212
v -0.326051 -0.899307 0.120203
v -0.323909 -0.898273 0.109585
v -0.318056 -0.895165 0.112485
v -0.333247 -0.895189 0.108325
v -0.333409 -0.897783 0.119380
v -0.335757 -0.886536 0.110599
v -0.336137 -0.890984 0.120660
v -0.350003 -0.883324 0.096675
v -0.348977 -0.888092 0.106233
v -0.344626 -0.883397 0.107688
v -0.344978 -0.877751 0.097565
v -0.338722 -0.884003 0.109643
v -0.337228 -0.879794 0.101766
v -0.335635 -0.889574 0.110151
v -0.339559 -0.895910 0.107269
v -0.339849 -0.893735 0.099144
v -0.335866 -0.886547 0.103690
v -0.346407 -0.894386 0.105308
v -0.347704 -0.891642 0.095348
v -0.357706 -0.874410 0.080280
v -0.361180 -0.880649 0.077094
v -0.360049 -0.882574 0.087201
v -0.356839 -0.877668 0.088740
v -0.351229 -0.878281 0.091825
v -0.351375 -0.875052 0.085685
v -0.348774 -0.883820 0.091886
v -0.351254 -0.890467 0.089192
v -0.351926 -0.889303 0.083036
v -0.350202 -0.881553 0.086932
v -0.357840 -0.888795 0.087120
v -0.358047 -0.887107 0.078539
v -0.274783 -0.885001 0.100270
v -0.294430 -0.885018 0.103154
v -0.284783 -0.907666 0.130866
v -0.272033 -0.899373 0.094325
v -0.291666 -0.906334 0.131643
v -0.298937 -0.903967 0.098113
v -0.282240 -0.907055 0.092353
v -0.299316 -0.896371 0.108302
v -0.315715 -0.892403 0.135762
v -0.317167 -0.892742 0.106959
v -0.318222 -0.899232 0.097280
v -0.311082 -0.893608 0.136463
v -0.313060 -0.881211 0.101608
v -0.330869 -0.877865 0.092801
v -0.327673 -0.898993 0.126205
v -0.331554 -0.898199 0.125499
v -0.336505 -0.894625 0.090731
v -0.335843 -0.885275 0.101484
v -0.343827 -0.886401 0.113115
v -0.350758 -0.880995 0.087214
v -0.350474 -0.890566 0.079500
v -0.340318 -0.886681 0.114041
v -0.346595 -0.873206 0.081239
v -0.354937 -0.881233 0.093567
v -0.362524 -0.878472 0.064509
v -0.359470 -0.887283 0.067648
v -0.352087 -0.881193 0.095452
v -0.357988 -0.870861 0.069486
v -0.257156 -0.764085 -0.028280
v -0.262505 -0.789782 -0.022535
v -0.268783 -0.762648 -0.023015
v -0.286581 -0.784111 -0.022898
v -0.273899 -0.788676 -0.018905
v -0.266402 -0.814099 -0.013982
v -0.291757 -0.808622 -0.017378
v -0.279054 -0.811739 -0.011191
v -0.314026 -0.821408 -0.074647
v -0.318023 -0.820822 -0.055341
v -0.302535 -0.823440 -0.084176
v -0.282724 -0.826962 -0.105343
v -0.293344 -0.824870 -0.094910
v -0.269854 -0.833467 -0.003668
v -0.260785 -0.837944 -0.022298
v -0.283716 -0.829338 0.001383
v -0.299440 -0.825315 -0.006075
v -0.269356 -0.881169 0.083606
v -0.269861 -0.880264 0.062034
v -0.282068 -0.866504 0.066142
v -0.287736 -0.874732 0.085372
v -0.301414 -0.862615 0.061990
v -0.307050 -0.873284 0.081423
v -0.319231 -0.861302 0.054058
v -0.324761 -0.870283 0.073731
v -0.335337 -0.861425 0.044274
v -0.341226 -0.868129 0.063485
v -0.349941 -0.864884 0.034331
v -0.355318 -0.867953 0.053897
v -0.360276 -0.872939 0.028568
v -0.363898 -0.875648 0.048521
v -0.268532 -0.899005 0.077093
v -0.269909 -0.896502 0.056311
v -0.281289 -0.908210 0.073820
v -0.282804 -0.907565 0.052920
v -0.298379 -0.904507 0.073110
v -0.298673 -0.904009 0.051220
v -0.358855 -0.886725 0.030101
v -0.360587 -0.888287 0.050893
v -0.316839 -0.899876 0.069458
v -0.316227 -0.898728 0.047099
v -0.334230 -0.896596 0.063549
v -0.333115 -0.895511 0.041061
v -0.348968 -0.893339 0.056805
v -0.347624 -0.892486 0.034879
v -0.276625 -0.860594 0.042021
v -0.294671 -0.850533 0.041293
v -0.312372 -0.850206 0.032107
v -0.328285 -0.853358 0.021071
v -0.342613 -0.860998 0.010795
v -0.353976 -0.869328 0.005712
v -0.324147 -0.841425 -0.007158
v -0.336066 -0.859036 -0.015502
v -0.345968 -0.869350 -0.018137
v -0.331616 -0.857502 -0.041908
v -0.339399 -0.869357 -0.042230
v -0.323098 -0.858313 -0.084237
v -0.331999 -0.871231 -0.086068
v -0.335026 -0.869033 -0.066176
v -0.327013 -0.857052 -0.065852
v -0.321787 -0.840970 -0.036517
v -0.319776 -0.839714 -0.061208
v -0.314712 -0.840253 -0.078942
v -0.316773 -0.875454 -0.109787
v -0.326744 -0.873128 -0.099554
v -0.318634 -0.859361 -0.097370
v -0.310602 -0.860299 -0.109115
v -0.295143 -0.864773 -0.116722
v -0.300841 -0.880697 -0.114132
v -0.279903 -0.871077 -0.106481
v -0.284694 -0.886849 -0.106106
v -0.301152 -0.842347 -0.101637
v -0.308166 -0.841676 -0.090831
v -0.289094 -0.844976 -0.110252
v -0.275334 -0.850594 -0.101993
v -0.272668 -0.853093 -0.085017
v -0.275797 -0.874155 -0.087549
v -0.277623 -0.889963 -0.088357
v -0.270506 -0.878553 0.036686
v -0.273669 -0.891525 0.031955
v -0.306615 -0.837020 0.011552
v -0.288054 -0.839903 0.020056
v -0.271281 -0.851839 0.012627
v -0.268844 -0.875893 0.009160
v -0.276692 -0.888957 0.004825
v -0.277858 -0.887951 -0.019800
v -0.268448 -0.876703 -0.017193
v -0.284501 -0.900188 0.028329
v -0.286925 -0.894009 0.002036
v -0.287045 -0.892738 -0.022023
v -0.276752 -0.888774 -0.041330
v -0.269004 -0.876703 -0.039739
v -0.276912 -0.888761 -0.058641
v -0.271868 -0.874934 -0.057553
v -0.273962 -0.874196 -0.071849
v -0.276707 -0.889462 -0.072870
v -0.266775 -0.855592 -0.057925
v -0.269382 -0.853767 -0.070778
v -0.263969 -0.858292 -0.039849
v -0.264300 -0.857414 -0.016485
v -0.354056 -0.883443 0.006593
v -0.347272 -0.881196 -0.017285
v -0.340102 -0.879631 -0.041019
v -0.335450 -0.880917 -0.064621
v -0.330340 -0.883676 -0.082982
v -0.324681 -0.885306 -0.094556
v -0.302906 -0.889888 -0.106138
v -0.316157 -0.886772 -0.103320
v -0.291340 -0.894304 -0.100739
v -0.286349 -0.897625 -0.086495
v -0.285346 -0.898725 -0.073369
v -0.285901 -0.895232 -0.043316
v -0.284954 -0.897849 -0.059869
v -0.255978 -0.839882 -0.042822
v -0.259130 -0.838081 -0.060591
v -0.264029 -0.835766 -0.072263
v -0.270676 -0.831257 -0.099112
v -0.267178 -0.833517 -0.083769
v -0.299126 -0.900543 0.025558
v -0.315672 -0.895967 0.021319
v -0.331420 -0.892729 0.015600
v -0.344566 -0.889595 0.010353
v -0.340086 -0.887409 -0.014287
v -0.328440 -0.890662 -0.010435
v -0.313829 -0.894346 -0.005754
v -0.298843 -0.895479 -0.001015
v -0.333795 -0.886943 -0.037870
v -0.323764 -0.890751 -0.034121
v -0.310677 -0.894329 -0.030484
v -0.297904 -0.895516 -0.025336
v -0.295831 -0.898229 -0.046854
v -0.306580 -0.896181 -0.052328
v -0.318010 -0.892542 -0.055738
v -0.327454 -0.888158 -0.060240
v -0.322456 -0.889653 -0.077385
v -0.313368 -0.893240 -0.072204
v -0.303182 -0.896853 -0.068251
v -0.294499 -0.899001 -0.063560
v -0.317982 -0.890417 -0.087476
v -0.304515 -0.893390 -0.098121
v -0.312273 -0.891384 -0.094528
v -0.296811 -0.896423 -0.095217
v -0.294159 -0.898184 -0.085278
v -0.293868 -0.899036 -0.074858
v -0.301651 -0.896592 -0.077905
v -0.300766 -0.896147 -0.085484
v -0.310614 -0.893292 -0.081532
v -0.307643 -0.893404 -0.088384
v -0.300764 -0.895399 -0.091321
v -0.304269 -0.894036 -0.092631
v -0.311374 -0.824923 -0.026371
v -0.196514 -0.491968 0.014818
v -0.181355 -0.493090 0.010133
v -0.212368 -0.486209 0.015568
v -0.132944 -0.080723 0.083155
v -0.084184 0.145886 0.101537
v -0.085312 0.188093 0.095069
v -0.084426 0.166542 0.098436
v -0.140628 -0.108031 0.087781
v -0.129313 0.211849 0.040990
v -0.105477 0.367313 0.080065
v -0.077045 0.653188 -0.015523
v -0.074906 0.650348 -0.016530
v -0.073868 0.647200 -0.018374
v -0.073201 0.644926 -0.021341
v -0.072557 0.642905 -0.024399
v -0.070880 0.642614 -0.027506
v -0.075532 0.648197 -0.021129
v -0.073102 0.650681 -0.023927
v -0.073669 0.652064 -0.022111
v -0.076068 0.650428 -0.019536
f 2 3 1
f 1 3 4
f 3 2 5
f 5 2 6
f 3 7 4
f 4 7 8
f 10 11 9
f 9 11 12
f 14 15 13
f 13 15 16
f 18 19 17
f 17 19 20
f 22 23 21
f 21 23 24
f 26 18 25
f 25 18 17
f 27 28 17
f 17 28 25
f 30 31 29
f 29 31 32
f 34 35 33
f 33 35 36
f 21 24 37
f 37 24 38
f 40 31 39
f 39 31 38
f 34 33 28
f 28 33 25
f 41 42 44
f 44 42 43
f 36 45 33
f 33 45 25
f 46 47 49
f 49 47 48
f 51 52 50
f 50 52 53
f 55 53 54
f 54 53 52
f 57 58 56
f 56 58 59
f 61 62 60
f 60 62 63
f 65 66 64
f 64 66 67
f 69 70 68
f 68 70 71
f 65 73 72
f 72 73 74
f 64 75 65
f 65 75 73
f 77 78 76
f 76 78 79
f 80 81 83
f 83 81 82
f 81 85 84
f 84 85 86
f 88 89 87
f 87 89 69
f 88 87 90
f 90 87 91
f 93 94 92
f 92 94 95
f 96 84 43
f 43 84 44
f 51 98 97
f 97 98 86
f 97 99 51
f 51 99 52
f 54 52 100
f 100 52 99
f 58 101 59
f 59 101 102
f 62 103 63
f 63 103 104
f 105 106 6
f 6 106 5
f 108 109 107
f 107 109 110
f 112 113 111
f 111 113 114
f 116 117 115
f 115 117 118
f 120 121 119
f 119 121 122
f 124 125 123
f 123 125 126
f 128 129 127
f 127 129 130
f 130 131 127
f 127 131 132
f 134 1 133
f 133 1 135
f 1 4 135
f 135 4 136
f 4 8 136
f 136 8 137
f 138 139 15
f 15 139 140
f 140 139 141
f 141 139 142
f 144 57 143
f 143 57 56
f 145 146 141
f 141 146 147
f 146 149 148
f 148 149 150
f 152 153 151
f 151 153 154
f 141 147 140
f 140 147 155
f 157 11 156
f 156 11 158
f 160 161 159
f 159 161 162
f 164 165 163
f 163 165 166
f 165 160 166
f 166 160 159
f 168 169 167
f 167 169 170
f 169 171 170
f 170 171 172
f 149 173 150
f 150 173 174
f 175 176 149
f 149 176 173
f 178 172 177
f 177 172 171
f 180 181 179
f 179 181 182
f 184 180 183
f 183 180 179
f 186 187 185
f 185 187 188
f 190 191 189
f 189 191 192
f 7 193 8
f 8 193 194
f 196 162 195
f 195 162 161
f 197 168 198
f 198 168 167
f 181 199 182
f 182 199 200
f 202 203 201
f 201 203 204
f 187 186 205
f 205 186 206
f 208 209 207
f 207 209 210
f 212 213 211
f 211 213 214
f 215 216 218
f 218 216 217
f 220 209 219
f 219 209 208
f 204 186 221
f 221 186 185
f 201 204 222
f 222 204 221
f 223 211 220
f 220 211 209
f 224 225 214
f 214 225 210
f 203 206 204
f 204 206 186
f 227 187 226
f 226 187 205
f 27 228 21
f 21 228 22
f 230 231 229
f 229 231 232
f 234 235 233
f 233 235 236
f 238 239 237
f 237 239 240
f 119 122 118
f 118 122 115
f 112 242 241
f 241 242 243
f 98 51 244
f 244 51 50
f 245 138 14
f 14 138 15
f 11 10 158
f 158 10 246
f 89 85 69
f 69 85 70
f 11 157 12
f 12 157 247
f 249 164 248
f 248 164 163
f 177 250 178
f 178 250 251
f 253 254 252
f 252 254 255
f 187 227 188
f 188 227 256
f 212 257 213
f 213 257 258
f 260 134 259
f 259 134 133
f 165 164 135
f 135 164 133
f 160 165 136
f 136 165 135
f 136 137 160
f 160 137 161
f 137 261 161
f 161 261 195
f 263 264 262
f 262 264 265
f 13 16 266
f 266 16 267
f 268 267 155
f 155 267 16
f 147 269 155
f 155 269 268
f 162 196 167
f 167 196 198
f 167 170 162
f 162 170 159
f 170 172 159
f 159 172 166
f 172 178 166
f 166 178 163
f 178 251 163
f 163 251 248
f 168 270 169
f 169 270 271
f 272 273 171
f 171 273 177
f 271 272 169
f 169 272 171
f 168 197 270
f 270 197 274
f 250 177 275
f 275 177 273
f 277 45 276
f 276 45 278
f 280 281 279
f 279 281 282
f 284 104 283
f 283 104 103
f 285 215 286
f 286 215 218
f 288 289 287
f 287 289 290
f 291 80 66
f 66 80 83
f 293 294 292
f 292 294 295
f 73 91 74
f 74 91 87
f 91 73 92
f 92 73 75
f 279 77 280
f 280 77 76
f 80 291 70
f 70 291 71
f 277 47 96
f 96 47 82
f 297 175 296
f 296 175 149
f 299 154 298
f 298 154 153
f 225 300 210
f 210 300 207
f 224 301 206
f 206 301 205
f 210 209 214
f 214 209 211
f 226 205 302
f 302 205 301
f 304 305 303
f 303 305 306
f 308 309 307
f 307 309 310
f 72 291 65
f 65 291 66
f 66 83 67
f 67 83 46
f 312 313 311
f 311 313 314
f 316 317 315
f 315 317 36
f 29 318 35
f 35 318 319
f 321 32 320
f 320 32 322
f 311 314 323
f 323 314 324
f 315 325 316
f 316 325 326
f 318 287 319
f 319 287 290
f 328 321 327
f 327 321 320
f 329 330 39
f 39 330 331
f 332 333 40
f 40 333 322
f 309 334 285
f 285 334 335
f 236 2 134
f 134 2 1
f 260 336 233
f 233 336 337
f 237 14 265
f 265 14 13
f 84 86 44
f 44 86 98
f 189 192 7
f 7 192 193
f 44 98 41
f 41 98 244
f 237 240 14
f 14 240 245
f 7 3 189
f 189 3 5
f 338 71 72
f 72 71 291
f 262 265 266
f 266 265 13
f 124 123 339
f 339 123 105
f 123 109 105
f 105 109 106
f 189 5 190
f 190 5 106
f 111 114 12
f 12 114 9
f 264 340 265
f 265 340 237
f 342 343 341
f 341 343 344
f 6 235 105
f 105 235 339
f 234 346 345
f 345 346 347
f 349 350 348
f 348 350 351
f 107 352 108
f 108 352 353
f 355 356 354
f 354 356 357
f 237 340 238
f 238 340 358
f 12 247 111
f 111 247 359
f 264 263 116
f 116 263 360
f 361 362 222
f 222 362 201
f 364 365 363
f 363 365 366
f 368 369 367
f 367 369 370
f 372 373 371
f 371 373 374
f 375 376 372
f 372 376 377
f 378 379 381
f 381 379 380
f 382 383 269
f 269 383 268
f 150 174 365
f 365 174 384
f 380 377 381
f 381 377 376
f 271 270 180
f 180 270 181
f 273 272 252
f 252 272 184
f 272 271 184
f 184 271 180
f 181 270 274
f 252 255 273
f 273 255 275
f 254 385 255
f 255 385 386
f 387 388 179
f 179 388 183
f 389 387 182
f 182 387 179
f 182 200 389
f 389 200 390
f 388 391 183
f 183 391 253
f 391 392 253
f 253 392 254
f 394 379 393
f 393 379 378
f 185 188 395
f 395 188 396
f 221 185 397
f 397 185 395
f 222 221 398
f 398 221 397
f 188 256 396
f 396 256 399
f 400 401 256
f 256 401 399
f 402 403 405
f 405 403 404
f 148 150 364
f 364 150 365
f 393 406 394
f 394 406 407
f 158 246 393
f 393 246 406
f 342 19 238
f 238 19 239
f 23 22 350
f 350 22 354
f 244 50 245
f 245 50 138
f 55 142 53
f 53 142 139
f 145 144 296
f 296 144 143
f 355 228 341
f 341 228 20
f 41 240 42
f 42 240 239
f 283 308 284
f 284 308 307
f 349 409 408
f 408 409 410
f 244 245 41
f 41 245 240
f 268 383 406
f 406 383 407
f 346 411 349
f 349 411 409
f 251 412 248
f 248 412 413
f 275 414 250
f 250 414 415
f 25 45 26
f 26 45 277
f 43 26 96
f 96 26 277
f 416 417 61
f 61 417 62
f 329 24 408
f 408 24 23
f 31 40 32
f 32 40 322
f 39 38 329
f 329 38 24
f 37 38 30
f 30 38 31
f 418 419 421
f 421 419 420
f 78 295 79
f 79 295 294
f 124 339 422
f 422 339 345
f 232 131 357
f 357 131 351
f 2 236 6
f 6 236 235
f 252 184 253
f 253 184 183
f 227 423 256
f 256 423 400
f 423 227 305
f 305 227 226
f 424 258 425
f 425 258 257
f 426 427 212
f 212 427 257
f 259 133 249
f 249 133 164
f 419 418 428
f 428 418 429
f 327 430 328
f 328 430 288
f 49 431 46
f 46 431 67
f 306 302 424
f 424 302 258
f 313 432 314
f 314 432 433
f 32 321 29
f 29 321 318
f 324 314 433
f 287 318 328
f 328 318 321
f 134 260 236
f 236 260 233
f 345 339 234
f 234 339 235
f 357 351 354
f 354 351 350
f 408 23 349
f 349 23 350
f 317 278 36
f 36 278 45
f 432 313 429
f 429 313 428
f 435 428 434
f 434 428 313
f 42 239 18
f 18 239 19
f 43 42 26
f 26 42 18
f 121 120 436
f 436 120 437
f 302 301 258
f 258 301 213
f 110 109 126
f 126 109 123
f 238 358 342
f 342 358 343
f 341 20 342
f 342 20 19
f 322 438 320
f 320 438 439
f 320 439 327
f 327 439 430
f 333 440 322
f 322 440 438
f 289 288 323
f 323 288 430
f 115 340 116
f 116 340 264
f 146 145 149
f 149 145 296
f 15 140 16
f 16 140 155
f 441 442 152
f 152 442 153
f 225 224 203
f 203 224 206
f 175 297 154
f 154 297 151
f 293 443 294
f 294 443 444
f 248 413 249
f 249 413 445
f 446 447 400
f 400 447 401
f 388 387 396
f 396 387 395
f 387 389 395
f 395 389 397
f 391 388 399
f 399 388 396
f 401 392 399
f 399 392 391
f 255 386 275
f 275 386 414
f 449 450 448
f 448 450 451
f 335 452 285
f 285 452 215
f 453 298 442
f 442 298 153
f 211 223 212
f 212 223 426
f 425 257 454
f 454 257 427
f 266 10 262
f 262 10 9
f 360 113 456
f 456 113 455
f 8 194 137
f 137 194 261
f 10 266 246
f 246 266 267
f 203 202 225
f 225 202 300
f 262 9 263
f 263 9 114
f 108 353 190
f 190 353 191
f 389 390 397
f 397 390 398
f 457 422 128
f 128 422 129
f 156 158 378
f 378 158 393
f 347 346 348
f 348 346 349
f 447 458 401
f 401 458 392
f 364 382 148
f 148 382 269
f 55 54 57
f 57 54 58
f 75 64 459
f 459 64 460
f 100 90 101
f 101 90 95
f 101 58 100
f 100 58 54
f 142 55 144
f 144 55 57
f 147 146 269
f 269 146 148
f 459 93 75
f 75 93 92
f 144 145 142
f 142 145 141
f 228 27 20
f 20 27 17
f 154 299 175
f 175 299 176
f 214 213 224
f 224 213 301
f 424 461 306
f 306 461 303
f 285 286 309
f 309 286 310
f 462 334 308
f 308 334 309
f 302 306 226
f 226 306 305
f 37 28 21
f 21 28 27
f 29 35 30
f 30 35 34
f 30 34 37
f 37 34 28
f 344 436 356
f 356 436 229
f 325 290 326
f 326 290 289
f 311 439 312
f 312 439 438
f 35 319 36
f 36 319 315
f 439 311 430
f 430 311 323
f 315 319 325
f 325 319 290
f 440 463 438
f 438 463 312
f 341 344 355
f 355 344 356
f 360 456 116
f 116 456 117
f 354 22 355
f 355 22 228
f 326 289 324
f 324 289 323
f 74 87 68
f 68 87 69
f 50 53 138
f 138 53 139
f 268 406 267
f 267 406 246
f 190 106 108
f 108 106 109
f 241 455 112
f 112 455 113
f 358 122 343
f 343 122 121
f 129 347 130
f 130 347 348
f 348 351 130
f 130 351 131
f 229 232 356
f 356 232 357
f 340 115 358
f 358 115 122
f 111 359 112
f 112 359 242
f 125 124 457
f 457 124 422
f 231 132 232
f 232 132 131
f 343 121 344
f 344 121 436
f 263 114 360
f 360 114 113
f 347 129 345
f 345 129 422
f 230 229 437
f 437 229 436
f 464 446 423
f 423 446 400
f 465 466 468
f 468 466 467
f 470 471 469
f 469 471 472
f 469 472 373
f 373 472 374
f 474 469 473
f 473 469 373
f 471 475 472
f 472 475 476
f 472 477 374
f 374 477 478
f 477 472 476
f 479 480 476
f 476 480 477
f 473 373 377
f 377 373 372
f 481 482 479
f 479 482 480
f 483 484 481
f 481 484 482
f 403 402 485
f 485 402 486
f 487 488 483
f 483 488 484
f 487 489 488
f 488 489 490
f 489 491 490
f 490 491 492
f 491 493 492
f 492 493 494
f 493 495 494
f 494 495 496
f 497 498 481
f 481 498 483
f 484 499 482
f 482 499 367
f 370 480 367
f 367 480 482
f 480 370 477
f 477 370 478
f 500 497 479
f 479 497 481
f 451 473 380
f 380 473 377
f 448 451 379
f 379 451 380
f 501 502 504
f 504 502 503
f 449 505 507
f 507 505 506
f 486 508 505
f 505 508 506
f 508 509 506
f 506 509 510
f 511 507 510
f 510 507 506
f 509 508 512
f 512 508 513
f 515 509 514
f 514 509 512
f 509 515 510
f 510 515 516
f 510 516 511
f 511 516 517
f 486 505 485
f 485 505 518
f 505 449 518
f 518 449 448
f 383 382 403
f 403 382 404
f 363 404 364
f 364 404 382
f 403 485 383
f 383 485 407
f 519 520 361
f 361 520 362
f 522 496 521
f 521 496 495
f 450 474 451
f 451 474 473
f 363 366 523
f 523 366 524
f 525 499 488
f 488 499 484
f 488 490 525
f 525 490 526
f 496 522 520
f 520 522 527
f 494 496 519
f 519 496 520
f 492 494 528
f 528 494 519
f 529 530 495
f 495 530 521
f 490 492 526
f 526 492 528
f 529 495 531
f 531 495 493
f 533 534 532
f 532 534 535
f 523 524 533
f 533 524 534
f 486 402 532
f 532 402 533
f 529 536 530
f 530 536 537
f 536 538 537
f 537 538 539
f 540 541 539
f 539 541 537
f 530 537 535
f 535 537 541
f 542 539 543
f 543 539 538
f 539 542 540
f 540 542 544
f 541 540 513
f 513 540 512
f 540 544 512
f 512 544 514
f 546 547 545
f 545 547 548
f 549 550 531
f 531 550 551
f 550 549 552
f 552 549 553
f 546 550 554
f 554 550 552
f 547 546 555
f 555 546 554
f 498 556 558
f 558 556 557
f 559 557 560
f 560 557 556
f 561 562 560
f 560 562 559
f 557 559 552
f 552 559 554
f 559 562 554
f 554 562 555
f 558 557 553
f 553 557 552
f 475 471 563
f 563 471 564
f 565 563 567
f 567 563 566
f 471 470 564
f 564 470 466
f 564 466 568
f 568 466 465
f 568 465 569
f 569 465 570
f 572 573 571
f 571 573 574
f 569 575 567
f 567 575 576
f 577 565 576
f 576 565 567
f 578 579 581
f 581 579 580
f 575 561 576
f 576 561 560
f 556 577 560
f 560 577 576
f 577 556 497
f 497 556 498
f 565 577 500
f 500 577 497
f 563 565 475
f 475 565 500
f 553 489 558
f 558 489 487
f 531 493 549
f 549 493 491
f 489 553 491
f 491 553 549
f 394 407 518
f 518 407 485
f 518 448 394
f 394 448 379
f 545 548 538
f 538 548 543
f 551 545 536
f 536 545 538
f 536 529 551
f 551 529 531
f 507 582 449
f 449 582 450
f 511 583 507
f 507 583 582
f 511 517 583
f 583 517 584
f 585 586 588
f 588 586 587
f 590 591 589
f 589 591 592
f 591 590 593
f 593 590 594
f 596 597 595
f 595 597 598
f 599 600 602
f 602 600 601
f 604 605 603
f 603 605 606
f 608 609 607
f 607 609 610
f 612 613 611
f 611 613 614
f 615 616 618
f 618 616 617
f 620 621 619
f 619 621 622
f 624 625 623
f 623 625 626
f 628 629 627
f 627 629 630
f 632 633 631
f 631 633 634
f 635 636 638
f 638 636 637
f 639 640 642
f 642 640 641
f 644 645 643
f 643 645 646
f 619 622 647
f 647 622 648
f 650 651 649
f 649 651 652
f 601 653 602
f 602 653 654
f 656 657 655
f 655 657 658
f 660 661 659
f 659 661 662
f 664 665 663
f 663 665 666
f 593 594 667
f 667 594 668
f 669 670 672
f 672 670 671
f 673 674 676
f 676 674 675
f 633 632 677
f 677 632 678
f 663 666 679
f 679 666 680
f 681 682 684
f 684 682 683
f 686 687 685
f 685 687 688
f 690 661 689
f 689 661 691
f 693 686 692
f 692 686 685
f 695 597 694
f 694 597 668
f 594 696 668
f 668 696 694
f 697 698 696
f 696 698 699
f 700 701 697
f 697 701 698
f 702 585 703
f 703 585 588
f 671 690 672
f 672 690 689
f 640 639 704
f 704 639 705
f 679 706 663
f 663 706 658
f 708 709 707
f 707 709 710
f 711 712 610
f 610 712 607
f 713 714 716
f 716 714 715
f 717 718 720
f 720 718 719
f 722 634 721
f 721 634 633
f 724 725 723
f 723 725 726
f 728 729 727
f 727 729 730
f 732 733 731
f 731 733 734
f 707 710 735
f 735 710 736
f 643 737 644
f 644 737 738
f 740 741 739
f 739 741 742
f 608 744 743
f 743 744 745
f 747 748 746
f 746 748 749
f 751 752 750
f 750 752 753
f 754 755 757
f 757 755 756
f 758 759 761
f 761 759 760
f 763 764 762
f 762 764 765
f 767 768 766
f 766 768 769
f 771 772 770
f 770 772 773
f 775 776 774
f 774 776 777
f 779 780 778
f 778 780 781
f 783 712 782
f 782 712 784
f 785 786 788
f 788 786 787
f 790 628 789
f 789 628 627
f 792 793 791
f 791 793 794
f 795 796 726
f 726 796 723
f 798 799 797
f 797 799 800
f 721 633 801
f 801 633 677
f 797 800 802
f 802 800 803
f 805 806 804
f 804 806 807
f 809 810 808
f 808 810 811
f 813 814 812
f 812 814 815
f 809 808 817
f 817 808 816
f 818 819 804
f 804 819 805
f 820 821 818
f 818 821 819
f 821 820 587
f 587 820 822
f 809 823 810
f 810 823 824
f 814 807 815
f 815 807 806
f 826 426 825
f 825 426 223
f 426 826 427
f 427 826 827
f 828 829 454
f 454 829 830
f 831 832 677
f 677 832 801
f 834 835 833
f 833 835 836
f 838 839 837
f 837 839 840
f 841 842 844
f 844 842 843
f 845 846 803
f 803 846 802
f 847 831 678
f 678 831 677
f 848 849 851
f 851 849 850
f 853 854 852
f 852 854 855
f 857 858 856
f 856 858 680
f 860 861 859
f 859 861 862
f 864 865 863
f 863 865 866
f 868 869 867
f 867 869 870
f 839 871 840
f 840 871 872
f 849 848 874
f 874 848 873
f 876 877 875
f 875 877 878
f 880 881 879
f 879 881 882
f 883 884 886
f 886 884 885
f 846 887 802
f 802 887 888
f 890 891 889
f 889 891 888
f 893 894 892
f 892 894 895
f 896 897 728
f 728 897 729
f 899 900 898
f 898 900 901
f 902 852 904
f 904 852 903
f 849 905 850
f 850 905 906
f 875 878 907
f 907 878 908
f 910 911 909
f 909 911 912
f 914 915 913
f 913 915 916
f 917 918 862
f 862 918 859
f 919 920 856
f 856 920 921
f 923 924 922
f 922 924 925
f 926 927 925
f 925 927 922
f 929 930 928
f 928 930 693
f 932 695 931
f 931 695 694
f 823 867 824
f 824 867 933
f 935 936 934
f 934 936 937
f 938 868 823
f 823 868 867
f 940 847 939
f 939 847 678
f 632 655 678
f 678 655 939
f 941 942 619
f 619 942 620
f 687 943 688
f 688 943 944
f 851 850 945
f 945 850 903
f 850 906 903
f 903 906 904
f 946 947 949
f 949 947 948
f 951 952 950
f 950 952 953
f 955 956 954
f 954 956 957
f 907 958 875
f 875 958 874
f 960 961 959
f 959 961 962
f 963 853 902
f 902 853 852
f 909 964 910
f 910 964 965
f 967 968 966
f 966 968 969
f 971 972 970
f 970 972 973
f 974 960 975
f 975 960 959
f 977 978 976
f 976 978 979
f 981 977 980
f 980 977 976
f 980 982 981
f 981 982 983
f 985 983 984
f 984 983 982
f 984 986 985
f 985 986 987
f 989 990 988
f 988 990 991
f 993 994 992
f 992 994 995
f 997 998 996
f 996 998 999
f 1001 1002 1000
f 1000 1002 1003
f 1005 1006 1004
f 1004 1006 1007
f 1004 1008 1005
f 1005 1008 1009
f 1008 1010 1009
f 1009 1010 1011
f 1013 1011 1012
f 1012 1011 1010
f 1014 1015 1017
f 1017 1015 1016
f 1019 1020 1018
f 1018 1020 1021
f 1022 1023 976
f 976 1023 980
f 1024 1025 982
f 982 1025 984
f 992 995 1026
f 1026 995 1027
f 956 955 1028
f 1028 955 1029
f 1030 1031 1033
f 1033 1031 1032
f 1010 1008 1034
f 1034 1008 1035
f 1008 1004 1035
f 1035 1004 1036
f 1037 1038 1002
f 1002 1038 1007
f 1002 1001 1037
f 1037 1001 1039
f 1040 1041 997
f 997 1041 998
f 1015 1014 1043
f 1043 1014 1042
f 1044 1045 1047
f 1047 1045 1046
f 1044 1020 1048
f 1048 1020 1049
f 1050 1051 1003
f 1003 1051 1000
f 1052 1050 1006
f 1006 1050 1003
f 1053 1054 1011
f 1011 1054 1009
f 1013 1045 1055
f 1055 1045 1056
f 1058 1059 1057
f 1057 1059 1060
f 1062 1063 1061
f 1061 1063 1064
f 1065 1066 1050
f 1050 1066 1051
f 1067 1065 1052
f 1052 1065 1050
f 1068 1069 1054
f 1054 1069 1070
f 1071 1068 1053
f 1053 1068 1054
f 1073 1071 1072
f 1072 1071 1074
f 1074 1071 1055
f 1055 1071 1053
f 1076 1077 1075
f 1075 1077 1078
f 1079 1080 1057
f 1057 1080 1058
f 1081 1082 1064
f 1064 1082 1061
f 1084 1085 1083
f 1083 1085 1086
f 1088 1089 1087
f 1087 1089 1090
f 1092 1093 1091
f 1091 1093 1094
f 1096 1097 1095
f 1095 1097 1098
f 1099 1100 1102
f 1102 1100 1101
f 1103 1104 1099
f 1099 1104 1100
f 1106 1107 1105
f 1105 1107 1108
f 1110 1111 1109
f 1109 1111 1112
f 1114 1115 1113
f 1113 1115 1116
f 1118 1119 1117
f 1117 1119 1077
f 1117 1120 1122
f 1122 1120 1121
f 1105 1123 1106
f 1106 1123 1124
f 1125 1126 1128
f 1128 1126 1127
f 1130 1131 1129
f 1129 1131 1132
f 1134 1135 1133
f 1133 1135 1114
f 1113 1136 1114
f 1114 1136 1133
f 1118 1137 1113
f 1113 1137 1136
f 1118 1117 1137
f 1137 1117 1122
f 1139 1140 1138
f 1138 1140 1141
f 1143 953 1142
f 1142 953 952
f 1145 957 1144
f 1144 957 956
f 1028 1146 956
f 956 1146 1144
f 1014 1147 1042
f 1042 1147 1148
f 1014 1017 1147
f 1147 1017 1149
f 1059 1058 1150
f 1150 1058 1151
f 1153 1080 1152
f 1152 1080 1154
f 1156 1088 1155
f 1155 1088 1087
f 1157 1158 1106
f 1106 1158 1107
f 1106 1124 1157
f 1157 1124 1159
f 1161 1162 1160
f 1160 1162 1163
f 1165 1166 1164
f 1164 1166 1167
f 1168 1031 1012
f 1012 1031 1046
f 1024 1023 1035
f 1035 1023 1034
f 1036 1038 1025
f 1025 1038 1169
f 1170 1171 1039
f 1039 1171 1037
f 1028 1029 1042
f 1042 1029 1043
f 1172 1173 1175
f 1175 1173 1174
f 1055 1053 1013
f 1013 1053 1011
f 1005 1009 1070
f 1070 1009 1054
f 996 999 1062
f 1062 999 1063
f 1016 1060 1017
f 1017 1060 1059
f 1017 1059 1149
f 1149 1059 1150
f 1177 1178 1176
f 1176 1178 1103
f 1176 1072 1179
f 1179 1072 1074
f 1073 1102 1086
f 1086 1102 1083
f 1180 1181 1067
f 1067 1181 1065
f 1182 1183 1184
f 1184 1183 1181
f 1186 1187 1185
f 1185 1187 1188
f 1189 1190 798
f 798 1190 799
f 1192 1193 1191
f 1191 1193 1194
f 1195 1196 1194
f 1194 1196 1191
f 1196 1195 1198
f 1198 1195 1197
f 1200 674 1199
f 1199 674 673
f 928 1201 1203
f 1203 1201 1202
f 861 1204 862
f 862 1204 921
f 1205 1206 913
f 913 1206 1207
f 882 1208 879
f 879 1208 1209
f 1210 1211 1167
f 1167 1211 1164
f 1212 769 1213
f 1213 769 768
f 727 1214 728
f 728 1214 1215
f 1217 1218 1216
f 1216 1218 1219
f 1220 813 1221
f 1221 813 812
f 827 828 427
f 427 828 454
f 1223 1224 1222
f 1222 1224 1165
f 1226 1227 1225
f 1225 1227 1228
f 851 1229 848
f 848 1229 1230
f 834 854 835
f 835 854 1231
f 1233 1234 1232
f 1232 1234 1235
f 1237 751 1236
f 1236 751 750
f 743 819 1238
f 1238 819 821
f 1240 1241 1239
f 1239 1241 1242
f 1244 1245 1243
f 1243 1245 1246
f 844 1247 841
f 841 1247 1248
f 1250 1251 1249
f 1249 1251 1252
f 1254 893 1253
f 1253 893 1237
f 1255 1256 1258
f 1258 1256 1257
f 1260 1261 1259
f 1259 1261 1262
f 945 903 855
f 855 903 852
f 855 1263 945
f 945 1263 1264
f 832 845 801
f 801 845 803
f 800 721 803
f 803 721 801
f 721 800 722
f 722 800 799
f 1266 1267 1265
f 1265 1267 1268
f 1270 795 1269
f 1269 795 726
f 725 1271 726
f 726 1271 1269
f 737 765 738
f 738 765 764
f 759 740 760
f 760 740 739
f 717 1272 1274
f 1274 1272 1273
f 1163 1226 1275
f 1275 1226 1225
f 1277 882 1276
f 1276 882 881
f 1041 1040 1027
f 1027 1040 1026
f 900 935 901
f 901 935 934
f 1164 1278 1165
f 1165 1278 1222
f 1211 1279 1164
f 1164 1279 1278
f 442 1280 453
f 453 1280 1281
f 788 1282 785
f 785 1282 1283
f 1285 1286 1284
f 1284 1286 1287
f 1284 1288 1285
f 1285 1288 1289
f 757 1289 754
f 754 1289 1288
f 605 604 675
f 675 604 676
f 1290 1291 1293
f 1293 1291 1292
f 1295 1296 1294
f 1294 1296 1297
f 696 699 694
f 694 699 931
f 1298 1299 592
f 592 1299 589
f 1299 1300 589
f 589 1300 700
f 1300 1301 700
f 700 1301 701
f 743 745 819
f 819 745 805
f 1303 1304 1302
f 1302 1304 1305
f 1306 1307 1305
f 1305 1307 1302
f 609 1298 610
f 610 1298 592
f 587 822 588
f 588 822 1308
f 703 588 1309
f 1309 588 1308
f 1310 703 571
f 571 703 1309
f 1311 1312 789
f 789 1312 790
f 825 223 1313
f 1313 223 220
f 219 1314 220
f 220 1314 1313
f 1315 1316 1311
f 1311 1316 1312
f 1317 1318 1319
f 1319 1318 1241
f 441 1320 442
f 442 1320 1280
f 1321 217 572
f 572 217 216
f 1323 1230 1322
f 1322 1230 1229
f 1324 1325 631
f 631 1325 656
f 1034 1168 1010
f 1010 1168 1012
f 1327 1328 1326
f 1326 1328 1329
f 1331 1202 1330
f 1330 1202 1201
f 571 1309 572
f 572 1309 1321
f 573 572 1332
f 1332 572 216
f 1334 1335 1333
f 1333 1335 1336
f 1337 1338 918
f 918 1338 859
f 1339 863 1340
f 1340 863 866
f 1341 1342 1344
f 1344 1342 1343
f 1345 1346 919
f 919 1346 920
f 1347 1348 673
f 673 1348 1199
f 693 1349 928
f 928 1349 1201
f 1351 1257 1350
f 1350 1257 1256
f 1350 1352 1351
f 1351 1352 1353
f 653 930 654
f 654 930 662
f 1279 1354 1278
f 1278 1354 1355
f 1357 1358 1356
f 1356 1358 1359
f 937 1360 1140
f 1140 1360 1361
f 1225 1228 909
f 909 1228 964
f 901 934 1362
f 1362 934 1139
f 1364 1365 1363
f 1363 1365 1362
f 1367 912 1366
f 1366 912 911
f 1143 1142 1368
f 1368 1142 1369
f 1144 1186 1145
f 1145 1186 1185
f 1146 1175 1144
f 1144 1175 1186
f 1175 1146 1172
f 1172 1146 1148
f 1147 1018 1148
f 1148 1018 1172
f 1018 1147 1019
f 1019 1147 1149
f 1149 1150 1019
f 1019 1150 1370
f 1150 1151 1370
f 1370 1151 1371
f 1151 1153 1371
f 1371 1153 1177
f 1152 1156 1178
f 1178 1156 1372
f 1155 1158 1373
f 1373 1158 1374
f 1157 1159 1376
f 1376 1159 1375
f 1378 1379 1377
f 1377 1379 1380
f 1382 1383 1381
f 1381 1383 1384
f 1382 1386 1385
f 1385 1386 1387
f 1386 1233 1387
f 1387 1233 1232
f 1389 1390 1388
f 1388 1390 1391
f 1393 1394 1392
f 1392 1394 1395
f 1397 1398 1396
f 1396 1398 1399
f 629 1397 630
f 630 1397 1396
f 1342 1400 1343
f 1343 1400 1401
f 1403 1404 1402
f 1402 1404 1405
f 1407 1408 1406
f 1406 1408 1409
f 1411 1412 1410
f 1410 1412 1413
f 793 1414 794
f 794 1414 1415
f 1417 1341 1416
f 1416 1341 1344
f 704 705 1347
f 1347 705 1418
f 741 1419 742
f 742 1419 1420
f 1422 669 1421
f 1421 669 672
f 645 1423 646
f 646 1423 1424
f 1196 1198 614
f 614 1198 611
f 613 1425 614
f 614 1425 1426
f 1427 616 659
f 659 616 660
f 614 1426 1196
f 1196 1426 1191
f 696 594 697
f 697 594 590
f 697 590 700
f 700 590 589
f 703 1310 702
f 702 1310 1428
f 1421 672 1192
f 1192 672 689
f 1271 648 1269
f 1269 648 622
f 621 1270 622
f 622 1270 1269
f 1429 1430 1417
f 1417 1430 1341
f 1431 1432 1434
f 1434 1432 1433
f 1436 1437 1435
f 1435 1437 1438
f 1440 1441 1439
f 1439 1441 1442
f 1443 1444 1446
f 1446 1444 1445
f 823 809 938
f 938 809 817
f 810 1447 811
f 811 1447 1448
f 1449 1450 679
f 679 1450 706
f 913 916 1205
f 1205 916 1451
f 1275 1225 912
f 912 1225 909
f 1452 1453 880
f 880 1453 881
f 1444 1401 1445
f 1445 1401 1400
f 936 1454 937
f 937 1454 1360
f 824 1455 810
f 810 1455 1447
f 631 656 632
f 632 656 655
f 966 1456 967
f 967 1456 1457
f 1459 1460 1458
f 1458 1460 1461
f 1460 1462 1461
f 1461 1462 1463
f 972 974 973
f 973 974 975
f 990 995 991
f 991 995 994
f 1464 1187 1033
f 1033 1187 1174
f 1018 1021 1172
f 1172 1021 1173
f 1000 999 1001
f 1001 999 998
f 976 979 1022
f 1022 979 1032
f 1023 1024 980
f 980 1024 982
f 989 986 1171
f 1171 986 1169
f 1171 1170 989
f 989 1170 990
f 1170 1027 990
f 990 1027 995
f 1041 1039 998
f 998 1039 1001
f 1051 1063 1000
f 1000 1063 999
f 1066 1064 1051
f 1051 1064 1063
f 1183 1081 1066
f 1066 1081 1064
f 1178 1372 1103
f 1103 1372 1104
f 1092 1091 1465
f 1465 1091 1182
f 1467 1465 1466
f 1466 1465 1468
f 1469 1470 1184
f 1184 1470 1468
f 1095 1098 1471
f 1471 1098 1101
f 1076 1374 1120
f 1120 1374 1376
f 1110 1472 1127
f 1127 1472 1132
f 1472 1473 1132
f 1132 1473 1129
f 1474 1475 1466
f 1466 1475 1473
f 1119 1118 1116
f 1116 1118 1113
f 1375 1121 1376
f 1376 1121 1120
f 1127 1132 1128
f 1128 1132 1131
f 1227 1476 1228
f 1228 1476 1361
f 1365 1477 1362
f 1362 1477 872
f 1478 1479 1323
f 1323 1479 1230
f 1480 1481 914
f 914 1481 915
f 913 1277 914
f 914 1277 1276
f 1168 1034 1022
f 1022 1034 1023
f 1035 1036 1024
f 1024 1036 1025
f 1039 1041 1170
f 1170 1041 1027
f 1042 1148 1028
f 1028 1148 1146
f 968 1459 969
f 969 1459 1458
f 1482 1483 664
f 664 1483 665
f 1485 1486 1484
f 1484 1486 1487
f 1489 1490 1488
f 1488 1490 1491
f 1492 1493 722
f 722 1493 634
f 1495 1496 1494
f 1494 1496 1497
f 1498 1207 1339
f 1339 1207 863
f 1224 1499 1165
f 1165 1499 1166
f 1160 1163 1500
f 1500 1163 1275
f 1500 877 1160
f 1160 877 1501
f 876 873 1502
f 1502 873 1479
f 945 1264 851
f 851 1264 1229
f 835 1231 839
f 839 1231 871
f 1503 1283 778
f 778 1283 1282
f 716 715 1505
f 1505 715 1504
f 1446 1445 1507
f 1507 1445 1506
f 779 792 1381
f 1381 792 791
f 1430 1409 1341
f 1341 1409 1342
f 1411 1429 1508
f 1508 1429 1417
f 635 1510 1509
f 1509 1510 1511
f 1377 1380 1315
f 1315 1380 1316
f 1445 1400 1506
f 1506 1400 1408
f 918 917 1336
f 1336 917 1333
f 1513 1514 1512
f 1512 1514 870
f 1515 1516 1363
f 1363 1516 1364
f 1453 1517 881
f 881 1517 1276
f 992 1518 993
f 993 1518 1519
f 1520 1029 1518
f 1518 1029 955
f 1520 1026 1521
f 1521 1026 1040
f 1522 1015 1521
f 1521 1015 1043
f 996 1523 997
f 997 1523 1522
f 1060 1016 1524
f 1524 1016 1523
f 1061 1525 1062
f 1062 1525 1524
f 1079 1527 1526
f 1526 1527 1528
f 1093 1529 1094
f 1094 1529 1528
f 1111 1530 1112
f 1112 1530 1531
f 1532 1533 1105
f 1105 1533 1123
f 934 937 1139
f 1139 937 1140
f 1138 1363 1139
f 1139 1363 1362
f 1534 1222 1355
f 1355 1222 1278
f 1535 1223 1534
f 1534 1223 1222
f 821 587 1238
f 1238 587 586
f 1319 711 1317
f 1317 711 1536
f 1538 1200 1537
f 1537 1200 1199
f 1508 1417 1539
f 1539 1417 1416
f 1540 1541 840
f 840 1541 837
f 1231 898 871
f 871 898 901
f 1500 1275 1367
f 1367 1275 912
f 1543 1379 1542
f 1542 1379 1395
f 1539 772 1508
f 1508 772 1544
f 1546 1403 1545
f 1545 1403 1402
f 1548 1549 1547
f 1547 1549 1550
f 1552 1548 1551
f 1551 1548 1547
f 1554 1555 1553
f 1553 1555 1556
f 1558 1559 1557
f 1557 1559 1560
f 1562 1563 1561
f 1561 1563 1564
f 1566 1567 1565
f 1565 1567 1568
f 1570 1571 1569
f 1569 1571 1572
f 1574 1575 1573
f 1573 1575 1576
f 1577 1578 1572
f 1572 1578 1569
f 1580 1581 1579
f 1579 1581 1582
f 1584 1585 1583
f 1583 1585 1586
f 1588 1555 1587
f 1587 1555 1589
f 1591 1592 1590
f 1590 1592 1593
f 1595 1596 1594
f 1594 1596 1597
f 1596 1581 1597
f 1597 1581 1576
f 1599 1570 1598
f 1598 1570 1569
f 1601 1602 1600
f 1600 1602 1603
f 1605 1606 1604
f 1604 1606 1607
f 1608 1609 1568
f 1568 1609 1565
f 1611 1612 1610
f 1610 1612 1613
f 1615 1616 1614
f 1614 1616 1617
f 1619 1617 1618
f 1618 1617 1616
f 1621 1622 1620
f 1620 1622 1623
f 1625 1626 1624
f 1624 1626 1627
f 1629 1630 1628
f 1628 1630 1631
f 1633 1634 1632
f 1632 1634 1635
f 1636 1637 1639
f 1639 1637 1638
f 1641 1642 1640
f 1640 1642 1643
f 1624 1627 1644
f 1644 1627 1645
f 1647 1648 1646
f 1646 1648 1649
f 1651 1652 1650
f 1650 1652 1653
f 1655 1656 1654
f 1654 1656 1657
f 1659 1660 1658
f 1658 1660 1661
f 1662 1663 1631
f 1631 1663 1628
f 1651 1665 1664
f 1664 1665 1666
f 1667 1656 1619
f 1619 1656 1617
f 1669 1670 1668
f 1668 1670 1671
f 1632 1635 1672
f 1672 1635 1673
f 1674 1675 1638
f 1638 1675 1639
f 1677 1678 1676
f 1676 1678 1679
f 1680 1640 1681
f 1681 1640 1643
f 1682 1683 1643
f 1643 1683 1681
f 1670 1669 1235
f 1235 1669 1232
f 1396 1399 1674
f 1674 1399 1675
f 627 630 1679
f 1679 630 1676
f 1681 1315 1680
f 1680 1315 1311
f 1683 1377 1681
f 1681 1377 1315
f 1672 1673 1387
f 1387 1673 1385
f 1636 1684 1646
f 1646 1684 1685
f 1687 1688 1686
f 1686 1688 1689
f 1585 1690 1586
f 1586 1690 1691
f 1599 1692 1551
f 1551 1692 1693
f 1552 1558 1694
f 1694 1558 1557
f 1696 1615 1695
f 1695 1615 1614
f 1698 1699 1697
f 1697 1699 1623
f 1700 1701 1703
f 1703 1701 1702
f 1705 1706 1704
f 1704 1706 1707
f 1708 1709 1640
f 1640 1709 1641
f 1710 1711 1713
f 1713 1711 1712
f 1652 1655 1653
f 1653 1655 1654
f 1714 1699 1712
f 1712 1699 1713
f 1715 1710 1716
f 1716 1710 1713
f 1717 1708 1680
f 1680 1708 1640
f 1393 1392 1715
f 1715 1392 1710
f 1719 1720 1718
f 1718 1720 1721
f 1680 1311 1717
f 1717 1311 789
f 1378 1711 1392
f 1392 1711 1710
f 1388 1391 1719
f 1719 1391 1720
f 1723 1606 1722
f 1722 1606 1689
f 1725 1568 1724
f 1724 1568 1567
f 1726 1647 1685
f 1685 1647 1646
f 1728 1554 1727
f 1727 1554 1553
f 1591 1687 1600
f 1600 1687 1686
f 1730 1595 1729
f 1729 1595 1594
f 1601 1605 1731
f 1731 1605 1604
f 1733 1663 1732
f 1732 1663 1734
f 1736 1639 1735
f 1735 1639 1675
f 1658 1644 1737
f 1737 1644 1645
f 1726 1662 1724
f 1724 1662 1631
f 1399 1738 1675
f 1675 1738 1735
f 1621 1667 1739
f 1739 1667 1619
f 1714 1740 1620
f 1620 1740 1741
f 1592 1549 1593
f 1593 1549 1742
f 1602 1571 1603
f 1603 1571 1550
f 1688 1690 1689
f 1689 1690 1722
f 1588 1559 1582
f 1582 1559 1579
f 1673 1735 1385
f 1385 1735 1738
f 1387 1232 1672
f 1672 1232 1669
f 1580 1692 1573
f 1573 1692 1743
f 1377 1683 1378
f 1378 1683 1711
f 1664 1666 1744
f 1744 1666 1745
f 1744 1696 1664
f 1664 1696 1695
f 1746 1747 1732
f 1732 1747 1748
f 1749 1750 1677
f 1677 1750 1678
f 1709 1708 1750
f 1750 1708 1678
f 1668 1632 1669
f 1669 1632 1672
f 1633 1746 1734
f 1734 1746 1732
f 1679 1678 1717
f 1717 1678 1708
f 789 627 1717
f 1717 627 1679
f 1563 1723 1564
f 1564 1723 1722
f 1728 1584 1751
f 1751 1584 1583
f 1674 1676 1396
f 1396 1676 630
f 1666 1566 1745
f 1745 1566 1565
f 1627 1629 1645
f 1645 1629 1628
f 1637 1749 1638
f 1638 1749 1677
f 1648 1665 1649
f 1649 1665 1752
f 1740 1642 1741
f 1741 1642 1657
f 1676 1674 1677
f 1677 1674 1638
f 1683 1682 1711
f 1711 1682 1712
f 1618 1753 1619
f 1619 1753 1739
f 1701 1739 1702
f 1702 1739 1753
f 1754 1214 1756
f 1756 1214 1755
f 647 1757 619
f 619 1757 941
f 1759 1193 1758
f 1758 1193 691
f 1419 1760 1420
f 1420 1760 1761
f 682 1762 683
f 683 1762 1763
f 1412 780 1413
f 1413 780 1384
f 1383 1398 1384
f 1384 1398 1413
f 1197 1424 1764
f 1764 1424 1423
f 1537 1287 1538
f 1538 1287 1286
f 1634 1684 1635
f 1635 1684 1736
f 1724 1631 1725
f 1725 1631 1630
f 1562 1730 1610
f 1610 1730 1729
f 1735 1673 1736
f 1736 1673 1635
f 1757 1195 941
f 941 1195 1194
f 1766 200 1765
f 1765 200 199
f 475 500 476
f 476 500 479
f 498 558 483
f 483 558 487
f 545 551 546
f 546 551 550
f 453 1281 219
f 219 1281 1314
f 298 453 208
f 208 453 219
f 368 1765 1767
f 1767 1765 199
f 523 405 363
f 363 405 404
f 523 533 405
f 405 533 402
f 298 208 299
f 299 208 207
f 299 207 176
f 176 207 300
f 176 300 173
f 173 300 202
f 173 202 174
f 174 202 201
f 1337 918 1768
f 1768 918 1336
f 1769 1770 1338
f 1338 1770 859
f 581 570 578
f 578 570 1771
f 555 562 580
f 580 562 561
f 504 1772 501
f 501 1772 548
f 517 542 584
f 584 542 543
f 515 514 516
f 516 514 544
f 542 517 544
f 544 517 516
f 561 575 580
f 580 575 581
f 575 569 581
f 581 569 570
f 501 548 1773
f 1773 548 547
f 1774 1775 570
f 570 1775 1771
f 369 368 1776
f 1776 368 1767
f 372 369 375
f 375 369 1776
f 822 1280 1308
f 1308 1280 1320
f 820 1281 822
f 822 1281 1280
f 818 1314 820
f 820 1314 1281
f 1314 818 1313
f 1313 818 804
f 807 814 825
f 825 814 826
f 814 813 826
f 826 813 827
f 813 1220 827
f 827 1220 828
f 580 579 555
f 555 579 547
f 1477 1540 872
f 872 1540 840
f 367 499 368
f 368 499 1765
f 1766 1765 525
f 525 1765 499
f 1777 1766 526
f 526 1766 525
f 520 527 362
f 362 527 384
f 361 1778 519
f 519 1778 528
f 371 1779 372
f 372 1779 369
f 369 1779 370
f 370 1779 478
f 1779 371 478
f 478 371 374
f 1778 1777 528
f 528 1777 526
f 1781 1782 1780
f 1780 1782 1783
f 431 460 67
f 67 460 64
f 68 338 74
f 74 338 72
f 1785 1782 1784
f 1784 1782 1786
f 1787 1788 1790
f 1790 1788 1789
f 1792 1789 1791
f 1791 1789 1793
f 1791 1794 1792
f 1792 1794 1795
f 1794 1796 1795
f 1795 1796 1797
f 1797 1798 938
f 938 1798 868
f 1798 1799 868
f 868 1799 869
f 1801 1802 1800
f 1800 1802 1451
f 1803 1804 1205
f 1205 1804 1206
f 1805 1806 864
f 864 1806 865
f 1806 1807 865
f 865 1807 1808
f 68 71 338
f 287 328 288
f 1320 1321 1308
f 1308 1321 1309
f 1320 441 1321
f 1321 441 217
f 441 152 217
f 217 152 218
f 151 286 152
f 152 286 218
f 297 310 151
f 151 310 286
f 296 307 297
f 297 307 310
f 296 143 307
f 307 143 284
f 143 56 284
f 284 56 104
f 56 59 104
f 104 59 63
f 59 102 63
f 63 102 60
f 102 94 60
f 60 94 282
f 93 459 279
f 279 459 77
f 459 460 77
f 77 460 78
f 460 431 78
f 78 431 295
f 431 49 295
f 295 49 292
f 48 421 49
f 49 421 292
f 276 278 418
f 418 278 429
f 317 432 278
f 278 432 429
f 432 317 433
f 433 317 316
f 326 324 316
f 316 324 433
f 1536 592 1809
f 1809 592 591
f 1810 744 1812
f 1812 744 1811
f 1814 1815 1813
f 1813 1815 1816
f 1817 748 1818
f 1818 748 747
f 1812 1819 1810
f 1810 1819 1817
f 1820 1821 748
f 748 1821 749
f 1823 1824 1822
f 1822 1824 1825
f 1827 1828 1826
f 1826 1828 1829
f 1831 1832 1830
f 1830 1832 1833
f 1834 1827 1243
f 1243 1827 1826
f 1313 804 825
f 825 804 807
f 1835 1253 1236
f 1236 1253 1237
f 1836 1837 1438
f 1438 1837 1435
f 1838 1505 1840
f 1840 1505 1839
f 1841 1842 716
f 716 1842 713
f 1843 1844 1510
f 1510 1844 1845
f 1847 1848 1846
f 1846 1848 1849
f 1850 1240 1822
f 1822 1240 1239
f 636 1831 637
f 637 1831 1830
f 1852 1853 1851
f 1851 1853 1854
f 1855 1856 1858
f 1858 1856 1857
f 1846 1849 1859
f 1859 1849 1860
f 1343 1401 1509
f 1509 1401 1861
f 1509 1861 635
f 635 1861 636
f 1863 1864 1862
f 1862 1864 1865
f 1283 1503 1867
f 1867 1503 1866
f 1868 1867 681
f 681 1867 682
f 1286 1285 683
f 683 1285 684
f 757 756 1274
f 1274 756 1869
f 1274 1869 717
f 717 1869 718
f 1434 1433 719
f 719 1433 720
f 1200 1538 1545
f 1545 1538 1763
f 1285 1289 684
f 684 1289 1273
f 684 1273 681
f 681 1273 1272
f 785 1283 1868
f 1868 1283 1867
f 786 785 1870
f 1870 785 1868
f 1289 757 1273
f 1273 757 1274
f 1539 1416 1871
f 1871 1416 1872
f 773 1871 1403
f 1403 1871 1404
f 675 674 1405
f 1405 674 1402
f 1864 1873 1865
f 1865 1873 1874
f 638 1843 635
f 635 1843 1510
f 1344 1343 1511
f 1511 1343 1509
f 772 1539 773
f 773 1539 1871
f 674 1200 1402
f 1402 1200 1545
f 1538 1286 1763
f 1763 1286 683
f 1444 1443 1875
f 1875 1443 1876
f 1875 1876 1831
f 1831 1876 1832
f 1416 1344 1872
f 1872 1344 1511
f 1877 1878 774
f 774 1878 1879
f 1878 1847 1879
f 1879 1847 1846
f 1880 714 1881
f 1881 714 1848
f 1401 1444 1861
f 1861 1444 1875
f 1861 1875 636
f 636 1875 1831
f 1823 1863 1882
f 1882 1863 1862
f 1441 1440 1884
f 1884 1440 1883
f 1883 1852 1884
f 1884 1852 1851
f 1886 1887 1885
f 1885 1887 1888
f 1358 1889 1359
f 1359 1889 1890
f 1891 1886 1892
f 1892 1886 1885
f 774 1879 775
f 775 1879 1893
f 1859 1893 1846
f 1846 1893 1879
f 713 1842 1849
f 1849 1842 1860
f 1318 1895 1894
f 1894 1895 1896
f 1873 1897 1874
f 1874 1897 1898
f 1898 605 1899
f 1899 605 675
f 1405 1844 675
f 675 1844 1899
f 1404 1845 1405
f 1405 1845 1844
f 593 1296 591
f 591 1296 1809
f 1295 1292 1900
f 1900 1292 1895
f 606 1897 1291
f 1291 1897 1896
f 1510 1845 1511
f 1511 1845 1872
f 1871 1872 1404
f 1404 1872 1845
f 1866 770 1762
f 1762 770 1546
f 1762 682 1866
f 1866 682 1867
f 1870 1868 1272
f 1272 1868 681
f 1272 717 1870
f 1870 717 720
f 1870 720 786
f 786 720 1433
f 786 1433 787
f 787 1433 1432
f 1261 1414 1432
f 1432 1414 787
f 1389 1234 1260
f 1260 1234 1415
f 1719 1670 1388
f 1388 1670 1235
f 1718 1671 1719
f 1719 1671 1670
f 1705 1747 1718
f 1718 1747 1671
f 1659 1901 1704
f 1704 1901 1748
f 1877 1903 1902
f 1902 1903 1904
f 1259 1905 1390
f 1390 1905 1394
f 1715 1720 1393
f 1393 1720 1391
f 1716 1721 1715
f 1715 1721 1720
f 1698 1706 1716
f 1716 1706 1721
f 277 276 47
f 47 276 48
f 84 96 81
f 81 96 82
f 80 70 81
f 81 70 85
f 99 97 88
f 88 97 89
f 90 100 88
f 88 100 99
f 101 95 102
f 102 95 94
f 1906 1907 280
f 280 1907 281
f 97 86 89
f 89 86 85
f 60 282 61
f 61 282 281
f 83 82 46
f 46 82 47
f 293 292 420
f 420 292 421
f 419 1908 420
f 420 1908 1909
f 92 95 91
f 91 95 90
f 279 282 93
f 93 282 94
f 276 418 48
f 48 418 421
f 1910 1660 1697
f 1697 1660 1707
f 1703 1624 1700
f 1700 1624 1644
f 1622 1910 1623
f 1623 1910 1697
f 1701 1700 1911
f 1911 1700 1661
f 1700 1644 1661
f 1661 1644 1658
f 1901 1737 1733
f 1733 1737 1645
f 1625 1912 1604
f 1604 1912 1731
f 1912 1913 1731
f 1731 1913 1914
f 1913 1577 1914
f 1914 1577 1572
f 1915 1578 1616
f 1616 1578 1618
f 1915 1916 1598
f 1598 1916 1743
f 1916 1574 1743
f 1743 1574 1573
f 1575 1917 1576
f 1576 1917 1597
f 1917 1609 1597
f 1597 1609 1594
f 1608 1611 1729
f 1729 1611 1610
f 1918 1612 1629
f 1629 1612 1630
f 1626 1918 1627
f 1627 1918 1629
f 1920 1921 1919
f 1919 1921 1922
f 1920 1924 1923
f 1923 1924 1925
f 1926 1927 1924
f 1924 1927 1925
f 1929 1930 1928
f 1928 1930 1931
f 1932 1933 1935
f 1935 1933 1934
f 1937 1938 1936
f 1936 1938 1939
f 1941 1942 1940
f 1940 1942 1943
f 1941 1945 1944
f 1944 1945 1946
f 1947 1948 1694
f 1694 1948 1949
f 1950 1951 1953
f 1953 1951 1952
f 1955 1956 1954
f 1954 1956 1589
f 1958 1956 1957
f 1957 1956 1932
f 1960 1934 1959
f 1959 1934 1933
f 1962 1963 1961
f 1961 1963 1964
f 1965 1955 1751
f 1751 1955 1954
f 1935 1930 1932
f 1932 1930 1957
f 1951 1950 1926
f 1926 1950 1929
f 1966 1967 1593
f 1593 1967 1590
f 1969 1967 1968
f 1968 1967 1964
f 1962 1921 1970
f 1970 1921 1971
f 1963 1945 1964
f 1964 1945 1968
f 1972 1948 1922
f 1922 1948 1919
f 1966 1972 1961
f 1961 1972 1922
f 1958 1953 1587
f 1587 1953 1560
f 1974 1975 1973
f 1973 1975 1976
f 1978 1979 1977
f 1977 1979 1691
f 1979 1975 1691
f 1691 1975 1586
f 1938 1942 1939
f 1939 1942 1980
f 1952 1947 1557
f 1557 1947 1694
f 1969 1978 1981
f 1981 1978 1977
f 1983 1984 1982
f 1982 1984 1985
f 1986 1987 1989
f 1989 1987 1988
f 1990 1991 1983
f 1983 1991 1984
f 1990 1993 1992
f 1992 1993 1994
f 1995 1996 1994
f 1994 1996 1997
f 1999 2000 1998
f 1998 2000 2001
f 2003 2004 2002
f 2002 2004 2005
f 2007 2008 2006
f 2006 2008 2009
f 2011 2012 2010
f 2010 2012 2013
f 2014 2015 2017
f 2017 2015 2016
f 2018 2019 2021
f 2021 2019 2020
f 2022 1989 2024
f 2024 1989 2023
f 1989 1988 2023
f 2023 1988 2025
f 2026 2027 2017
f 2017 2027 2014
f 2029 2030 2028
f 2028 2030 2031
f 2033 2034 2032
f 2032 2034 2035
f 2032 2035 2036
f 2036 2035 2037
f 2039 2040 2038
f 2038 2040 2041
f 1982 2042 1983
f 1983 2042 2043
f 2045 2046 2044
f 2044 2046 2047
f 2049 2050 2048
f 2048 2050 2051
f 2053 2054 2052
f 2052 2054 2055
f 2057 2058 2056
f 2056 2058 2059
f 2060 2061 2033
f 2033 2061 2034
f 2063 2064 2062
f 2062 2064 2065
f 2066 2035 2067
f 2067 2035 2034
f 2069 2039 2068
f 2068 2039 2038
f 2025 2070 2023
f 2023 2070 2071
f 2072 2024 2071
f 2071 2024 2023
f 2074 2020 2073
f 2073 2020 2019
f 2050 2049 2047
f 2047 2049 2075
f 1983 2043 1990
f 1990 2043 1993
f 2006 2050 2007
f 2007 2050 2076
f 2050 2006 2051
f 2051 2006 2077
f 2079 2080 2078
f 2078 2080 2081
f 2082 2083 2085
f 2085 2083 2084
f 2010 2013 2086
f 2086 2013 2087
f 2089 2033 2088
f 2088 2033 2032
f 2090 2060 2089
f 2089 2060 2033
f 2092 2093 2091
f 2091 2093 2094
f 2096 1986 2095
f 2095 1986 2097
f 2097 1986 2022
f 2022 1986 1989
f 2015 2094 2016
f 2016 2094 2098
f 2016 2098 2100
f 2100 2098 2099
f 2017 2016 2101
f 2101 2016 2100
f 2017 2101 2026
f 2026 2101 2102
f 2100 2099 2104
f 2104 2099 2103
f 2104 2105 2100
f 2100 2105 2101
f 2105 2106 2101
f 2101 2106 2102
f 2108 2061 2107
f 2107 2061 2109
f 2111 2112 2110
f 2110 2112 2020
f 2020 2074 2110
f 2110 2074 2113
f 2115 2116 2114
f 2114 2116 2117
f 2118 2119 1995
f 1995 2119 2120
f 2121 2122 2027
f 2027 2122 2014
f 2047 2075 2044
f 2044 2075 2123
f 2124 2125 2127
f 2127 2125 2126
f 2129 2130 2128
f 2128 2130 2131
f 2132 2133 2057
f 2057 2133 2058
f 2134 1999 2136
f 2136 1999 2135
f 2055 2138 2137
f 2137 2138 2139
f 2141 2142 2140
f 2140 2142 2143
f 2083 2082 2064
f 2064 2082 2065
f 2082 2144 2065
f 2065 2144 2145
f 2040 2146 2041
f 2041 2146 2147
f 2060 2090 2148
f 2148 2090 2149
f 2048 2051 2137
f 2137 2051 2150
f 2151 1997 2135
f 2135 1997 1996
f 2152 2150 2077
f 2077 2150 2051
f 2046 2045 2118
f 2118 2045 2119
f 2154 2155 2153
f 2153 2155 2156
f 2158 2159 2157
f 2157 2159 2160
f 2162 2163 2161
f 2161 2163 2164
f 2164 2163 2165
f 2165 2163 2166
f 2168 2169 2167
f 2167 2169 2170
f 2003 2172 2171
f 2171 2172 2173
f 2174 2175 2002
f 2002 2175 2176
f 2145 2177 2065
f 2065 2177 2062
f 2178 2179 2180
f 2180 2179 2134
f 2181 2052 2152
f 2152 2052 2150
f 2040 2127 2146
f 2146 2127 2182
f 2130 2162 2131
f 2131 2162 2161
f 2052 2055 2150
f 2150 2055 2137
f 2184 2185 2183
f 2183 2185 2186
f 2159 2030 2160
f 2160 2030 2187
f 2146 2182 2029
f 2029 2182 2188
f 2189 2190 2192
f 2192 2190 2191
f 2172 2003 2176
f 2176 2003 2002
f 1998 2151 1999
f 1999 2151 2135
f 2177 2172 2062
f 2062 2172 2176
f 2172 2177 2173
f 2173 2177 2193
f 2063 2194 2064
f 2064 2194 2195
f 2066 2197 2196
f 2196 2197 2198
f 2002 2005 2174
f 2174 2005 2199
f 2004 2003 2200
f 2200 2003 2171
f 2198 2201 2171
f 2171 2201 2200
f 2197 2202 2198
f 2198 2202 2201
f 2202 2197 2203
f 2203 2197 2204
f 2196 2198 2173
f 2173 2198 2171
f 2205 2069 2170
f 2170 2069 2206
f 2197 2066 2204
f 2204 2066 2067
f 2107 2207 2108
f 2108 2207 2208
f 2210 2208 2209
f 2209 2208 2207
f 2185 2211 2212
f 2213 2214 2211
f 2211 2214 2212
f 1998 2001 2213
f 2213 2001 2214
f 2134 2215 1999
f 1999 2215 2000
f 2216 2217 2219
f 2219 2217 2218
f 2206 2220 2170
f 2170 2220 2167
f 2069 2068 2206
f 2206 2068 2221
f 2151 1998 2222
f 2222 1998 2213
f 2124 2039 2205
f 2205 2039 2069
f 2142 2223 2143
f 2143 2223 2128
f 2203 2186 2202
f 2202 2186 2185
f 2185 2184 2211
f 2211 2184 2224
f 2224 2225 2222
f 2222 2225 2226
f 2071 2227 2072
f 2072 2227 2228
f 2229 2074 2230
f 2230 2074 2073
f 2074 2229 2113
f 2113 2229 2231
f 2232 2225 2227
f 2227 2225 2224
f 2233 2234 2031
f 2031 2234 2028
f 2236 2231 2235
f 2235 2231 2229
f 2230 2183 2229
f 2229 2183 2235
f 2237 1987 2096
f 2096 1987 1986
f 2152 2238 2181
f 2181 2238 2239
f 2080 2240 2081
f 2081 2240 2241
f 2236 2242 1971
f 1971 2242 1970
f 1925 2113 1923
f 1923 2113 2231
f 2110 1927 2111
f 2111 1927 1928
f 2103 2111 1931
f 1931 2111 1928
f 1931 2243 2103
f 2103 2243 2104
f 2105 2104 2244
f 2244 2104 2243
f 1939 1980 2148
f 2148 1980 2109
f 1980 1944 2109
f 2109 1944 2107
f 1946 2245 2207
f 2207 2245 2209
f 2245 1970 2209
f 2209 1970 2242
f 2231 2236 1923
f 1923 2236 1971
f 2113 1925 2110
f 2110 1925 1927
f 2234 2246 2028
f 2028 2246 2147
f 2247 2248 2058
f 2058 2248 2059
f 2114 2117 2249
f 2249 2117 2250
f 2252 2253 2251
f 2251 2253 2254
f 2094 2015 2091
f 2091 2015 2255
f 2256 2255 2014
f 2014 2255 2015
f 2257 2145 2258
f 2258 2145 2144
f 2131 2161 2123
f 2123 2161 2044
f 2045 2044 2164
f 2164 2044 2161
f 2045 2164 2119
f 2119 2164 2165
f 2259 2120 2165
f 2165 2120 2119
f 2260 2261 2259
f 2259 2261 2120
f 2205 2262 2124
f 2124 2262 2125
f 2180 2263 2178
f 2178 2263 2264
f 2265 2266 2092
f 2092 2266 2093
f 1992 2267 2268
f 2184 2228 2224
f 2224 2228 2227
f 2048 2269 2049
f 2049 2269 2141
f 2129 2168 2157
f 2157 2168 2167
f 2049 2141 2075
f 2075 2141 2140
f 2199 2215 2270
f 2270 2215 2271
f 2142 2141 2272
f 2272 2141 2269
f 2089 2026 2090
f 2090 2026 2102
f 2146 2029 2147
f 2147 2029 2028
f 2111 2103 2112
f 2112 2103 2099
f 2061 2060 2109
f 2109 2060 2148
f 2273 2274 2041
f 2041 2274 2038
f 2260 2275 2261
f 2261 2275 2136
f 2057 2138 2132
f 2132 2138 2276
f 2272 2269 2056
f 2056 2269 2139
f 2277 2278 2270
f 2270 2278 2199
f 2029 2188 2030
f 2030 2188 2187
f 2040 2039 2127
f 2127 2039 2124
f 2064 2195 2083
f 2083 2195 2279
f 2056 2139 2057
f 2057 2139 2138
f 2278 2277 2247
f 2247 2277 2248
f 2062 2176 2063
f 2063 2176 2175
f 2280 2210 2242
f 2242 2210 2209
f 2282 2233 2281
f 2281 2233 2031
f 2216 2219 2283
f 2283 2219 2221
f 2158 2220 2218
f 2218 2220 2219
f 2217 2282 2218
f 2218 2282 2281
f 2220 2158 2167
f 2167 2158 2157
f 2223 2264 2128
f 2128 2264 2263
f 2261 1996 2120
f 2120 1996 1995
f 2213 2211 2222
f 2222 2211 2224
f 2283 2221 2284
f 2284 2221 2068
f 2135 1996 2136
f 2136 1996 2261
f 2144 2081 2258
f 2258 2081 2241
f 2235 2280 2236
f 2236 2280 2242
f 2246 2273 2147
f 2147 2273 2041
f 2036 2285 2032
f 2032 2285 2088
f 2077 2286 2152
f 2152 2286 2238
f 1937 1960 1973
f 1973 1960 1959
f 2070 2232 2071
f 2071 2232 2227
f 2244 2287 2105
f 2105 2287 2106
f 1936 1939 2149
f 2149 1939 2148
f 1944 1946 2107
f 2107 1946 2207
f 2285 2121 2088
f 2088 2121 2027
f 2253 2249 2254
f 2254 2249 2250
f 2006 2009 2077
f 2077 2009 2286
f 2289 2086 2288
f 2288 2086 2087
f 2223 2142 2290
f 2290 2142 2272
f 2128 2131 2143
f 2143 2131 2123
f 2156 2291 2153
f 2153 2291 2175
f 2292 2293 2278
f 2278 2293 2294
f 2075 2140 2123
f 2123 2140 2143
f 2262 2169 2275
f 2275 2169 2180
f 2275 2180 2136
f 2136 2180 2134
f 2274 2284 2038
f 2038 2284 2068
f 2127 2126 2182
f 2182 2126 2166
f 2094 2093 2098
f 2098 2093 2021
f 2098 2021 2099
f 2099 2021 2112
f 2018 2021 2266
f 2266 2021 2093
f 2251 2289 2252
f 2252 2289 2288
f 1997 2151 2226
f 2226 2151 2222
f 2206 2221 2220
f 2220 2221 2219
f 2269 2048 2139
f 2139 2048 2137
f 2159 2158 2281
f 2281 2158 2218
f 2156 2155 2190
f 2190 2155 2191
f 1974 1965 1583
f 1583 1965 1751
f 2088 2027 2089
f 2089 2027 2026
f 2030 2159 2031
f 2031 2159 2281
f 2106 2149 2102
f 2102 2149 2090
f 2287 1936 2106
f 2106 1936 2149
f 2293 2154 2294
f 2294 2154 2153
f 2021 2020 2112
f 2247 2295 2278
f 2278 2295 2292
f 2284 2296 2283
f 2283 2296 2297
f 2298 2296 2274
f 2274 2296 2284
f 2273 2299 2274
f 2274 2299 2298
f 2246 2300 2273
f 2273 2300 2299
f 2283 2297 2216
f 2216 2297 2301
f 2216 2301 2217
f 2217 2301 2302
f 2302 2303 2217
f 2217 2303 2282
f 2304 2301 2305
f 2305 2301 2297
f 2307 2308 2306
f 2306 2308 2309
f 2306 2310 2307
f 2307 2310 2311
f 2307 2312 2308
f 2308 2312 2313
f 2314 2315 2312
f 2312 2315 2316
f 2316 2317 2312
f 2312 2317 2313
f 2317 2305 2313
f 2313 2305 2318
f 2314 2312 2311
f 2311 2312 2307
f 2319 2320 2322
f 2322 2320 2321
f 2322 2311 2319
f 2319 2311 2310
f 2313 2318 2308
f 2308 2318 2309
f 2296 2298 2318
f 2318 2298 2309
f 2309 2298 2323
f 2323 2298 2299
f 2306 2309 2324
f 2324 2309 2323
f 2310 2306 2325
f 2325 2306 2324
f 2296 2318 2297
f 2297 2318 2305
f 2319 2310 2326
f 2326 2310 2325
f 2328 2325 2327
f 2327 2325 2324
f 2325 2328 2326
f 2326 2328 2329
f 2331 2328 2330
f 2330 2328 2327
f 2332 2333 2327
f 2327 2333 2330
f 2328 2331 2329
f 2329 2331 2334
f 2324 2323 2327
f 2327 2323 2332
f 2300 2332 2299
f 2299 2332 2323
f 2326 2335 2319
f 2319 2335 2320
f 2305 2317 2336
f 2336 2317 2316
f 2336 2316 2337
f 2337 2316 2315
f 2338 2304 2336
f 2336 2304 2305
f 2337 2339 2336
f 2336 2339 2338
f 2337 2315 2341
f 2341 2315 2340
f 2342 2300 2234
f 2234 2300 2246
f 2303 2343 2282
f 2282 2343 2233
f 2234 2233 2342
f 2342 2233 2343
f 2342 2343 2333
f 2333 2343 2344
f 2333 2344 2330
f 2330 2344 2345
f 2346 2344 2303
f 2303 2344 2343
f 2332 2300 2333
f 2333 2300 2342
f 2347 2346 2302
f 2302 2346 2303
f 2301 2304 2302
f 2302 2304 2347
f 2304 2338 2347
f 2347 2338 2348
f 2348 2349 2347
f 2347 2349 2346
f 2350 2351 2348
f 2348 2351 2349
f 2349 2345 2346
f 2346 2345 2344
f 2345 2349 2352
f 2352 2349 2351
f 2338 2339 2348
f 2348 2339 2350
f 2350 2339 2353
f 2353 2339 2354
f 2356 2357 2355
f 2355 2357 2353
f 2351 2350 2357
f 2357 2350 2353
f 2353 2354 2355
f 2355 2354 2335
f 2320 2335 2341
f 2341 2335 2354
f 2339 2337 2354
f 2354 2337 2341
f 2352 2331 2345
f 2345 2331 2330
f 2356 2334 2352
f 2352 2334 2331
f 2356 2352 2357
f 2357 2352 2351
f 2355 2329 2356
f 2356 2329 2334
f 2335 2326 2355
f 2355 2326 2329
f 2321 2314 2322
f 2322 2314 2311
f 2321 2320 2340
f 2340 2320 2341
f 2315 2314 2340
f 2340 2314 2321
f 2125 2260 2126
f 2126 2260 2259
f 2157 2160 2129
f 2129 2160 2130
f 2188 2163 2187
f 2187 2163 2162
f 2182 2166 2188
f 2188 2166 2163
f 2180 2169 2263
f 2263 2169 2168
f 2160 2187 2130
f 2130 2187 2162
f 2275 2260 2262
f 2262 2260 2125
f 2128 2263 2129
f 2129 2263 2168
f 2262 2205 2169
f 2169 2205 2170
f 2165 2166 2259
f 2259 2166 2126
f 2359 2360 2358
f 2358 2360 2361
f 2363 2364 2362
f 2362 2364 2365
f 2367 2363 2366
f 2366 2363 2362
f 2368 2369 2371
f 2371 2369 2370
f 2372 2373 2248
f 2248 2373 2059
f 2364 2374 2365
f 2365 2374 2375
f 2377 2378 2376
f 2376 2378 2379
f 2290 2380 2223
f 2223 2380 2381
f 2223 2381 2264
f 2264 2381 2382
f 2384 2385 2383
f 2383 2385 2386
f 2364 2371 2374
f 2374 2371 2387
f 2059 2373 2290
f 2290 2373 2380
f 2378 2360 2379
f 2379 2360 2388
f 2374 2387 2359
f 2359 2387 2389
f 2390 2367 2386
f 2386 2367 2391
f 2393 2394 2392
f 2392 2394 2395
f 2386 2391 2383
f 2383 2391 2396
f 2367 2366 2391
f 2391 2366 2397
f 2363 2367 2368
f 2368 2367 2390
f 2398 2399 2361
f 2361 2399 2358
f 2399 2400 2358
f 2358 2400 2375
f 2390 2401 2368
f 2368 2401 2369
f 2372 2384 2376
f 2376 2384 2383
f 2374 2359 2375
f 2375 2359 2358
f 2402 2403 2365
f 2365 2403 2362
f 2359 2389 2360
f 2360 2389 2388
f 2364 2363 2371
f 2371 2363 2368
f 2405 2398 2404
f 2404 2398 2361
f 2392 2395 2406
f 2406 2395 2397
f 2377 2396 2394
f 2394 2396 2395
f 2394 2393 2404
f 2404 2393 2405
f 2396 2377 2383
f 2383 2377 2376
f 2406 2397 2407
f 2407 2397 2366
f 2400 2402 2375
f 2375 2402 2365
f 2385 2270 2401
f 2401 2270 2271
f 2403 2407 2362
f 2362 2407 2366
f 2371 2370 2387
f 2387 2370 2382
f 2391 2397 2396
f 2396 2397 2395
f 2378 2377 2404
f 2404 2377 2394
f 2360 2378 2361
f 2361 2378 2404
f 2407 2408 2406
f 2406 2408 2409
f 2410 2408 2403
f 2403 2408 2407
f 2411 2410 2402
f 2402 2410 2403
f 2412 2411 2400
f 2400 2411 2402
f 2406 2409 2392
f 2392 2409 2413
f 2392 2413 2393
f 2393 2413 2414
f 2415 2405 2414
f 2414 2405 2393
f 2416 2413 2417
f 2417 2413 2409
f 2419 2420 2418
f 2418 2420 2421
f 2420 2422 2421
f 2421 2422 2423
f 2420 2424 2422
f 2422 2424 2425
f 2426 2427 2424
f 2424 2427 2428
f 2428 2429 2424
f 2424 2429 2425
f 2426 2424 2419
f 2419 2424 2420
f 2419 2418 2431
f 2431 2418 2430
f 2425 2432 2422
f 2422 2432 2423
f 2408 2410 2432
f 2432 2410 2423
f 2423 2410 2433
f 2433 2410 2411
f 2421 2423 2434
f 2434 2423 2433
f 2435 2418 2434
f 2434 2418 2421
f 2429 2417 2425
f 2425 2417 2432
f 2408 2432 2409
f 2409 2432 2417
f 2418 2435 2430
f 2430 2435 2436
f 2438 2435 2437
f 2437 2435 2434
f 2435 2438 2436
f 2436 2438 2439
f 2441 2438 2440
f 2440 2438 2437
f 2442 2443 2437
f 2437 2443 2440
f 2439 2438 2444
f 2444 2438 2441
f 2433 2442 2434
f 2434 2442 2437
f 2412 2442 2411
f 2411 2442 2433
f 2436 2445 2430
f 2430 2445 2446
f 2430 2446 2431
f 2431 2446 2447
f 2417 2429 2448
f 2448 2429 2428
f 2427 2449 2428
f 2428 2449 2448
f 2450 2416 2448
f 2448 2416 2417
f 2451 2450 2449
f 2449 2450 2448
f 2427 2452 2449
f 2449 2452 2453
f 2447 2446 2452
f 2452 2446 2453
f 2454 2412 2399
f 2399 2412 2400
f 2415 2455 2405
f 2405 2455 2398
f 2399 2398 2454
f 2454 2398 2455
f 2454 2455 2443
f 2443 2455 2456
f 2443 2456 2440
f 2440 2456 2457
f 2458 2456 2415
f 2415 2456 2455
f 2443 2442 2454
f 2454 2442 2412
f 2459 2458 2414
f 2414 2458 2415
f 2413 2416 2414
f 2414 2416 2459
f 2459 2416 2460
f 2460 2416 2450
f 2460 2461 2459
f 2459 2461 2458
f 2462 2463 2460
f 2460 2463 2461
f 2461 2457 2458
f 2458 2457 2456
f 2457 2461 2464
f 2464 2461 2463
f 2451 2462 2450
f 2450 2462 2460
f 2462 2451 2465
f 2465 2451 2466
f 2468 2469 2467
f 2467 2469 2465
f 2463 2462 2469
f 2469 2462 2465
f 2465 2466 2467
f 2467 2466 2445
f 2446 2445 2453
f 2453 2445 2466
f 2451 2449 2466
f 2466 2449 2453
f 2464 2441 2457
f 2457 2441 2440
f 2468 2444 2464
f 2464 2444 2441
f 2468 2464 2469
f 2469 2464 2463
f 2467 2439 2468
f 2468 2439 2444
f 2445 2436 2467
f 2467 2436 2439
f 2447 2426 2431
f 2431 2426 2419
f 2427 2426 2452
f 2452 2426 2447
f 2369 2179 2370
f 2370 2179 2178
f 2376 2379 2372
f 2372 2379 2373
f 2389 2381 2388
f 2388 2381 2380
f 2387 2382 2389
f 2389 2382 2381
f 2270 2385 2277
f 2277 2385 2384
f 2379 2388 2373
f 2373 2388 2380
f 2401 2271 2369
f 2369 2271 2179
f 2248 2277 2372
f 2372 2277 2384
f 2401 2390 2385
f 2385 2390 2386
f 2264 2382 2178
f 2178 2382 2370
f 2215 2134 2271
f 2271 2134 2179
f 2005 2000 2199
f 2199 2000 2215
f 2004 2001 2005
f 2005 2001 2000
f 2200 2214 2004
f 2004 2214 2001
f 2470 2471 2473
f 2473 2471 2472
f 2475 2476 2474
f 2474 2476 2477
f 2479 2475 2478
f 2478 2475 2474
f 2481 2482 2480
f 2480 2482 2483
f 2476 2484 2477
f 2477 2484 2485
f 2487 2488 2486
f 2486 2488 2489
f 2133 2490 2058
f 2058 2490 2491
f 2058 2491 2247
f 2247 2491 2492
f 2494 2495 2493
f 2493 2495 2496
f 2476 2483 2484
f 2484 2483 2497
f 2472 2498 2488
f 2488 2498 2489
f 2484 2497 2471
f 2471 2497 2499
f 2500 2479 2496
f 2496 2479 2501
f 2502 2503 2505
f 2505 2503 2504
f 2496 2501 2493
f 2493 2501 2506
f 2479 2478 2501
f 2501 2478 2507
f 2475 2479 2480
f 2480 2479 2500
f 2508 2509 2473
f 2473 2509 2470
f 2509 2510 2470
f 2470 2510 2485
f 2511 2481 2500
f 2500 2481 2480
f 2512 2494 2486
f 2486 2494 2493
f 2485 2484 2470
f 2470 2484 2471
f 2513 2514 2477
f 2477 2514 2474
f 2471 2499 2472
f 2472 2499 2498
f 2476 2475 2483
f 2483 2475 2480
f 2516 2508 2515
f 2515 2508 2473
f 2502 2505 2517
f 2517 2505 2507
f 2504 2487 2505
f 2505 2487 2506
f 2503 2516 2504
f 2504 2516 2515
f 2506 2487 2493
f 2493 2487 2486
f 2517 2507 2518
f 2518 2507 2478
f 2510 2513 2485
f 2485 2513 2477
f 2511 2495 2293
f 2293 2495 2154
f 2514 2518 2474
f 2474 2518 2478
f 2483 2482 2497
f 2497 2482 2492
f 2501 2507 2506
f 2506 2507 2505
f 2488 2487 2515
f 2515 2487 2504
f 2472 2488 2473
f 2473 2488 2515
f 2518 2519 2517
f 2517 2519 2520
f 2521 2519 2514
f 2514 2519 2518
f 2522 2521 2513
f 2513 2521 2514
f 2523 2522 2510
f 2510 2522 2513
f 2517 2520 2502
f 2502 2520 2524
f 2502 2524 2503
f 2503 2524 2525
f 2525 2526 2503
f 2503 2526 2516
f 2527 2524 2528
f 2528 2524 2520
f 2530 2531 2529
f 2529 2531 2532
f 2531 2533 2532
f 2532 2533 2534
f 2531 2535 2533
f 2533 2535 2536
f 2537 2538 2535
f 2535 2538 2539
f 2539 2540 2535
f 2535 2540 2536
f 2537 2535 2530
f 2530 2535 2531
f 2529 2541 2530
f 2530 2541 2542
f 2543 2534 2536
f 2536 2534 2533
f 2519 2521 2543
f 2543 2521 2534
f 2534 2521 2544
f 2544 2521 2522
f 2532 2534 2545
f 2545 2534 2544
f 2529 2532 2546
f 2546 2532 2545
f 2536 2540 2543
f 2543 2540 2528
f 2519 2543 2520
f 2520 2543 2528
f 2541 2529 2547
f 2547 2529 2546
f 2548 2549 2545
f 2545 2549 2546
f 2549 2550 2546
f 2546 2550 2547
f 2551 2552 2548
f 2548 2552 2549
f 2548 2553 2551
f 2551 2553 2554
f 2550 2549 2555
f 2555 2549 2552
f 2545 2544 2548
f 2548 2544 2553
f 2523 2553 2522
f 2522 2553 2544
f 2547 2556 2541
f 2541 2556 2557
f 2541 2557 2542
f 2542 2557 2558
f 2528 2540 2559
f 2559 2540 2539
f 2538 2560 2539
f 2539 2560 2559
f 2561 2527 2559
f 2559 2527 2528
f 2560 2562 2559
f 2559 2562 2561
f 2560 2538 2564
f 2564 2538 2563
f 2558 2557 2563
f 2563 2557 2564
f 2565 2523 2509
f 2509 2523 2510
f 2526 2566 2516
f 2516 2566 2508
f 2509 2508 2565
f 2565 2508 2566
f 2565 2566 2554
f 2554 2566 2567
f 2554 2567 2551
f 2551 2567 2568
f 2569 2567 2526
f 2526 2567 2566
f 2553 2523 2554
f 2554 2523 2565
f 2570 2569 2525
f 2525 2569 2526
f 2524 2527 2525
f 2525 2527 2570
f 2527 2561 2570
f 2570 2561 2571
f 2571 2572 2570
f 2570 2572 2569
f 2573 2574 2571
f 2571 2574 2572
f 2572 2568 2569
f 2569 2568 2567
f 2568 2572 2575
f 2575 2572 2574
f 2562 2573 2561
f 2561 2573 2571
f 2573 2562 2576
f 2576 2562 2577
f 2579 2580 2578
f 2578 2580 2576
f 2574 2573 2580
f 2580 2573 2576
f 2576 2577 2578
f 2578 2577 2556
f 2557 2556 2564
f 2564 2556 2577
f 2562 2560 2577
f 2577 2560 2564
f 2575 2552 2568
f 2568 2552 2551
f 2579 2555 2575
f 2575 2555 2552
f 2579 2575 2580
f 2580 2575 2574
f 2550 2555 2578
f 2578 2555 2579
f 2556 2547 2578
f 2578 2547 2550
f 2558 2537 2542
f 2542 2537 2530
f 2538 2537 2563
f 2563 2537 2558
f 2292 2295 2481
f 2481 2295 2482
f 2486 2489 2512
f 2512 2489 2581
f 2499 2491 2498
f 2498 2491 2490
f 2497 2492 2499
f 2499 2492 2491
f 2155 2154 2494
f 2494 2154 2495
f 2581 2489 2490
f 2490 2489 2498
f 2293 2292 2511
f 2511 2292 2481
f 2191 2155 2512
f 2512 2155 2494
f 2500 2496 2511
f 2511 2496 2495
f 2247 2492 2295
f 2295 2492 2482
f 2583 2584 2582
f 2582 2584 2585
f 2587 2588 2586
f 2586 2588 2589
f 2591 2587 2590
f 2590 2587 2586
f 2593 2594 2592
f 2592 2594 2595
f 2596 2597 2599
f 2599 2597 2598
f 2588 2600 2589
f 2589 2600 2601
f 2602 2603 2605
f 2605 2603 2604
f 2606 2607 2609
f 2609 2607 2608
f 2609 2608 2190
f 2190 2608 2610
f 2611 2612 2614
f 2614 2612 2613
f 2600 2588 2615
f 2615 2588 2595
f 2599 2598 2606
f 2606 2598 2607
f 2584 2616 2604
f 2604 2616 2605
f 2600 2615 2583
f 2583 2615 2617
f 2591 2619 2618
f 2618 2619 2614
f 2621 2622 2620
f 2620 2622 2623
f 2619 2624 2614
f 2614 2624 2611
f 2591 2590 2619
f 2619 2590 2625
f 2587 2591 2592
f 2592 2591 2618
f 2626 2627 2585
f 2585 2627 2582
f 2627 2628 2582
f 2582 2628 2601
f 2629 2593 2618
f 2618 2593 2592
f 2602 2597 2611
f 2611 2597 2612
f 2600 2583 2601
f 2601 2583 2582
f 2630 2631 2589
f 2589 2631 2586
f 2583 2617 2584
f 2584 2617 2616
f 2588 2587 2595
f 2595 2587 2592
f 2633 2626 2632
f 2632 2626 2585
f 2620 2623 2634
f 2634 2623 2625
f 2622 2603 2623
f 2623 2603 2624
f 2621 2633 2622
f 2622 2633 2632
f 2611 2624 2602
f 2602 2624 2603
f 2634 2625 2635
f 2635 2625 2590
f 2628 2630 2601
f 2601 2630 2589
f 2613 2195 2629
f 2629 2195 2194
f 2631 2635 2586
f 2586 2635 2590
f 2595 2594 2615
f 2615 2594 2610
f 2619 2625 2624
f 2624 2625 2623
f 2632 2604 2622
f 2622 2604 2603
f 2585 2584 2632
f 2632 2584 2604
f 2635 2636 2634
f 2634 2636 2637
f 2638 2636 2631
f 2631 2636 2635
f 2639 2638 2630
f 2630 2638 2631
f 2640 2639 2628
f 2628 2639 2630
f 2634 2637 2620
f 2620 2637 2641
f 2620 2641 2621
f 2621 2641 2642
f 2642 2643 2621
f 2621 2643 2633
f 2641 2637 2644
f 2644 2637 2645
f 2646 2647 2649
f 2649 2647 2648
f 2648 2650 2649
f 2649 2650 2651
f 2648 2652 2650
f 2650 2652 2653
f 2652 2654 2656
f 2656 2654 2655
f 2656 2657 2652
f 2652 2657 2653
f 2654 2652 2647
f 2647 2652 2648
f 2647 2646 2659
f 2659 2646 2658
f 2660 2651 2653
f 2653 2651 2650
f 2636 2638 2660
f 2660 2638 2651
f 2651 2638 2661
f 2661 2638 2639
f 2651 2661 2649
f 2649 2661 2662
f 2663 2646 2662
f 2662 2646 2649
f 2653 2657 2660
f 2660 2657 2645
f 2636 2660 2637
f 2637 2660 2645
f 2646 2663 2658
f 2658 2663 2664
f 2665 2666 2662
f 2662 2666 2663
f 2666 2667 2663
f 2663 2667 2664
f 2668 2669 2665
f 2665 2669 2666
f 2665 2670 2668
f 2668 2670 2671
f 2667 2666 2672
f 2672 2666 2669
f 2662 2661 2665
f 2665 2661 2670
f 2640 2670 2639
f 2639 2670 2661
f 2673 2674 2664
f 2664 2674 2658
f 2658 2674 2659
f 2659 2674 2675
f 2645 2657 2676
f 2676 2657 2656
f 2677 2676 2655
f 2655 2676 2656
f 2676 2678 2645
f 2645 2678 2644
f 2677 2679 2676
f 2676 2679 2678
f 2655 2680 2677
f 2677 2680 2681
f 2675 2674 2680
f 2680 2674 2681
f 2682 2640 2627
f 2627 2640 2628
f 2643 2683 2633
f 2633 2683 2626
f 2682 2627 2683
f 2683 2627 2626
f 2683 2684 2682
f 2682 2684 2671
f 2684 2685 2671
f 2671 2685 2668
f 2686 2684 2643
f 2643 2684 2683
f 2670 2640 2671
f 2671 2640 2682
f 2687 2686 2642
f 2642 2686 2643
f 2642 2641 2687
f 2687 2641 2644
f 2687 2644 2688
f 2688 2644 2678
f 2688 2689 2687
f 2687 2689 2686
f 2690 2691 2688
f 2688 2691 2689
f 2689 2685 2686
f 2686 2685 2684
f 2685 2689 2692
f 2692 2689 2691
f 2679 2690 2678
f 2678 2690 2688
f 2690 2679 2693
f 2693 2679 2694
f 2696 2697 2695
f 2695 2697 2693
f 2691 2690 2697
f 2697 2690 2693
f 2693 2694 2695
f 2695 2694 2673
f 2674 2673 2681
f 2681 2673 2694
f 2679 2677 2694
f 2694 2677 2681
f 2685 2692 2668
f 2668 2692 2669
f 2696 2672 2692
f 2692 2672 2669
f 2696 2692 2697
f 2697 2692 2691
f 2695 2667 2696
f 2696 2667 2672
f 2673 2664 2695
f 2695 2664 2667
f 2675 2654 2659
f 2659 2654 2647
f 2655 2654 2680
f 2680 2654 2675
f 2291 2156 2593
f 2593 2156 2594
f 2597 2602 2598
f 2598 2602 2605
f 2616 2617 2607
f 2607 2617 2608
f 2615 2610 2617
f 2617 2610 2608
f 2597 2596 2612
f 2612 2596 2698
f 2598 2605 2607
f 2607 2605 2616
f 2194 2291 2629
f 2629 2291 2593
f 2629 2618 2613
f 2613 2618 2614
f 2190 2610 2156
f 2156 2610 2594
f 2700 2010 2699
f 2699 2010 2086
f 2267 2701 2116
f 2116 2701 2702
f 2116 2702 2117
f 2117 2702 2703
f 2704 2705 2250
f 2250 2705 2254
f 2011 2706 2267
f 2267 2706 2701
f 2699 2086 2707
f 2707 2086 2289
f 2010 2700 2011
f 2011 2700 2706
f 2708 2707 2251
f 2251 2707 2289
f 2703 2704 2117
f 2117 2704 2250
f 2705 2708 2254
f 2254 2708 2251
f 2709 2710 2708
f 2708 2710 2707
f 2711 2709 2705
f 2705 2709 2708
f 2712 2711 2704
f 2704 2711 2705
f 2713 2712 2703
f 2703 2712 2704
f 2707 2710 2699
f 2699 2710 2714
f 2699 2714 2700
f 2700 2714 2715
f 2716 2706 2715
f 2715 2706 2700
f 2714 2710 2717
f 2717 2710 2718
f 2720 2721 2719
f 2719 2721 2722
f 2721 2723 2722
f 2722 2723 2724
f 2721 2725 2723
f 2723 2725 2726
f 2727 2728 2725
f 2725 2728 2726
f 2729 2725 2720
f 2720 2725 2721
f 2731 2729 2730
f 2730 2729 2720
f 2719 2732 2720
f 2720 2732 2730
f 2726 2733 2723
f 2723 2733 2724
f 2709 2711 2733
f 2733 2711 2724
f 2724 2711 2734
f 2734 2711 2712
f 2722 2724 2735
f 2735 2724 2734
f 2719 2722 2736
f 2736 2722 2735
f 2726 2728 2733
f 2733 2728 2718
f 2709 2733 2710
f 2710 2733 2718
f 2732 2719 2737
f 2737 2719 2736
f 2738 2739 2735
f 2735 2739 2736
f 2739 2740 2736
f 2736 2740 2737
f 2741 2742 2738
f 2738 2742 2739
f 2738 2743 2741
f 2741 2743 2744
f 2740 2739 2745
f 2745 2739 2742
f 2735 2734 2738
f 2738 2734 2743
f 2713 2743 2712
f 2712 2743 2734
f 2737 2746 2732
f 2732 2746 2747
f 2732 2747 2730
f 2730 2747 2731
f 2718 2728 2748
f 2748 2728 2727
f 2749 2750 2727
f 2727 2750 2748
f 2748 2751 2718
f 2718 2751 2717
f 2750 2752 2748
f 2748 2752 2751
f 2750 2749 2754
f 2754 2749 2753
f 2731 2747 2753
f 2753 2747 2754
f 2727 2725 2749
f 2749 2725 2729
f 2749 2729 2753
f 2753 2729 2731
f 2702 2755 2703
f 2703 2755 2713
f 2706 2716 2701
f 2701 2716 2756
f 2755 2702 2756
f 2756 2702 2701
f 2756 2757 2755
f 2755 2757 2744
f 2757 2758 2744
f 2744 2758 2741
f 2759 2757 2716
f 2716 2757 2756
f 2743 2713 2744
f 2744 2713 2755
f 2760 2759 2715
f 2715 2759 2716
f 2715 2714 2760
f 2760 2714 2717
f 2760 2717 2761
f 2761 2717 2751
f 2761 2762 2760
f 2760 2762 2759
f 2763 2764 2761
f 2761 2764 2762
f 2762 2758 2759
f 2759 2758 2757
f 2758 2762 2765
f 2765 2762 2764
f 2752 2763 2751
f 2751 2763 2761
f 2763 2752 2766
f 2766 2752 2767
f 2768 2769 2766
f 2766 2769 2770
f 2764 2763 2770
f 2770 2763 2766
f 2766 2767 2768
f 2768 2767 2746
f 2747 2746 2754
f 2754 2746 2767
f 2752 2750 2767
f 2767 2750 2754
f 2758 2765 2741
f 2741 2765 2742
f 2769 2745 2765
f 2765 2745 2742
f 2769 2765 2770
f 2770 2765 2764
f 2768 2740 2769
f 2769 2740 2745
f 2746 2737 2768
f 2768 2737 2740
f 2201 2212 2200
f 2200 2212 2214
f 2201 2202 2212
f 2212 2202 2185
f 2512 2581 2191
f 2191 2581 2192
f 2059 2290 2056
f 2056 2290 2272
f 2174 2199 2294
f 2294 2199 2278
f 2063 2175 2194
f 2194 2175 2291
f 2192 2581 2133
f 2133 2581 2490
f 2133 2132 2192
f 2192 2132 2189
f 2054 2276 2055
f 2055 2276 2138
f 2083 2279 2084
f 2084 2279 2771
f 2771 2279 2599
f 2599 2279 2596
f 2606 2772 2599
f 2599 2772 2771
f 2772 2773 2771
f 2771 2773 2084
f 2773 2774 2084
f 2084 2774 2085
f 2085 2775 2082
f 2082 2775 2144
f 2774 2078 2085
f 2085 2078 2775
f 2078 2774 2079
f 2079 2774 2776
f 2774 2773 2776
f 2776 2773 2777
f 2773 2772 2777
f 2777 2772 2778
f 2190 2189 2609
f 2609 2189 2778
f 2053 2052 2779
f 2779 2052 2181
f 2144 2775 2081
f 2081 2775 2078
f 2294 2153 2174
f 2174 2153 2175
f 2132 2276 2189
f 2189 2276 2778
f 2606 2609 2772
f 2772 2609 2778
f 2195 2613 2698
f 2698 2613 2612
f 2596 2279 2698
f 2698 2279 2195
f 2054 2777 2276
f 2276 2777 2778
f 2777 2054 2776
f 2776 2054 2053
f 2053 2779 2776
f 2776 2779 2079
f 2779 2181 2079
f 2079 2181 2080
f 2181 2239 2080
f 2080 2239 2240
f 2122 2256 2014
f 2042 1982 2076
f 2076 1982 2007
f 1982 1985 2007
f 2007 1985 2008
f 2095 2097 2265
f 2265 2097 2266
f 2076 2050 2042
f 2042 2050 2047
f 2046 2043 2047
f 2047 2043 2042
f 2118 1993 2046
f 2046 1993 2043
f 1995 1994 2118
f 2118 1994 1993
f 2267 1992 2011
f 2011 1992 2012
f 1997 2012 1994
f 1994 2012 1992
f 2226 2013 1997
f 1997 2013 2012
f 2225 2087 2226
f 2226 2087 2013
f 2225 2232 2087
f 2087 2232 2288
f 2232 2070 2288
f 2288 2070 2252
f 2070 2025 2252
f 2252 2025 2253
f 1988 2249 2025
f 2025 2249 2253
f 2116 2115 2267
f 2267 2115 2268
f 2096 1984 2237
f 2237 1984 1991
f 2095 1985 2096
f 2096 1985 1984
f 2265 2008 2095
f 2095 2008 1985
f 2092 2009 2265
f 2265 2009 2008
f 2091 2286 2092
f 2092 2286 2009
f 2255 2238 2091
f 2091 2238 2286
f 2256 2239 2255
f 2255 2239 2238
f 2122 2240 2256
f 2256 2240 2239
f 2121 2241 2122
f 2122 2241 2240
f 2022 2018 2097
f 2097 2018 2266
f 2022 2024 2018
f 2018 2024 2019
f 2024 2072 2019
f 2019 2072 2073
f 2072 2228 2073
f 2073 2228 2230
f 2228 2184 2230
f 2230 2184 2183
f 2121 2285 2241
f 2241 2285 2258
f 2285 2036 2258
f 2258 2036 2257
f 2177 2145 2193
f 2193 2145 2257
f 2173 2193 2196
f 2196 2193 2037
f 2036 2037 2257
f 2257 2037 2193
f 2196 2037 2066
f 2066 2037 2035
f 2061 2108 2034
f 2034 2108 2067
f 2108 2208 2067
f 2067 2208 2204
f 2208 2210 2204
f 2204 2210 2203
f 2210 2280 2203
f 2203 2280 2186
f 2183 2186 2235
f 2235 2186 2280
f 1987 2114 1988
f 1988 2114 2249
f 2237 2115 1987
f 1987 2115 2114
f 1991 2268 2237
f 2237 2268 2115
f 1991 1990 2268
f 2268 1990 1992
f 107 110 2781
f 2781 110 2780
f 117 2782 118
f 118 2782 2783
f 119 2784 120
f 120 2784 2785
f 125 2786 126
f 126 2786 2787
f 127 2788 128
f 128 2788 2789
f 127 132 2788
f 2788 132 2790
f 231 230 2792
f 2792 230 2791
f 118 2783 119
f 119 2783 2784
f 241 243 2794
f 2794 243 2793
f 2781 2795 107
f 107 2795 352
f 120 2785 437
f 437 2785 2796
f 126 2787 110
f 110 2787 2780
f 455 2797 456
f 456 2797 2798
f 128 2789 457
f 457 2789 2799
f 456 2798 117
f 117 2798 2782
f 2794 2797 241
f 241 2797 455
f 457 2799 125
f 125 2799 2786
f 132 231 2790
f 2790 231 2792
f 230 437 2791
f 2791 437 2796
f 2792 2789 2790
f 2790 2789 2788
f 2785 2784 2801
f 2801 2784 2800
f 2786 2802 2787
f 2787 2802 2803
f 2792 2791 2805
f 2805 2791 2804
f 2784 2783 2800
f 2800 2783 2806
f 2785 2801 2796
f 2796 2801 2807
f 2787 2803 2780
f 2780 2803 2808
f 2789 2809 2799
f 2799 2809 2810
f 2799 2810 2786
f 2786 2810 2802
f 2791 2796 2804
f 2804 2796 2807
f 2789 2792 2809
f 2809 2792 2805
f 2812 2797 2811
f 2811 2797 2794
f 2809 2805 2810
f 2810 2805 2804
f 2810 2804 2802
f 2802 2804 2807
f 2802 2807 2803
f 2803 2807 2801
f 2808 2803 2800
f 2800 2803 2801
f 2814 699 2813
f 2813 699 698
f 2808 2815 2780
f 2780 2815 2781
f 2817 2782 2816
f 2816 2782 2798
f 2815 2818 2781
f 2781 2818 2795
f 2797 2812 2798
f 2798 2812 2816
f 2783 2782 2806
f 2806 2782 2817
f 2800 2806 2808
f 2808 2806 2815
f 2794 2793 2811
f 2811 2793 2819
f 174 201 384
f 384 201 362
f 200 1766 390
f 390 1766 1777
f 1777 1778 390
f 390 1778 398
f 1778 361 398
f 398 361 222
f 2820 2821 628
f 628 2821 629
f 1406 2820 790
f 790 2820 628
f 794 1415 1233
f 1233 1415 1234
f 1406 790 1407
f 1407 790 1312
f 1407 1312 2822
f 2822 1312 1316
f 2823 1380 1543
f 1543 1380 1379
f 1385 1738 1382
f 1382 1738 1383
f 1381 791 1382
f 1382 791 1386
f 791 794 1386
f 1386 794 1233
f 1259 1390 1260
f 1260 1390 1389
f 1905 1542 1394
f 1394 1542 1395
f 1410 1413 1397
f 1397 1413 1398
f 2821 1410 629
f 629 1410 1397
f 2823 2822 1380
f 1380 2822 1316
f 1392 1395 1378
f 1378 1395 1379
f 1738 1399 1383
f 1383 1399 1398
f 1388 1235 1389
f 1389 1235 1234
f 1393 1391 1394
f 1394 1391 1390
f 1381 1384 779
f 779 1384 780
f 1282 788 792
f 792 788 793
f 1431 1262 1432
f 1432 1262 1261
f 1400 1342 1408
f 1408 1342 1409
f 1508 1544 1411
f 1411 1544 1412
f 788 787 793
f 793 787 1414
f 2821 2820 1429
f 1429 2820 1430
f 2822 2823 1506
f 1506 2823 1507
f 778 1282 779
f 779 1282 792
f 2820 1406 1430
f 1430 1406 1409
f 1410 2821 1411
f 1411 2821 1429
f 1407 2822 1408
f 1408 2822 1506
f 1544 781 1412
f 1412 781 780
f 1260 1415 1261
f 1261 1415 1414
f 1334 2824 923
f 923 2824 924
f 2826 1268 2825
f 2825 1268 1267
f 769 1212 2827
f 2827 1212 2828
f 1492 1190 1266
f 1266 1190 1267
f 1488 2829 1489
f 1489 2829 2830
f 922 1329 923
f 923 1329 1328
f 1484 2831 1485
f 1485 2831 2832
f 1482 2833 1485
f 1485 2833 1486
f 1324 1493 1489
f 1489 1493 1490
f 1265 1491 1266
f 1266 1491 1490
f 2835 2836 2834
f 2834 2836 2837
f 1250 2838 2827
f 2827 2838 2839
f 1488 1491 2840
f 2840 1491 2841
f 1268 2826 2842
f 2842 2826 2843
f 2844 2845 1495
f 1495 2845 1496
f 1427 2847 2846
f 2846 2847 926
f 2829 1488 2848
f 2848 1488 2840
f 1329 922 2849
f 2849 922 927
f 2850 2851 768
f 768 2851 1213
f 1265 1268 2852
f 2852 1268 2842
f 1491 1265 2841
f 2841 1265 2852
f 2854 2855 2853
f 2853 2855 2856
f 2855 2857 2856
f 2856 2857 598
f 2857 2858 598
f 598 2858 595
f 2858 2859 595
f 595 2859 626
f 649 652 2860
f 2860 652 2861
f 639 642 2862
f 2862 642 2863
f 2864 705 2862
f 2862 705 639
f 2865 1418 2864
f 2864 1418 705
f 2866 2867 2865
f 2865 2867 1418
f 1760 1348 1761
f 1761 1348 2867
f 1764 2868 1197
f 1197 2868 1198
f 2869 611 2868
f 2868 611 1198
f 2870 612 2869
f 2869 612 611
f 1352 1350 944
f 944 1350 688
f 1350 1256 688
f 688 1256 685
f 1256 1255 685
f 685 1255 692
f 1255 2871 692
f 692 2871 2872
f 701 2873 698
f 698 2873 2813
f 2872 1349 692
f 692 1349 693
f 1696 1744 1574
f 1574 1744 1575
f 1753 1618 1577
f 1577 1618 1578
f 1729 1594 1608
f 1608 1594 1609
f 1725 1630 1611
f 1611 1630 1612
f 1604 1607 1625
f 1625 1607 1626
f 1624 1703 1625
f 1625 1703 1912
f 1703 1702 1912
f 1912 1702 1913
f 1702 1753 1913
f 1913 1753 1577
f 1598 1569 1915
f 1915 1569 1578
f 1616 1615 1915
f 1915 1615 1916
f 1615 1696 1916
f 1916 1696 1574
f 1744 1745 1575
f 1575 1745 1917
f 1745 1565 1917
f 1917 1565 1609
f 1568 1725 1608
f 1608 1725 1611
f 2874 1613 1918
f 1918 1613 1612
f 1607 2874 1626
f 1626 2874 1918
f 1610 1613 1562
f 1562 1613 1563
f 1547 1550 1570
f 1570 1550 1571
f 1573 1576 1580
f 1580 1576 1581
f 1553 1556 1595
f 1595 1556 1596
f 1556 1582 1596
f 1596 1582 1581
f 1551 1547 1599
f 1599 1547 1570
f 1731 1914 1601
f 1601 1914 1602
f 1686 1689 1605
f 1605 1689 1606
f 1598 1743 1599
f 1599 1743 1692
f 2874 1607 1723
f 1723 1607 1606
f 1727 1553 1730
f 1730 1553 1595
f 1600 1686 1601
f 1601 1686 1605
f 1914 1572 1602
f 1602 1572 1571
f 1579 1693 1580
f 1580 1693 1692
f 1613 2874 1563
f 1563 2874 1723
f 1561 1727 1562
f 1562 1727 1730
f 1949 1742 1548
f 1548 1742 1549
f 1694 1949 1552
f 1552 1949 1548
f 1954 1589 1554
f 1554 1589 1555
f 1693 1579 1558
f 1558 1579 1559
f 1561 1564 1584
f 1584 1564 1585
f 1582 1556 1588
f 1588 1556 1555
f 1600 1603 1591
f 1591 1603 1592
f 1981 1977 1687
f 1687 1977 1688
f 1564 1722 1585
f 1585 1722 1690
f 1551 1693 1552
f 1552 1693 1558
f 1751 1954 1728
f 1728 1954 1554
f 1590 1981 1591
f 1591 1981 1687
f 1603 1550 1592
f 1592 1550 1549
f 1977 1691 1688
f 1688 1691 1690
f 1587 1560 1588
f 1588 1560 1559
f 1727 1561 1728
f 1728 1561 1584
f 2875 1919 1947
f 1947 1919 1948
f 1557 1560 1952
f 1952 1560 1953
f 1933 1932 1955
f 1955 1932 1956
f 1587 1589 1958
f 1958 1589 1956
f 1959 1933 1965
f 1965 1933 1955
f 1961 1964 1966
f 1966 1964 1967
f 1981 1590 1969
f 1969 1590 1967
f 1742 1949 1972
f 1972 1949 1948
f 1593 1742 1966
f 1966 1742 1972
f 1957 1950 1958
f 1958 1950 1953
f 1583 1586 1974
f 1974 1586 1975
f 1940 1943 1978
f 1978 1943 1979
f 1943 1976 1979
f 1979 1976 1975
f 1951 2875 1952
f 1952 2875 1947
f 1968 1940 1969
f 1969 1940 1978
f 1973 1959 1974
f 1974 1959 1965
f 1923 1971 1920
f 1920 1971 1921
f 1919 2875 1920
f 1920 2875 1924
f 2875 1951 1924
f 1924 1951 1926
f 1950 1957 1929
f 1929 1957 1930
f 2244 2243 1934
f 1934 2243 1935
f 1973 1976 1937
f 1937 1976 1938
f 1944 1980 1941
f 1941 1980 1942
f 1940 1968 1941
f 1941 1968 1945
f 2287 2244 1960
f 1960 2244 1934
f 1970 2245 1962
f 1962 2245 1963
f 2243 1931 1935
f 1935 1931 1930
f 1927 1926 1928
f 1928 1926 1929
f 1961 1922 1962
f 1962 1922 1921
f 2245 1946 1963
f 1963 1946 1945
f 1976 1943 1938
f 1938 1943 1942
f 1936 2287 1937
f 1937 2287 1960
f 743 1238 608
f 608 1238 609
f 607 1811 608
f 608 1811 744
f 1304 2876 1305
f 1305 2876 2877
f 586 585 1298
f 1298 585 1299
f 585 702 1299
f 1299 702 1300
f 702 1428 1300
f 1300 1428 1301
f 1238 586 609
f 609 586 1298
f 2878 2879 1218
f 1218 2879 2877
f 2880 2881 1812
f 1812 2881 1819
f 2883 1821 2882
f 2882 1821 1820
f 2840 2841 620
f 620 2841 621
f 2842 2843 795
f 795 2843 796
f 892 895 2844
f 2844 895 2845
f 2848 2840 942
f 942 2840 620
f 2849 927 1202
f 1202 927 1203
f 2852 2842 1270
f 1270 2842 795
f 2841 2852 621
f 621 2852 1270
f 941 1759 942
f 942 1759 2884
f 659 929 1427
f 1427 929 2847
f 1237 2851 751
f 751 2851 2850
f 1216 2885 1217
f 1217 2885 1754
f 2887 734 2886
f 2886 734 733
f 2889 1816 2888
f 2888 1816 1815
f 2890 1245 2889
f 2889 1245 1816
f 1824 2891 1825
f 1825 2891 1246
f 2892 2893 2895
f 2895 2893 2894
f 1854 1833 1851
f 1851 1833 1832
f 1851 1832 1884
f 1884 1832 1876
f 1884 1876 1441
f 1441 1876 1443
f 1441 1443 1442
f 1442 1443 1446
f 1442 1446 2896
f 2896 1446 1507
f 2897 2823 2898
f 2898 2823 1543
f 1542 2899 1543
f 1543 2899 2898
f 1542 1905 2899
f 2899 1905 2900
f 1905 1259 2900
f 2900 1259 2901
f 1262 1431 2902
f 2902 1431 1904
f 1431 1434 1904
f 1904 1434 1902
f 1902 1434 2903
f 2903 1434 719
f 2903 719 2904
f 2904 719 718
f 1869 1881 718
f 718 1881 2904
f 1881 1869 1880
f 1880 1869 756
f 1880 756 2905
f 2905 756 755
f 2905 755 2906
f 2906 755 758
f 762 2907 763
f 763 2907 2908
f 724 723 2909
f 2909 723 894
f 796 895 723
f 723 895 894
f 2843 2845 796
f 796 2845 895
f 2826 1496 2843
f 2843 1496 2845
f 2825 1497 2826
f 2826 1497 1496
f 1189 2836 2825
f 2825 2836 1497
f 797 891 798
f 798 891 2837
f 802 888 797
f 797 888 891
f 2910 2911 2913
f 2913 2911 2912
f 1780 1783 2915
f 2915 1783 2914
f 2916 2917 831
f 831 2917 832
f 2918 2919 845
f 845 2919 846
f 2920 2916 847
f 847 2916 831
f 2921 2922 857
f 857 2922 858
f 2923 2924 860
f 860 2924 861
f 2919 2912 846
f 846 2912 887
f 2925 2920 940
f 940 2920 847
f 2924 2926 861
f 861 2926 1204
f 2917 2918 832
f 832 2918 845
f 2927 2928 1449
f 1449 2928 1450
f 2929 2930 889
f 889 2930 2931
f 2896 1507 2897
f 2897 1507 2823
f 2902 2901 1262
f 1262 2901 1259
f 2932 2933 750
f 750 2933 1236
f 2933 2934 1236
f 1236 2934 1835
f 2936 2937 2935
f 2935 2937 2938
f 2940 2941 2939
f 2939 2941 2942
f 2943 2944 1841
f 1841 2944 1842
f 2945 1860 2944
f 2944 1860 1842
f 2945 2946 1860
f 1860 2946 1859
f 1889 2947 1890
f 1890 2947 1856
f 1856 2947 1857
f 1857 2947 2948
f 2950 709 2949
f 2949 709 1829
f 2952 730 2951
f 2951 730 729
f 2866 2953 2867
f 2867 2953 1761
f 2953 2954 1761
f 1761 2954 1420
f 2954 2955 1420
f 1420 2955 742
f 2955 2956 742
f 742 2956 739
f 2956 2957 739
f 739 2957 760
f 2957 2958 760
f 760 2958 761
f 2958 2959 761
f 761 2959 2960
f 2959 2961 2960
f 2960 2961 2962
f 2963 2964 1839
f 1839 2964 1840
f 2964 2965 1840
f 1840 2965 2942
f 2966 2950 2939
f 2939 2950 2949
f 2935 2967 2936
f 2936 2967 2968
f 2969 2970 736
f 736 2970 735
f 734 2887 1815
f 1815 2887 2888
f 2887 2882 2888
f 2888 2882 2881
f 1819 1820 1817
f 1817 1820 748
f 1195 1757 1197
f 1197 1757 1424
f 1757 647 1424
f 1424 647 646
f 647 648 646
f 646 648 643
f 648 1271 643
f 643 1271 737
f 1271 725 737
f 737 725 765
f 725 724 765
f 765 724 762
f 762 724 2907
f 2907 724 2909
f 1254 1437 2909
f 2909 1437 2907
f 1438 1253 1836
f 1836 1253 1835
f 1836 1835 2938
f 2938 1835 2934
f 2971 2972 2935
f 2935 2972 2967
f 897 896 2969
f 2969 896 2970
f 1815 1814 734
f 734 1814 731
f 728 1215 896
f 896 1215 732
f 2885 1216 733
f 733 1216 2886
f 1216 1219 2886
f 2886 1219 2883
f 2876 1304 1821
f 1821 1304 749
f 1304 1303 749
f 749 1303 746
f 1818 2973 1817
f 1817 2973 1810
f 747 2974 1818
f 1818 2974 2973
f 747 746 2974
f 2974 746 1303
f 2976 2977 2975
f 2975 2977 2978
f 2976 2979 2901
f 2901 2979 2900
f 2980 2981 2982
f 2982 2981 2979
f 2981 2980 2983
f 2983 2980 2984
f 2985 2897 2983
f 2983 2897 2898
f 2987 2988 2986
f 2986 2988 2985
f 2896 2988 1442
f 1442 2988 1439
f 1903 2977 1904
f 1904 2977 2902
f 1856 1855 1890
f 1890 1855 2989
f 2989 2990 1890
f 1890 2990 1359
f 2990 2991 1359
f 1359 2991 1356
f 2946 2992 1859
f 1859 2992 1893
f 2992 2993 1893
f 1893 2993 775
f 2993 2994 775
f 775 2994 776
f 2986 1356 2987
f 2987 1356 2991
f 2975 2978 776
f 776 2978 777
f 2982 2994 2980
f 2980 2994 2995
f 1357 2984 2995
f 2995 2984 2980
f 2995 2996 1357
f 1357 2996 1358
f 2996 2997 1358
f 1358 2997 1889
f 2998 2999 2932
f 2932 2999 2933
f 2999 2971 2933
f 2933 2971 2934
f 1837 1836 2937
f 2937 1836 2938
f 2943 1841 2941
f 2941 1841 1838
f 3001 2944 3000
f 3000 2944 2943
f 3001 3002 2944
f 2944 3002 2945
f 3002 3003 2945
f 2945 3003 2946
f 2997 3003 1889
f 1889 3003 2947
f 2947 3003 2948
f 2948 3003 3002
f 3001 3004 3002
f 3002 3004 2948
f 3000 3005 3001
f 3001 3005 3004
f 2940 3006 3000
f 3000 3006 3005
f 2999 3007 2971
f 2971 3007 2972
f 2998 2951 2999
f 2999 2951 3007
f 3008 2952 2998
f 2998 2952 2951
f 2966 2965 2936
f 2936 2965 2937
f 2935 2938 2971
f 2971 2938 2934
f 3003 2997 2946
f 2946 2997 2992
f 2997 2996 2992
f 2992 2996 2993
f 2996 2995 2993
f 2993 2995 2994
f 1356 2986 1357
f 1357 2986 2984
f 2982 2975 2994
f 2994 2975 776
f 1844 1843 1899
f 1899 1843 3009
f 1843 638 3009
f 3009 638 3010
f 638 637 3010
f 3010 637 3011
f 637 1830 3011
f 3011 1830 3012
f 1830 1833 3012
f 3012 1833 2894
f 1833 1854 2894
f 2894 1854 2895
f 1854 1853 2895
f 2895 1853 1888
f 1858 1857 1885
f 1885 1857 1892
f 1899 3009 1898
f 1898 3009 1874
f 3009 3010 1874
f 1874 3010 1865
f 3010 3011 1865
f 1865 3011 1862
f 3011 3012 1862
f 1862 3012 1882
f 3012 2894 1882
f 1882 2894 2893
f 1850 2890 782
f 782 2890 2889
f 783 2880 1811
f 1811 2880 1812
f 744 1810 745
f 745 1810 2973
f 745 2973 805
f 805 2973 806
f 2973 2974 806
f 806 2974 815
f 1303 812 2974
f 2974 812 815
f 1303 1302 812
f 812 1302 1221
f 1307 3013 1302
f 1302 3013 1221
f 1734 3014 1633
f 1633 3014 1634
f 1646 1649 1636
f 1636 1649 1637
f 1654 1657 1641
f 1641 1657 1642
f 1639 1736 1636
f 1636 1736 1684
f 1716 1713 1698
f 1698 1713 1699
f 1718 1721 1705
f 1705 1721 1706
f 1653 1654 1709
f 1709 1654 1641
f 1620 1623 1714
f 1714 1623 1699
f 1712 1682 1714
f 1714 1682 1740
f 1668 1671 1746
f 1746 1671 1747
f 1752 1650 1749
f 1749 1650 1750
f 1750 1650 1709
f 1709 1650 1653
f 1632 1668 1633
f 1633 1668 1746
f 1649 1752 1637
f 1637 1752 1749
f 1682 1643 1740
f 1740 1643 1642
f 3014 1685 1634
f 1634 1685 1684
f 1704 1748 1705
f 1705 1748 1747
f 1697 1707 1698
f 1698 1707 1706
f 1739 1701 1621
f 1621 1701 1622
f 1567 1566 1647
f 1647 1566 1648
f 1664 1695 1651
f 1651 1695 1652
f 1614 1617 1655
f 1655 1617 1656
f 1704 1707 1659
f 1659 1707 1660
f 3014 1734 1662
f 1662 1734 1663
f 1650 1752 1651
f 1651 1752 1665
f 1741 1657 1667
f 1667 1657 1656
f 1695 1614 1652
f 1652 1614 1655
f 1724 1567 1726
f 1726 1567 1647
f 1645 1628 1733
f 1733 1628 1663
f 1685 3014 1726
f 1726 3014 1662
f 1620 1741 1621
f 1621 1741 1667
f 1566 1666 1648
f 1648 1666 1665
f 1658 1737 1659
f 1659 1737 1901
f 1911 1661 1910
f 1910 1661 1660
f 1701 1911 1622
f 1622 1911 1910
f 1732 1748 1733
f 1733 1748 1901
f 1857 2948 1892
f 1892 2948 3004
f 1892 3004 1891
f 1891 3004 3005
f 1828 3006 1829
f 1829 3006 2949
f 2967 736 2968
f 2968 736 710
f 2972 2969 2967
f 2967 2969 736
f 2969 2972 897
f 897 2972 3007
f 897 3007 729
f 729 3007 2951
f 3016 753 3015
f 3015 753 752
f 3018 767 3017
f 3017 767 766
f 3019 3020 1249
f 1249 3020 3021
f 2915 2914 3019
f 3019 2914 3020
f 3023 2914 3022
f 3022 2914 1783
f 2827 2839 769
f 769 2839 766
f 3025 2838 3024
f 3024 2838 3021
f 768 767 2850
f 2850 767 3026
f 2850 3026 751
f 751 3026 752
f 750 753 2932
f 2932 753 3027
f 3008 2998 3027
f 3027 2998 2932
f 3028 3029 3008
f 3008 3029 2952
f 3029 3030 2952
f 2952 3030 730
f 3032 3033 3031
f 3031 3033 3034
f 3036 3037 3035
f 3035 3037 3038
f 2870 3039 612
f 612 3039 3040
f 3041 3042 3031
f 3031 3042 3038
f 3034 1352 3043
f 3043 1352 944
f 612 3040 613
f 613 3040 3044
f 613 3044 1425
f 1425 3044 1422
f 3045 3042 669
f 669 3042 670
f 3041 3043 599
f 599 3043 600
f 772 771 1544
f 1544 771 781
f 1503 771 1866
f 1866 771 770
f 771 1503 781
f 781 1503 778
f 61 281 416
f 416 281 1907
f 283 103 3046
f 3046 103 3047
f 76 79 3048
f 3048 79 3049
f 280 76 1906
f 1906 76 3048
f 3051 335 3050
f 3050 335 334
f 3053 417 3052
f 3052 417 416
f 3055 435 3054
f 3054 435 434
f 428 435 419
f 419 435 1908
f 420 1909 293
f 293 1909 443
f 79 294 3049
f 3049 294 444
f 3057 444 3056
f 3056 444 443
f 3051 3058 335
f 335 3058 452
f 216 215 1332
f 1332 215 452
f 308 283 462
f 462 283 3046
f 3050 334 3059
f 3059 334 462
f 103 62 3047
f 3047 62 417
f 313 312 434
f 434 312 463
f 3061 574 3060
f 3060 574 573
f 1310 3062 1428
f 1428 3062 3063
f 1258 3064 1255
f 1255 3064 2871
f 932 3065 2853
f 2853 3065 3066
f 699 2814 931
f 931 2814 3067
f 3068 1301 3063
f 3063 1301 1428
f 571 574 1310
f 1310 574 3062
f 3060 573 3069
f 3069 573 1332
f 3070 3071 1906
f 1906 3071 1907
f 3072 3073 1908
f 1908 3073 1909
f 3075 2814 3074
f 3074 2814 2813
f 2854 3076 1258
f 1258 3076 3064
f 2871 3077 2872
f 2872 3077 3078
f 3074 2813 3079
f 3079 2813 2873
f 2872 3078 1349
f 1349 3078 3080
f 2873 701 3068
f 3068 701 1301
f 1330 1201 3080
f 3080 1201 1349
f 1264 1263 3081
f 3081 1263 3082
f 3083 3084 3082
f 3082 3084 3081
f 811 1448 3086
f 3086 1448 3085
f 808 811 3087
f 3087 811 3086
f 3088 3083 833
f 833 3083 3082
f 884 3089 885
f 885 3089 3090
f 3087 1790 808
f 808 1790 816
f 1790 3087 1787
f 1787 3087 3091
f 3092 3091 3086
f 3086 3091 3087
f 3093 3094 3084
f 3084 3094 3095
f 3089 3096 3090
f 3090 3096 3088
f 3097 3093 3083
f 3083 3093 3084
f 3099 3100 3098
f 3098 3100 1786
f 3101 1788 2913
f 2913 1788 3102
f 838 837 885
f 885 837 886
f 886 837 3103
f 3103 837 1541
f 3094 3093 3104
f 3104 3093 3097
f 3105 3106 3089
f 3089 3106 3096
f 3108 3109 3107
f 3107 3109 3110
f 3111 3112 3091
f 3091 3112 1787
f 3114 3108 3113
f 3113 3108 3107
f 3114 3115 3112
f 3112 3115 3102
f 3091 3092 3111
f 3111 3092 3116
f 839 838 835
f 835 838 836
f 885 3090 838
f 838 3090 836
f 3110 3117 1247
f 1247 3117 3118
f 1247 3118 1248
f 1248 3118 3119
f 3120 3121 3119
f 3119 3121 1248
f 1247 844 3110
f 3110 844 3107
f 844 843 3107
f 3107 843 3113
f 843 3099 3113
f 3113 3099 3122
f 1781 3123 3098
f 3098 3123 3124
f 2915 2931 1780
f 1780 2931 2930
f 3019 3125 2915
f 2915 3125 2931
f 890 3125 2834
f 2834 3125 1252
f 3125 3019 1252
f 1252 3019 1249
f 907 908 946
f 946 908 947
f 1185 1188 1369
f 1369 1188 948
f 954 957 951
f 951 957 952
f 910 965 953
f 953 965 950
f 905 958 960
f 960 958 961
f 3126 978 949
f 949 978 962
f 936 935 967
f 967 935 968
f 994 993 969
f 969 993 966
f 902 904 971
f 971 904 972
f 983 985 973
f 973 985 970
f 906 905 974
f 974 905 960
f 977 981 959
f 959 981 975
f 911 910 1143
f 1143 910 953
f 952 957 1142
f 1142 957 1145
f 911 1143 1366
f 1366 1143 1368
f 1185 1369 1145
f 1145 1369 1142
f 993 1519 966
f 966 1519 1456
f 965 1454 950
f 950 1454 1457
f 900 899 1459
f 1459 899 1460
f 988 991 1461
f 1461 991 1458
f 899 963 1460
f 1460 963 1462
f 985 987 970
f 970 987 1463
f 904 906 972
f 972 906 974
f 981 983 975
f 975 983 973
f 935 900 968
f 968 900 1459
f 991 994 1458
f 1458 994 969
f 1154 1526 1088
f 1088 1526 1089
f 1109 1112 1092
f 1092 1112 1093
f 1083 1098 1084
f 1084 1098 1097
f 1078 1471 1100
f 1100 1471 1101
f 1075 1078 1104
f 1104 1078 1100
f 1152 1154 1156
f 1156 1154 1088
f 1156 1155 1372
f 1372 1155 1373
f 1372 1373 1104
f 1104 1373 1075
f 1467 1109 1465
f 1465 1109 1092
f 1465 1182 1468
f 1468 1182 1184
f 1474 1470 1096
f 1096 1470 1097
f 1102 1101 1083
f 1083 1101 1098
f 1112 1531 1093
f 1093 1531 1529
f 1102 1073 1099
f 1099 1073 1072
f 1526 1154 1079
f 1079 1154 1080
f 1081 1091 1082
f 1082 1091 1094
f 1069 1068 1085
f 1085 1068 1086
f 1153 1151 1080
f 1080 1151 1058
f 1371 1177 1179
f 1179 1177 1176
f 1099 1072 1103
f 1103 1072 1176
f 1068 1071 1086
f 1086 1071 1073
f 1085 1084 1180
f 1180 1084 1469
f 1066 1065 1183
f 1183 1065 1181
f 1153 1152 1177
f 1177 1152 1178
f 1091 1081 1182
f 1182 1081 1183
f 1057 1525 1079
f 1079 1525 1527
f 1120 1117 1076
f 1076 1117 1077
f 1087 1090 1107
f 1107 1090 1108
f 1127 1126 1110
f 1110 1126 1111
f 1095 1116 1096
f 1096 1116 1115
f 1471 1078 1119
f 1119 1078 1077
f 1087 1107 1155
f 1155 1107 1158
f 1376 1374 1157
f 1157 1374 1158
f 1076 1075 1374
f 1374 1075 1373
f 1109 1467 1110
f 1110 1467 1472
f 1467 1466 1472
f 1472 1466 1473
f 1135 1475 1114
f 1114 1475 1115
f 1471 1119 1095
f 1095 1119 1116
f 1126 1532 1111
f 1111 1532 1530
f 914 1276 1480
f 1480 1276 1517
f 3127 3128 1223
f 1223 3128 1224
f 824 933 1455
f 1455 933 3129
f 3131 1448 3130
f 3130 1448 1447
f 3132 3133 1452
f 1452 3133 1453
f 3130 1447 1322
f 1322 1447 1455
f 933 1514 3129
f 3129 1514 3134
f 1161 3135 1480
f 1480 3135 1481
f 3128 3136 1224
f 1224 3136 1499
f 3133 1162 1453
f 1453 1162 1517
f 1515 3127 1535
f 1535 3127 1223
f 3095 3085 3131
f 3131 3085 1448
f 3137 3092 3085
f 3085 3092 3086
f 3138 3116 3137
f 3137 3116 3092
f 3110 3109 3117
f 3117 3109 3139
f 3105 3140 3117
f 3117 3140 3118
f 3140 3141 3118
f 3118 3141 3119
f 3142 3120 3141
f 3141 3120 3119
f 1498 3143 1277
f 1277 3143 882
f 3144 3145 1340
f 1340 3145 1339
f 1340 3146 3144
f 3144 3146 3147
f 3145 3144 3143
f 3143 3144 3148
f 871 901 872
f 872 901 1362
f 3149 3148 3147
f 3147 3148 3144
f 1208 3150 1209
f 3098 1786 1781
f 1781 1786 1782
f 2930 2929 3123
f 3123 2929 2911
f 1794 1791 2916
f 2916 1791 2917
f 1793 3101 2918
f 2918 3101 2919
f 1796 1794 2920
f 2920 1794 2916
f 3151 3152 2921
f 2921 3152 2922
f 3153 3154 2923
f 2923 3154 2924
f 2919 3101 2912
f 2912 3101 2913
f 3155 1796 2925
f 2925 1796 2920
f 3154 3156 2924
f 2924 3156 2926
f 1791 1793 2917
f 2917 1793 2918
f 3157 3158 2927
f 2927 3158 2928
f 1780 2930 1781
f 1781 2930 3123
f 2825 1267 1189
f 1189 1267 1190
f 2827 2828 1250
f 1250 2828 1251
f 1489 2830 1324
f 1324 2830 1325
f 923 1328 1334
f 1334 1328 1335
f 1485 2832 1482
f 1482 2832 1483
f 1266 1490 1492
f 1492 1490 1493
f 1333 1346 1334
f 1334 1346 2824
f 722 799 1492
f 1492 799 1190
f 664 657 1482
f 1482 657 2833
f 631 634 1324
f 1324 634 1493
f 2828 1494 1251
f 1251 1494 2835
f 1249 3021 1250
f 1250 3021 2838
f 798 2837 1189
f 1189 2837 2836
f 3100 842 3160
f 3160 842 3159
f 1788 3101 1789
f 1789 3101 1793
f 1792 816 1789
f 1789 816 1790
f 817 816 1795
f 1795 816 1792
f 938 817 1797
f 1797 817 1795
f 1796 3155 1797
f 1797 3155 1798
f 3155 3158 1798
f 1798 3158 1799
f 3157 3152 1801
f 1801 3152 1802
f 3151 3156 1803
f 1803 3156 1804
f 3154 3153 1805
f 1805 3153 1806
f 3153 3161 1806
f 1806 3161 1807
f 3099 843 3100
f 3100 843 842
f 1788 1787 3102
f 3102 1787 3112
f 2910 3115 3124
f 3124 3115 3122
f 3099 3098 3122
f 3122 3098 3124
f 416 1907 3052
f 3052 1907 3071
f 3046 3047 3163
f 3163 3047 3162
f 249 445 259
f 259 445 3164
f 425 3165 424
f 424 3165 461
f 408 410 329
f 329 410 330
f 39 331 40
f 40 331 332
f 305 304 423
f 423 304 464
f 385 254 458
f 458 254 392
f 250 415 251
f 251 415 412
f 233 337 234
f 234 337 3166
f 435 3055 1908
f 1908 3055 3072
f 443 1909 3056
f 3056 1909 3073
f 3167 3049 3057
f 3057 3049 444
f 452 3058 1332
f 1332 3058 3069
f 234 3166 346
f 346 3166 411
f 3046 3163 462
f 462 3163 3059
f 259 3164 260
f 260 3164 336
f 3047 417 3162
f 3162 417 3053
f 463 3168 434
f 434 3168 3054
f 454 830 425
f 425 830 3165
f 3062 3169 3063
f 3063 3169 3170
f 1355 1354 1534
f 1534 1354 3171
f 3063 3170 3068
f 3068 3170 3172
f 574 3061 3062
f 3062 3061 3169
f 1534 3171 1535
f 1535 3171 3173
f 3079 2873 3172
f 3172 2873 3068
f 2838 3025 2839
f 2839 3025 3174
f 3176 3177 3175
f 3175 3177 3178
f 3180 1125 3179
f 3179 1125 1128
f 3182 3183 3181
f 3181 3183 3184
f 1134 3185 1130
f 1130 3185 3182
f 3186 3187 3189
f 3189 3187 3188
f 3191 3189 3190
f 3190 3189 3188
f 1137 1122 3190
f 3190 1122 3192
f 3175 3178 3193
f 3193 3178 3194
f 3181 3184 3179
f 3179 3184 3195
f 3197 3198 3196
f 3196 3198 3180
f 3200 3178 3199
f 3199 3178 3177
f 3202 3196 3201
f 3201 3196 3195
f 3204 3184 3203
f 3203 3184 3183
f 3206 3207 3205
f 3205 3207 3186
f 3205 3186 3208
f 3208 3186 3189
f 3209 3208 3191
f 3191 3208 3189
f 3210 3194 3200
f 3200 3194 3178
f 3201 3195 3204
f 3204 3195 3184
f 3197 3211 3177
f 3177 3211 3199
f 3213 3214 3212
f 3212 3214 3215
f 3217 3218 3216
f 3216 3218 3219
f 3221 3222 3220
f 3220 3222 3223
f 3225 3226 3224
f 3224 3226 3227
f 3229 3230 3228
f 3228 3230 3231
f 3233 3234 3232
f 3232 3234 3235
f 3237 3238 3236
f 3236 3238 3239
f 3238 3240 3239
f 3239 3240 3241
f 3232 3235 3242
f 3242 3235 3243
f 3245 3246 3244
f 3244 3246 3247
f 3248 3249 3245
f 3245 3249 3246
f 3251 3252 3250
f 3250 3252 3253
f 3255 3252 3254
f 3254 3252 3251
f 3256 3257 3259
f 3259 3257 3258
f 3261 3262 3260
f 3260 3262 3263
f 3265 3263 3264
f 3264 3263 3262
f 3256 3259 3266
f 3266 3259 3267
f 3269 3270 3268
f 3268 3270 3271
f 3269 3272 3270
f 3270 3272 3273
f 3274 3275 3277
f 3277 3275 3276
f 3278 3279 3276
f 3276 3279 3277
f 3281 3282 3280
f 3280 3282 3283
f 3280 3284 3281
f 3281 3284 3285
f 3287 3288 3286
f 3286 3288 3289
f 3290 3291 3288
f 3288 3291 3289
f 3234 3218 3235
f 3235 3218 3217
f 3232 3292 3233
f 3233 3292 3293
f 3239 3294 3236
f 3236 3294 3219
f 3233 3293 3237
f 3237 3293 3295
f 3296 3294 3241
f 3241 3294 3239
f 3240 3238 3297
f 3297 3238 3298
f 3217 3216 3235
f 3235 3216 3243
f 3297 3299 3240
f 3240 3299 3242
f 3246 3300 3247
f 3247 3300 3223
f 3301 3302 3254
f 3254 3302 3244
f 3249 3303 3246
f 3246 3303 3300
f 3245 3304 3248
f 3248 3304 3292
f 3252 3221 3253
f 3253 3221 3220
f 3250 3248 3299
f 3299 3248 3292
f 3222 3221 3255
f 3255 3221 3252
f 3297 3301 3251
f 3251 3301 3254
f 3258 3214 3259
f 3259 3214 3213
f 3257 3256 3304
f 3304 3256 3305
f 3263 3306 3260
f 3260 3306 3215
f 3261 3257 3302
f 3302 3257 3304
f 3307 3306 3265
f 3265 3306 3263
f 3262 3301 3264
f 3264 3301 3308
f 3259 3213 3267
f 3267 3213 3212
f 3308 3309 3264
f 3264 3309 3266
f 3270 3310 3271
f 3271 3310 3231
f 3311 3312 3278
f 3278 3312 3268
f 3270 3273 3310
f 3310 3273 3313
f 3272 3269 3305
f 3305 3269 3314
f 3277 3229 3274
f 3274 3229 3228
f 3275 3272 3309
f 3309 3272 3305
f 3279 3230 3277
f 3277 3230 3229
f 3276 3308 3278
f 3278 3308 3311
f 3281 3315 3282
f 3282 3315 3227
f 3290 3316 3283
f 3283 3316 3317
f 3281 3285 3315
f 3315 3285 3318
f 3284 3280 3314
f 3314 3280 3319
f 3289 3225 3286
f 3286 3225 3224
f 3287 3284 3312
f 3284 3314 3312
f 3291 3226 3289
f 3289 3226 3225
f 3288 3311 3290
f 3290 3311 3316
f 3212 3215 3307
f 3307 3215 3306
f 3294 3296 3219
f 3219 3296 3216
f 3303 3220 3300
f 3300 3220 3223
f 3224 3227 3318
f 3318 3227 3315
f 3228 3231 3313
f 3313 3231 3310
f 3234 3233 3236
f 3236 3233 3237
f 3243 3241 3242
f 3242 3241 3240
f 3247 3255 3244
f 3244 3255 3254
f 3253 3249 3250
f 3250 3249 3248
f 3260 3258 3261
f 3261 3258 3257
f 3266 3267 3264
f 3264 3267 3265
f 3268 3271 3278
f 3278 3271 3279
f 3274 3273 3275
f 3275 3273 3272
f 3283 3282 3290
f 3290 3282 3291
f 3286 3285 3287
f 3287 3285 3284
f 3218 3234 3219
f 3219 3234 3236
f 3295 3298 3237
f 3237 3298 3238
f 3216 3296 3243
f 3243 3296 3241
f 3242 3299 3232
f 3232 3299 3292
f 3223 3222 3247
f 3247 3222 3255
f 3244 3302 3245
f 3245 3302 3304
f 3303 3249 3220
f 3220 3249 3253
f 3297 3251 3299
f 3299 3251 3250
f 3215 3214 3260
f 3260 3214 3258
f 3301 3262 3302
f 3302 3262 3261
f 3212 3307 3267
f 3267 3307 3265
f 3266 3309 3256
f 3256 3309 3305
f 3271 3231 3279
f 3279 3231 3230
f 3268 3312 3269
f 3269 3312 3314
f 3228 3313 3274
f 3274 3313 3273
f 3308 3276 3309
f 3309 3276 3275
f 3282 3227 3291
f 3291 3227 3226
f 3317 3319 3283
f 3283 3319 3280
f 3224 3318 3286
f 3286 3318 3285
f 3312 3311 3287
f 3311 3288 3287
f 3320 3321 3194
f 3194 3321 3193
f 1375 3321 1121
f 1121 3321 3322
f 3323 3324 3322
f 3322 3324 3192
f 3175 1124 3176
f 3176 1124 1123
f 3179 3195 3180
f 3180 3195 3196
f 3181 1131 3182
f 3182 1131 1130
f 3207 3185 3186
f 3186 3185 3187
f 1136 3188 1133
f 1133 3188 3187
f 3190 3188 1137
f 1137 3188 1136
f 3193 1159 3175
f 3175 1159 1124
f 3179 1128 3181
f 3181 1128 1131
f 1533 3198 1123
f 1123 3198 3176
f 3321 1375 3193
f 3193 1375 1159
f 3321 3320 3322
f 3322 3320 3323
f 1122 1121 3192
f 3192 1121 3322
f 3194 3210 3320
f 3320 3210 3325
f 3324 3323 3327
f 3327 3323 3326
f 3320 3325 3323
f 3323 3325 3326
f 3208 3328 3205
f 3205 3328 3329
f 3330 3206 3329
f 3329 3206 3205
f 3203 3331 3204
f 3204 3331 3332
f 3210 3333 3325
f 3325 3333 3334
f 3325 3334 3326
f 3326 3334 3335
f 3327 3326 3336
f 3336 3326 3335
f 3327 3209 3324
f 3324 3209 3191
f 3190 3192 3191
f 3191 3192 3324
f 3338 3339 3337
f 3337 3339 3340
f 3338 3341 3339
f 3339 3341 3342
f 3341 3343 3342
f 3342 3343 3344
f 3343 3345 3344
f 3344 3345 3346
f 3345 3347 3346
f 3346 3347 3348
f 3347 3349 3348
f 3348 3349 3350
f 3337 3340 3351
f 3351 3340 3352
f 3351 3352 3353
f 3353 3352 3354
f 3353 3354 3355
f 3355 3354 3356
f 3350 3349 3357
f 3357 3349 3358
f 3355 3356 3359
f 3359 3356 3360
f 3359 3360 3361
f 3361 3360 3362
f 3361 3362 3363
f 3363 3362 3364
f 3363 3364 3358
f 3358 3364 3357
f 3339 3342 3365
f 3365 3342 3366
f 3342 3344 3366
f 3366 3344 3367
f 3344 3346 3367
f 3367 3346 3368
f 3346 3348 3368
f 3368 3348 3369
f 3348 3350 3369
f 3369 3350 3370
f 3368 3369 3371
f 3371 3369 3372
f 3369 3370 3372
f 3372 3370 3373
f 3373 3374 3372
f 3372 3374 3375
f 3377 3378 3376
f 3376 3378 3379
f 3377 3375 3378
f 3378 3375 3374
f 3375 3380 3372
f 3372 3380 3371
f 3377 3381 3375
f 3375 3381 3380
f 3376 3382 3377
f 3377 3382 3381
f 3384 3385 3383
f 3383 3385 3386
f 3384 3383 3388
f 3388 3383 3387
f 3388 3387 3389
f 3389 3387 3390
f 3392 3385 3391
f 3391 3385 3384
f 3388 3393 3384
f 3384 3393 3391
f 3389 3394 3388
f 3388 3394 3393
f 3389 3395 3394
f 3394 3395 3396
f 3395 3389 3397
f 3397 3389 3390
f 3339 3365 3340
f 3340 3365 3398
f 3340 3398 3352
f 3352 3398 3399
f 3371 3400 3368
f 3368 3400 3367
f 3400 3401 3367
f 3367 3401 3366
f 3366 3401 3365
f 3365 3401 3402
f 3398 3365 3403
f 3403 3365 3402
f 3398 3403 3399
f 3399 3403 3404
f 3403 3405 3404
f 3404 3405 3406
f 3352 3399 3354
f 3354 3399 3407
f 3399 3404 3407
f 3407 3404 3408
f 3404 3406 3408
f 3408 3406 3409
f 3405 3410 3406
f 3406 3410 3411
f 3410 3412 3411
f 3411 3412 3413
f 3397 3414 3395
f 3395 3414 3415
f 3417 3415 3416
f 3416 3415 3412
f 3410 3418 3412
f 3412 3418 3416
f 3410 3405 3418
f 3418 3405 3419
f 3405 3403 3419
f 3419 3403 3402
f 3370 3350 3420
f 3420 3350 3357
f 3373 3370 3421
f 3421 3370 3420
f 3374 3373 3422
f 3422 3373 3421
f 3378 3374 3423
f 3423 3374 3422
f 3378 3423 3379
f 3379 3423 3424
f 3424 3425 3379
f 3379 3425 3386
f 3383 3426 3387
f 3387 3426 3427
f 3387 3427 3390
f 3390 3427 3428
f 3390 3428 3397
f 3397 3428 3429
f 3429 3430 3397
f 3397 3430 3414
f 3411 3413 3431
f 3431 3413 3432
f 3406 3411 3409
f 3409 3411 3431
f 3401 3400 3335
f 3335 3400 3336
f 3401 3335 3402
f 3402 3335 3334
f 3402 3334 3419
f 3419 3334 3333
f 3419 3333 3418
f 3418 3333 3433
f 3418 3433 3416
f 3416 3433 3434
f 3435 3417 3434
f 3434 3417 3416
f 3394 3396 3436
f 3436 3396 3437
f 3393 3394 3332
f 3332 3394 3436
f 3393 3332 3391
f 3391 3332 3331
f 3330 3392 3331
f 3331 3392 3391
f 3382 3329 3381
f 3381 3329 3328
f 3354 3407 3356
f 3356 3407 3438
f 3356 3438 3360
f 3360 3438 3439
f 3360 3439 3362
f 3362 3439 3440
f 3362 3440 3364
f 3364 3440 3441
f 3364 3441 3357
f 3357 3441 3420
f 3421 3420 3442
f 3442 3420 3441
f 3442 3441 3443
f 3443 3441 3440
f 3443 3440 3444
f 3444 3440 3439
f 3444 3439 3445
f 3445 3439 3438
f 3445 3438 3408
f 3408 3438 3407
f 3422 3421 3446
f 3446 3421 3442
f 3446 3442 3447
f 3447 3442 3443
f 3447 3443 3448
f 3448 3443 3444
f 3448 3444 3449
f 3449 3444 3445
f 3449 3445 3409
f 3409 3445 3408
f 3409 3431 3449
f 3449 3431 3450
f 3449 3450 3448
f 3448 3450 3451
f 3451 3452 3448
f 3448 3452 3447
f 3447 3452 3446
f 3446 3452 3453
f 3446 3453 3422
f 3422 3453 3423
f 3424 3423 3454
f 3454 3423 3453
f 3452 3455 3453
f 3453 3455 3454
f 3452 3451 3455
f 3455 3451 3456
f 3450 3457 3451
f 3451 3457 3456
f 3431 3432 3450
f 3450 3432 3457
f 3454 3458 3424
f 3424 3458 3425
f 3427 3426 3459
f 3459 3426 3460
f 3428 3427 3461
f 3461 3427 3459
f 3428 3461 3429
f 3429 3461 3462
f 3462 3463 3429
f 3429 3463 3430
f 3464 3465 3462
f 3462 3465 3463
f 3455 3466 3454
f 3454 3466 3458
f 3465 3464 3466
f 3466 3464 3467
f 3461 3459 3468
f 3468 3459 3469
f 3468 3469 3464
f 3464 3469 3467
f 3464 3462 3468
f 3468 3462 3461
f 3459 3460 3469
f 3469 3460 3467
f 3295 3351 3298
f 3298 3351 3353
f 3353 3355 3298
f 3298 3355 3297
f 3297 3355 3301
f 3301 3355 3359
f 3301 3359 3308
f 3308 3359 3361
f 3308 3361 3311
f 3311 3361 3363
f 3311 3363 3316
f 3316 3363 3358
f 3316 3358 3317
f 3317 3358 3349
f 3349 3347 3317
f 3317 3347 3319
f 3347 3345 3319
f 3319 3345 3314
f 3345 3343 3314
f 3314 3343 3305
f 3343 3341 3305
f 3305 3341 3304
f 3304 3341 3292
f 3292 3341 3338
f 3292 3338 3293
f 3293 3338 3337
f 3293 3337 3295
f 3295 3337 3351
f 3437 3202 3436
f 3436 3202 3201
f 3436 3201 3332
f 3332 3201 3204
f 3433 3200 3434
f 3434 3200 3199
f 3211 3435 3199
f 3199 3435 3434
f 3333 3210 3433
f 3433 3210 3200
f 3380 3470 3371
f 3400 3371 3336
f 3336 3371 3470
f 3381 3328 3380
f 3380 3328 3470
f 3470 3328 3209
f 3209 3328 3208
f 3336 3470 3327
f 3327 3470 3209
f 1545 1763 1546
f 1546 1763 1762
f 1403 1546 773
f 773 1546 770
f 1221 3013 1220
f 1220 3013 3471
f 1305 2877 1306
f 1306 2877 2879
f 1220 3471 828
f 828 3471 829
f 1217 1754 3472
f 3472 1754 1756
f 1049 3473 1048
f 1048 3473 3474
f 1371 1179 3473
f 3473 1179 3474
f 1074 3475 1179
f 1179 3475 3474
f 3474 3475 1048
f 1048 3475 1056
f 919 666 1345
f 1345 666 665
f 856 680 919
f 919 680 666
f 679 680 1449
f 1449 680 858
f 1367 878 1500
f 1500 878 877
f 1366 908 1367
f 1367 908 878
f 1512 916 1513
f 1513 916 915
f 947 1368 948
f 948 1368 1369
f 1047 1021 1044
f 1044 1021 1020
f 1370 1049 1019
f 1019 1049 1020
f 1173 1030 1174
f 1174 1030 1033
f 3126 1188 1464
f 1464 1188 1187
f 1800 1451 1512
f 1512 1451 916
f 1175 1174 1186
f 1186 1174 1187
f 1030 1173 1047
f 1047 1173 1021
f 1513 915 3476
f 3476 915 1481
f 1345 665 3477
f 3477 665 1483
f 1502 1501 876
f 876 1501 877
f 1205 1451 1803
f 1803 1451 1802
f 3479 2832 3478
f 3478 2832 2831
f 1449 858 2927
f 2927 858 2922
f 908 1366 947
f 947 1366 1368
f 949 948 3126
f 3126 948 1188
f 3480 3135 1502
f 1502 3135 1501
f 2927 2922 3157
f 3157 2922 3152
f 3477 1483 3479
f 3479 1483 2832
f 1803 1802 3151
f 3151 1802 3152
f 663 658 664
f 664 658 657
f 655 658 939
f 939 658 706
f 1512 870 1800
f 1800 870 869
f 875 874 876
f 876 874 873
f 849 874 905
f 905 874 958
f 949 962 946
f 946 962 961
f 978 3126 979
f 979 3126 1464
f 1031 1168 1032
f 1032 1168 1022
f 1045 1013 1046
f 1046 1013 1012
f 1045 1044 1056
f 1056 1044 1048
f 1047 1046 1030
f 1030 1046 1031
f 939 706 940
f 940 706 1450
f 979 1464 1032
f 1032 1464 1033
f 3480 1478 3476
f 3476 1478 3134
f 2829 1487 2830
f 2830 1487 1486
f 848 1230 873
f 873 1230 1479
f 867 870 933
f 933 870 1514
f 1800 869 1801
f 1801 869 1799
f 2830 1486 1325
f 1325 1486 2833
f 940 1450 2925
f 2925 1450 2928
f 946 961 907
f 907 961 958
f 959 962 977
f 977 962 978
f 3476 3134 1513
f 1513 3134 1514
f 2925 2928 3155
f 3155 2928 3158
f 1325 2833 656
f 656 2833 657
f 1801 1799 3157
f 3157 1799 3158
f 1074 1055 3475
f 3475 1055 1056
f 1371 3473 1370
f 1370 3473 1049
f 2884 615 3481
f 3481 615 618
f 3478 2831 2846
f 2846 2831 617
f 2831 1484 617
f 617 1484 618
f 1484 1487 618
f 618 1487 3481
f 2848 3481 2829
f 2829 3481 1487
f 1480 1517 1161
f 1161 1517 1162
f 3129 1323 1455
f 1455 1323 1322
f 3129 3134 1323
f 1323 3134 1478
f 1535 3173 1515
f 1515 3173 1516
f 3085 3095 3137
f 3137 3095 3094
f 3137 3094 3138
f 3138 3094 3104
f 3117 3139 3105
f 3105 3139 3106
f 1138 1141 3127
f 3127 1141 3128
f 3081 3131 1264
f 1264 3131 3130
f 1227 1226 3132
f 3132 1226 3133
f 1264 3130 1229
f 1229 3130 1322
f 1160 1501 1161
f 1161 1501 3135
f 1141 1476 3128
f 3128 1476 3136
f 1226 1163 3133
f 3133 1163 1162
f 1363 1138 1515
f 1515 1138 3127
f 3084 3095 3081
f 3081 3095 3131
f 3089 884 3105
f 3105 884 3140
f 884 883 3140
f 3140 883 3141
f 883 3482 3141
f 3141 3482 3142
f 3476 1481 3480
f 3480 1481 3135
f 1502 1479 3480
f 3480 1479 1478
f 3168 463 440
f 714 1880 715
f 715 1880 2905
f 896 732 2970
f 2970 732 731
f 1263 834 3082
f 3082 834 833
f 898 1231 853
f 853 1231 854
f 3125 890 2931
f 2931 890 889
f 1237 893 2851
f 2851 893 892
f 898 853 899
f 899 853 963
f 988 987 989
f 989 987 986
f 1002 1007 1003
f 1003 1007 1006
f 1038 1036 1007
f 1007 1036 1004
f 1070 1052 1005
f 1005 1052 1006
f 1069 1067 1070
f 1070 1067 1052
f 1130 1129 1134
f 1134 1129 1135
f 879 1167 880
f 880 1167 1166
f 1171 1169 1037
f 1037 1169 1038
f 1085 1180 1069
f 1069 1180 1067
f 1209 1210 879
f 879 1210 1167
f 2885 1215 1754
f 1754 1215 1214
f 1263 855 834
f 834 855 854
f 708 1244 1826
f 1826 1244 1243
f 2909 894 1254
f 1254 894 893
f 1228 1361 964
f 964 1361 1360
f 2908 2907 1436
f 1436 2907 1437
f 2990 1440 2991
f 2991 1440 1439
f 964 1360 965
f 965 1360 1454
f 950 1457 951
f 951 1457 1456
f 970 1463 971
f 971 1463 1462
f 1025 1169 984
f 984 1169 986
f 1084 1097 1469
f 1469 1097 1470
f 1096 1115 1474
f 1474 1115 1475
f 1140 1361 1141
f 1141 1361 1476
f 1212 1495 2828
f 2828 1495 1494
f 880 1166 1452
f 1452 1166 1499
f 715 2905 1504
f 1504 2905 2906
f 954 1519 955
f 955 1519 1518
f 1026 1520 992
f 992 1520 1518
f 1029 1520 1043
f 1043 1520 1521
f 997 1522 1040
f 1040 1522 1521
f 1015 1522 1016
f 1016 1522 1523
f 1523 996 1524
f 1524 996 1062
f 1057 1060 1525
f 1525 1060 1524
f 1094 1528 1082
f 1082 1528 1527
f 1526 1528 1089
f 1089 1528 1529
f 1090 1531 1108
f 1108 1531 1530
f 1125 1533 1126
f 1126 1533 1532
f 3483 1755 727
f 727 1755 1214
f 735 1814 707
f 707 1814 1813
f 2891 1834 1246
f 1246 1834 1243
f 2904 1881 1847
f 1847 1881 1848
f 1852 1855 1853
f 1853 1855 1858
f 1902 2903 1877
f 1877 2903 1878
f 2903 2904 1878
f 1878 2904 1847
f 714 713 1848
f 1848 713 1849
f 1440 2990 1883
f 1883 2990 2989
f 1883 2989 1852
f 1852 2989 1855
f 2895 1888 2892
f 2892 1888 1887
f 774 777 1877
f 1877 777 1903
f 1251 2835 1252
f 1252 2835 2834
f 1213 2844 1212
f 1212 2844 1495
f 2851 892 1213
f 1213 892 2844
f 3123 2911 3124
f 3124 2911 2910
f 887 2929 888
f 888 2929 889
f 1435 2963 1436
f 1436 2963 2961
f 1253 1438 1254
f 1254 1438 1437
f 2970 731 735
f 735 731 1814
f 733 732 2885
f 2885 732 1215
f 2901 2902 2976
f 2976 2902 2977
f 2975 2982 2976
f 2976 2982 2979
f 2899 2900 2981
f 2981 2900 2979
f 2899 2981 2898
f 2898 2981 2983
f 2986 2985 2984
f 2984 2985 2983
f 2897 2985 2896
f 2896 2985 2988
f 2991 1439 2987
f 2987 1439 2988
f 777 2978 1903
f 1903 2978 2977
f 1885 1888 1858
f 1858 1888 1853
f 3090 3088 836
f 836 3088 833
f 3083 3088 3097
f 3097 3088 3096
f 3097 3096 3104
f 3104 3096 3106
f 3111 3116 3108
f 3108 3116 3109
f 3112 3111 3114
f 3114 3111 3108
f 3113 3122 3114
f 3114 3122 3115
f 891 890 2837
f 2837 890 2834
f 951 1456 954
f 954 1456 1519
f 967 1457 936
f 936 1457 1454
f 971 1462 902
f 902 1462 963
f 1461 1463 988
f 988 1463 987
f 1466 1468 1474
f 1474 1468 1470
f 1089 1529 1090
f 1090 1529 1531
f 1184 1181 1469
f 1469 1181 1180
f 1082 1527 1061
f 1061 1527 1525
f 1129 1473 1135
f 1135 1473 1475
f 1108 1530 1105
f 1105 1530 1532
f 1452 1499 3132
f 3132 1499 3136
f 3109 3116 3139
f 3139 3116 3138
f 2912 2911 887
f 887 2911 2929
f 2836 2835 1497
f 1497 2835 1494
f 2913 3102 2910
f 2910 3102 3115
f 1133 3187 1134
f 1134 3187 3185
f 3177 3176 3197
f 3197 3176 3198
f 3203 3183 3206
f 3206 3183 3207
f 3196 3202 3197
f 3197 3202 3211
f 3183 3182 3207
f 3207 3182 3185
f 1125 3180 1533
f 1533 3180 3198
f 3331 3203 3330
f 3330 3203 3206
f 3376 3379 3385
f 3385 3379 3386
f 3382 3376 3392
f 3392 3376 3385
f 3412 3415 3413
f 3413 3415 3414
f 3417 3396 3415
f 3415 3396 3395
f 3383 3386 3426
f 3426 3386 3425
f 3413 3414 3432
f 3432 3414 3430
f 3437 3396 3435
f 3435 3396 3417
f 3329 3382 3330
f 3330 3382 3392
f 3426 3425 3460
f 3460 3425 3458
f 3432 3430 3457
f 3457 3430 3463
f 3457 3463 3456
f 3456 3463 3465
f 3460 3458 3467
f 3467 3458 3466
f 3466 3455 3465
f 3465 3455 3456
f 3202 3437 3211
f 3211 3437 3435
f 3104 3106 3138
f 3138 3106 3139
f 3132 3136 1227
f 1227 3136 1476
f 943 687 600
f 600 687 601
f 596 625 667
f 667 625 1297
f 687 686 601
f 601 686 653
f 1319 784 711
f 711 784 712
f 1811 607 783
f 783 607 712
f 862 921 917
f 917 921 920
f 3478 925 3479
f 3479 925 924
f 2846 926 3478
f 3478 926 925
f 659 662 929
f 929 662 930
f 856 921 857
f 857 921 1204
f 1206 864 1207
f 1207 864 863
f 2876 1219 2877
f 2877 1219 1218
f 667 1297 593
f 593 1297 1296
f 917 920 1333
f 1333 920 1346
f 686 693 653
f 653 693 930
f 1277 913 1498
f 1498 913 1207
f 592 1536 610
f 610 1536 711
f 864 1206 1805
f 1805 1206 1804
f 1317 1536 1900
f 1900 1536 1809
f 1900 1809 1295
f 1295 1809 1296
f 3479 924 3477
f 3477 924 2824
f 927 926 1203
f 1203 926 2847
f 3484 2859 3032
f 3032 2859 3033
f 3472 2878 1217
f 1217 2878 1218
f 2889 2888 2880
f 2880 2888 2881
f 2886 2883 2887
f 2887 2883 2882
f 929 928 2847
f 2847 928 1203
f 857 1204 2921
f 2921 1204 2926
f 1820 1819 2882
f 2882 1819 2881
f 1821 2883 2876
f 2876 2883 1219
f 782 2889 783
f 783 2889 2880
f 1352 3034 1353
f 1353 3034 3033
f 3031 3034 3041
f 3041 3034 3043
f 944 943 3043
f 3043 943 600
f 1339 3145 1498
f 1498 3145 3143
f 1208 882 3148
f 3148 882 3143
f 2921 2926 3151
f 3151 2926 3156
f 3477 2824 1345
f 1345 2824 1346
f 1805 1804 3154
f 3154 1804 3156
f 886 3103 883
f 883 3103 3482
f 841 1248 3485
f 3485 1248 3121
f 2811 2819 2812
f 2812 2819 2816
f 2818 2815 2817
f 2817 2815 2806
f 2817 2816 2818
f 2818 2816 2819
f 2793 2795 2819
f 2819 2795 2818
f 243 352 2793
f 2793 352 2795
f 242 353 243
f 243 353 352
f 359 191 242
f 242 191 353
f 247 192 359
f 359 192 191
f 157 193 247
f 247 193 192
f 156 194 157
f 157 194 193
f 378 261 156
f 156 261 194
f 378 381 261
f 261 381 195
f 195 381 196
f 196 381 376
f 196 376 198
f 198 376 375
f 375 1776 198
f 198 1776 197
f 1776 1767 197
f 197 1767 274
f 181 274 199
f 199 274 1767
f 568 566 564
f 564 566 563
f 568 569 566
f 566 569 567
f 501 1773 1771
f 1771 1773 578
f 547 579 1773
f 1773 579 578
f 3486 470 474
f 474 470 469
f 450 582 3487
f 3487 582 3488
f 582 583 3488
f 3488 583 3489
f 583 584 3489
f 3489 584 3490
f 3490 584 3491
f 3491 584 543
f 470 3486 466
f 466 3486 467
f 3489 3490 503
f 503 3490 504
f 503 3492 3489
f 3489 3492 3488
f 3492 503 3493
f 3493 503 502
f 3495 3492 3494
f 3494 3492 3493
f 3487 3488 3495
f 3495 3488 3492
f 468 1774 465
f 465 1774 570
f 3494 3493 1775
f 1775 3493 1771
f 3490 3491 504
f 504 3491 1772
f 3491 543 1772
f 1772 543 548
f 450 3487 474
f 474 3487 3486
f 3495 467 3487
f 3487 467 3486
f 3494 468 3495
f 3495 468 467
f 468 3494 1774
f 1774 3494 1775
f 501 1771 502
f 502 1771 3493
f 527 366 384
f 384 366 365
f 522 524 527
f 527 524 366
f 521 534 522
f 522 534 524
f 530 535 521
f 521 535 534
f 508 486 513
f 513 486 532
f 513 532 541
f 541 532 535
f 667 668 596
f 596 668 597
f 1294 1297 624
f 624 1297 625
f 603 641 604
f 604 641 640
f 1290 1293 650
f 650 1293 651
f 1758 691 660
f 660 691 661
f 602 671 599
f 599 671 670
f 654 662 690
f 690 662 661
f 2856 598 695
f 695 598 597
f 602 654 671
f 671 654 690
f 604 640 676
f 676 640 704
f 1826 1829 708
f 708 1829 709
f 1288 1284 740
f 740 1284 741
f 755 754 758
f 758 754 759
f 2853 2856 932
f 932 2856 695
f 689 691 1192
f 1192 691 1193
f 784 1319 1240
f 1240 1319 1241
f 1813 1816 1244
f 1244 1816 1245
f 754 1288 759
f 759 1288 740
f 1894 1242 1318
f 1318 1242 1241
f 2867 1348 1418
f 1418 1348 1347
f 676 704 673
f 673 704 1347
f 1284 1287 741
f 741 1287 1419
f 1421 1426 1422
f 1422 1426 1425
f 1758 660 615
f 615 660 616
f 1192 1191 1421
f 1421 1191 1426
f 2962 1839 1504
f 1504 1839 1505
f 941 1194 1759
f 1759 1194 1193
f 1287 1537 1419
f 1419 1537 1760
f 1882 2893 1823
f 1823 2893 1824
f 1886 1891 1827
f 1827 1891 1828
f 1887 1886 1834
f 1834 1886 1827
f 1841 716 1838
f 1838 716 1505
f 782 784 1850
f 1850 784 1240
f 1239 1242 1863
f 1863 1242 1864
f 1242 1894 1864
f 1864 1894 1873
f 1822 1239 1823
f 1823 1239 1863
f 1318 1317 1895
f 1895 1317 1900
f 1894 1896 1873
f 1873 1896 1897
f 1291 1896 1292
f 1292 1896 1895
f 605 1898 606
f 606 1898 1897
f 1258 1257 2854
f 2854 1257 2855
f 1257 1351 2855
f 2855 1351 2857
f 1351 1353 2857
f 2857 1353 2858
f 1353 3033 2858
f 2858 3033 2859
f 2860 2861 3036
f 3036 2861 3037
f 2862 2863 2870
f 2870 2863 3039
f 2870 2869 2862
f 2862 2869 2864
f 2868 2865 2869
f 2869 2865 2864
f 1764 2866 2868
f 2868 2866 2865
f 1537 1199 1760
f 1760 1199 1348
f 615 2884 1758
f 1758 2884 1759
f 1825 1246 2890
f 2890 1246 1245
f 2893 2892 1824
f 1824 2892 2891
f 761 2960 758
f 758 2960 2906
f 3000 2943 2940
f 2940 2943 2941
f 2968 710 2950
f 2950 710 709
f 1764 1423 2866
f 2866 1423 2953
f 1423 645 2953
f 2953 645 2954
f 645 644 2954
f 2954 644 2955
f 644 738 2955
f 2955 738 2956
f 738 764 2956
f 2956 764 2957
f 764 763 2957
f 2957 763 2958
f 763 2908 2958
f 2958 2908 2959
f 2908 1436 2959
f 2959 1436 2961
f 1837 2964 1435
f 1435 2964 2963
f 1837 2937 2964
f 2964 2937 2965
f 2936 2968 2966
f 2966 2968 2950
f 1840 2942 1838
f 1838 2942 2941
f 2939 2949 2940
f 2940 2949 3006
f 2939 2942 2966
f 2966 2942 2965
f 1822 1825 1850
f 1850 1825 2890
f 1891 3005 1828
f 1828 3005 3006
f 3035 3038 3045
f 3045 3038 3042
f 3045 3044 3035
f 3035 3044 3040
f 669 1422 3045
f 3045 1422 3044
f 599 670 3041
f 3041 670 3042
f 931 3067 932
f 932 3067 3065
f 2853 3066 2854
f 2854 3066 3076
f 3067 3496 3065
f 3065 3496 3497
f 3066 3498 3076
f 3076 3498 3499
f 707 1813 708
f 708 1813 1244
f 2960 2962 2906
f 2906 2962 1504
f 2892 1887 2891
f 2891 1887 1834
f 1839 2962 2963
f 2963 2962 2961
f 595 626 596
f 596 626 625
f 623 626 3484
f 3484 626 2859
f 1291 1290 606
f 606 1290 603
f 1290 650 603
f 603 650 641
f 641 650 642
f 642 650 649
f 2860 2863 649
f 649 2863 642
f 3036 3039 2860
f 2860 3039 2863
f 3035 3040 3036
f 3036 3040 3039
f 1294 1293 1295
f 1295 1293 1292
f 624 651 1294
f 1294 651 1293
f 623 652 624
f 624 652 651
f 3484 2861 623
f 623 2861 652
f 3032 3037 3484
f 3484 3037 2861
f 3031 3038 3032
f 3032 3038 3037
f 3481 2848 2884
f 2884 2848 942
f 2846 617 1427
f 1427 617 616
f 3049 3167 3048
f 3048 3167 3500
f 1906 3048 3070
f 3070 3048 3500
f 1337 1768 3501
f 3501 1768 3502
f 3020 3503 3021
f 3021 3503 3024
f 2914 3023 3020
f 3020 3023 3503
f 859 1770 860
f 860 1770 3504
f 1336 3505 1768
f 1768 3505 3502
f 3065 3497 3066
f 3066 3497 3498
f 2814 3075 3067
f 3067 3075 3496
f 2839 3174 766
f 766 3174 3017
f 1337 3501 1338
f 1338 3501 1769
f 767 3018 3026
f 3026 3018 3506
f 3076 3499 3064
f 3064 3499 3507
f 727 730 3483
f 3483 730 3030
f 3064 3507 2871
f 2871 3507 3077
f 3100 3160 1786
f 1786 3160 1784
f 3026 3506 752
f 752 3506 3015
f 860 3504 2923
f 2923 3504 3508
f 753 3016 3027
f 3027 3016 3509
f 3027 3509 3008
f 3008 3509 3028
f 1782 1785 1783
f 1783 1785 3022
f 2923 3508 3153
f 3153 3508 3161
f 3148 3149 1208
f 1208 3149 3150
f 1335 1328 3510
f 3510 1328 1327
f 1336 1335 3505
f 3505 1335 3510
f 866 3511 1340
f 1340 3511 3146
f 865 1808 866
f 866 1808 3511
f 842 841 3159
f 3159 841 3485
f 2849 3512 1329
f 1329 3512 1326
f 1202 1331 2849
f 2849 1331 3512
f 3514 3515 3513
f 3513 3515 3516
f 3518 3516 3517
f 3517 3516 3515
f 3519 3520 3514
f 3514 3520 3515
f 3522 3523 3521
f 3521 3523 3524
f 3526 3527 3525
f 3525 3527 3528
f 3530 3531 3529
f 3529 3531 3532
f 3534 3535 3533
f 3533 3535 3536
f 3529 3532 3537
f 3537 3532 3538
f 3537 3539 3529
f 3529 3539 3540
f 3542 3543 3541
f 3541 3543 3544
f 3546 3547 3545
f 3545 3547 3548
f 3550 3534 3549
f 3549 3534 3533
f 3550 3543 3551
f 3551 3543 3552
f 3537 3545 3539
f 3539 3545 3548
f 3553 3554 3556
f 3556 3554 3555
f 3537 3557 3545
f 3545 3557 3546
f 3558 3559 3561
f 3561 3559 3560
f 3563 3564 3562
f 3562 3564 3565
f 3564 3563 3566
f 3566 3563 3567
f 3569 3570 3568
f 3568 3570 3571
f 3573 3574 3572
f 3572 3574 3575
f 3577 3578 3576
f 3576 3578 3579
f 3581 3582 3580
f 3580 3582 3583
f 3585 3586 3584
f 3584 3586 3579
f 3586 3587 3579
f 3579 3587 3576
f 3589 3590 3588
f 3588 3590 3591
f 3592 3593 3595
f 3595 3593 3594
f 3597 3598 3596
f 3596 3598 3595
f 3583 3600 3599
f 3599 3600 3601
f 3603 3599 3602
f 3602 3599 3601
f 3605 3606 3604
f 3604 3606 3607
f 3608 3555 3596
f 3596 3555 3554
f 3597 3610 3609
f 3609 3610 3565
f 3564 3611 3565
f 3565 3611 3609
f 3611 3564 3612
f 3612 3564 3566
f 3613 3614 3569
f 3569 3614 3570
f 3615 3616 3573
f 3573 3616 3574
f 3517 3617 3518
f 3518 3617 3618
f 3620 3621 3619
f 3619 3621 3622
f 3624 3625 3623
f 3623 3625 3626
f 3628 3629 3627
f 3627 3629 3630
f 3632 3633 3631
f 3631 3633 3634
f 3636 3637 3635
f 3635 3637 3638
f 3640 3641 3639
f 3639 3641 3642
f 3643 3644 3639
f 3639 3644 3640
f 3646 3513 3645
f 3645 3513 3647
f 3648 3514 3646
f 3646 3514 3513
f 3649 3519 3648
f 3648 3519 3514
f 3650 3651 3527
f 3527 3651 3652
f 3654 3651 3653
f 3653 3651 3650
f 3568 3571 3655
f 3655 3571 3656
f 3657 3658 3653
f 3653 3658 3659
f 3661 3662 3660
f 3660 3662 3658
f 3664 3665 3663
f 3663 3665 3666
f 3667 3657 3650
f 3650 3657 3653
f 3669 3523 3668
f 3668 3523 3670
f 3672 3673 3671
f 3671 3673 3674
f 3676 3677 3675
f 3675 3677 3678
f 3671 3674 3676
f 3676 3674 3677
f 3680 3681 3679
f 3679 3681 3682
f 3683 3684 3680
f 3680 3684 3681
f 3685 3686 3661
f 3661 3686 3662
f 3686 3687 3662
f 3662 3687 3688
f 3684 3683 3689
f 3689 3683 3690
f 3692 3693 3691
f 3691 3693 3694
f 3691 3694 3695
f 3695 3694 3696
f 3698 3699 3697
f 3697 3699 3700
f 3702 3703 3701
f 3701 3703 3704
f 3705 3706 3519
f 3519 3706 3520
f 3673 3672 3707
f 3707 3672 3708
f 3709 3710 3682
f 3682 3710 3679
f 3711 3712 3692
f 3692 3712 3693
f 3714 3715 3713
f 3713 3715 3716
f 3718 3700 3717
f 3717 3700 3699
f 3720 3721 3719
f 3719 3721 3722
f 3724 3725 3723
f 3723 3725 3726
f 3727 3728 3730
f 3730 3728 3729
f 3722 3721 3731
f 3731 3721 3732
f 3697 3700 3733
f 3733 3700 3714
f 3733 3714 3734
f 3734 3714 3713
f 3721 3723 3732
f 3732 3723 3735
f 3720 3736 3724
f 3724 3736 3737
f 3700 3718 3714
f 3714 3718 3715
f 3717 3699 3738
f 3738 3699 3739
f 3536 3740 3533
f 3533 3740 3540
f 3742 3743 3741
f 3741 3743 3744
f 3746 3747 3745
f 3745 3747 3748
f 3750 3751 3749
f 3749 3751 3752
f 3627 3632 3628
f 3628 3632 3631
f 3754 3755 3753
f 3753 3755 3626
f 3562 3565 3756
f 3756 3565 3610
f 3527 3652 3528
f 3528 3652 3757
f 3758 3524 3669
f 3669 3524 3523
f 3582 3598 3583
f 3583 3598 3600
f 3759 3670 3522
f 3522 3670 3523
f 3675 3678 3760
f 3760 3678 3761
f 3762 3763 3690
f 3690 3763 3689
f 3765 3766 3764
f 3764 3766 3767
f 3768 3739 3698
f 3698 3739 3699
f 3726 3725 3770
f 3770 3725 3769
f 3645 3647 3771
f 3771 3647 3772
f 3645 3678 3646
f 3646 3678 3677
f 3646 3677 3648
f 3648 3677 3674
f 3673 3649 3674
f 3674 3649 3648
f 3707 3773 3673
f 3673 3773 3649
f 3775 3776 3774
f 3774 3776 3777
f 3779 3526 3778
f 3778 3526 3525
f 3526 3779 3667
f 3667 3779 3780
f 3780 3781 3667
f 3667 3781 3657
f 3672 3679 3708
f 3708 3679 3710
f 3671 3680 3672
f 3672 3680 3679
f 3676 3683 3671
f 3671 3683 3680
f 3675 3690 3676
f 3676 3690 3683
f 3760 3762 3675
f 3675 3762 3690
f 3682 3681 3783
f 3783 3681 3782
f 3689 3784 3684
f 3684 3784 3785
f 3684 3785 3681
f 3681 3785 3782
f 3786 3709 3783
f 3783 3709 3682
f 3784 3689 3787
f 3787 3689 3763
f 3789 3557 3788
f 3788 3557 3790
f 3792 3793 3791
f 3791 3793 3794
f 3616 3615 3795
f 3795 3615 3796
f 3797 3798 3727
f 3727 3798 3728
f 3800 3801 3799
f 3799 3801 3802
f 3803 3578 3592
f 3592 3578 3593
f 3805 3806 3804
f 3804 3806 3807
f 3599 3603 3585
f 3585 3603 3586
f 3587 3586 3604
f 3604 3586 3603
f 3588 3591 3794
f 3794 3591 3791
f 3581 3803 3582
f 3582 3803 3592
f 3594 3561 3608
f 3608 3561 3790
f 3662 3688 3808
f 3808 3688 3809
f 3665 3664 3810
f 3810 3664 3811
f 3719 3812 3720
f 3720 3812 3736
f 3717 3813 3718
f 3718 3813 3737
f 3723 3721 3724
f 3724 3721 3720
f 3813 3717 3814
f 3814 3717 3738
f 3815 3816 303
f 303 3816 304
f 3818 3819 3817
f 3817 3819 3820
f 3578 3803 3579
f 3579 3803 3584
f 3558 3593 3577
f 3577 3593 3578
f 3822 3823 3821
f 3821 3823 3824
f 3546 3826 3825
f 3825 3826 3827
f 3828 3829 3547
f 3547 3829 3541
f 3831 3542 3830
f 3830 3542 3832
f 3834 3822 3833
f 3833 3822 3821
f 3835 3836 3827
f 3827 3836 3825
f 3800 3799 3828
f 3828 3799 3829
f 3830 3832 3837
f 3837 3832 3838
f 331 330 3551
f 3551 330 3839
f 3831 333 3552
f 3552 333 332
f 3819 3797 3841
f 3841 3797 3840
f 3513 3516 3647
f 3647 3516 3746
f 337 336 3745
f 3745 336 3772
f 3525 3528 3775
f 3775 3528 3749
f 3610 3597 3554
f 3554 3597 3596
f 3706 3702 3520
f 3520 3702 3701
f 3756 3610 3553
f 3553 3610 3554
f 3757 3750 3528
f 3528 3750 3749
f 3517 3515 3701
f 3701 3515 3520
f 3842 3584 3581
f 3581 3584 3803
f 3525 3775 3778
f 3778 3775 3774
f 3638 3843 3635
f 3635 3843 3618
f 3617 3621 3618
f 3618 3621 3635
f 3617 3517 3704
f 3704 3517 3701
f 3521 3624 3522
f 3522 3624 3623
f 3749 3844 3775
f 3775 3844 3776
f 3846 3847 3845
f 3845 3847 3848
f 3843 3747 3618
f 3618 3747 3518
f 3850 3851 3849
f 3849 3851 3748
f 3853 3854 3852
f 3852 3854 3855
f 3856 3857 3622
f 3622 3857 3619
f 3859 3860 3858
f 3858 3860 3861
f 3862 3844 3752
f 3752 3844 3749
f 3863 3759 3623
f 3623 3759 3522
f 3864 3777 3630
f 3630 3777 3776
f 3713 3865 3734
f 3734 3865 3866
f 3868 3869 3867
f 3867 3869 3870
f 3872 3873 3871
f 3871 3873 3874
f 3876 3877 3875
f 3875 3877 3878
f 3879 3880 3878
f 3878 3880 3881
f 3882 3883 3885
f 3885 3883 3884
f 3780 3886 3781
f 3781 3886 3887
f 3888 3685 3869
f 3869 3685 3661
f 3880 3879 3883
f 3883 3879 3884
f 3693 3783 3694
f 3694 3783 3782
f 3696 3785 3764
f 3764 3785 3784
f 3694 3782 3696
f 3696 3782 3785
f 3693 3786 3783
f 3787 3765 3784
f 3784 3765 3764
f 386 385 3765
f 3765 385 3766
f 3695 3889 3691
f 3691 3889 3890
f 3691 3890 3692
f 3692 3890 3891
f 3892 3711 3891
f 3891 3711 3692
f 3767 3893 3695
f 3695 3893 3889
f 3766 3894 3767
f 3767 3894 3893
f 3882 3885 3895
f 3895 3885 3896
f 3898 3698 3897
f 3897 3698 3697
f 3897 3697 3899
f 3899 3697 3733
f 3899 3733 3900
f 3900 3733 3734
f 3901 3768 3898
f 3898 3768 3698
f 3901 3902 3768
f 3768 3902 3903
f 3904 3905 3907
f 3907 3905 3906
f 3869 3661 3870
f 3870 3661 3660
f 3908 3909 3896
f 3896 3909 3895
f 3909 3758 3895
f 3895 3758 3669
f 3751 3531 3752
f 3752 3531 3848
f 3858 3536 3854
f 3854 3536 3535
f 3652 3562 3757
f 3757 3562 3756
f 3651 3654 3563
f 3563 3654 3567
f 3655 3656 3808
f 3808 3656 3659
f 3530 3740 3845
f 3845 3740 3861
f 3751 3750 3556
f 3556 3750 3553
f 3817 3820 3796
f 3796 3820 3795
f 410 409 3910
f 3910 409 3855
f 3750 3757 3553
f 3553 3757 3756
f 3908 3886 3909
f 3909 3886 3780
f 409 411 3855
f 3855 411 3851
f 413 412 3760
f 3760 412 3762
f 415 414 3763
f 3763 414 3787
f 3790 3557 3538
f 3538 3557 3537
f 3555 3608 3538
f 3538 3608 3790
f 3574 3911 3575
f 3575 3911 3912
f 3535 3534 3910
f 3910 3534 3839
f 3831 3552 3542
f 3542 3552 3543
f 3534 3550 3839
f 3839 3550 3551
f 3543 3550 3544
f 3544 3550 3549
f 3913 3914 3916
f 3916 3914 3915
f 3806 3805 3589
f 3589 3805 3590
f 3849 3843 3917
f 3917 3843 3638
f 3853 3644 3859
f 3859 3644 3742
f 3747 3746 3518
f 3518 3746 3516
f 3695 3696 3767
f 3767 3696 3764
f 3903 3918 3768
f 3768 3918 3739
f 3738 3739 3816
f 3816 3739 3918
f 3919 3920 3769
f 3769 3920 3770
f 3921 3726 3922
f 3922 3726 3770
f 3678 3645 3761
f 3761 3645 3771
f 3924 3913 3923
f 3923 3913 3916
f 3802 3925 3838
f 3838 3925 3837
f 3577 3926 3558
f 3558 3926 3559
f 3815 3919 3814
f 3814 3919 3769
f 3927 3928 3822
f 3822 3928 3823
f 3829 3832 3541
f 3541 3832 3542
f 3834 3927 3822
f 3832 3829 3838
f 3838 3829 3799
f 3745 3772 3746
f 3746 3772 3647
f 3849 3748 3843
f 3843 3748 3747
f 3854 3853 3858
f 3858 3853 3859
f 3854 3535 3855
f 3855 3535 3910
f 3557 3789 3546
f 3546 3789 3826
f 3923 3823 3924
f 3924 3823 3928
f 3823 3923 3929
f 3929 3923 3930
f 3531 3751 3532
f 3532 3751 3556
f 3532 3556 3538
f 3538 3556 3555
f 3932 3634 3931
f 3931 3634 3633
f 3814 3769 3813
f 3813 3769 3725
f 3620 3636 3621
f 3621 3636 3635
f 3847 3862 3848
f 3848 3862 3752
f 3531 3530 3848
f 3848 3530 3845
f 3933 3934 3830
f 3830 3934 3831
f 3925 3933 3837
f 3837 3933 3830
f 3934 440 3831
f 3831 440 333
f 3925 3802 3833
f 3833 3802 3801
f 3776 3844 3630
f 3630 3844 3627
f 3808 3659 3662
f 3662 3659 3658
f 3667 3650 3526
f 3526 3650 3527
f 3935 3666 3936
f 3936 3666 3665
f 3718 3737 3715
f 3715 3737 3736
f 3663 3809 3664
f 3664 3809 3688
f 3807 3806 3938
f 3938 3806 3937
f 445 413 3761
f 3761 413 3760
f 3902 447 3903
f 3903 447 446
f 3897 3890 3898
f 3898 3890 3889
f 3899 3891 3897
f 3897 3891 3890
f 3898 3889 3901
f 3901 3889 3893
f 3893 3894 3901
f 3901 3894 3902
f 414 386 3787
f 3787 386 3765
f 3940 3941 3939
f 3939 3941 3942
f 3840 3797 3943
f 3943 3797 3727
f 3665 3810 3936
f 3936 3810 3944
f 3921 3735 3726
f 3726 3735 3723
f 3920 3945 3770
f 3770 3945 3922
f 3521 3524 3774
f 3774 3524 3778
f 3864 3946 3625
f 3625 3946 3947
f 3773 3705 3649
f 3649 3705 3519
f 3779 3778 3758
f 3758 3778 3524
f 3812 3716 3736
f 3736 3716 3715
f 3624 3521 3777
f 3777 3521 3774
f 3703 3856 3704
f 3704 3856 3622
f 3900 3892 3899
f 3899 3892 3891
f 3641 3917 3642
f 3642 3917 3948
f 3895 3669 3882
f 3882 3669 3668
f 3855 3851 3852
f 3852 3851 3850
f 3894 458 3902
f 3902 458 447
f 3781 3887 3660
f 3660 3887 3870
f 3570 3566 3571
f 3571 3566 3567
f 3950 3576 3949
f 3949 3576 3587
f 3605 3602 3614
f 3614 3602 3612
f 3614 3612 3570
f 3570 3612 3566
f 3571 3567 3656
f 3656 3567 3654
f 3660 3658 3781
f 3781 3658 3657
f 3604 3607 3587
f 3587 3607 3949
f 3653 3659 3654
f 3654 3659 3656
f 3529 3540 3530
f 3530 3540 3740
f 3687 3811 3688
f 3688 3811 3664
f 3813 3725 3737
f 3737 3725 3724
f 3919 3815 461
f 461 3815 303
f 3818 3798 3819
f 3819 3798 3797
f 3819 3841 3820
f 3820 3841 3951
f 3816 3815 3738
f 3738 3815 3814
f 3540 3539 3533
f 3533 3539 3549
f 3548 3547 3544
f 3544 3547 3541
f 3539 3548 3549
f 3549 3548 3544
f 3741 3931 3860
f 3860 3931 3846
f 3801 3800 3835
f 3835 3800 3836
f 3934 3933 3824
f 3824 3933 3821
f 3825 3828 3546
f 3546 3828 3547
f 3833 3821 3925
f 3925 3821 3933
f 3800 3828 3836
f 3836 3828 3825
f 3824 3952 3934
f 3934 3952 440
f 3860 3846 3861
f 3861 3846 3845
f 3629 3946 3630
f 3630 3946 3864
f 3740 3536 3861
f 3861 3536 3858
f 3833 3801 3834
f 3834 3801 3835
f 3583 3599 3580
f 3580 3599 3585
f 3651 3563 3652
f 3652 3563 3562
f 3758 3909 3779
f 3779 3909 3780
f 3621 3617 3622
f 3622 3617 3704
f 3625 3947 3626
f 3626 3947 3753
f 3633 3632 3847
f 3847 3632 3862
f 3852 3850 3640
f 3640 3850 3641
f 3644 3853 3640
f 3640 3853 3852
f 3859 3742 3860
f 3860 3742 3741
f 3632 3627 3862
f 3862 3627 3844
f 3755 3863 3626
f 3626 3863 3623
f 3917 3638 3948
f 3948 3638 3637
f 3644 3643 3742
f 3742 3643 3743
f 3931 3633 3846
f 3846 3633 3847
f 3625 3624 3864
f 3864 3624 3777
f 3917 3641 3849
f 3849 3641 3850
f 3744 3932 3741
f 3741 3932 3931
f 3903 446 3918
f 3918 446 464
f 3953 3954 3956
f 3956 3954 3955
f 3958 3959 3957
f 3957 3959 3960
f 3876 3958 3877
f 3877 3958 3957
f 3877 3957 3961
f 3961 3957 3962
f 3963 3964 3958
f 3958 3964 3959
f 3965 3966 3876
f 3876 3966 3958
f 3966 3963 3958
f 3966 3967 3963
f 3963 3967 3968
f 3878 3877 3879
f 3879 3877 3961
f 3967 3969 3968
f 3968 3969 3970
f 3969 3971 3970
f 3970 3971 3972
f 3974 3904 3973
f 3973 3904 3907
f 3971 3975 3972
f 3972 3975 3976
f 3976 3975 3978
f 3978 3975 3977
f 3979 3980 3977
f 3977 3980 3978
f 3981 3982 3979
f 3979 3982 3980
f 3983 3984 3981
f 3981 3984 3982
f 3972 3985 3970
f 3970 3985 3986
f 3871 3987 3969
f 3969 3987 3971
f 3872 3871 3967
f 3967 3871 3969
f 3965 3872 3966
f 3966 3872 3967
f 3970 3986 3968
f 3968 3986 3988
f 3879 3961 3884
f 3884 3961 3940
f 3884 3940 3885
f 3885 3940 3939
f 3989 3990 3992
f 3992 3990 3991
f 3942 3993 3995
f 3995 3993 3994
f 3994 3996 3995
f 3995 3996 3974
f 3997 3998 3994
f 3994 3998 3996
f 3999 3997 3993
f 3993 3997 3994
f 4001 3996 4000
f 4000 3996 3998
f 4000 3998 4002
f 4002 3998 4003
f 4004 4003 3997
f 3997 4003 3998
f 3997 3999 4004
f 4004 3999 4005
f 4006 3995 3973
f 3973 3995 3974
f 3939 3942 4006
f 4006 3942 3995
f 3906 3887 3907
f 3907 3887 3886
f 3887 3906 3870
f 3870 3906 3867
f 3908 3973 3886
f 3886 3973 3907
f 3865 4007 3866
f 3866 4007 4008
f 3984 3983 4009
f 4009 3983 4010
f 3961 3962 3940
f 3940 3962 3941
f 4012 3868 4011
f 4011 3868 3867
f 4013 3975 3987
f 3987 3975 3971
f 4014 3977 4013
f 4013 3977 3975
f 4015 4010 4007
f 4007 4010 3983
f 4007 3983 4008
f 4008 3983 3981
f 4008 3981 4016
f 4016 3981 3979
f 4017 3984 4018
f 4018 3984 4009
f 3977 4014 3979
f 3979 4014 4016
f 3982 3984 4019
f 4019 3984 4017
f 4021 4022 4020
f 4020 4022 4023
f 4022 4012 4023
f 4023 4012 4011
f 4023 3904 4020
f 4020 3904 3974
f 4024 4025 4018
f 4018 4025 4017
f 4026 4027 4024
f 4024 4027 4025
f 4028 4026 4029
f 4029 4026 4024
f 4018 4021 4024
f 4024 4021 4029
f 4030 4031 4026
f 4026 4031 4027
f 4032 4030 4028
f 4028 4030 4026
f 4029 4001 4028
f 4028 4001 4000
f 4028 4000 4032
f 4032 4000 4002
f 4034 4035 4033
f 4033 4035 4036
f 4037 4038 4019
f 4019 4038 4039
f 4041 4039 4040
f 4040 4039 4038
f 4040 4038 4042
f 4042 4038 4036
f 4042 4036 4043
f 4043 4036 4035
f 3985 4044 4046
f 4046 4044 4045
f 4047 4048 4045
f 4045 4048 4046
f 4047 4049 4048
f 4048 4049 4050
f 4042 4047 4040
f 4040 4047 4045
f 4043 4049 4042
f 4042 4049 4047
f 4040 4045 4041
f 4041 4045 4044
f 4052 3959 4051
f 4051 3959 3964
f 4053 4054 4051
f 4051 4054 4055
f 3956 3960 4052
f 4052 3960 3959
f 3953 3956 4056
f 4056 3956 4052
f 4058 3953 4057
f 4057 3953 4056
f 4060 4061 4059
f 4059 4061 4062
f 4063 4064 4054
f 4054 4064 4057
f 4054 4053 4063
f 4063 4053 4065
f 4066 4067 4069
f 4069 4067 4068
f 4048 4050 4063
f 4063 4050 4064
f 4063 4065 4048
f 4048 4065 4046
f 3985 4046 3986
f 3986 4046 4065
f 3986 4065 3988
f 3988 4065 4053
f 3988 4053 3964
f 3964 4053 4051
f 3976 3978 4044
f 4044 3978 4041
f 3980 3982 4039
f 4039 3982 4019
f 4039 4041 3980
f 3980 4041 3978
f 3973 3908 4006
f 4006 3908 3896
f 3885 3939 3896
f 3896 3939 4006
f 4031 4034 4027
f 4027 4034 4033
f 4027 4033 4025
f 4025 4033 4037
f 4019 4017 4037
f 4037 4017 4025
f 3993 3942 4070
f 4070 3942 3941
f 3999 3993 4071
f 4071 3993 4070
f 3999 4071 4005
f 4005 4071 4072
f 4073 4074 4076
f 4076 4074 4075
f 4078 4079 4077
f 4077 4079 4080
f 4082 4080 4081
f 4081 4080 4079
f 4084 4085 4083
f 4083 4085 4086
f 4087 4088 4090
f 4090 4088 4089
f 4092 4093 4091
f 4091 4093 4094
f 4096 4097 4095
f 4095 4097 4098
f 4100 4101 4099
f 4099 4101 4102
f 4103 4104 4106
f 4106 4104 4105
f 4108 4109 4107
f 4107 4109 4110
f 4112 4113 4111
f 4111 4113 4114
f 4116 4117 4115
f 4115 4117 4118
f 4120 4121 4119
f 4119 4121 4122
f 4123 4124 4126
f 4126 4124 4125
f 4127 4128 4130
f 4130 4128 4129
f 4132 4133 4131
f 4131 4133 4134
f 4136 4108 4135
f 4135 4108 4107
f 4138 4139 4137
f 4137 4139 4140
f 4141 4142 4088
f 4088 4142 4089
f 4144 4145 4143
f 4143 4145 4146
f 4148 4149 4147
f 4147 4149 4150
f 4152 4153 4151
f 4151 4153 4154
f 4156 4082 4155
f 4155 4082 4081
f 4157 4158 4160
f 4160 4158 4159
f 4161 4162 4164
f 4164 4162 4163
f 4166 4122 4165
f 4165 4122 4121
f 4168 4152 4167
f 4167 4152 4151
f 4169 4170 4172
f 4172 4170 4171
f 4174 4175 4173
f 4173 4175 4176
f 4178 4149 4177
f 4177 4149 4179
f 4173 4176 4180
f 4180 4176 4181
f 4156 4085 4182
f 4182 4085 4183
f 4182 4184 4156
f 4156 4184 4082
f 4185 4186 4184
f 4184 4186 4187
f 4186 4188 4187
f 4187 4188 4189
f 4190 4191 4073
f 4073 4191 4074
f 4177 4179 4158
f 4158 4179 4159
f 4193 4127 4192
f 4192 4127 4130
f 4144 4194 4151
f 4151 4194 4167
f 4196 4197 4195
f 4195 4197 4198
f 4095 4199 4096
f 4096 4199 4200
f 4201 4202 4204
f 4204 4202 4203
f 4205 4206 4208
f 4208 4206 4207
f 4121 4120 4209
f 4209 4120 4210
f 4212 4213 4211
f 4211 4213 4214
f 4216 4217 4215
f 4215 4217 4218
f 4220 4221 4219
f 4219 4221 4222
f 4224 4196 4223
f 4223 4196 4195
f 4225 4226 4134
f 4134 4226 4131
f 4228 4229 4227
f 4227 4229 4230
f 4232 4233 4231
f 4231 4233 4098
f 4235 4236 4234
f 4234 4236 4237
f 4239 4240 4238
f 4238 4240 4241
f 4242 4243 4245
f 4245 4243 4244
f 4246 4247 4249
f 4249 4247 4248
f 4251 4252 4250
f 4250 4252 4253
f 4255 4256 4254
f 4254 4256 4257
f 4259 4260 4258
f 4258 4260 4261
f 4263 4264 4262
f 4262 4264 4265
f 4267 4268 4266
f 4266 4268 4269
f 4271 4199 4270
f 4270 4199 4272
f 4273 4274 4276
f 4276 4274 4275
f 4115 4118 4277
f 4277 4118 4278
f 4280 4281 4279
f 4279 4281 4282
f 4211 4283 4212
f 4212 4283 4284
f 4286 4287 4285
f 4285 4287 4288
f 4165 4121 4289
f 4289 4121 4209
f 4291 4286 4290
f 4290 4286 4285
f 4293 4294 4292
f 4292 4294 4295
f 4297 4298 4296
f 4296 4298 4299
f 4301 4302 4300
f 4300 4302 4303
f 4299 4304 4296
f 4296 4304 4305
f 4306 4292 4307
f 4307 4292 4295
f 4307 4308 4306
f 4306 4308 4309
f 4310 4309 4075
f 4075 4309 4308
f 4299 4298 4312
f 4312 4298 4311
f 4302 4301 4293
f 4293 4301 4294
f 3735 3921 4313
f 4313 3921 4314
f 4315 4314 3922
f 3922 4314 3921
f 4316 3945 829
f 829 3945 830
f 4289 4317 4165
f 4165 4317 4318
f 4320 4321 4319
f 4319 4321 4322
f 4324 4325 4323
f 4323 4325 4326
f 4327 4328 4330
f 4330 4328 4329
f 4290 4331 4291
f 4291 4331 4332
f 4165 4318 4166
f 4166 4318 4333
f 4334 4335 4337
f 4337 4335 4336
f 4339 4340 4338
f 4338 4340 4341
f 4168 4343 4342
f 4342 4343 4344
f 4346 4347 4345
f 4345 4347 4348
f 4350 4351 4349
f 4349 4351 4352
f 4354 4355 4353
f 4353 4355 4356
f 4357 4358 4324
f 4324 4358 4325
f 4337 4359 4334
f 4334 4359 4360
f 4362 4363 4361
f 4361 4363 4364
f 4366 4367 4365
f 4365 4367 4368
f 4369 4370 4372
f 4372 4370 4371
f 4331 4290 4374
f 4374 4290 4373
f 4373 4376 4375
f 4375 4376 4377
f 4379 4380 4378
f 4378 4380 4381
f 4217 4382 4218
f 4218 4382 4383
f 4385 4386 4384
f 4384 4386 4387
f 4388 4389 4338
f 4338 4389 4390
f 4337 4336 4392
f 4392 4336 4391
f 4394 4362 4393
f 4393 4362 4361
f 4396 4397 4395
f 4395 4397 4398
f 4400 4401 4399
f 4399 4401 4402
f 4345 4403 4346
f 4346 4403 4404
f 4405 4406 4342
f 4342 4406 4407
f 4409 4410 4408
f 4408 4410 4411
f 4408 4412 4409
f 4409 4412 4413
f 4181 4415 4414
f 4414 4415 4416
f 4182 4183 4417
f 4417 4183 4418
f 4419 4353 4311
f 4311 4353 4312
f 4421 4422 4420
f 4420 4422 4423
f 4353 4356 4312
f 4312 4356 4424
f 4166 4333 4425
f 4425 4333 4426
f 4425 4143 4166
f 4166 4143 4122
f 4427 4107 4428
f 4428 4107 4110
f 4429 4430 4174
f 4174 4430 4175
f 4335 4431 4336
f 4336 4431 4390
f 4336 4390 4391
f 4391 4390 4389
f 4432 4433 4435
f 4435 4433 4434
f 4437 4438 4436
f 4436 4438 4439
f 4441 4442 4440
f 4440 4442 4443
f 4359 4444 4361
f 4361 4444 4393
f 4446 4447 4445
f 4445 4447 4448
f 4338 4341 4388
f 4388 4341 4449
f 4450 4451 4398
f 4398 4451 4395
f 4453 4454 4452
f 4452 4454 4455
f 4457 4458 4456
f 4456 4458 4459
f 4460 4461 4448
f 4448 4461 4445
f 4463 4464 4462
f 4462 4464 4465
f 4462 4465 4466
f 4466 4465 4467
f 4468 4469 4467
f 4467 4469 4466
f 4469 4468 4470
f 4470 4468 4471
f 4472 4473 4471
f 4471 4473 4470
f 4475 4476 4474
f 4474 4476 4477
f 4479 4480 4478
f 4478 4480 4481
f 4483 4484 4482
f 4482 4484 4485
f 4487 4488 4486
f 4486 4488 4489
f 4491 4492 4490
f 4490 4492 4493
f 4494 4495 4493
f 4493 4495 4490
f 4496 4497 4494
f 4494 4497 4495
f 4497 4496 4498
f 4498 4496 4499
f 4500 4501 4503
f 4503 4501 4502
f 4505 4506 4504
f 4504 4506 4507
f 4466 4508 4462
f 4462 4508 4509
f 4470 4510 4469
f 4469 4510 4511
f 4513 4479 4512
f 4512 4479 4478
f 4515 4443 4514
f 4514 4443 4442
f 4516 4517 4519
f 4519 4517 4518
f 4521 4495 4520
f 4520 4495 4497
f 4522 4490 4521
f 4521 4490 4495
f 4491 4523 4488
f 4488 4523 4524
f 4525 4489 4524
f 4524 4489 4488
f 4484 4526 4485
f 4485 4526 4527
f 4503 4528 4500
f 4500 4528 4529
f 4530 4531 4533
f 4533 4531 4532
f 4535 4506 4534
f 4534 4506 4530
f 4486 4536 4487
f 4487 4536 4537
f 4487 4537 4492
f 4492 4537 4538
f 4494 4539 4496
f 4496 4539 4540
f 4542 4533 4541
f 4541 4533 4499
f 4544 4545 4543
f 4543 4545 4546
f 4548 4549 4547
f 4547 4549 4550
f 4536 4551 4537
f 4537 4551 4552
f 4537 4552 4538
f 4538 4552 4553
f 4554 4539 4556
f 4556 4539 4555
f 4557 4540 4554
f 4554 4540 4539
f 4559 4557 4558
f 4558 4557 4560
f 4540 4557 4541
f 4541 4557 4559
f 4562 4563 4561
f 4561 4563 4564
f 4546 4565 4543
f 4543 4565 4566
f 4547 4567 4548
f 4548 4567 4568
f 4570 4571 4569
f 4569 4571 4572
f 4574 4575 4573
f 4573 4575 4576
f 4578 4579 4577
f 4577 4579 4580
f 4582 4583 4581
f 4581 4583 4584
f 4585 4586 4588
f 4588 4586 4587
f 4589 4585 4590
f 4590 4585 4588
f 4592 4593 4591
f 4591 4593 4594
f 4596 4597 4595
f 4595 4597 4598
f 4600 4601 4599
f 4599 4601 4602
f 4563 4604 4603
f 4603 4604 4605
f 4603 4606 4608
f 4608 4606 4607
f 4609 4610 4594
f 4594 4610 4591
f 4611 4612 4614
f 4614 4612 4613
f 4616 4617 4615
f 4615 4617 4618
f 4602 4620 4619
f 4619 4620 4621
f 4619 4622 4602
f 4602 4622 4599
f 4605 4599 4623
f 4623 4599 4622
f 4605 4623 4603
f 4603 4623 4606
f 4625 4626 4624
f 4624 4626 4627
f 4438 4437 4628
f 4628 4437 4629
f 4442 4441 4630
f 4630 4441 4631
f 4630 4632 4442
f 4442 4632 4514
f 4633 4634 4529
f 4529 4634 4500
f 4500 4634 4501
f 4501 4634 4635
f 4637 4546 4636
f 4636 4546 4545
f 4639 4565 4638
f 4638 4565 4640
f 4573 4576 4641
f 4641 4576 4642
f 4593 4643 4594
f 4594 4643 4644
f 4645 4609 4644
f 4644 4609 4594
f 4647 4648 4646
f 4646 4648 4649
f 4651 4652 4650
f 4650 4652 4653
f 4654 4498 4519
f 4519 4498 4532
f 4520 4508 4521
f 4521 4508 4511
f 4522 4510 4523
f 4523 4510 4655
f 4524 4656 4525
f 4525 4656 4657
f 4514 4529 4515
f 4515 4529 4528
f 4658 4659 4661
f 4661 4659 4660
f 4496 4540 4499
f 4499 4540 4541
f 4493 4555 4494
f 4494 4555 4539
f 4549 4483 4550
f 4550 4483 4482
f 4545 4544 4501
f 4501 4544 4502
f 4636 4545 4635
f 4635 4545 4501
f 4589 4663 4662
f 4662 4663 4664
f 4662 4665 4558
f 4558 4665 4559
f 4569 4586 4570
f 4570 4586 4560
f 4552 4666 4553
f 4553 4666 4667
f 4668 4669 4670
f 4670 4669 4666
f 4672 4673 4671
f 4671 4673 4674
f 4287 4675 4288
f 4288 4675 4676
f 4678 4679 4677
f 4677 4679 4680
f 4681 4678 4682
f 4682 4678 4677
f 4682 4683 4681
f 4681 4683 4684
f 4161 4164 4685
f 4685 4164 4686
f 4414 4687 4689
f 4689 4687 4688
f 4405 4690 4346
f 4346 4690 4347
f 4691 4399 4693
f 4693 4399 4692
f 1209 4694 4365
f 4365 4694 4366
f 4650 1211 4651
f 4651 1211 1210
f 4695 4696 4255
f 4255 4696 4256
f 4697 4698 4218
f 4218 4698 4215
f 4700 4701 4699
f 4699 4701 4702
f 4703 4704 4303
f 4303 4704 4300
f 4315 3922 4316
f 4316 3922 3945
f 4653 4706 4705
f 4705 4706 4707
f 4709 4710 4708
f 4708 4710 4711
f 4335 4334 4713
f 4713 4334 4712
f 4714 4340 4321
f 4321 4340 4322
f 4716 4717 4715
f 4715 4717 4718
f 4238 4241 4719
f 4719 4241 4720
f 4231 4721 4307
f 4307 4721 4308
f 4723 4724 4722
f 4722 4724 4725
f 4727 4728 4726
f 4726 4728 4729
f 4730 4731 4327
f 4327 4731 4328
f 4733 4734 4732
f 4732 4734 4735
f 4720 4381 4736
f 4736 4381 4737
f 4738 4739 4741
f 4741 4739 4740
f 4743 4744 4742
f 4742 4744 4745
f 4338 4390 4339
f 4339 4390 4431
f 4746 4747 4431
f 4431 4747 4339
f 4291 4332 4289
f 4289 4332 4317
f 4289 4209 4291
f 4291 4209 4286
f 4287 4286 4210
f 4210 4286 4209
f 4749 4750 4748
f 4748 4750 4751
f 4212 4284 4752
f 4752 4284 4753
f 4752 4754 4212
f 4212 4754 4213
f 4252 4251 4225
f 4225 4251 4226
f 4227 4230 4248
f 4248 4230 4249
f 4205 4755 4757
f 4757 4755 4756
f 4708 4711 4758
f 4758 4711 4647
f 4367 4366 4759
f 4759 4366 4760
f 4526 4513 4527
f 4527 4513 4512
f 4420 4423 4385
f 4385 4423 4386
f 4705 4761 4653
f 4653 4761 4650
f 4761 1279 4650
f 4650 1279 1211
f 4762 4763 3944
f 3944 4763 3936
f 4274 4273 4765
f 4765 4273 4764
f 4767 4768 4766
f 4766 4768 4769
f 4770 4771 4769
f 4769 4771 4766
f 4771 4770 4242
f 4242 4770 4243
f 4093 4163 4094
f 4094 4163 4162
f 4772 4773 4775
f 4775 4773 4774
f 4777 4778 4776
f 4776 4778 4779
f 4417 4185 4182
f 4182 4185 4184
f 4780 4078 4781
f 4781 4078 4077
f 4781 4077 4782
f 4782 4077 4189
f 4188 4783 4189
f 4189 4783 4782
f 4295 4232 4307
f 4307 4232 4231
f 4785 4786 4784
f 4784 4786 4787
f 4784 1307 4785
f 4785 1307 1306
f 4078 4780 4096
f 4096 4780 4097
f 4075 4074 4310
f 4310 4074 4788
f 4788 4074 4789
f 4789 4074 4191
f 4789 4191 4059
f 4059 4191 4790
f 4791 4277 4792
f 4792 4277 4278
f 3732 3735 4793
f 4793 3735 4313
f 4793 4794 3732
f 3732 4794 3731
f 4792 4795 4791
f 4791 4795 4796
f 4797 4798 4799
f 4799 4798 4724
f 4763 4800 3936
f 3936 4800 3935
f 4801 4062 3729
f 3729 4062 3730
f 4713 4712 4802
f 4802 4712 4803
f 4146 4804 4119
f 4119 4804 4805
f 4498 4654 4497
f 4497 4654 4520
f 4806 4807 1326
f 1326 4807 1327
f 4689 4688 1330
f 1330 4688 1331
f 4801 4789 4062
f 4062 4789 4059
f 3730 4062 4808
f 4808 4062 4061
f 4810 4811 4809
f 4809 4811 4812
f 4813 4403 4814
f 4814 4403 4345
f 4815 4816 4349
f 4349 4816 4350
f 4817 4818 4820
f 4820 4818 4819
f 4406 4821 4407
f 4407 4821 4822
f 4823 4161 4824
f 4824 4161 4685
f 4181 4414 4825
f 4825 4414 4689
f 4741 4740 4826
f 4826 4740 4827
f 4828 4829 4827
f 4827 4829 4826
f 4142 4141 4415
f 4415 4141 4148
f 4830 1354 4761
f 4761 1354 1279
f 4832 4833 4831
f 4831 4833 4834
f 4835 4836 4626
f 4626 4836 4421
f 4451 4709 4395
f 4395 4709 4708
f 4627 4420 4837
f 4837 4420 4385
f 4837 1365 4838
f 4838 1365 1364
f 4397 4396 4839
f 4839 4396 4840
f 4842 4628 4841
f 4841 4628 4629
f 4671 4674 4631
f 4631 4674 4630
f 4674 4659 4630
f 4630 4659 4632
f 4633 4632 4658
f 4658 4632 4659
f 4658 4504 4633
f 4633 4504 4634
f 4635 4634 4507
f 4507 4634 4504
f 4843 4636 4507
f 4507 4636 4635
f 4844 4637 4843
f 4843 4637 4636
f 4637 4844 4640
f 4640 4844 4664
f 4638 4663 4642
f 4642 4663 4845
f 4847 4643 4846
f 4846 4643 4641
f 4644 4848 4645
f 4645 4848 4849
f 4851 4852 4850
f 4850 4852 4853
f 4855 4856 4854
f 4854 4856 4857
f 4859 4860 4858
f 4858 4860 4857
f 4715 4718 4859
f 4859 4718 4860
f 4862 4863 4861
f 4861 4863 4864
f 4866 4867 4865
f 4865 4867 4868
f 4870 4871 4869
f 4869 4871 4872
f 4869 4872 4116
f 4116 4872 4117
f 4820 4819 4874
f 4874 4819 4873
f 4876 4877 4875
f 4875 4877 4878
f 4880 4881 4879
f 4879 4881 4882
f 4884 4885 4883
f 4883 4885 4886
f 4887 4888 4280
f 4280 4888 4281
f 4818 4817 4889
f 4889 4817 4890
f 4891 4193 4823
f 4823 4193 4192
f 4892 4893 4228
f 4228 4893 4229
f 4158 4157 4894
f 4894 4157 4895
f 4896 4897 4132
f 4132 4897 4133
f 4099 4683 4100
f 4100 4683 4682
f 4101 4100 4899
f 4899 4100 4898
f 4150 4106 4147
f 4147 4106 4900
f 4100 4682 4898
f 4898 4682 4677
f 4080 4082 4187
f 4187 4082 4184
f 4077 4080 4189
f 4189 4080 4187
f 4191 4190 4790
f 4790 4190 4901
f 4177 4158 4680
f 4680 4158 4894
f 4108 4136 4752
f 4752 4136 4754
f 4752 4753 4108
f 4108 4753 4109
f 4817 4902 4890
f 4890 4902 4903
f 4904 4905 4907
f 4907 4905 4906
f 4909 4910 4908
f 4908 4910 4911
f 4913 4914 4912
f 4912 4914 4915
f 4916 4917 4919
f 4919 4917 4918
f 4312 4424 4299
f 4299 4424 4304
f 4920 4921 4297
f 4297 4921 4298
f 4194 4922 4167
f 4167 4922 4923
f 4924 4400 4691
f 4691 4400 4399
f 4395 4708 4396
f 4396 4708 4758
f 4367 4925 4368
f 4368 4925 4926
f 4919 4918 4873
f 4873 4918 4874
f 4836 4927 4421
f 4421 4927 4422
f 4921 4928 4298
f 4298 4928 4311
f 4143 4146 4122
f 4122 4146 4119
f 4929 4930 4455
f 4455 4930 4452
f 4932 4933 4931
f 4931 4933 4934
f 4935 4936 4932
f 4932 4936 4933
f 4461 4460 4457
f 4457 4460 4458
f 4480 4479 4475
f 4475 4479 4476
f 4660 4673 4517
f 4517 4673 4937
f 4661 4505 4658
f 4658 4505 4504
f 4484 4483 4489
f 4489 4483 4486
f 4462 4509 4463
f 4463 4509 4518
f 4469 4511 4466
f 4466 4511 4508
f 4655 4473 4656
f 4656 4473 4477
f 4476 4657 4477
f 4477 4657 4656
f 4479 4513 4476
f 4476 4513 4657
f 4489 4525 4484
f 4484 4525 4526
f 4483 4549 4486
f 4486 4549 4536
f 4549 4548 4536
f 4536 4548 4551
f 4548 4568 4551
f 4551 4568 4670
f 4663 4589 4845
f 4845 4589 4590
f 4668 4577 4938
f 4938 4577 4580
f 4940 4938 4939
f 4939 4938 4941
f 4940 4942 4669
f 4669 4942 4943
f 4587 4582 4944
f 4944 4582 4581
f 4848 4847 4608
f 4608 4847 4564
f 4616 4945 4613
f 4613 4945 4598
f 4615 4946 4616
f 4616 4946 4945
f 4947 4939 4948
f 4948 4939 4946
f 4599 4605 4600
f 4600 4605 4604
f 4608 4607 4848
f 4848 4607 4849
f 4613 4612 4616
f 4616 4612 4617
f 4835 4949 4709
f 4709 4949 4710
f 4357 1477 4837
f 4837 1477 1365
f 4712 4950 4803
f 4803 4950 4951
f 4401 4952 4402
f 4402 4952 4953
f 4759 4760 4402
f 4402 4760 4399
f 4508 4520 4509
f 4509 4520 4654
f 4510 4522 4511
f 4511 4522 4521
f 4513 4526 4657
f 4657 4526 4525
f 4632 4633 4514
f 4514 4633 4529
f 4931 4934 4453
f 4453 4934 4454
f 4153 4954 4154
f 4154 4954 4955
f 4957 4958 4956
f 4956 4958 4959
f 4961 4962 4960
f 4960 4962 4963
f 4120 4964 4210
f 4210 4964 4965
f 4967 4968 4966
f 4966 4968 4969
f 4349 4692 4815
f 4815 4692 4970
f 4652 4971 4653
f 4653 4971 4706
f 4758 4647 4972
f 4972 4647 4646
f 4973 4363 4646
f 4646 4363 4972
f 4950 4360 4974
f 4974 4360 4364
f 4431 4335 4746
f 4746 4335 4713
f 4358 4714 4325
f 4325 4714 4321
f 4765 4764 4266
f 4266 4764 4975
f 4202 4976 4203
f 4203 4976 4977
f 4917 4978 4918
f 4918 4978 4979
f 4279 4282 4854
f 4854 4282 4269
f 4820 4880 4817
f 4817 4880 4902
f 4890 4903 4980
f 4980 4903 4886
f 4982 4983 4981
f 4981 4983 4123
f 4795 4851 4796
f 4796 4851 4850
f 4918 4979 4874
f 4874 4979 4881
f 4809 4404 4810
f 4810 4404 4403
f 4354 4985 4984
f 4984 4985 4986
f 1364 1516 4838
f 4838 1516 4987
f 4759 4988 4367
f 4367 4988 4925
f 4989 4990 4481
f 4481 4990 4478
f 4443 4515 4990
f 4990 4515 4991
f 4527 4512 4992
f 4992 4512 4991
f 4528 4503 4992
f 4992 4503 4993
f 4993 4994 4485
f 4485 4994 4482
f 4544 4995 4502
f 4502 4995 4994
f 4995 4996 4550
f 4550 4996 4547
f 4998 4999 4997
f 4997 4999 4566
f 4998 5000 4578
f 4578 5000 4579
f 5001 5002 4596
f 4596 5002 4597
f 5003 4591 5004
f 5004 4591 4610
f 4626 4421 4627
f 4627 4421 4420
f 4837 4838 4627
f 4627 4838 4624
f 4761 4705 4830
f 4830 4705 5005
f 4705 4707 5005
f 5005 4707 5006
f 4308 4721 4075
f 4075 4721 4076
f 5007 4200 4797
f 4797 4200 4798
f 4685 4686 5008
f 5008 4686 5009
f 4889 4890 5010
f 5010 4890 4980
f 4323 1541 4324
f 4324 1541 1540
f 4385 4384 4358
f 4358 4384 4714
f 4396 4758 4840
f 4840 4758 4972
f 4866 4852 5011
f 5011 4852 5012
f 5013 4260 4980
f 4980 4260 5010
f 4875 4878 5014
f 5014 4878 5015
f 5017 5018 5016
f 5016 5018 5019
f 5016 5019 5020
f 5020 5019 5021
f 5023 5024 5022
f 5022 5024 5025
f 5027 5028 5026
f 5026 5028 5029
f 5031 5032 5030
f 5030 5032 5033
f 5035 5036 5034
f 5034 5036 5037
f 5039 5040 5038
f 5038 5040 5041
f 5043 5044 5042
f 5042 5044 5045
f 5038 5046 5039
f 5039 5046 5047
f 5049 5050 5048
f 5048 5050 5051
f 5053 5054 5052
f 5052 5054 5055
f 5057 5024 5056
f 5056 5024 5058
f 5060 5061 5059
f 5059 5061 5062
f 5064 5065 5063
f 5063 5065 5066
f 5043 5050 5064
f 5064 5050 5065
f 5038 5041 5067
f 5067 5041 5068
f 5070 5071 5069
f 5069 5071 5072
f 5074 5075 5073
f 5073 5075 5076
f 5034 5077 5035
f 5035 5077 5078
f 5080 5081 5079
f 5079 5081 5082
f 5084 5085 5083
f 5083 5085 5086
f 5085 5084 5087
f 5087 5084 5088
f 5090 5091 5089
f 5089 5091 5092
f 5094 5095 5093
f 5093 5095 5096
f 5098 5099 5097
f 5097 5099 5100
f 5102 5103 5101
f 5101 5103 5104
f 5105 5106 5108
f 5108 5106 5107
f 5110 5111 5109
f 5109 5111 5112
f 5114 5094 5113
f 5113 5094 5093
f 5116 5117 5115
f 5115 5117 5118
f 5120 5121 5119
f 5119 5121 5122
f 5124 5125 5123
f 5123 5125 5126
f 5128 5129 5127
f 5127 5129 5130
f 5097 5131 5098
f 5098 5131 5132
f 5134 5135 5133
f 5133 5135 5122
f 5084 5125 5088
f 5088 5125 5136
f 5138 5139 5137
f 5137 5139 5140
f 5142 5102 5141
f 5141 5102 5101
f 5106 5143 5107
f 5107 5143 5144
f 5146 5147 5145
f 5145 5147 5148
f 5149 5150 5109
f 5109 5150 5110
f 5151 5110 5152
f 5152 5110 5150
f 4715 5140 4716
f 4716 5140 5139
f 5143 4870 5144
f 5144 4870 4869
f 4115 5146 4116
f 4116 5146 5145
f 4791 4796 5149
f 5149 4796 5150
f 4796 4850 5150
f 5150 4850 5152
f 4858 5142 4859
f 4859 5142 5141
f 5153 5154 5115
f 5115 5154 5105
f 5156 5157 5155
f 5155 5157 5158
f 5159 5160 5053
f 5053 5160 5054
f 5161 5162 5020
f 5020 5162 5068
f 5026 5029 5163
f 5163 5029 5021
f 5083 5086 5164
f 5164 5086 5165
f 5090 5167 5166
f 5166 5167 5168
f 5169 5170 5172
f 5172 5170 5171
f 5174 5175 5173
f 5173 5175 5176
f 5177 5109 5178
f 5178 5109 5112
f 5179 5180 5182
f 5182 5180 5181
f 5123 5126 5120
f 5120 5126 5121
f 5180 5167 5181
f 5181 5167 5183
f 5184 5185 5179
f 5179 5185 5180
f 5186 5149 5177
f 5177 5149 5109
f 4868 5184 4865
f 4865 5184 5179
f 5188 5189 5187
f 5187 5189 5190
f 4277 4791 5186
f 5186 4791 5149
f 5179 5182 4865
f 4865 5182 4853
f 5189 4862 5190
f 5190 4862 4861
f 5156 5075 5191
f 5191 5075 5192
f 5036 5035 5193
f 5193 5035 5194
f 5115 5118 5153
f 5153 5118 5195
f 5022 5025 5196
f 5196 5025 5197
f 5155 5158 5069
f 5069 5158 5062
f 5063 5066 5198
f 5198 5066 5199
f 5073 5076 5200
f 5200 5076 5072
f 5202 5131 5201
f 5201 5131 5203
f 5143 5106 5204
f 5204 5106 5205
f 5114 5113 5206
f 5206 5113 5127
f 5098 5132 5193
f 5193 5132 5195
f 5204 5207 5143
f 5143 5207 4870
f 5088 5136 5208
f 5208 5136 5092
f 5209 5210 5089
f 5089 5210 5183
f 5211 5018 5060
f 5060 5018 5061
f 5017 5040 5070
f 5070 5040 5071
f 5191 5160 5156
f 5156 5160 5157
f 5048 5028 5049
f 5049 5028 5058
f 5207 5204 4858
f 4858 5204 5142
f 4859 5141 4715
f 4715 5141 5140
f 5212 5162 5042
f 5042 5162 5051
f 5182 5152 4853
f 4853 5152 4850
f 5214 5134 5213
f 5213 5134 5133
f 5164 5165 5133
f 5133 5165 5213
f 5215 5216 5201
f 5201 5216 5217
f 5147 5218 5148
f 5148 5218 5219
f 5147 5177 5218
f 5218 5177 5178
f 5141 5101 5140
f 5140 5101 5137
f 5201 5217 5202
f 5202 5217 5104
f 5146 5186 5147
f 5147 5186 5177
f 4277 5186 4115
f 4115 5186 5146
f 5191 5192 5031
f 5031 5192 5032
f 5052 5055 5220
f 5220 5055 5197
f 4116 5145 4869
f 4869 5145 5144
f 5034 5037 5214
f 5214 5037 5134
f 5097 5100 5114
f 5114 5100 5094
f 5108 5107 5219
f 5219 5107 5148
f 5221 5135 5116
f 5116 5135 5117
f 5124 5111 5209
f 5209 5111 5210
f 5107 5144 5148
f 5148 5144 5145
f 5152 5182 5151
f 5151 5182 5181
f 5208 5222 5088
f 5088 5222 5087
f 5222 5208 5171
f 5171 5208 5172
f 5223 1756 4698
f 4698 1756 1755
f 4427 5224 4107
f 4107 5224 4135
f 4178 4679 5225
f 5225 4679 5226
f 5227 5228 4892
f 4892 5228 4893
f 5229 5230 4171
f 4171 5230 4172
f 4855 4268 4884
f 4884 4268 4885
f 4884 4871 4855
f 4855 4871 4856
f 4684 5231 4896
f 4896 5231 4897
f 4768 4767 5009
f 5009 4767 5008
f 5205 5154 5102
f 5102 5154 5103
f 5099 5098 5194
f 5194 5098 5193
f 5198 5199 5079
f 5079 5199 5033
f 5102 5142 5205
f 5205 5142 5204
f 5224 4427 4681
f 4681 4427 4678
f 3712 3711 5232
f 5232 3711 5233
f 3968 3988 3963
f 3963 3988 3964
f 3976 4044 3972
f 3972 4044 3985
f 4038 4037 4036
f 4036 4037 4033
f 4794 4762 3731
f 3731 4762 3944
f 3731 3944 3722
f 3722 3944 3810
f 3874 5234 5232
f 5232 5234 3712
f 3906 3905 3867
f 3867 3905 4011
f 3904 4023 3905
f 3905 4023 4011
f 3719 3722 3811
f 3811 3722 3810
f 3812 3719 3687
f 3687 3719 3811
f 3716 3812 3686
f 3686 3812 3687
f 3713 3716 3685
f 3685 3716 3686
f 4810 4403 5235
f 5235 4403 4813
f 4345 1770 4814
f 4814 1770 1769
f 4067 4066 4058
f 4058 4066 5236
f 4043 4068 4049
f 4049 4068 4050
f 4034 5237 3989
f 3989 5237 3990
f 4031 4030 4072
f 4072 4030 4005
f 4003 4004 4002
f 4002 4004 4032
f 4004 4005 4032
f 4032 4005 4030
f 4067 4064 4068
f 4068 4064 4050
f 4058 4057 4067
f 4067 4057 4064
f 4035 4034 5238
f 5238 4034 3989
f 5236 5239 4058
f 4058 5239 5240
f 5234 3874 5241
f 5241 3874 3873
f 5241 3873 3881
f 3881 3873 3878
f 4800 4763 4788
f 4788 4763 4310
f 4763 4762 4310
f 4310 4762 4309
f 4762 4794 4309
f 4309 4794 4306
f 4794 4793 4306
f 4306 4793 4292
f 4293 4313 4302
f 4302 4313 4314
f 4302 4314 4303
f 4303 4314 4315
f 4303 4315 4703
f 4703 4315 4316
f 4035 4069 4043
f 4043 4069 4068
f 4324 1540 4357
f 4357 1540 1477
f 5232 3987 3874
f 3874 3987 3871
f 3987 5232 4013
f 4013 5232 5233
f 4013 5233 4014
f 4014 5233 5242
f 3888 4015 3865
f 3865 4015 4007
f 3866 4008 5243
f 5243 4008 4016
f 3873 5244 3878
f 3878 5244 3875
f 3965 5244 3872
f 3872 5244 3873
f 3876 3875 3965
f 3965 3875 5244
f 5243 4016 5242
f 5242 4016 4014
f 5246 5247 5245
f 5245 5247 5248
f 3576 3950 3577
f 3577 3950 3926
f 3584 3842 3585
f 3585 3842 3580
f 5249 5247 1784
f 1784 5247 1785
f 5250 5251 5253
f 5253 5251 5252
f 5255 5252 5254
f 5254 5252 5256
f 5254 5256 5258
f 5258 5256 5257
f 5258 5257 5260
f 5260 5257 5259
f 4356 5261 4424
f 4424 5261 5259
f 4355 5262 4356
f 4356 5262 5261
f 4924 5264 5263
f 5263 5264 5265
f 4693 5266 4691
f 4691 5266 5267
f 4351 5268 4352
f 4352 5268 5269
f 1808 1807 4351
f 4351 1807 5268
f 3580 3842 3581
f 3799 3802 3838
f 4800 4788 4801
f 4801 4788 4789
f 3729 3935 4801
f 4801 3935 4800
f 3728 3666 3729
f 3729 3666 3935
f 3728 3798 3666
f 3666 3798 3663
f 3798 3818 3663
f 3663 3818 3809
f 3818 3817 3809
f 3809 3817 3808
f 3796 3655 3817
f 3817 3655 3808
f 3615 3568 3796
f 3796 3568 3655
f 3573 3569 3615
f 3615 3569 3568
f 3572 3613 3573
f 3573 3613 3569
f 3792 3606 3572
f 3572 3606 3613
f 3607 3791 3949
f 3949 3791 3591
f 3590 3950 3591
f 3591 3950 3949
f 3805 3926 3590
f 3590 3926 3950
f 3804 3559 3805
f 3805 3559 3926
f 3804 3914 3559
f 3559 3914 3560
f 3924 3789 3913
f 3913 3789 3788
f 3924 3928 3789
f 3789 3928 3826
f 3928 3927 3826
f 3826 3927 3827
f 3927 3834 3827
f 3827 3834 3835
f 4079 4078 5270
f 5270 4078 5007
f 5271 5272 4233
f 4233 5272 5273
f 5275 5276 5274
f 5274 5276 5277
f 5278 5279 4236
f 4236 5279 4237
f 5278 5280 5271
f 5271 5280 5272
f 4235 5281 4236
f 4236 5281 5282
f 5284 5285 5283
f 5283 5285 5286
f 5288 5289 5287
f 5287 5289 5290
f 5292 5293 5291
f 5291 5293 5294
f 5287 5290 4726
f 4726 5290 5295
f 4293 4292 4313
f 4313 4292 4793
f 4720 4736 4719
f 4719 4736 5296
f 5297 4909 5298
f 5298 4909 4908
f 5299 5300 4976
f 4976 5300 5301
f 5302 4202 5303
f 5303 4202 4201
f 5304 5305 4983
f 4983 5305 5306
f 5308 5309 5307
f 5307 5309 5310
f 4722 4725 5283
f 5283 4725 5311
f 5291 5294 4125
f 4125 5294 4126
f 5313 5314 5312
f 5312 5314 5315
f 5316 5317 5319
f 5319 5317 5318
f 5321 5308 5320
f 5320 5308 5307
f 4819 4981 4873
f 4873 4981 5322
f 4981 4123 5322
f 5322 4123 4126
f 5324 5325 5323
f 5323 5325 5326
f 4764 5327 4975
f 4975 5327 5328
f 4172 5327 4169
f 4169 5327 5329
f 4768 4171 4769
f 4769 4171 4170
f 4243 4755 4244
f 4244 4755 5330
f 4755 4205 5330
f 5330 4205 4208
f 4206 4906 4207
f 4207 4906 4905
f 4686 5014 5009
f 5009 5014 5229
f 4756 4770 4170
f 4170 4770 4769
f 4170 4169 4756
f 4756 4169 4757
f 4273 5329 4764
f 4764 5329 5327
f 4276 5331 4273
f 4273 5331 5329
f 4770 4756 4243
f 4243 4756 4755
f 5333 4889 5332
f 5332 4889 5010
f 4877 5332 4878
f 4878 5332 4259
f 4875 4164 4876
f 4876 4164 4163
f 5334 5335 5324
f 5324 5335 5325
f 4983 5306 4123
f 4123 5306 4124
f 4818 4982 4819
f 4819 4982 4981
f 5332 5010 4259
f 4259 5010 4260
f 5014 4686 4875
f 4875 4686 4164
f 4171 4768 5229
f 5229 4768 5009
f 5337 4916 5336
f 5336 4916 4919
f 5293 5337 5294
f 5294 5337 5336
f 4982 4818 5333
f 5333 4818 4889
f 5338 5339 4262
f 4262 5339 5340
f 5307 5310 5338
f 5338 5310 5339
f 5341 5342 4204
f 4204 5342 5309
f 5336 4919 5322
f 5322 4919 4873
f 5294 5336 4126
f 4126 5336 5322
f 5323 5326 5343
f 5343 5326 5286
f 4914 5344 4915
f 4915 5344 5345
f 5312 5315 5344
f 5344 5315 5345
f 5347 5348 5346
f 5346 5348 5349
f 5350 5351 4832
f 4832 5351 4833
f 5352 5353 5349
f 5349 5353 5346
f 5354 5338 4265
f 4265 5338 4262
f 5320 5307 5354
f 5354 5307 5338
f 4201 5308 5303
f 5303 5308 5321
f 5356 5357 5355
f 5355 5357 4799
f 5358 5359 5334
f 5334 5359 5335
f 5358 5360 4093
f 4093 5360 4163
f 5360 5305 4163
f 4163 5305 4876
f 5305 5304 4876
f 4876 5304 4877
f 5270 4778 4079
f 4079 4778 4081
f 4779 5361 4774
f 4774 5361 5357
f 5356 5359 4775
f 4775 5359 4092
f 5333 5304 4982
f 4982 5304 4983
f 5332 4877 5333
f 5333 4877 5304
f 5015 4258 5230
f 5230 4258 5328
f 5327 4172 5328
f 5328 4172 5230
f 4169 5329 4757
f 4757 5329 5331
f 4757 5331 4205
f 4205 5331 4206
f 5331 4276 4206
f 4206 4276 4906
f 4276 4275 4906
f 4906 4275 4907
f 4275 4888 4907
f 4907 4888 4744
f 4887 4717 4745
f 4745 4717 4864
f 4716 5139 4861
f 4861 5139 5190
f 5139 5138 5190
f 5190 5138 5187
f 5138 5216 5187
f 5187 5216 5176
f 5215 5362 5173
f 5173 5362 5130
f 5364 5365 5363
f 5363 5365 5340
f 4742 4863 5366
f 5366 4863 4867
f 4862 5189 4868
f 4868 5189 5184
f 5189 5188 5184
f 5184 5188 5185
f 5188 5175 5185
f 5185 5175 5168
f 3560 3788 3561
f 3561 3788 3790
f 3596 3595 3608
f 3608 3595 3594
f 3598 3582 3595
f 3595 3582 3592
f 3600 3609 3601
f 3601 3609 3611
f 3602 3601 3612
f 3612 3601 3611
f 3606 3605 3613
f 3613 3605 3614
f 3793 5367 3794
f 3794 5367 5368
f 3598 3597 3600
f 3600 3597 3609
f 3793 3792 3575
f 3575 3792 3572
f 3561 3594 3558
f 3558 3594 3593
f 3807 3915 3804
f 3804 3915 3914
f 3916 3915 5370
f 5370 3915 5369
f 3602 3605 3603
f 3603 3605 3604
f 3606 3792 3607
f 3607 3792 3791
f 3914 3913 3560
f 3560 3913 3788
f 5174 5129 5166
f 5166 5129 5371
f 5170 5169 5093
f 5093 5169 5113
f 5166 5371 5090
f 5090 5371 5091
f 5128 5169 5372
f 5372 5169 5172
f 5127 5113 5128
f 5128 5113 5169
f 5114 5206 5203
f 5203 5206 5362
f 5200 5373 5073
f 5073 5373 5096
f 5374 5375 5200
f 5200 5375 5373
f 5039 5047 5374
f 5374 5047 5375
f 5087 5046 5085
f 5085 5046 5376
f 5212 5377 5067
f 5067 5377 5376
f 5042 5045 5212
f 5212 5045 5377
f 5064 5378 5043
f 5043 5378 5044
f 5063 5077 5064
f 5064 5077 5378
f 5079 5082 5198
f 5198 5082 5078
f 5099 5081 5100
f 5100 5081 5379
f 5100 5379 5094
f 5094 5379 5095
f 5381 5382 5380
f 5380 5382 5383
f 5385 5386 5384
f 5384 5386 5383
f 5385 5387 5386
f 5386 5387 5388
f 5390 5391 5389
f 5389 5391 5392
f 5393 5394 5396
f 5396 5394 5395
f 5398 5399 5397
f 5397 5399 5400
f 5402 5403 5401
f 5401 5403 5404
f 5406 5407 5405
f 5405 5407 5404
f 5408 5409 5163
f 5163 5409 5410
f 5411 5412 5414
f 5414 5412 5413
f 5057 5416 5415
f 5415 5416 5417
f 5393 5416 5418
f 5418 5416 5419
f 5396 5395 5420
f 5420 5395 5421
f 5423 5424 5422
f 5422 5424 5425
f 5415 5417 5220
f 5220 5417 5426
f 5418 5391 5393
f 5393 5391 5394
f 5414 5388 5411
f 5411 5388 5392
f 5059 5427 5060
f 5060 5427 5428
f 5423 5427 5429
f 5429 5427 5430
f 5432 5382 5431
f 5431 5382 5425
f 5429 5407 5423
f 5423 5407 5424
f 5380 5409 5381
f 5381 5409 5433
f 5381 5433 5422
f 5422 5433 5428
f 5027 5412 5056
f 5056 5412 5419
f 5435 5436 5434
f 5434 5436 5437
f 5159 5439 5438
f 5438 5439 5440
f 5053 5436 5159
f 5159 5436 5439
f 5441 5403 5398
f 5398 5403 5399
f 5163 5410 5026
f 5026 5410 5413
f 5438 5440 5442
f 5442 5440 5430
f 5444 5445 5443
f 5443 5445 5446
f 5447 5448 5450
f 5450 5448 5449
f 5451 5446 5452
f 5452 5446 5445
f 5454 5455 5453
f 5453 5455 5451
f 5456 5454 5458
f 5458 5454 5457
f 5460 5461 5459
f 5459 5461 5462
f 5464 5465 5463
f 5463 5465 5466
f 5468 5469 5467
f 5467 5469 5470
f 5472 5473 5471
f 5471 5473 5474
f 5475 5476 5478
f 5478 5476 5477
f 5479 5480 5482
f 5482 5480 5481
f 5483 5484 5448
f 5448 5484 5485
f 5448 5485 5449
f 5449 5485 5486
f 5487 5476 5488
f 5488 5476 5475
f 5490 5491 5489
f 5489 5491 5492
f 5494 5495 5493
f 5493 5495 5496
f 5498 5494 5497
f 5497 5494 5493
f 5500 5501 5499
f 5499 5501 5502
f 5503 5504 5446
f 5446 5504 5443
f 5506 5507 5505
f 5505 5507 5508
f 5510 5511 5509
f 5509 5511 5512
f 5514 5515 5513
f 5513 5515 5516
f 5518 5519 5517
f 5517 5519 5520
f 5495 5521 5496
f 5496 5521 5522
f 5524 5525 5523
f 5523 5525 5526
f 5527 5528 5494
f 5494 5528 5495
f 5499 5502 5529
f 5529 5502 5530
f 5531 5532 5485
f 5485 5532 5486
f 5485 5484 5531
f 5531 5484 5533
f 5482 5481 5534
f 5534 5481 5535
f 5536 5512 5506
f 5506 5512 5511
f 5455 5503 5451
f 5451 5503 5446
f 5467 5470 5511
f 5511 5470 5537
f 5538 5467 5510
f 5510 5467 5511
f 5540 5541 5539
f 5539 5541 5542
f 5543 5544 5546
f 5546 5544 5545
f 5548 5472 5547
f 5547 5472 5471
f 5493 5496 5549
f 5549 5496 5550
f 5496 5522 5550
f 5550 5522 5551
f 5553 5554 5552
f 5552 5554 5555
f 5557 5447 5556
f 5556 5447 5558
f 5557 5483 5447
f 5447 5483 5448
f 5478 5477 5553
f 5553 5477 5559
f 5477 5560 5559
f 5559 5560 5561
f 5476 5562 5477
f 5477 5562 5560
f 5476 5487 5562
f 5562 5487 5563
f 5560 5564 5561
f 5561 5564 5565
f 5564 5560 5566
f 5566 5560 5562
f 5563 5567 5562
f 5562 5567 5566
f 5569 5521 5568
f 5568 5521 5570
f 5481 5572 5571
f 5571 5572 5573
f 5574 5535 5571
f 5571 5535 5481
f 5576 5577 5575
f 5575 5577 5578
f 5579 5580 5456
f 5456 5580 5581
f 5475 5582 5488
f 5488 5582 5583
f 5584 5536 5505
f 5505 5536 5506
f 5585 5586 5588
f 5588 5586 5587
f 5590 5591 5589
f 5589 5591 5592
f 5519 5593 5520
f 5520 5593 5594
f 5595 5596 5462
f 5462 5596 5597
f 5599 5600 5598
f 5598 5600 5514
f 5602 5603 5601
f 5601 5603 5604
f 5524 5543 5525
f 5525 5543 5546
f 5543 5524 5606
f 5606 5524 5605
f 5607 5608 5500
f 5500 5608 5501
f 5610 5551 5609
f 5609 5551 5522
f 5611 5510 5598
f 5598 5510 5509
f 5612 5597 5457
f 5457 5597 5458
f 5510 5611 5538
f 5538 5611 5613
f 5580 5508 5581
f 5581 5508 5507
f 5615 5616 5614
f 5614 5616 5617
f 5619 5620 5618
f 5618 5620 5621
f 5623 5624 5622
f 5622 5624 5625
f 5627 5624 5626
f 5626 5624 5623
f 5629 5630 5628
f 5628 5630 5631
f 5633 5634 5632
f 5632 5634 5466
f 5635 5636 5463
f 5463 5636 5637
f 5523 5638 5524
f 5524 5638 5605
f 5639 5640 5641
f 5641 5640 5595
f 5611 5513 5613
f 5613 5513 5642
f 5643 5586 5608
f 5608 5586 5501
f 5622 5625 5590
f 5590 5625 5591
f 5598 5514 5611
f 5611 5514 5513
f 5645 5646 5644
f 5644 5646 5647
f 5620 5619 5491
f 5491 5619 5648
f 5649 5643 5492
f 5492 5643 5608
f 5650 5651 5653
f 5653 5651 5652
f 5463 5466 5635
f 5635 5466 5634
f 5597 5612 5462
f 5462 5612 5459
f 5635 5634 5523
f 5523 5634 5638
f 5654 5638 5633
f 5633 5638 5634
f 5655 5656 5525
f 5525 5656 5526
f 5658 5659 5657
f 5657 5659 5527
f 5660 5464 5637
f 5637 5464 5463
f 5632 5466 5661
f 5661 5466 5465
f 5661 5662 5632
f 5632 5662 5658
f 5662 5663 5658
f 5658 5663 5659
f 5665 5659 5664
f 5664 5659 5663
f 5632 5658 5633
f 5633 5658 5657
f 5666 5629 5530
f 5530 5629 5667
f 5528 5527 5665
f 5665 5527 5659
f 5668 5669 5570
f 5570 5669 5568
f 5669 5668 5670
f 5670 5668 5671
f 5646 5672 5673
f 5672 5674 5673
f 5673 5674 5675
f 5674 5460 5675
f 5675 5460 5459
f 5461 5676 5462
f 5462 5676 5595
f 5677 5678 5680
f 5680 5678 5679
f 5628 5681 5629
f 5629 5681 5667
f 5682 5529 5667
f 5667 5529 5530
f 5675 5459 5683
f 5683 5459 5612
f 5585 5666 5502
f 5502 5666 5530
f 5589 5684 5602
f 5602 5684 5603
f 5646 5645 5663
f 5663 5645 5664
f 5685 5647 5673
f 5673 5647 5646
f 5686 5687 5683
f 5683 5687 5685
f 5688 5689 5533
f 5533 5689 5531
f 5690 5691 5535
f 5535 5691 5534
f 5692 5690 5574
f 5574 5690 5535
f 5685 5687 5689
f 5689 5687 5693
f 5489 5694 5490
f 5490 5694 5695
f 5690 5692 5696
f 5696 5692 5697
f 5696 5644 5690
f 5690 5644 5691
f 5447 5450 5558
f 5558 5450 5698
f 5699 5700 5642
f 5642 5700 5613
f 5701 5702 5540
f 5540 5702 5541
f 5431 5703 5432
f 5432 5703 5697
f 5385 5384 5574
f 5574 5384 5692
f 5389 5387 5573
f 5573 5387 5571
f 5565 5390 5573
f 5573 5390 5389
f 5390 5565 5704
f 5704 5565 5564
f 5566 5705 5564
f 5564 5705 5704
f 5569 5441 5609
f 5609 5441 5398
f 5568 5405 5569
f 5569 5405 5441
f 5670 5706 5669
f 5669 5706 5406
f 5703 5431 5670
f 5670 5431 5706
f 5432 5697 5384
f 5384 5697 5692
f 5574 5571 5385
f 5385 5571 5387
f 5607 5707 5489
f 5489 5707 5694
f 5518 5708 5519
f 5519 5708 5709
f 5711 5576 5710
f 5710 5576 5575
f 5713 5714 5712
f 5712 5714 5715
f 5553 5552 5478
f 5478 5552 5716
f 5717 5475 5716
f 5716 5475 5478
f 5718 5719 5605
f 5605 5719 5606
f 5505 5622 5584
f 5584 5622 5590
f 5508 5623 5505
f 5505 5623 5622
f 5626 5623 5580
f 5580 5623 5508
f 5580 5579 5626
f 5626 5579 5720
f 5579 5721 5720
f 5720 5721 5722
f 5666 5585 5723
f 5723 5585 5588
f 5724 5725 5639
f 5639 5725 5640
f 5554 5726 5555
f 5555 5726 5727
f 5453 5728 5729
f 5689 5688 5685
f 5685 5688 5647
f 5604 5730 5512
f 5512 5730 5509
f 5628 5631 5618
f 5618 5631 5592
f 5601 5604 5536
f 5536 5604 5512
f 5732 5676 5731
f 5731 5676 5660
f 5730 5604 5733
f 5733 5604 5603
f 5563 5487 5551
f 5551 5487 5550
f 5489 5492 5607
f 5607 5492 5608
f 5573 5572 5565
f 5565 5572 5561
f 5609 5522 5569
f 5569 5522 5521
f 5499 5734 5500
f 5500 5734 5735
f 5596 5736 5721
f 5721 5736 5722
f 5737 5600 5594
f 5594 5600 5520
f 5599 5730 5517
f 5517 5730 5733
f 5660 5738 5731
f 5731 5738 5739
f 5648 5649 5491
f 5491 5649 5492
f 5501 5586 5502
f 5502 5586 5585
f 5525 5546 5655
f 5655 5546 5740
f 5600 5599 5520
f 5520 5599 5517
f 5708 5739 5709
f 5709 5739 5738
f 5636 5635 5526
f 5526 5635 5523
f 5670 5671 5703
f 5703 5671 5741
f 5490 5695 5742
f 5742 5695 5743
f 5682 5678 5744
f 5744 5678 5677
f 5678 5681 5679
f 5679 5681 5621
f 5742 5743 5679
f 5679 5743 5680
f 5618 5621 5628
f 5628 5621 5681
f 5725 5724 5589
f 5589 5724 5684
f 5456 5458 5579
f 5579 5458 5721
f 5675 5683 5673
f 5673 5683 5685
f 5529 5682 5745
f 5745 5682 5744
f 5721 5458 5596
f 5596 5458 5597
f 5701 5540 5719
f 5719 5540 5606
f 5703 5741 5697
f 5697 5741 5696
f 5500 5735 5607
f 5607 5735 5707
f 5549 5746 5493
f 5493 5746 5497
f 5700 5747 5613
f 5613 5747 5538
f 5420 5421 5434
f 5434 5421 5400
f 5689 5693 5531
f 5531 5693 5532
f 5705 5566 5748
f 5748 5566 5567
f 5609 5398 5610
f 5610 5398 5397
f 5669 5406 5568
f 5568 5406 5405
f 5488 5583 5549
f 5549 5583 5746
f 5714 5713 5710
f 5710 5713 5711
f 5747 5468 5538
f 5538 5468 5467
f 5548 5547 5749
f 5749 5547 5750
f 5733 5603 5751
f 5751 5603 5684
f 5589 5602 5590
f 5590 5602 5584
f 5636 5752 5614
f 5614 5752 5615
f 5753 5754 5738
f 5738 5754 5755
f 5602 5601 5584
f 5584 5601 5536
f 5723 5736 5630
f 5630 5736 5640
f 5595 5640 5596
f 5596 5640 5736
f 5734 5499 5745
f 5745 5499 5529
f 5627 5587 5643
f 5643 5587 5586
f 5553 5559 5554
f 5554 5559 5480
f 5559 5561 5480
f 5480 5561 5572
f 5554 5480 5726
f 5726 5480 5479
f 5749 5750 5715
f 5715 5750 5712
f 5683 5612 5686
f 5686 5612 5457
f 5678 5682 5681
f 5681 5682 5667
f 5598 5509 5599
f 5599 5509 5730
f 5679 5621 5742
f 5742 5621 5620
f 5652 5616 5653
f 5653 5616 5615
f 5220 5426 5052
f 5052 5426 5437
f 5487 5488 5550
f 5550 5488 5549
f 5742 5620 5490
f 5490 5620 5491
f 5551 5610 5563
f 5563 5610 5567
f 5610 5397 5567
f 5567 5397 5748
f 5614 5617 5753
f 5753 5617 5754
f 5480 5572 5481
f 5755 5756 5738
f 5738 5756 5709
f 5745 5744 5758
f 5758 5744 5757
f 5745 5758 5734
f 5734 5758 5759
f 5735 5734 5760
f 5760 5734 5759
f 5707 5735 5761
f 5761 5735 5760
f 5744 5677 5757
f 5757 5677 5762
f 5677 5680 5762
f 5762 5680 5763
f 5763 5680 5764
f 5764 5680 5743
f 5765 5766 5762
f 5762 5766 5757
f 5768 5769 5767
f 5767 5769 5770
f 5771 5772 5770
f 5770 5772 5767
f 5770 5769 5774
f 5774 5769 5773
f 5775 5776 5774
f 5774 5776 5777
f 5773 5778 5774
f 5774 5778 5775
f 5779 5766 5773
f 5773 5766 5778
f 5777 5771 5774
f 5774 5771 5770
f 5780 5781 5783
f 5783 5781 5782
f 5781 5780 5771
f 5771 5780 5772
f 5773 5769 5779
f 5779 5769 5768
f 5768 5759 5779
f 5779 5759 5758
f 5768 5784 5759
f 5759 5784 5760
f 5767 5785 5768
f 5768 5785 5784
f 5785 5767 5786
f 5786 5767 5772
f 5766 5779 5757
f 5757 5779 5758
f 5780 5787 5772
f 5772 5787 5786
f 5785 5786 5788
f 5788 5786 5789
f 5786 5787 5789
f 5789 5787 5790
f 5788 5789 5791
f 5791 5789 5792
f 5791 5793 5788
f 5788 5793 5794
f 5795 5792 5790
f 5790 5792 5789
f 5785 5788 5784
f 5784 5788 5794
f 5784 5794 5760
f 5760 5794 5761
f 5787 5780 5796
f 5796 5780 5783
f 5775 5778 5797
f 5797 5778 5766
f 5797 5798 5775
f 5775 5798 5776
f 5766 5765 5797
f 5797 5765 5799
f 5798 5797 5800
f 5800 5797 5799
f 5798 5801 5776
f 5776 5801 5802
f 5707 5761 5694
f 5694 5761 5803
f 5695 5804 5743
f 5743 5804 5764
f 5804 5695 5803
f 5803 5695 5694
f 5803 5793 5804
f 5804 5793 5805
f 5793 5791 5805
f 5805 5791 5806
f 5804 5805 5764
f 5764 5805 5807
f 5803 5761 5793
f 5793 5761 5794
f 5808 5763 5807
f 5807 5763 5764
f 5808 5765 5763
f 5763 5765 5762
f 5809 5799 5808
f 5808 5799 5765
f 5809 5808 5810
f 5810 5808 5807
f 5811 5809 5812
f 5812 5809 5810
f 5805 5806 5807
f 5807 5806 5810
f 5806 5813 5810
f 5810 5813 5812
f 5799 5809 5800
f 5800 5809 5811
f 5815 5800 5814
f 5814 5800 5811
f 5814 5817 5816
f 5816 5817 5818
f 5814 5811 5817
f 5817 5811 5812
f 5814 5816 5815
f 5815 5816 5796
f 5815 5796 5801
f 5801 5796 5783
f 5801 5798 5815
f 5815 5798 5800
f 5791 5792 5806
f 5806 5792 5813
f 5818 5813 5795
f 5795 5813 5792
f 5818 5817 5813
f 5813 5817 5812
f 5816 5818 5790
f 5790 5818 5795
f 5790 5787 5816
f 5816 5787 5796
f 5771 5777 5781
f 5781 5777 5782
f 5782 5802 5783
f 5783 5802 5801
f 5782 5777 5802
f 5802 5777 5776
f 5588 5587 5722
f 5722 5587 5720
f 5591 5619 5592
f 5592 5619 5618
f 5625 5624 5648
f 5648 5624 5649
f 5624 5627 5649
f 5649 5627 5643
f 5631 5630 5725
f 5725 5630 5640
f 5625 5648 5591
f 5591 5648 5619
f 5588 5722 5723
f 5723 5722 5736
f 5631 5725 5592
f 5592 5725 5589
f 5723 5630 5666
f 5666 5630 5629
f 5587 5627 5720
f 5720 5627 5626
f 5820 5821 5819
f 5819 5821 5822
f 5824 5825 5823
f 5823 5825 5826
f 5823 5826 5827
f 5827 5826 5828
f 5829 5830 5832
f 5832 5830 5831
f 5518 5833 5708
f 5708 5833 5834
f 5835 5836 5824
f 5824 5836 5825
f 5838 5839 5837
f 5837 5839 5840
f 5751 5684 5842
f 5842 5684 5841
f 5843 5841 5724
f 5724 5841 5684
f 5845 5846 5844
f 5844 5846 5847
f 5848 5830 5836
f 5836 5830 5825
f 5518 5751 5833
f 5833 5751 5842
f 5839 5838 5821
f 5821 5838 5849
f 5850 5848 5822
f 5822 5848 5836
f 5851 5845 5828
f 5828 5845 5852
f 5854 5855 5853
f 5853 5855 5856
f 5845 5844 5852
f 5852 5844 5857
f 5858 5827 5852
f 5852 5827 5828
f 5851 5828 5829
f 5829 5828 5826
f 5819 5859 5820
f 5820 5859 5860
f 5835 5861 5819
f 5819 5861 5859
f 5851 5829 5862
f 5862 5829 5832
f 5844 5847 5837
f 5837 5847 5834
f 5819 5822 5835
f 5835 5822 5836
f 5823 5863 5824
f 5824 5863 5864
f 5849 5850 5821
f 5821 5850 5822
f 5825 5830 5826
f 5826 5830 5829
f 5820 5860 5865
f 5865 5860 5866
f 5858 5854 5867
f 5867 5854 5853
f 5854 5857 5855
f 5855 5857 5840
f 5855 5865 5856
f 5856 5865 5866
f 5837 5840 5844
f 5844 5840 5857
f 5827 5858 5868
f 5868 5858 5867
f 5824 5864 5835
f 5835 5864 5861
f 5732 5731 5862
f 5862 5731 5846
f 5863 5823 5868
f 5868 5823 5827
f 5843 5831 5848
f 5848 5831 5830
f 5854 5858 5857
f 5857 5858 5852
f 5855 5840 5865
f 5865 5840 5839
f 5865 5839 5820
f 5820 5839 5821
f 5868 5867 5870
f 5870 5867 5869
f 5868 5870 5863
f 5863 5870 5871
f 5863 5871 5864
f 5864 5871 5872
f 5864 5872 5861
f 5861 5872 5873
f 5867 5853 5869
f 5869 5853 5874
f 5853 5856 5874
f 5874 5856 5875
f 5856 5866 5875
f 5875 5866 5876
f 5877 5878 5874
f 5874 5878 5869
f 5880 5881 5879
f 5879 5881 5882
f 5883 5884 5880
f 5880 5884 5881
f 5881 5884 5886
f 5886 5884 5885
f 5887 5888 5886
f 5886 5888 5889
f 5885 5890 5886
f 5886 5890 5887
f 5889 5882 5886
f 5886 5882 5881
f 5882 5891 5879
f 5879 5891 5892
f 5885 5884 5893
f 5893 5884 5883
f 5883 5871 5893
f 5893 5871 5870
f 5883 5894 5871
f 5871 5894 5872
f 5880 5895 5883
f 5883 5895 5894
f 5896 5895 5879
f 5879 5895 5880
f 5893 5878 5885
f 5885 5878 5890
f 5878 5893 5869
f 5869 5893 5870
f 5897 5896 5892
f 5892 5896 5879
f 5895 5896 5898
f 5898 5896 5899
f 5896 5897 5899
f 5899 5897 5900
f 5898 5899 5901
f 5901 5899 5902
f 5901 5903 5898
f 5898 5903 5904
f 5900 5905 5899
f 5899 5905 5902
f 5898 5904 5895
f 5895 5904 5894
f 5894 5904 5872
f 5872 5904 5873
f 5897 5892 5907
f 5907 5892 5906
f 5892 5891 5906
f 5906 5891 5908
f 5887 5890 5909
f 5909 5890 5878
f 5888 5887 5910
f 5910 5887 5909
f 5878 5877 5909
f 5909 5877 5911
f 5909 5911 5910
f 5910 5911 5912
f 5913 5914 5910
f 5910 5914 5888
f 5908 5914 5906
f 5906 5914 5913
f 5861 5873 5859
f 5859 5873 5915
f 5860 5916 5866
f 5866 5916 5876
f 5916 5860 5915
f 5915 5860 5859
f 5915 5903 5916
f 5916 5903 5917
f 5903 5901 5917
f 5917 5901 5918
f 5916 5917 5876
f 5876 5917 5919
f 5903 5915 5904
f 5904 5915 5873
f 5920 5875 5919
f 5919 5875 5876
f 5920 5877 5875
f 5875 5877 5874
f 5920 5921 5877
f 5877 5921 5911
f 5921 5920 5922
f 5922 5920 5919
f 5923 5921 5924
f 5924 5921 5922
f 5917 5918 5919
f 5919 5918 5922
f 5918 5925 5922
f 5922 5925 5924
f 5921 5923 5911
f 5911 5923 5912
f 5927 5912 5926
f 5926 5912 5923
f 5926 5929 5928
f 5928 5929 5930
f 5926 5923 5929
f 5929 5923 5924
f 5926 5928 5927
f 5927 5928 5907
f 5927 5907 5913
f 5913 5907 5906
f 5913 5910 5927
f 5927 5910 5912
f 5901 5902 5918
f 5918 5902 5925
f 5930 5925 5905
f 5905 5925 5902
f 5930 5929 5925
f 5925 5929 5924
f 5928 5930 5900
f 5900 5930 5905
f 5900 5897 5928
f 5928 5897 5907
f 5882 5889 5891
f 5891 5889 5908
f 5908 5889 5914
f 5914 5889 5888
f 5832 5831 5641
f 5641 5831 5639
f 5833 5838 5834
f 5834 5838 5837
f 5842 5841 5849
f 5849 5841 5850
f 5841 5843 5850
f 5850 5843 5848
f 5847 5846 5739
f 5739 5846 5731
f 5842 5849 5833
f 5833 5849 5838
f 5862 5832 5732
f 5732 5832 5641
f 5847 5739 5834
f 5834 5739 5708
f 5862 5846 5851
f 5851 5846 5845
f 5831 5843 5639
f 5639 5843 5724
f 5676 5732 5595
f 5595 5732 5641
f 5676 5461 5660
f 5660 5461 5464
f 5461 5460 5464
f 5464 5460 5465
f 5460 5674 5465
f 5465 5674 5661
f 5931 5932 5934
f 5934 5932 5933
f 5936 5937 5935
f 5935 5937 5938
f 5935 5938 5939
f 5939 5938 5940
f 5942 5943 5941
f 5941 5943 5944
f 5945 5946 5936
f 5936 5946 5937
f 5948 5949 5947
f 5947 5949 5950
f 5951 5952 5519
f 5519 5952 5593
f 5953 5951 5709
f 5709 5951 5519
f 5955 5956 5954
f 5954 5956 5957
f 5958 5942 5946
f 5946 5942 5937
f 5948 5959 5949
f 5949 5959 5933
f 5960 5958 5934
f 5934 5958 5946
f 5961 5955 5940
f 5940 5955 5962
f 5963 5964 5966
f 5966 5964 5965
f 5955 5954 5962
f 5962 5954 5967
f 5968 5939 5962
f 5962 5939 5940
f 5961 5940 5941
f 5941 5940 5938
f 5931 5969 5932
f 5932 5969 5970
f 5945 5971 5931
f 5931 5971 5969
f 5941 5944 5961
f 5961 5944 5972
f 5954 5957 5947
f 5947 5957 5973
f 5945 5931 5946
f 5946 5931 5934
f 5935 5974 5936
f 5936 5974 5975
f 5959 5960 5933
f 5933 5960 5934
f 5937 5942 5938
f 5938 5942 5941
f 5932 5970 5976
f 5976 5970 5977
f 5968 5964 5978
f 5978 5964 5963
f 5965 5964 5950
f 5950 5964 5967
f 5976 5977 5965
f 5965 5977 5966
f 5947 5950 5954
f 5954 5950 5967
f 5939 5968 5979
f 5979 5968 5978
f 5936 5975 5945
f 5945 5975 5971
f 5972 5754 5956
f 5956 5754 5617
f 5974 5935 5979
f 5979 5935 5939
f 5953 5943 5958
f 5958 5943 5942
f 5964 5968 5967
f 5967 5968 5962
f 5965 5950 5976
f 5976 5950 5949
f 5976 5949 5932
f 5932 5949 5933
f 5979 5978 5981
f 5981 5978 5980
f 5979 5981 5974
f 5974 5981 5982
f 5974 5982 5975
f 5975 5982 5983
f 5975 5983 5971
f 5971 5983 5984
f 5978 5963 5980
f 5980 5963 5985
f 5963 5966 5985
f 5985 5966 5986
f 5986 5966 5987
f 5987 5966 5977
f 5988 5989 5985
f 5985 5989 5980
f 5991 5992 5990
f 5990 5992 5993
f 5994 5995 5991
f 5991 5995 5992
f 5992 5995 5997
f 5997 5995 5996
f 5998 5999 5997
f 5997 5999 6000
f 5996 6001 5997
f 5997 6001 5998
f 6000 5993 5997
f 5997 5993 5992
f 6002 6003 5993
f 5993 6003 5990
f 5995 5994 5996
f 5996 5994 6004
f 5994 5982 6004
f 6004 5982 5981
f 5994 6005 5982
f 5982 6005 5983
f 5991 6006 5994
f 5994 6006 6005
f 6006 5991 6007
f 6007 5991 5990
f 5996 6004 6001
f 6001 6004 5989
f 5989 6004 5980
f 5980 6004 5981
f 6003 6008 5990
f 5990 6008 6007
f 6009 6006 6010
f 6010 6006 6007
f 6008 6011 6007
f 6007 6011 6010
f 6012 6009 6013
f 6013 6009 6010
f 6009 6012 6015
f 6015 6012 6014
f 6011 6016 6010
f 6010 6016 6013
f 6006 6009 6005
f 6005 6009 6015
f 6005 6015 5983
f 5983 6015 5984
f 6008 6003 6018
f 6018 6003 6017
f 6003 6002 6017
f 6017 6002 6019
f 5998 6001 6020
f 6020 6001 5989
f 5999 5998 6021
f 6021 5998 6020
f 5989 5988 6020
f 6020 5988 6022
f 6021 6020 6023
f 6023 6020 6022
f 6021 6024 5999
f 5999 6024 6025
f 6019 6025 6017
f 6017 6025 6024
f 5971 5984 5969
f 5969 5984 6026
f 5970 6027 5977
f 5977 6027 5987
f 6027 5970 6026
f 6026 5970 5969
f 6026 6014 6027
f 6027 6014 6028
f 6014 6012 6028
f 6028 6012 6029
f 6027 6028 5987
f 5987 6028 6030
f 6026 5984 6014
f 6014 5984 6015
f 6031 5986 6030
f 6030 5986 5987
f 6031 5988 5986
f 5986 5988 5985
f 6032 6022 6031
f 6031 6022 5988
f 6032 6031 6033
f 6033 6031 6030
f 6034 6032 6035
f 6035 6032 6033
f 6028 6029 6030
f 6030 6029 6033
f 6029 6036 6033
f 6033 6036 6035
f 6032 6034 6022
f 6022 6034 6023
f 6038 6023 6037
f 6037 6023 6034
f 6037 6040 6039
f 6039 6040 6041
f 6037 6034 6040
f 6040 6034 6035
f 6037 6039 6038
f 6038 6039 6018
f 6038 6018 6024
f 6024 6018 6017
f 6024 6021 6038
f 6038 6021 6023
f 6012 6013 6029
f 6029 6013 6036
f 6041 6036 6016
f 6016 6036 6013
f 6041 6040 6036
f 6036 6040 6035
f 6041 6016 6039
f 6039 6016 6011
f 6011 6008 6039
f 6039 6008 6018
f 5993 6000 6002
f 6002 6000 6019
f 6019 6000 6025
f 6025 6000 5999
f 5943 5756 5944
f 5944 5756 5755
f 6042 5948 5973
f 5973 5948 5947
f 5952 5951 5959
f 5959 5951 5960
f 5951 5953 5960
f 5960 5953 5958
f 5616 5957 5617
f 5617 5957 5956
f 6042 5952 5948
f 5948 5952 5959
f 5944 5755 5972
f 5972 5755 5754
f 5957 5616 5973
f 5973 5616 5652
f 5956 5955 5972
f 5972 5955 5961
f 5943 5953 5756
f 5756 5953 5709
f 6044 6045 6043
f 6043 6045 6046
f 6048 6049 6047
f 6047 6049 6050
f 6047 6050 6051
f 6051 6050 6052
f 6054 6055 6053
f 6053 6055 6056
f 6057 6058 6060
f 6060 6058 6059
f 6061 6062 6048
f 6048 6062 6049
f 6063 6064 6066
f 6066 6064 6065
f 6067 6068 6070
f 6070 6068 6069
f 6071 6069 5653
f 5653 6069 6068
f 6072 6073 6075
f 6075 6073 6074
f 6062 6076 6049
f 6049 6076 6054
f 6058 6067 6059
f 6059 6067 6070
f 6064 6077 6065
f 6065 6077 6045
f 6078 6076 6046
f 6046 6076 6062
f 6073 6080 6079
f 6079 6080 6052
f 6082 6083 6081
f 6081 6083 6084
f 6072 6085 6073
f 6073 6085 6080
f 6086 6051 6080
f 6080 6051 6052
f 6079 6052 6053
f 6053 6052 6050
f 6043 6087 6044
f 6044 6087 6088
f 6061 6089 6043
f 6043 6089 6087
f 6053 6056 6079
f 6079 6056 6090
f 6063 6072 6060
f 6060 6072 6075
f 6043 6046 6061
f 6061 6046 6062
f 6047 6091 6048
f 6048 6091 6092
f 6077 6078 6045
f 6045 6078 6046
f 6049 6054 6050
f 6050 6054 6053
f 6044 6088 6093
f 6093 6088 6094
f 6086 6082 6095
f 6095 6082 6081
f 6083 6082 6066
f 6066 6082 6085
f 6093 6094 6083
f 6083 6094 6084
f 6072 6063 6085
f 6085 6063 6066
f 6051 6086 6096
f 6096 6086 6095
f 6048 6092 6061
f 6061 6092 6089
f 5656 5655 6090
f 6090 5655 6074
f 6091 6047 6096
f 6096 6047 6051
f 6071 6055 6076
f 6076 6055 6054
f 6082 6086 6085
f 6085 6086 6080
f 6093 6083 6065
f 6065 6083 6066
f 6044 6093 6045
f 6045 6093 6065
f 6096 6095 6098
f 6098 6095 6097
f 6096 6098 6091
f 6091 6098 6099
f 6091 6099 6092
f 6092 6099 6100
f 6092 6100 6089
f 6089 6100 6101
f 6095 6081 6097
f 6097 6081 6102
f 6081 6084 6102
f 6102 6084 6103
f 6103 6084 6104
f 6104 6084 6094
f 6106 6097 6105
f 6105 6097 6102
f 6107 6108 6110
f 6110 6108 6109
f 6111 6112 6108
f 6108 6112 6109
f 6109 6112 6114
f 6114 6112 6113
f 6114 6115 6117
f 6117 6115 6116
f 6113 6118 6114
f 6114 6118 6115
f 6117 6110 6114
f 6114 6110 6109
f 6110 6119 6107
f 6107 6119 6120
f 6112 6111 6113
f 6113 6111 6121
f 6111 6099 6121
f 6121 6099 6098
f 6111 6122 6099
f 6099 6122 6100
f 6123 6122 6108
f 6108 6122 6111
f 6124 6123 6107
f 6107 6123 6108
f 6113 6121 6118
f 6118 6121 6106
f 6106 6121 6097
f 6097 6121 6098
f 6125 6124 6120
f 6120 6124 6107
f 6126 6123 6127
f 6127 6123 6124
f 6125 6128 6124
f 6124 6128 6127
f 6129 6126 6130
f 6130 6126 6127
f 6126 6129 6132
f 6132 6129 6131
f 6128 6133 6127
f 6127 6133 6130
f 6123 6126 6122
f 6122 6126 6132
f 6122 6132 6100
f 6100 6132 6101
f 6120 6134 6125
f 6125 6134 6135
f 6120 6119 6134
f 6134 6119 6136
f 6115 6118 6137
f 6137 6118 6106
f 6115 6137 6116
f 6116 6137 6138
f 6137 6106 6139
f 6139 6106 6105
f 6138 6137 6140
f 6140 6137 6139
f 6141 6142 6138
f 6138 6142 6116
f 6136 6142 6134
f 6134 6142 6141
f 6089 6101 6087
f 6087 6101 6143
f 6088 6144 6094
f 6094 6144 6104
f 6143 6144 6087
f 6087 6144 6088
f 6131 6145 6143
f 6143 6145 6144
f 6129 6146 6131
f 6131 6146 6145
f 6144 6145 6104
f 6104 6145 6147
f 6143 6101 6131
f 6131 6101 6132
f 6148 6103 6147
f 6147 6103 6104
f 6103 6148 6102
f 6102 6148 6105
f 6148 6149 6105
f 6105 6149 6139
f 6149 6148 6150
f 6150 6148 6147
f 6151 6149 6152
f 6152 6149 6150
f 6145 6146 6147
f 6147 6146 6150
f 6146 6153 6150
f 6150 6153 6152
f 6149 6151 6139
f 6139 6151 6140
f 6155 6140 6154
f 6154 6140 6151
f 6154 6157 6156
f 6156 6157 6158
f 6154 6151 6157
f 6157 6151 6152
f 6154 6156 6155
f 6155 6156 6135
f 6155 6135 6141
f 6141 6135 6134
f 6141 6138 6155
f 6155 6138 6140
f 6146 6129 6153
f 6153 6129 6130
f 6158 6153 6133
f 6133 6153 6130
f 6158 6157 6153
f 6153 6157 6152
f 6156 6158 6128
f 6128 6158 6133
f 6128 6125 6156
f 6156 6125 6135
f 6110 6117 6119
f 6119 6117 6136
f 6136 6117 6142
f 6142 6117 6116
f 6055 5615 6056
f 6056 5615 5752
f 6060 6059 6063
f 6063 6059 6064
f 6077 6070 6078
f 6078 6070 6069
f 6069 6071 6078
f 6078 6071 6076
f 6159 6057 6075
f 6075 6057 6060
f 6059 6070 6064
f 6064 6070 6077
f 6056 5752 6090
f 6090 5752 5656
f 6090 6074 6079
f 6079 6074 6073
f 6055 6071 5615
f 5615 6071 5653
f 5547 5471 6160
f 6160 5471 6161
f 5729 5577 6163
f 6163 5577 6162
f 5577 5576 6162
f 6162 5576 6164
f 5713 6165 5711
f 5711 6165 6166
f 5474 5729 6167
f 6167 5729 6163
f 5750 5547 6168
f 6168 5547 6160
f 5471 5474 6161
f 6161 5474 6167
f 6169 5712 6168
f 6168 5712 5750
f 5711 6166 5576
f 5576 6166 6164
f 6165 5713 6169
f 6169 5713 5712
f 6168 6170 6169
f 6169 6170 6171
f 6169 6171 6165
f 6165 6171 6172
f 6165 6172 6166
f 6166 6172 6173
f 6166 6173 6164
f 6164 6173 6174
f 6168 6160 6170
f 6170 6160 6175
f 6160 6161 6175
f 6175 6161 6176
f 6161 6167 6176
f 6176 6167 6177
f 6179 6170 6178
f 6178 6170 6175
f 6181 6182 6180
f 6180 6182 6183
f 6184 6185 6181
f 6181 6185 6182
f 6186 6187 6185
f 6185 6187 6182
f 6186 6188 6187
f 6187 6188 6189
f 6190 6183 6187
f 6187 6183 6182
f 6183 6190 6191
f 6191 6190 6192
f 6191 6193 6183
f 6183 6193 6180
f 6186 6185 6194
f 6194 6185 6184
f 6184 6172 6194
f 6194 6172 6171
f 6184 6195 6172
f 6172 6195 6173
f 6181 6196 6184
f 6184 6196 6195
f 6196 6181 6197
f 6197 6181 6180
f 6186 6194 6188
f 6188 6194 6179
f 6179 6194 6170
f 6170 6194 6171
f 6193 6198 6180
f 6180 6198 6197
f 6199 6196 6200
f 6200 6196 6197
f 6198 6201 6197
f 6197 6201 6200
f 6202 6199 6203
f 6203 6199 6200
f 6199 6202 6205
f 6205 6202 6204
f 6201 6206 6200
f 6200 6206 6203
f 6196 6199 6195
f 6195 6199 6205
f 6195 6205 6173
f 6173 6205 6174
f 6198 6193 6208
f 6208 6193 6207
f 6193 6191 6207
f 6207 6191 6192
f 6189 6188 6209
f 6209 6188 6179
f 6210 6189 6211
f 6211 6189 6209
f 6209 6179 6212
f 6212 6179 6178
f 6211 6209 6213
f 6213 6209 6212
f 6211 6214 6210
f 6210 6214 6215
f 6192 6215 6207
f 6207 6215 6214
f 6190 6187 6210
f 6210 6187 6189
f 6192 6190 6215
f 6215 6190 6210
f 6162 6164 6216
f 6216 6164 6174
f 6167 6163 6177
f 6177 6163 6217
f 6216 6217 6162
f 6162 6217 6163
f 6204 6218 6216
f 6216 6218 6217
f 6202 6219 6204
f 6204 6219 6218
f 6217 6218 6177
f 6177 6218 6220
f 6216 6174 6204
f 6204 6174 6205
f 6221 6176 6220
f 6220 6176 6177
f 6176 6221 6175
f 6175 6221 6178
f 6221 6222 6178
f 6178 6222 6212
f 6222 6221 6223
f 6223 6221 6220
f 6224 6222 6225
f 6225 6222 6223
f 6218 6219 6220
f 6220 6219 6223
f 6219 6226 6223
f 6223 6226 6225
f 6222 6224 6212
f 6212 6224 6213
f 6228 6213 6227
f 6227 6213 6224
f 6229 6227 6231
f 6231 6227 6230
f 6227 6224 6230
f 6230 6224 6225
f 6227 6229 6228
f 6228 6229 6208
f 6228 6208 6214
f 6214 6208 6207
f 6214 6211 6228
f 6228 6211 6213
f 6219 6202 6226
f 6226 6202 6203
f 6231 6226 6206
f 6206 6226 6203
f 6231 6230 6226
f 6226 6230 6225
f 6229 6231 6201
f 6201 6231 6206
f 6201 6198 6229
f 6229 6198 6208
f 5674 5672 5661
f 5661 5672 5662
f 5662 5672 5663
f 5663 5672 5646
f 5651 6042 5652
f 5652 6042 5973
f 5518 5517 5751
f 5751 5517 5733
f 5738 5660 5753
f 5753 5660 5637
f 5752 5636 5656
f 5656 5636 5526
f 5952 6042 5593
f 5593 6042 5651
f 5593 5651 5594
f 5594 5651 5650
f 5600 5737 5514
f 5514 5737 5515
f 5546 5545 5740
f 5740 5545 6232
f 6232 6058 5740
f 5740 6058 6057
f 6067 6058 6233
f 6233 6058 6232
f 6233 6232 6234
f 6234 6232 5545
f 6234 5545 6235
f 6235 5545 5544
f 5606 6236 5543
f 5543 6236 5544
f 6235 5544 5539
f 5539 5544 6236
f 6237 6235 5542
f 5542 6235 5539
f 6235 6237 6234
f 6234 6237 6238
f 6234 6238 6233
f 6233 6238 6239
f 5653 6068 5650
f 5650 6068 6239
f 5642 5513 6240
f 6240 5513 5516
f 5539 6236 5540
f 5540 6236 5606
f 5636 5614 5637
f 5637 5614 5753
f 6239 5737 5650
f 5650 5737 5594
f 6239 6068 6233
f 6233 6068 6067
f 6075 6074 6159
f 6159 6074 5655
f 6057 6159 5740
f 5740 6159 5655
f 5515 5737 6238
f 6238 5737 6239
f 6238 6237 5515
f 5515 6237 5516
f 5542 6240 6237
f 6237 6240 5516
f 6240 5542 5642
f 5642 5542 5541
f 5702 5699 5541
f 5541 5699 5642
f 5582 5475 5717
f 5470 5443 5537
f 5537 5443 5504
f 5469 5444 5470
f 5470 5444 5443
f 5726 5557 5727
f 5727 5557 5556
f 5537 5504 5511
f 5511 5504 5506
f 5504 5503 5506
f 5506 5503 5507
f 5503 5455 5507
f 5507 5455 5581
f 5455 5454 5581
f 5581 5454 5456
f 5473 5453 5474
f 5474 5453 5729
f 5457 5454 5473
f 5473 5454 5453
f 5473 5472 5457
f 5457 5472 5686
f 5472 5548 5686
f 5686 5548 5687
f 5749 5693 5548
f 5548 5693 5687
f 5715 5532 5749
f 5749 5532 5693
f 5714 5486 5715
f 5715 5486 5532
f 5714 5710 5486
f 5486 5710 5449
f 5728 5578 5729
f 5729 5578 5577
f 5452 5445 5698
f 5698 5445 5558
f 5445 5444 5558
f 5558 5444 5556
f 5444 5469 5556
f 5556 5469 5727
f 5469 5468 5727
f 5727 5468 5555
f 5468 5747 5555
f 5555 5747 5552
f 5747 5700 5552
f 5552 5700 5716
f 5700 5699 5716
f 5716 5699 5717
f 5699 5702 5717
f 5717 5702 5582
f 5702 5701 5582
f 5582 5701 5583
f 5726 5479 5557
f 5557 5479 5483
f 5483 5479 5484
f 5484 5479 5482
f 5534 5533 5482
f 5482 5533 5484
f 5691 5688 5534
f 5534 5688 5533
f 5644 5647 5691
f 5691 5647 5688
f 5719 5746 5701
f 5701 5746 5583
f 5718 5497 5719
f 5719 5497 5746
f 5718 5605 5654
f 5654 5605 5638
f 5498 5654 5657
f 5657 5654 5633
f 5497 5718 5498
f 5498 5718 5654
f 5657 5527 5498
f 5498 5527 5494
f 5528 5570 5495
f 5495 5570 5521
f 5665 5668 5528
f 5528 5668 5570
f 5664 5671 5665
f 5665 5671 5668
f 5645 5741 5664
f 5664 5741 5671
f 5644 5696 5645
f 5645 5696 5741
f 5710 5575 5449
f 5449 5575 5450
f 5575 5578 5450
f 5450 5578 5698
f 5578 5728 5698
f 5698 5728 5452
f 5452 5728 5451
f 5451 5728 5453
f 3619 6241 3620
f 3620 6241 6242
f 6243 6244 3628
f 3628 6244 3629
f 6245 6246 3634
f 3634 6246 3631
f 6247 6248 3636
f 3636 6248 3637
f 6249 6250 3642
f 3642 6250 3639
f 3639 6250 3643
f 3643 6250 6251
f 3743 6252 3744
f 3744 6252 6253
f 6246 6243 3631
f 3631 6243 3628
f 3753 6254 3754
f 3754 6254 6255
f 3857 6256 3619
f 3619 6256 6241
f 6257 6245 3932
f 3932 6245 3634
f 6242 6247 3620
f 3620 6247 3636
f 6258 6259 3946
f 3946 6259 3947
f 6260 6249 3948
f 3948 6249 3642
f 6244 6258 3629
f 3629 6258 3946
f 3947 6259 3753
f 3753 6259 6254
f 6248 6260 3637
f 3637 6260 3948
f 3643 6251 3743
f 3743 6251 6252
f 3744 6253 3932
f 3932 6253 6257
f 6250 6249 6251
f 6251 6249 6252
f 6245 6261 6246
f 6246 6261 6262
f 6263 6264 6247
f 6247 6264 6248
f 6252 6265 6253
f 6253 6265 6266
f 6246 6262 6243
f 6243 6262 6267
f 6268 6261 6257
f 6257 6261 6245
f 6269 6263 6242
f 6242 6263 6247
f 6270 6271 6260
f 6260 6271 6249
f 6264 6270 6248
f 6248 6270 6260
f 6253 6266 6257
f 6257 6266 6268
f 6249 6271 6252
f 6252 6271 6265
f 6254 6259 6272
f 6272 6259 6273
f 6266 6265 6270
f 6270 6265 6271
f 6268 6266 6264
f 6264 6266 6270
f 6261 6268 6263
f 6263 6268 6264
f 6269 6262 6263
f 6263 6262 6261
f 4186 4185 6274
f 6274 4185 6275
f 6241 6276 6242
f 6242 6276 6269
f 6258 6244 6277
f 6277 6244 6278
f 6256 6279 6241
f 6241 6279 6276
f 6259 6258 6273
f 6273 6258 6277
f 6243 6267 6244
f 6244 6267 6278
f 6276 6267 6269
f 6269 6267 6262
f 6254 6272 6255
f 6255 6272 6280
f 3865 3713 3888
f 3888 3713 3685
f 5242 5233 3892
f 3892 5233 3711
f 3900 5243 3892
f 3892 5243 5242
f 3734 3866 3900
f 3900 3866 5243
f 4117 6281 4118
f 4118 6281 6282
f 4118 6282 4278
f 4278 6282 4879
f 4717 4887 4718
f 4718 4887 4280
f 4792 4278 4882
f 4882 4278 4879
f 4795 4792 6283
f 6283 4792 4882
f 4852 4851 5012
f 5012 4851 6284
f 4856 5207 4857
f 4857 5207 4858
f 4860 4279 4857
f 4857 4279 4854
f 4718 4280 4860
f 4860 4280 4279
f 4864 4863 4745
f 4745 4863 4742
f 5366 4867 5011
f 5011 4867 4866
f 4871 4884 4872
f 4872 4884 4883
f 4872 4883 4117
f 4117 4883 6281
f 6284 4851 6283
f 6283 4851 4795
f 4852 4866 4853
f 4853 4866 4865
f 4871 4870 4856
f 4856 4870 5207
f 4717 4716 4864
f 4864 4716 4861
f 4868 4867 4862
f 4862 4867 4863
f 4268 4855 4269
f 4269 4855 4854
f 4281 4274 4282
f 4282 4274 4765
f 4744 4743 4907
f 4907 4743 4904
f 4874 4881 4820
f 4820 4881 4880
f 4885 5013 4886
f 4886 5013 4980
f 4888 4275 4281
f 4281 4275 4274
f 4902 6282 4903
f 4903 6282 6281
f 6283 4979 6284
f 6284 4979 4978
f 4282 4765 4269
f 4269 4765 4266
f 4880 4879 4902
f 4902 4879 6282
f 4903 6281 4886
f 4886 6281 4883
f 4882 4881 6283
f 6283 4881 4979
f 5013 4885 4267
f 4267 4885 4268
f 4888 4887 4744
f 4744 4887 4745
f 4410 6285 4411
f 4411 6285 4812
f 4750 4749 6286
f 6286 4749 6287
f 6289 4695 6288
f 6288 4695 4255
f 4750 4675 4751
f 4751 4675 4965
f 6290 6291 4963
f 4963 6291 4960
f 4807 4806 4411
f 4411 4806 4408
f 6292 6293 4959
f 4959 6293 4956
f 4958 6294 4959
f 4959 6294 4955
f 4962 4964 4963
f 4963 4964 4805
f 4962 4961 4751
f 4751 4961 4748
f 6296 6297 6295
f 6295 6297 6298
f 6299 6300 6288
f 6288 6300 4735
f 6302 4961 6301
f 6301 4961 4960
f 6304 6287 6303
f 6303 6287 4749
f 4968 6305 4969
f 4969 6305 6306
f 4413 6308 6307
f 6307 6308 4900
f 6301 4960 6309
f 6309 4960 6291
f 4412 4408 6310
f 6310 4408 4806
f 4696 6311 4256
f 4256 6311 6312
f 6303 4749 6313
f 6313 4749 4748
f 6313 4748 6302
f 6302 4748 4961
f 6315 6316 6314
f 6314 6316 6317
f 4084 6318 6315
f 6315 6318 6316
f 4083 6319 4084
f 4084 6319 6318
f 4112 6320 4083
f 4083 6320 6319
f 6322 4138 6321
f 6321 4138 4137
f 6324 4128 6323
f 6323 4128 4127
f 4127 4193 6323
f 6323 4193 6325
f 4193 4891 6325
f 6325 4891 6326
f 4891 6327 6326
f 6326 6327 6328
f 6327 4824 5227
f 5227 4824 5228
f 5231 4684 6329
f 6329 4684 4683
f 4683 4099 6329
f 6329 4099 6330
f 4099 4102 6330
f 6330 4102 6331
f 4174 4826 4429
f 4429 4826 4829
f 4173 4741 4174
f 4174 4741 4826
f 4180 4738 4173
f 4173 4738 4741
f 6332 6333 4180
f 4180 6333 4738
f 6274 6334 4186
f 4186 6334 4188
f 4181 4825 4180
f 4180 4825 6332
f 5044 5213 5045
f 5045 5213 5165
f 5046 5087 5047
f 5047 5087 5222
f 5077 5063 5078
f 5078 5063 5198
f 5081 5099 5082
f 5082 5099 5194
f 5095 5074 5096
f 5096 5074 5073
f 5373 5170 5096
f 5096 5170 5093
f 5375 5171 5373
f 5373 5171 5170
f 5047 5222 5375
f 5375 5222 5171
f 5046 5038 5376
f 5376 5038 5067
f 5377 5086 5376
f 5376 5086 5085
f 5045 5165 5377
f 5377 5165 5086
f 5378 5214 5044
f 5044 5214 5213
f 5077 5034 5378
f 5378 5034 5214
f 5082 5194 5078
f 5078 5194 5035
f 5081 5080 5379
f 5379 5080 6335
f 5379 6335 5095
f 5095 6335 5074
f 5032 5080 5033
f 5033 5080 5079
f 5040 5017 5041
f 5041 5017 5016
f 5050 5043 5051
f 5051 5043 5042
f 5065 5023 5066
f 5066 5023 5022
f 5050 5049 5065
f 5065 5049 5023
f 5041 5016 5068
f 5068 5016 5020
f 5071 5374 5072
f 5072 5374 5200
f 5075 5156 5076
f 5076 5156 5155
f 5162 5212 5068
f 5068 5212 5067
f 5075 5074 5192
f 5192 5074 6335
f 5066 5022 5199
f 5199 5022 5196
f 5076 5155 5072
f 5072 5155 5069
f 5040 5039 5071
f 5071 5039 5374
f 5162 5161 5051
f 5051 5161 5048
f 5192 6335 5032
f 5032 6335 5080
f 5199 5196 5033
f 5033 5196 5030
f 5018 5211 5019
f 5019 5211 5408
f 5019 5408 5021
f 5021 5408 5163
f 5024 5057 5025
f 5025 5057 5415
f 5028 5048 5029
f 5029 5048 5161
f 5054 5031 5055
f 5055 5031 5030
f 5024 5023 5058
f 5058 5023 5049
f 5061 5070 5062
f 5062 5070 5069
f 5157 5438 5158
f 5158 5438 5442
f 5160 5191 5054
f 5054 5191 5031
f 5029 5161 5021
f 5021 5161 5020
f 5025 5415 5197
f 5197 5415 5220
f 5158 5442 5062
f 5062 5442 5059
f 5018 5017 5061
f 5061 5017 5070
f 5160 5159 5157
f 5157 5159 5438
f 5028 5027 5058
f 5058 5027 5056
f 5055 5030 5197
f 5197 5030 5196
f 5409 5380 5410
f 5410 5380 6336
f 5026 5413 5027
f 5027 5413 5412
f 5396 5417 5393
f 5393 5417 5416
f 5416 5057 5419
f 5419 5057 5056
f 5417 5396 5426
f 5426 5396 5420
f 5427 5423 5428
f 5428 5423 5422
f 5427 5059 5430
f 5430 5059 5442
f 5409 5408 5433
f 5433 5408 5211
f 5433 5211 5428
f 5428 5211 5060
f 5412 5411 5419
f 5419 5411 5418
f 5436 5053 5437
f 5437 5053 5052
f 5439 5402 5440
f 5440 5402 5401
f 5436 5435 5439
f 5439 5435 5402
f 5410 6336 5413
f 5413 6336 5414
f 5440 5401 5430
f 5430 5401 5429
f 5426 5420 5437
f 5437 5420 5434
f 5382 5432 5383
f 5383 5432 5384
f 5386 6336 5383
f 5383 6336 5380
f 6336 5386 5414
f 5414 5386 5388
f 5391 5418 5392
f 5392 5418 5411
f 5705 5395 5704
f 5704 5395 5394
f 5399 5435 5400
f 5400 5435 5434
f 5403 5441 5404
f 5404 5441 5405
f 5407 5429 5404
f 5404 5429 5401
f 5395 5705 5421
f 5421 5705 5748
f 5424 5706 5425
f 5425 5706 5431
f 5391 5390 5394
f 5394 5390 5704
f 5392 5388 5389
f 5389 5388 5387
f 5382 5381 5425
f 5425 5381 5422
f 5407 5406 5424
f 5424 5406 5706
f 5403 5402 5399
f 5399 5402 5435
f 5421 5748 5400
f 5400 5748 5397
f 4097 4721 4098
f 4098 4721 4231
f 4233 5273 4098
f 4098 5273 4095
f 6337 6338 4785
f 4785 6338 4786
f 4076 4780 4073
f 4073 4780 4781
f 4782 4190 4781
f 4781 4190 4073
f 4783 4901 4782
f 4782 4901 4190
f 4780 4076 4097
f 4097 4076 4721
f 6337 2879 4701
f 4701 2879 2878
f 5280 6339 5272
f 5272 6339 6340
f 5282 5281 6341
f 6341 5281 6342
f 4109 6302 4110
f 4110 6302 6301
f 4283 6304 4284
f 4284 6304 6303
f 6305 4379 6306
f 6306 4379 4378
f 4110 6301 4428
f 4428 6301 6309
f 6310 4688 4412
f 4412 4688 4687
f 4284 6303 4753
f 4753 6303 6313
f 4753 6313 4109
f 4109 6313 6302
f 6343 5226 4428
f 4428 5226 4427
f 4147 4900 4416
f 4416 4900 6308
f 6312 6311 4241
f 4241 6311 4720
f 5223 6344 4702
f 4702 6344 4699
f 4221 4220 6345
f 6345 4220 6346
f 5276 5275 6347
f 6347 5275 6348
f 5275 4728 6348
f 6348 4728 6349
f 4727 6350 5284
f 5284 6350 5285
f 6351 6352 6354
f 6354 6352 6353
f 5313 5312 5292
f 5292 5312 5293
f 5312 5344 5293
f 5293 5344 5337
f 5344 4914 5337
f 5337 4914 4916
f 4914 4913 4916
f 4916 4913 4917
f 4913 6355 4917
f 4917 6355 4978
f 6356 6357 6284
f 6284 6357 5012
f 6357 6358 5012
f 5012 6358 5011
f 5011 6358 5366
f 5366 6358 6359
f 6360 4742 6359
f 6359 4742 5366
f 4743 6361 4904
f 4904 6361 5364
f 5363 4905 5364
f 5364 4905 4904
f 5363 6362 4905
f 4905 6362 4207
f 6362 6363 4207
f 4207 6363 4208
f 6363 5342 4208
f 4208 5342 5330
f 5342 5341 5330
f 5330 5341 4244
f 5341 6364 4244
f 4244 6364 4245
f 6364 6365 4245
f 4245 6365 4246
f 6366 6367 4253
f 4253 6367 4250
f 4214 6368 4211
f 4211 6368 4380
f 4380 4379 4211
f 4211 4379 4283
f 4379 6305 4283
f 4283 6305 6304
f 6305 4968 6304
f 6304 4968 6287
f 4968 4967 6287
f 6287 4967 6286
f 4967 6297 6286
f 6286 6297 4676
f 6296 4376 4288
f 4288 4376 4285
f 4376 4373 4285
f 4285 4373 4290
f 6369 6370 6372
f 6372 6370 6371
f 5245 6373 5246
f 5246 6373 6374
f 4317 6375 4318
f 4318 6375 6376
f 4331 6377 4332
f 4332 6377 6378
f 6379 4333 6376
f 6376 4333 4318
f 4343 6380 4344
f 4344 6380 6381
f 4347 6382 4348
f 4348 6382 6383
f 4374 6371 4331
f 4331 6371 6377
f 4333 6379 4426
f 4426 6379 6384
f 4690 6385 4347
f 4347 6385 6382
f 4332 6378 4317
f 4317 6378 6375
f 4922 6386 4923
f 4923 6386 6387
f 6388 6389 4375
f 4375 6389 6390
f 6355 6356 4978
f 4978 6356 6284
f 4742 6360 4743
f 4743 6360 6361
f 6391 4238 6392
f 6392 4238 4719
f 6392 4719 6393
f 6393 4719 5296
f 6395 6396 6394
f 6394 6396 6397
f 6399 6400 6398
f 6398 6400 6401
f 6402 5302 6403
f 6403 5302 5303
f 5303 5321 6403
f 6403 5321 6404
f 5320 6405 5321
f 5321 6405 6404
f 5319 6406 5350
f 5350 6406 5351
f 5319 5318 6406
f 6406 5318 6407
f 5288 4197 6408
f 6408 4197 6409
f 4217 4216 6410
f 6410 4216 6411
f 5227 6412 6327
f 6327 6412 6328
f 4892 6413 5227
f 5227 6413 6412
f 4228 6414 4892
f 4892 6414 6413
f 4227 6415 4228
f 4228 6415 6414
f 4248 6416 4227
f 4227 6416 6415
f 4247 6417 4248
f 4248 6417 6416
f 6417 4247 6419
f 6419 4247 6418
f 6419 6418 6421
f 6421 6418 6420
f 6422 5301 6423
f 6423 5301 5300
f 6423 5300 6424
f 6424 5300 6399
f 6408 6409 6398
f 6398 6409 6425
f 6426 6427 6397
f 6397 6427 6394
f 6428 4224 6429
f 6429 4224 4223
f 6347 6346 5276
f 5276 6346 4220
f 6346 6347 6341
f 6341 6347 6339
f 5280 5278 5282
f 5282 5278 4236
f 4896 5224 4684
f 4684 5224 4681
f 4132 4135 4896
f 4896 4135 5224
f 4131 4136 4132
f 4132 4136 4135
f 4226 4754 4131
f 4131 4754 4136
f 4251 4213 4226
f 4226 4213 4754
f 4250 4214 4251
f 4251 4214 4213
f 4250 6367 4214
f 4214 6367 6368
f 6367 4910 6368
f 6368 4910 4737
f 4909 5297 4736
f 4736 5297 5296
f 5297 6395 5296
f 5296 6395 6393
f 6427 6430 6394
f 6394 6430 6431
f 6429 4383 6428
f 6428 4383 4382
f 4219 5277 4220
f 4220 5277 5276
f 4222 4697 4383
f 4383 4697 4218
f 6345 4699 4221
f 4221 4699 6344
f 6342 4700 6345
f 6345 4700 4699
f 4235 4786 5281
f 5281 4786 6338
f 4234 4787 4235
f 4235 4787 4786
f 5279 5278 6432
f 6432 5278 5271
f 4237 5279 6433
f 6433 5279 6432
f 4787 4234 6433
f 6433 4234 4237
f 6435 6436 6434
f 6434 6436 6437
f 6359 6438 6360
f 6360 6438 6437
f 6439 6440 6441
f 6441 6440 6438
f 6443 6439 6442
f 6442 6439 6441
f 6357 6356 6442
f 6442 6356 6444
f 6444 6446 6445
f 6445 6446 6447
f 4912 6446 4913
f 4913 6446 6355
f 6361 6436 5364
f 5364 6436 5365
f 5319 5350 5316
f 5316 5350 6448
f 4832 6449 5350
f 5350 6449 6448
f 4831 6450 4832
f 4832 6450 6449
f 5354 6451 5320
f 5320 6451 6405
f 4265 6452 5354
f 5354 6452 6451
f 4264 6453 4265
f 4265 6453 6452
f 6450 4831 6447
f 6447 4831 6445
f 4263 6435 4264
f 4264 6435 6434
f 6454 6453 6439
f 6439 6453 6440
f 6439 6443 6454
f 6454 6443 4834
f 4833 6455 4834
f 4834 6455 6454
f 5351 6456 4833
f 4833 6456 6455
f 6457 6391 6458
f 6458 6391 6392
f 6458 6392 6431
f 6431 6392 6393
f 5298 6396 5297
f 5297 6396 6395
f 6402 6400 5302
f 5302 6400 5299
f 6402 6403 6459
f 6459 6403 6460
f 6460 6403 6461
f 6461 6403 6404
f 6405 6462 6404
f 6404 6462 6461
f 6406 6462 5351
f 5351 6462 6456
f 6406 6407 6462
f 6462 6407 6461
f 6407 6463 6461
f 6461 6463 6460
f 6463 6464 6460
f 6460 6464 6459
f 6464 6465 6459
f 6459 6465 6401
f 6430 6466 6431
f 6431 6466 6458
f 6466 6410 6458
f 6458 6410 6457
f 6410 6411 6457
f 6457 6411 6467
f 6396 6424 6397
f 6397 6424 6425
f 6393 6395 6431
f 6431 6395 6394
f 6451 6456 6405
f 6405 6456 6462
f 6452 6455 6451
f 6451 6455 6456
f 6453 6454 6452
f 6452 6454 6455
f 6443 6445 4834
f 4834 6445 4831
f 6440 6453 6434
f 6434 6453 4264
f 6468 5306 5360
f 5360 5306 5305
f 6469 4124 6468
f 6468 4124 5306
f 6470 4125 6469
f 6469 4125 4124
f 6471 5291 6470
f 6470 5291 4125
f 6353 5292 6471
f 6471 5292 5291
f 5292 6353 5313
f 5313 6353 6352
f 5347 5314 6352
f 6352 5314 5313
f 5353 5318 5346
f 5346 5318 5317
f 5334 6468 5358
f 5358 6468 5360
f 5324 6469 5334
f 5334 6469 6468
f 5323 6470 5324
f 5324 6470 6469
f 5343 6471 5323
f 5323 6471 6470
f 6354 6353 5343
f 5343 6353 6471
f 6348 6349 4270
f 4270 6349 5311
f 5272 6340 5273
f 5273 6340 4272
f 6432 5271 4232
f 4232 5271 4233
f 4294 6432 4295
f 4295 6432 4232
f 6432 4294 6433
f 6433 4294 4301
f 4301 4300 6433
f 6433 4300 4787
f 4704 4784 4300
f 4300 4784 4787
f 4704 3013 4784
f 4784 3013 1307
f 5103 6472 5104
f 5104 6472 5202
f 5108 5116 5105
f 5105 5116 5115
f 5111 5124 5112
f 5112 5124 5123
f 5154 5205 5105
f 5105 5205 5106
f 5167 5180 5168
f 5168 5180 5185
f 5175 5188 5176
f 5176 5188 5187
f 5112 5123 5178
f 5178 5123 5120
f 5167 5090 5183
f 5183 5090 5089
f 5210 5151 5183
f 5183 5151 5181
f 5216 5138 5217
f 5217 5138 5137
f 5218 5119 5219
f 5219 5119 5221
f 5218 5178 5119
f 5119 5178 5120
f 5217 5137 5104
f 5104 5137 5101
f 5116 5108 5221
f 5221 5108 5219
f 5111 5110 5210
f 5210 5110 5151
f 5154 5153 5103
f 5103 5153 6472
f 5216 5215 5176
f 5176 5215 5173
f 5175 5174 5168
f 5168 5174 5166
f 5091 5172 5092
f 5092 5172 5208
f 5117 5037 5118
f 5118 5037 5036
f 5121 5164 5122
f 5122 5164 5133
f 5125 5084 5126
f 5126 5084 5083
f 5129 5174 5130
f 5130 5174 5173
f 5131 5202 5132
f 5132 5202 6472
f 5135 5221 5122
f 5122 5221 5119
f 5125 5124 5136
f 5136 5124 5209
f 5126 5083 5121
f 5121 5083 5164
f 5118 5036 5195
f 5195 5036 5193
f 5131 5097 5203
f 5203 5097 5114
f 5132 6472 5195
f 5195 6472 5153
f 5136 5209 5092
f 5092 5209 5089
f 5135 5134 5117
f 5117 5134 5037
f 5362 5206 5130
f 5130 5206 5127
f 5372 5371 5128
f 5128 5371 5129
f 5371 5372 5091
f 5091 5372 5172
f 5362 5215 5203
f 5203 5215 5201
f 6463 6407 5353
f 5353 6407 5318
f 6464 6463 5352
f 5352 6463 5353
f 6408 6465 5288
f 5288 6465 5289
f 4196 4224 6426
f 6426 4224 6427
f 6430 6427 6428
f 6428 6427 4224
f 6466 6430 4382
f 4382 6430 6428
f 6410 6466 4217
f 4217 6466 4382
f 4240 4239 3015
f 3015 4239 3016
f 4254 4257 3017
f 3017 4257 3018
f 6473 6474 4732
f 4732 6474 6475
f 6474 6374 6475
f 6475 6374 6373
f 5246 6374 3022
f 3022 6374 3023
f 4254 6299 4255
f 4255 6299 6288
f 6473 6300 3024
f 3024 6300 3025
f 6476 4257 6312
f 6312 4257 4256
f 4240 6476 4241
f 4241 6476 6312
f 6477 4239 6391
f 6391 4239 4238
f 6467 6477 6457
f 6457 6477 6391
f 6411 3029 6467
f 6467 3029 3028
f 4216 3030 6411
f 6411 3030 3029
f 6479 6480 6478
f 6478 6480 6481
f 6483 6484 6482
f 6482 6484 6485
f 6486 6487 4102
f 4102 6487 6331
f 6483 6488 6478
f 6478 6488 6489
f 4429 4829 6490
f 6490 4829 6479
f 6491 6486 4101
f 4101 6486 4102
f 4895 6491 4899
f 4899 6491 4101
f 4160 6488 4157
f 4157 6488 6492
f 6489 4087 6490
f 6490 4087 4090
f 4267 4261 5013
f 5013 4261 4260
f 4258 4261 5328
f 5328 4261 4975
f 4261 4267 4975
f 4975 4267 4266
f 5367 3793 3912
f 3912 3793 3575
f 6494 3616 6493
f 6493 3616 3795
f 6496 3589 6495
f 6495 3589 3588
f 6495 3588 5368
f 5368 3588 3794
f 3841 3840 3050
f 3050 3840 3051
f 3912 3911 3052
f 3052 3911 3053
f 3929 3930 3054
f 3054 3930 3055
f 5370 3930 3916
f 3916 3930 3923
f 3938 5369 3807
f 3807 5369 3915
f 3589 6496 3806
f 3806 6496 3937
f 3938 3937 3056
f 3056 3937 3057
f 3051 3840 3058
f 3058 3840 3943
f 3730 4808 3727
f 3727 4808 3943
f 3820 3951 3795
f 3795 3951 6493
f 3951 3841 3059
f 3059 3841 3050
f 3911 3574 6494
f 6494 3574 3616
f 3823 3929 3824
f 3824 3929 3952
f 4061 4060 3060
f 3060 4060 3061
f 6497 6498 4901
f 4901 6498 4790
f 6333 6499 4738
f 4738 6499 4739
f 6500 6501 6314
f 6314 6501 4418
f 6502 6275 4417
f 4417 6275 4185
f 6503 6497 4783
f 4783 6497 4901
f 6498 4060 4790
f 4790 4060 4059
f 4808 4061 3069
f 3069 4061 3060
f 5367 3071 5368
f 5368 3071 3070
f 5369 3073 5370
f 5370 3073 3072
f 6274 6275 3074
f 3074 6275 3075
f 6499 6504 4739
f 4739 6504 6317
f 6333 6332 3077
f 3077 6332 3078
f 6334 6274 3079
f 3079 6274 3074
f 6332 4825 3078
f 3078 4825 3080
f 6334 6503 4188
f 4188 6503 4783
f 4825 4689 3080
f 3080 4689 1330
f 6506 4747 6505
f 6505 4747 4746
f 6505 6507 6506
f 6506 6507 6508
f 4297 6509 4920
f 4920 6509 6510
f 4296 6511 4297
f 4297 6511 6509
f 6506 6508 4319
f 4319 6508 6512
f 4372 4371 6514
f 6514 4371 6513
f 6511 4296 5251
f 5251 4296 4305
f 5251 5250 6511
f 6511 5250 6515
f 6516 6509 6515
f 6515 6509 6511
f 6517 6507 6519
f 6519 6507 6518
f 6512 6520 6513
f 6513 6520 6514
f 6507 6517 6508
f 6508 6517 6521
f 5249 6523 6522
f 6522 6523 6524
f 6525 6370 5253
f 5253 6370 6526
f 4370 4323 4371
f 4371 4323 4326
f 4370 3103 4323
f 4323 3103 1541
f 6521 6517 6527
f 6527 6517 6519
f 6520 6528 6514
f 6514 6528 6529
f 6531 6532 6530
f 6530 6532 6533
f 5250 6534 6515
f 6515 6534 6535
f 6530 6533 6536
f 6536 6533 6537
f 6526 6538 6534
f 6534 6538 6537
f 6515 6535 6516
f 6516 6535 6539
f 4325 4321 4326
f 4326 4321 4320
f 4371 4326 6513
f 6513 4326 4320
f 6531 4731 6541
f 6541 4731 6540
f 4731 4730 6540
f 6540 4730 6542
f 4730 3121 6542
f 6542 3121 3120
f 6530 4328 6531
f 6531 4328 4731
f 4328 6530 4329
f 4329 6530 6536
f 4329 6536 6524
f 6524 6536 6543
f 6544 6545 6522
f 6522 6545 5248
f 6389 6388 5245
f 5245 6388 6373
f 6388 6546 6373
f 6373 6546 6475
f 4733 6546 6295
f 6295 6546 4377
f 4732 6475 4733
f 4733 6475 6546
f 4393 4432 4394
f 4394 4432 4435
f 4434 4672 4842
f 4842 4672 4671
f 4440 4439 4441
f 4441 4439 4438
f 4436 4450 4437
f 4437 4450 4398
f 4447 4444 4448
f 4448 4444 4392
f 4446 4464 4433
f 4433 4464 6547
f 4454 4423 4455
f 4455 4423 4422
f 4452 4481 4453
f 4453 4481 4480
f 4458 4389 4459
f 4459 4389 4388
f 4456 4471 4457
f 4457 4471 4468
f 4391 4460 4392
f 4392 4460 4448
f 4461 4467 4445
f 4445 4467 4465
f 4437 4398 4629
f 4629 4398 4397
f 4438 4628 4441
f 4441 4628 4631
f 4841 4629 4839
f 4839 4629 4397
f 4628 4842 4631
f 4631 4842 4671
f 4930 4989 4452
f 4452 4989 4481
f 4929 4927 4436
f 4436 4927 4450
f 4933 4387 4934
f 4934 4387 4386
f 4931 4475 4932
f 4932 4475 4474
f 4936 4449 4933
f 4933 4449 4387
f 4935 4472 4456
f 4456 4472 4471
f 4389 4458 4391
f 4391 4458 4460
f 4457 4468 4461
f 4461 4468 4467
f 4934 4386 4454
f 4454 4386 4423
f 4453 4480 4931
f 4931 4480 4475
f 4575 4997 4576
f 4576 4997 4639
f 4579 4596 4580
f 4580 4596 4595
f 4583 4582 4572
f 4572 4582 4569
f 4587 4944 4588
f 4588 4944 4562
f 4588 4562 4590
f 4590 4562 4561
f 4576 4639 4642
f 4642 4639 4638
f 4642 4845 4641
f 4641 4845 4846
f 4845 4590 4846
f 4846 4590 4561
f 4941 4938 4595
f 4595 4938 4580
f 4938 4940 4668
f 4668 4940 4669
f 4583 4942 4584
f 4584 4942 4947
f 4582 4587 4569
f 4569 4587 4586
f 5000 5001 4579
f 4579 5001 4596
f 4558 4560 4585
f 4585 4560 4586
f 4565 4639 4566
f 4566 4639 4997
f 4568 4567 4577
f 4577 4567 4578
f 4570 4554 4571
f 4571 4554 4556
f 4640 4565 4637
f 4637 4565 4546
f 4662 4664 4665
f 4665 4664 4844
f 4662 4558 4589
f 4589 4558 4585
f 4554 4570 4557
f 4557 4570 4560
f 4571 4667 4572
f 4572 4667 4943
f 4551 4670 4552
f 4552 4670 4666
f 4640 4664 4638
f 4638 4664 4663
f 4670 4568 4668
f 4668 4568 4577
f 4999 4996 4566
f 4566 4996 4543
f 4608 4564 4603
f 4603 4564 4563
f 4573 4593 4574
f 4574 4593 4592
f 4597 4614 4598
f 4598 4614 4613
f 4601 4600 4584
f 4584 4600 4581
f 4563 4562 4604
f 4604 4562 4944
f 4643 4593 4641
f 4641 4593 4573
f 4643 4847 4644
f 4644 4847 4848
f 4564 4847 4561
f 4561 4847 4846
f 4945 4941 4598
f 4598 4941 4595
f 4941 4945 4939
f 4939 4945 4946
f 4601 4948 4602
f 4602 4948 4620
f 4600 4604 4581
f 4581 4604 4944
f 5002 5003 4597
f 4597 5003 4614
f 4988 4759 4953
f 4953 4759 4402
f 4706 6548 4707
f 4707 6548 6549
f 4311 4928 4419
f 4419 4928 6550
f 4921 4920 6551
f 6551 4920 6552
f 4925 6553 4926
f 4926 6553 6554
f 4928 4921 4802
f 4802 4921 6551
f 6555 4985 6550
f 6550 4985 4419
f 4952 6556 4953
f 4953 6556 4649
f 4971 6557 4706
f 4706 6557 6548
f 4988 4648 4925
f 4925 4648 6553
f 4707 6549 5006
f 5006 6549 4987
f 4920 6510 6552
f 6552 6510 6518
f 6558 6510 6516
f 6516 6510 6509
f 6559 6558 6539
f 6539 6558 6516
f 6531 6541 6532
f 6532 6541 6560
f 6540 6561 6541
f 6541 6561 6529
f 6542 6562 6540
f 6540 6562 6561
f 6542 3120 6562
f 6562 3120 3142
f 4366 6563 4760
f 4760 6563 4970
f 4815 6564 4816
f 4816 6564 6565
f 3147 3146 6565
f 6565 3146 4816
f 6564 6563 6565
f 6565 6563 6566
f 4837 4385 4357
f 4357 4385 4358
f 6565 6566 3147
f 3147 6566 3149
f 4694 1209 3150
f 5247 5249 5248
f 5248 5249 6522
f 6372 6390 6545
f 6545 6390 6389
f 6375 5254 6376
f 6376 5254 5258
f 6377 6525 6378
f 6378 6525 5255
f 5260 6379 5258
f 5258 6379 6376
f 6380 6567 6381
f 6381 6567 6568
f 6382 6569 6383
f 6383 6569 6570
f 6377 6371 6525
f 6525 6371 6370
f 6379 5260 6384
f 6384 5260 6571
f 6385 6572 6382
f 6382 6572 6569
f 6378 5255 6375
f 6375 5255 5254
f 6386 6573 6387
f 6387 6573 6574
f 6545 6389 5248
f 5248 6389 5245
f 4675 4750 4676
f 4676 4750 6286
f 4734 6289 4735
f 4735 6289 6288
f 4804 6290 4805
f 4805 6290 4963
f 4811 4807 4812
f 4812 4807 4411
f 4954 6292 4955
f 4955 6292 4959
f 4964 4962 4965
f 4965 4962 4751
f 6285 4821 4812
f 4812 4821 4809
f 4675 4287 4965
f 4965 4287 4210
f 6294 4145 4955
f 4955 4145 4154
f 4964 4120 4805
f 4805 4120 4119
f 6298 4966 4734
f 4734 4966 6289
f 6300 6473 4735
f 4735 6473 4732
f 6297 6296 4676
f 4676 6296 4288
f 6523 3160 4330
f 4330 3160 3159
f 5253 5252 6525
f 6525 5252 5255
f 5256 5252 4305
f 4305 5252 5251
f 4304 5257 4305
f 4305 5257 5256
f 4424 5259 4304
f 4304 5259 5257
f 5261 6571 5259
f 5259 6571 5260
f 5262 6573 5261
f 5261 6573 6571
f 5264 6567 5265
f 5265 6567 6574
f 5266 6572 5267
f 5267 6572 6568
f 5268 6570 5269
f 5269 6570 6569
f 1807 3161 5268
f 5268 3161 6570
f 6524 6523 4329
f 4329 6523 4330
f 5253 6526 5250
f 5250 6526 6534
f 6543 6538 6544
f 6544 6538 6369
f 6524 6543 6522
f 6522 6543 6544
f 3071 5367 3052
f 3052 5367 3912
f 6493 3163 6494
f 6494 3163 3162
f 3164 445 3771
f 3771 445 3761
f 461 3165 3919
f 3919 3165 3920
f 330 410 3839
f 3839 410 3910
f 332 331 3552
f 3552 331 3551
f 464 304 3918
f 3918 304 3816
f 385 458 3766
f 3766 458 3894
f 412 415 3762
f 3762 415 3763
f 3166 337 3748
f 3748 337 3745
f 3072 3055 5370
f 5370 3055 3930
f 3073 5369 3056
f 3056 5369 3938
f 3167 3057 6496
f 6496 3057 3937
f 3069 3058 4808
f 4808 3058 3943
f 411 3166 3851
f 3851 3166 3748
f 3059 3163 3951
f 3951 3163 6493
f 336 3164 3772
f 3772 3164 3771
f 3053 3911 3162
f 3162 3911 6494
f 3054 3168 3929
f 3929 3168 3952
f 3165 830 3920
f 3920 830 3945
f 3170 3169 6497
f 6497 3169 6498
f 3171 1354 5005
f 5005 1354 4830
f 3172 3170 6503
f 6503 3170 6497
f 3169 3061 6498
f 6498 3061 4060
f 3173 3171 5006
f 5006 3171 5005
f 3079 3172 6334
f 6334 3172 6503
f 3174 3025 6299
f 6299 3025 6300
f 6576 6577 6575
f 6575 6577 6578
f 4612 4611 6579
f 6579 4611 6580
f 6582 6583 6581
f 6581 6583 6584
f 6584 6585 4618
f 4618 6585 4621
f 6586 6587 6589
f 6589 6587 6588
f 6588 6587 6590
f 6590 6587 6591
f 6592 4606 6590
f 6590 4606 4623
f 6594 6576 6593
f 6593 6576 6575
f 6595 6582 6579
f 6579 6582 6581
f 6580 6597 6596
f 6596 6597 6598
f 6577 6576 6599
f 6599 6576 6600
f 6595 6596 6601
f 6601 6596 6602
f 6583 6582 6603
f 6603 6582 6604
f 6586 6606 6605
f 6605 6606 6607
f 6587 6586 6608
f 6608 6586 6605
f 6587 6608 6591
f 6591 6608 6609
f 6576 6594 6600
f 6600 6594 6610
f 6582 6595 6604
f 6604 6595 6601
f 6599 6611 6577
f 6577 6611 6598
f 6613 6614 6612
f 6612 6614 6615
f 6617 6618 6616
f 6616 6618 6619
f 6621 6622 6620
f 6620 6622 6623
f 6625 6626 6624
f 6624 6626 6627
f 6629 6630 6628
f 6628 6630 6631
f 6633 6634 6632
f 6632 6634 6635
f 6637 6638 6636
f 6636 6638 6639
f 6640 6641 6637
f 6637 6641 6638
f 6643 6633 6642
f 6642 6633 6632
f 6645 6646 6644
f 6644 6646 6647
f 6646 6648 6647
f 6647 6648 6649
f 6651 6652 6650
f 6650 6652 6653
f 6653 6652 6654
f 6654 6652 6655
f 6656 6657 6659
f 6659 6657 6658
f 6661 6662 6660
f 6660 6662 6663
f 6662 6661 6664
f 6664 6661 6665
f 6667 6657 6666
f 6666 6657 6656
f 6669 6670 6668
f 6668 6670 6671
f 6672 6673 6670
f 6670 6673 6671
f 6674 6675 6677
f 6677 6675 6676
f 6675 6678 6676
f 6676 6678 6679
f 6681 6682 6680
f 6680 6682 6683
f 6684 6685 6683
f 6683 6685 6680
f 6687 6688 6686
f 6686 6688 6689
f 6687 6690 6688
f 6688 6690 6691
f 6619 6618 6633
f 6633 6618 6634
f 6632 6635 6693
f 6693 6635 6692
f 6617 6694 6636
f 6636 6694 6637
f 6695 6692 6639
f 6639 6692 6635
f 6637 6694 6640
f 6640 6694 6696
f 6698 6638 6697
f 6697 6638 6641
f 6643 6616 6633
f 6633 6616 6619
f 6642 6699 6641
f 6641 6699 6697
f 6646 6645 6700
f 6700 6645 6621
f 6644 6701 6654
f 6654 6701 6702
f 6700 6703 6646
f 6646 6703 6648
f 6693 6704 6649
f 6649 6704 6647
f 6620 6623 6651
f 6651 6623 6652
f 6693 6649 6699
f 6699 6649 6650
f 6652 6623 6655
f 6655 6623 6622
f 6654 6702 6653
f 6653 6702 6697
f 6615 6614 6657
f 6657 6614 6658
f 6705 6656 6704
f 6704 6656 6659
f 6613 6706 6660
f 6660 6706 6661
f 6704 6659 6701
f 6701 6659 6663
f 6661 6706 6665
f 6665 6706 6707
f 6708 6702 6664
f 6664 6702 6662
f 6612 6615 6667
f 6667 6615 6657
f 6666 6709 6664
f 6664 6709 6708
f 6629 6710 6669
f 6669 6710 6670
f 6668 6711 6679
f 6679 6711 6712
f 6713 6672 6710
f 6710 6672 6670
f 6714 6671 6705
f 6705 6671 6673
f 6628 6631 6674
f 6674 6631 6675
f 6705 6673 6709
f 6709 6673 6677
f 6631 6630 6675
f 6675 6630 6678
f 6712 6708 6679
f 6679 6708 6676
f 6625 6715 6682
f 6682 6715 6683
f 6716 6717 6681
f 6681 6717 6691
f 6718 6684 6715
f 6715 6684 6683
f 6719 6680 6714
f 6714 6680 6685
f 6624 6627 6686
f 6686 6627 6687
f 6689 6711 6685
f 6685 6711 6714
f 6627 6626 6687
f 6687 6626 6690
f 6717 6712 6691
f 6691 6712 6688
f 6612 6707 6613
f 6613 6707 6706
f 6616 6696 6617
f 6617 6696 6694
f 6703 6700 6620
f 6620 6700 6621
f 6715 6625 6718
f 6718 6625 6624
f 6710 6629 6713
f 6713 6629 6628
f 6639 6635 6636
f 6636 6635 6634
f 6641 6640 6642
f 6642 6640 6643
f 6654 6655 6644
f 6644 6655 6645
f 6651 6650 6648
f 6648 6650 6649
f 6659 6658 6663
f 6663 6658 6660
f 6665 6667 6664
f 6664 6667 6666
f 6678 6669 6679
f 6679 6669 6668
f 6673 6672 6677
f 6677 6672 6674
f 6690 6682 6691
f 6691 6682 6681
f 6685 6684 6689
f 6689 6684 6686
f 6636 6634 6617
f 6617 6634 6618
f 6638 6698 6639
f 6639 6698 6695
f 6640 6696 6643
f 6643 6696 6616
f 6693 6699 6632
f 6632 6699 6642
f 6655 6622 6645
f 6645 6622 6621
f 6704 6701 6647
f 6647 6701 6644
f 6651 6648 6620
f 6620 6648 6703
f 6650 6653 6699
f 6699 6653 6697
f 6613 6660 6614
f 6614 6660 6658
f 6663 6662 6701
f 6701 6662 6702
f 6665 6707 6667
f 6667 6707 6612
f 6705 6709 6656
f 6656 6709 6666
f 6630 6629 6678
f 6678 6629 6669
f 6714 6711 6671
f 6671 6711 6668
f 6672 6713 6674
f 6674 6713 6628
f 6677 6676 6709
f 6709 6676 6708
f 6626 6625 6690
f 6690 6625 6682
f 6680 6719 6681
f 6681 6719 6716
f 6684 6718 6686
f 6686 6718 6624
f 6711 6689 6712
f 6689 6688 6712
f 6593 6720 6594
f 6594 6720 6721
f 6722 6720 4607
f 4607 6720 4849
f 6592 6723 6722
f 6722 6723 6724
f 4610 4609 6578
f 6578 4609 6575
f 6596 6595 6580
f 6580 6595 6579
f 4618 4617 6584
f 6584 4617 6581
f 6589 6585 6586
f 6586 6585 6606
f 4622 4619 6588
f 6588 4619 6589
f 4622 6588 4623
f 4623 6588 6590
f 4609 4645 6575
f 6575 4645 6593
f 4617 4612 6581
f 6581 4612 6579
f 5004 4610 6597
f 6597 4610 6578
f 4645 4849 6593
f 6593 4849 6720
f 6724 6721 6722
f 6722 6721 6720
f 6722 4607 6592
f 6592 4607 4606
f 6725 6610 6721
f 6721 6610 6594
f 6723 6726 6724
f 6724 6726 6727
f 6727 6725 6724
f 6724 6725 6721
f 6728 6729 6605
f 6605 6729 6608
f 6605 6607 6728
f 6728 6607 6730
f 6731 6732 6604
f 6604 6732 6603
f 6733 6734 6725
f 6725 6734 6610
f 6735 6733 6727
f 6727 6733 6725
f 6735 6727 6736
f 6736 6727 6726
f 6591 6609 6723
f 6723 6609 6726
f 6723 6592 6591
f 6591 6592 6590
f 6738 6739 6737
f 6737 6739 6740
f 6740 6739 6742
f 6742 6739 6741
f 6743 6744 6741
f 6741 6744 6742
f 6745 6746 6743
f 6743 6746 6744
f 6747 6748 6745
f 6745 6748 6746
f 6749 6750 6747
f 6747 6750 6748
f 6752 6738 6751
f 6751 6738 6737
f 6754 6752 6753
f 6753 6752 6751
f 6756 6754 6755
f 6755 6754 6753
f 6758 6750 6757
f 6757 6750 6749
f 6760 6756 6759
f 6759 6756 6755
f 6762 6760 6761
f 6761 6760 6759
f 6764 6762 6763
f 6763 6762 6761
f 6757 6764 6758
f 6758 6764 6763
f 6766 6741 6765
f 6765 6741 6739
f 6767 6743 6766
f 6766 6743 6741
f 6768 6745 6767
f 6767 6745 6743
f 6769 6747 6768
f 6768 6747 6745
f 6770 6749 6769
f 6769 6749 6747
f 6772 6769 6771
f 6771 6769 6768
f 6773 6770 6772
f 6772 6770 6769
f 6774 6775 6772
f 6772 6775 6773
f 6777 6778 6776
f 6776 6778 6779
f 6775 6774 6778
f 6778 6774 6779
f 6771 6780 6772
f 6772 6780 6774
f 6780 6781 6774
f 6774 6781 6779
f 6781 6782 6779
f 6779 6782 6776
f 6784 6785 6783
f 6783 6785 6786
f 6786 6787 6783
f 6783 6787 6788
f 6790 6788 6789
f 6789 6788 6787
f 6786 6785 6791
f 6791 6785 6792
f 6791 6793 6786
f 6786 6793 6787
f 6793 6794 6787
f 6787 6794 6789
f 6795 6796 6794
f 6794 6796 6789
f 6790 6789 6797
f 6797 6789 6796
f 6798 6765 6738
f 6738 6765 6739
f 6799 6798 6752
f 6752 6798 6738
f 6767 6800 6768
f 6768 6800 6771
f 6766 6801 6767
f 6767 6801 6800
f 6802 6801 6765
f 6765 6801 6766
f 6798 6803 6765
f 6765 6803 6802
f 6804 6803 6799
f 6799 6803 6798
f 6805 6806 6804
f 6804 6806 6803
f 6807 6799 6754
f 6754 6799 6752
f 6808 6804 6807
f 6807 6804 6799
f 6809 6805 6808
f 6808 6805 6804
f 6810 6811 6805
f 6805 6811 6806
f 6812 6813 6810
f 6810 6813 6811
f 6814 6815 6796
f 6796 6815 6797
f 6813 6814 6816
f 6816 6814 6817
f 6816 6818 6813
f 6813 6818 6811
f 6819 6806 6818
f 6818 6806 6811
f 6802 6803 6819
f 6819 6803 6806
f 6757 6749 6820
f 6820 6749 6770
f 6820 6770 6821
f 6821 6770 6773
f 6821 6773 6822
f 6822 6773 6775
f 6822 6775 6823
f 6823 6775 6778
f 6824 6823 6777
f 6777 6823 6778
f 6784 6825 6777
f 6777 6825 6824
f 6826 6827 6788
f 6788 6827 6783
f 6828 6826 6790
f 6790 6826 6788
f 6829 6828 6797
f 6797 6828 6790
f 6815 6830 6797
f 6797 6830 6829
f 6832 6812 6831
f 6831 6812 6810
f 6831 6810 6809
f 6809 6810 6805
f 6736 6800 6735
f 6735 6800 6801
f 6733 6735 6802
f 6802 6735 6801
f 6734 6733 6819
f 6819 6733 6802
f 6833 6734 6818
f 6818 6734 6819
f 6834 6833 6816
f 6816 6833 6818
f 6816 6817 6834
f 6834 6817 6835
f 6837 6795 6836
f 6836 6795 6794
f 6836 6794 6731
f 6731 6794 6793
f 6732 6731 6791
f 6791 6731 6793
f 6791 6792 6732
f 6732 6792 6730
f 6729 6728 6781
f 6781 6728 6782
f 6838 6807 6756
f 6756 6807 6754
f 6839 6838 6760
f 6760 6838 6756
f 6840 6839 6762
f 6762 6839 6760
f 6841 6840 6764
f 6764 6840 6762
f 6820 6841 6757
f 6757 6841 6764
f 6841 6820 6842
f 6842 6820 6821
f 6840 6841 6843
f 6843 6841 6842
f 6839 6840 6844
f 6844 6840 6843
f 6838 6839 6845
f 6845 6839 6844
f 6807 6838 6808
f 6808 6838 6845
f 6842 6821 6846
f 6846 6821 6822
f 6843 6842 6847
f 6847 6842 6846
f 6844 6843 6848
f 6848 6843 6847
f 6845 6844 6849
f 6849 6844 6848
f 6808 6845 6809
f 6809 6845 6849
f 6850 6831 6849
f 6849 6831 6809
f 6851 6850 6848
f 6848 6850 6849
f 6847 6852 6848
f 6848 6852 6851
f 6853 6852 6846
f 6846 6852 6847
f 6846 6822 6853
f 6853 6822 6823
f 6853 6823 6854
f 6854 6823 6824
f 6854 6855 6853
f 6853 6855 6852
f 6856 6851 6855
f 6855 6851 6852
f 6856 6857 6851
f 6851 6857 6850
f 6857 6832 6850
f 6850 6832 6831
f 6825 6858 6824
f 6824 6858 6854
f 6860 6827 6859
f 6859 6827 6826
f 6859 6826 6861
f 6861 6826 6828
f 6862 6861 6829
f 6829 6861 6828
f 6830 6863 6829
f 6829 6863 6862
f 6863 6864 6862
f 6862 6864 6865
f 6858 6866 6854
f 6854 6866 6855
f 6867 6865 6866
f 6866 6865 6864
f 6869 6859 6868
f 6868 6859 6861
f 6867 6869 6865
f 6865 6869 6868
f 6861 6862 6868
f 6868 6862 6865
f 6867 6860 6869
f 6869 6860 6859
f 6753 6751 6698
f 6698 6751 6695
f 6697 6755 6698
f 6698 6755 6753
f 6759 6755 6702
f 6702 6755 6697
f 6761 6759 6708
f 6708 6759 6702
f 6763 6761 6712
f 6712 6761 6708
f 6758 6763 6717
f 6717 6763 6712
f 6750 6758 6716
f 6716 6758 6717
f 6719 6748 6716
f 6716 6748 6750
f 6714 6746 6719
f 6719 6746 6748
f 6705 6744 6714
f 6714 6744 6746
f 6704 6742 6705
f 6705 6742 6744
f 6740 6742 6693
f 6693 6742 6704
f 6737 6740 6692
f 6692 6740 6693
f 6751 6737 6695
f 6695 6737 6692
f 6601 6602 6836
f 6836 6602 6837
f 6604 6601 6731
f 6731 6601 6836
f 6599 6600 6834
f 6834 6600 6833
f 6834 6835 6599
f 6599 6835 6611
f 6600 6610 6833
f 6833 6610 6734
f 6780 6771 6870
f 6870 6771 6736
f 6736 6771 6800
f 6870 6729 6780
f 6780 6729 6781
f 6608 6729 6609
f 6609 6729 6870
f 6609 6870 6726
f 6726 6870 6736
f 5014 5015 5229
f 5229 5015 5230
f 4258 5015 4259
f 4259 5015 4878
f 3471 3013 4703
f 4703 3013 4704
f 2879 6337 1306
f 1306 6337 4785
f 829 3471 4316
f 4316 3471 4703
f 4702 3472 5223
f 5223 3472 1756
f 6871 6872 4534
f 4534 6872 4535
f 6871 4665 6872
f 6872 4665 4844
f 6871 6873 4665
f 4665 6873 4559
f 6871 4534 6873
f 6873 4534 4542
f 4153 4152 4822
f 4822 4152 4407
f 4152 4168 4407
f 4407 4168 4342
f 4343 4168 4923
f 4923 4168 4167
f 4363 4362 4972
f 4972 4362 4840
f 4362 4394 4840
f 4840 4394 4839
f 4401 4400 4986
f 4986 4400 4984
f 4435 4434 4841
f 4841 4434 4842
f 4506 4505 4530
f 4530 4505 4531
f 4506 4535 4507
f 4507 4535 4843
f 4661 4660 4516
f 4516 4660 4517
f 4673 4672 4937
f 4937 4672 6547
f 4400 4924 4984
f 4984 4924 5263
f 4673 4660 4674
f 4674 4660 4659
f 4505 4661 4531
f 4531 4661 4516
f 4952 4401 6874
f 6874 4401 4986
f 4954 4153 6875
f 6875 4153 4822
f 4363 4973 4364
f 4364 4973 4974
f 5264 4924 5267
f 5267 4924 4691
f 6293 6292 6876
f 6876 6292 6877
f 6380 4343 6387
f 6387 4343 4923
f 4394 4435 4839
f 4839 4435 4841
f 4672 4434 6547
f 6547 4434 4433
f 4973 6556 4974
f 4974 6556 6878
f 6567 6380 6574
f 6574 6380 6387
f 6292 4954 6877
f 6877 4954 6875
f 6567 5264 6568
f 6568 5264 5267
f 4145 4144 4154
f 4154 4144 4151
f 4194 4144 4425
f 4425 4144 4143
f 4355 4354 5263
f 5263 4354 4984
f 4360 4359 4364
f 4364 4359 4361
f 4444 4359 4392
f 4392 4359 4337
f 4447 4446 4432
f 4432 4446 4433
f 4464 4463 6547
f 6547 4463 4937
f 4519 4518 4654
f 4654 4518 4509
f 4533 4532 4499
f 4499 4532 4498
f 4533 4542 4530
f 4530 4542 4534
f 4519 4532 4516
f 4516 4532 4531
f 4922 4194 4426
f 4426 4194 4425
f 4463 4518 4937
f 4937 4518 4517
f 6555 4951 6874
f 6874 4951 6878
f 4958 4957 6290
f 6290 4957 6291
f 4334 4360 4712
f 4712 4360 4950
f 4985 4354 4419
f 4419 4354 4353
f 5262 4355 5265
f 5265 4355 5263
f 6294 4958 4804
f 4804 4958 6290
f 6386 4922 6384
f 6384 4922 4426
f 4444 4447 4393
f 4393 4447 4432
f 4464 4446 4465
f 4465 4446 4445
f 4985 6555 4986
f 4986 6555 6874
f 6573 6386 6571
f 6571 6386 6384
f 4145 6294 4146
f 4146 6294 4804
f 6573 5262 6574
f 6574 5262 5265
f 4542 4541 6873
f 6873 4541 4559
f 4535 6872 4843
f 4843 6872 4844
f 4104 4103 6879
f 6879 4103 6343
f 4105 6293 6307
f 6307 6293 6876
f 4104 4956 4105
f 4105 4956 6293
f 4956 4104 4957
f 4957 4104 6879
f 4957 6879 6291
f 6291 6879 6309
f 4648 4988 4649
f 4649 4988 4953
f 4802 4803 4928
f 4928 4803 6550
f 6550 4803 6555
f 6555 4803 4951
f 1516 3173 4987
f 4987 3173 5006
f 6519 6518 6558
f 6558 6518 6510
f 6527 6519 6559
f 6559 6519 6558
f 6528 6560 6529
f 6529 6560 6541
f 6548 4625 6549
f 6549 4625 4624
f 6551 6552 4746
f 4746 6552 6505
f 6553 4711 6554
f 6554 4711 4710
f 4802 6551 4713
f 4713 6551 4746
f 6556 4973 4649
f 4649 4973 4646
f 6557 4949 6548
f 6548 4949 4625
f 4648 4647 6553
f 6553 4647 4711
f 6549 4624 4987
f 4987 4624 4838
f 6552 6518 6505
f 6505 6518 6507
f 6561 4372 6529
f 6529 4372 6514
f 6562 4369 6561
f 6561 4369 4372
f 3142 3482 6562
f 6562 3482 4369
f 6556 4952 6878
f 6878 4952 6874
f 4951 4950 6878
f 6878 4950 4974
f 3168 440 3952
f 4204 4203 5341
f 5341 4203 6364
f 4219 4222 6429
f 6429 4222 4383
f 4319 4322 6506
f 6506 4322 4747
f 4340 4714 4341
f 4341 4714 4384
f 4375 4377 6388
f 6388 4377 6546
f 4378 4381 6311
f 6311 4381 4720
f 4449 4341 4387
f 4387 4341 4384
f 4473 4472 4477
f 4477 4472 4474
f 4492 4491 4487
f 4487 4491 4488
f 4523 4491 4522
f 4522 4491 4490
f 4492 4538 4493
f 4493 4538 4555
f 4538 4553 4555
f 4555 4553 4556
f 4620 4615 4621
f 4621 4615 4618
f 4652 4651 4368
f 4368 4651 4365
f 4523 4655 4524
f 4524 4655 4656
f 4553 4667 4556
f 4556 4667 4571
f 4651 1210 4365
f 4365 1210 1209
f 4698 4697 5223
f 5223 4697 6344
f 4340 4339 4322
f 4322 4339 4747
f 4726 4729 5287
f 5287 4729 4198
f 4381 4380 4737
f 4737 4380 6368
f 4836 4835 4451
f 4451 4835 4709
f 4910 6367 4911
f 4911 6367 6366
f 4912 4915 6450
f 6450 4915 6449
f 4927 4836 4450
f 4450 4836 4451
f 4930 4929 4439
f 4439 4929 4436
f 4936 4935 4459
f 4459 4935 4456
f 4473 4655 4470
f 4470 4655 4510
f 4942 4583 4943
f 4943 4583 4572
f 4948 4601 4947
f 4947 4601 4584
f 4949 4835 4625
f 4625 4835 4626
f 4966 4969 6289
f 6289 4969 4695
f 4971 4652 4926
f 4926 4652 4368
f 4203 4977 6364
f 6364 4977 6365
f 4990 4989 4443
f 4443 4989 4440
f 4990 4991 4478
f 4478 4991 4512
f 4992 4991 4528
f 4528 4991 4515
f 4992 4993 4527
f 4527 4993 4485
f 4994 4993 4502
f 4502 4993 4503
f 4994 4995 4482
f 4482 4995 4550
f 4543 4996 4544
f 4544 4996 4995
f 4999 4998 4567
f 4567 4998 4578
f 5000 4998 4575
f 4575 4998 4997
f 5002 5001 4592
f 4592 5001 4574
f 5003 5004 4614
f 4614 5004 4611
f 3483 4215 1755
f 1755 4215 4698
f 5274 5277 4195
f 4195 5277 4223
f 4726 5295 4727
f 4727 5295 6350
f 5309 5342 5310
f 5310 5342 6363
f 5315 5314 5316
f 5316 5314 5317
f 5339 6362 5340
f 5340 6362 5363
f 5310 6363 5339
f 5339 6363 6362
f 4204 5309 4201
f 4201 5309 5308
f 4915 5345 6449
f 6449 5345 6448
f 5345 5315 6448
f 6448 5315 5316
f 5348 5347 6351
f 6351 5347 6352
f 5365 4263 5340
f 5340 4263 4262
f 6295 6298 4733
f 4733 6298 4734
f 4969 6306 4695
f 4695 6306 4696
f 6306 4378 4696
f 4696 4378 6311
f 6369 6372 6544
f 6544 6372 6545
f 4375 6390 4373
f 4373 6390 4374
f 6421 6422 4911
f 4911 6422 4908
f 4910 4909 4737
f 4737 4909 4736
f 5277 4219 4223
f 4223 4219 6429
f 4697 4222 6344
f 6344 4222 4221
f 6436 6361 6437
f 6437 6361 6360
f 6438 6440 6437
f 6437 6440 6434
f 6438 6359 6441
f 6441 6359 6358
f 6442 6441 6357
f 6357 6441 6358
f 6442 6444 6443
f 6443 6444 6445
f 6446 6444 6355
f 6355 6444 6356
f 6446 4912 6447
f 6447 4912 6450
f 6436 6435 5365
f 5365 6435 4263
f 5314 5347 5317
f 5317 5347 5346
f 4319 6512 4320
f 4320 6512 6513
f 6520 6512 6521
f 6521 6512 6508
f 6528 6520 6527
f 6527 6520 6521
f 6532 6539 6533
f 6533 6539 6535
f 6533 6535 6537
f 6537 6535 6534
f 6538 6543 6537
f 6537 6543 6536
f 6295 4377 6296
f 6296 4377 4376
f 4989 4930 4440
f 4440 4930 4439
f 4927 4929 4422
f 4422 4929 4455
f 4449 4936 4388
f 4388 4936 4459
f 4472 4935 4474
f 4474 4935 4932
f 4942 4940 4947
f 4947 4940 4939
f 5001 5000 4574
f 4574 5000 4575
f 4669 4943 4666
f 4666 4943 4667
f 4996 4999 4547
f 4547 4999 4567
f 4948 4946 4620
f 4620 4946 4615
f 5003 5002 4591
f 4591 5002 4592
f 6557 4971 6554
f 6554 4971 4926
f 6532 6560 6539
f 6539 6560 6559
f 6390 6372 4374
f 4374 6372 6371
f 4966 6298 4967
f 4967 6298 6297
f 6538 6526 6369
f 6369 6526 6370
f 6585 6589 4621
f 4621 6589 4619
f 6597 6578 6598
f 6598 6578 6577
f 6606 6583 6607
f 6607 6583 6603
f 6611 6602 6598
f 6598 6602 6596
f 6585 6584 6606
f 6606 6584 6583
f 6597 6580 5004
f 5004 6580 4611
f 6607 6603 6730
f 6730 6603 6732
f 6776 6785 6777
f 6777 6785 6784
f 6785 6776 6792
f 6792 6776 6782
f 6815 6814 6812
f 6812 6814 6813
f 6817 6814 6795
f 6795 6814 6796
f 6825 6784 6827
f 6827 6784 6783
f 6830 6815 6832
f 6832 6815 6812
f 6817 6795 6835
f 6835 6795 6837
f 6792 6782 6730
f 6730 6782 6728
f 6858 6825 6860
f 6860 6825 6827
f 6863 6830 6857
f 6857 6830 6832
f 6864 6863 6856
f 6856 6863 6857
f 6866 6858 6867
f 6867 6858 6860
f 6866 6864 6855
f 6855 6864 6856
f 6835 6837 6611
f 6611 6837 6602
f 6560 6528 6559
f 6559 6528 6527
f 4949 6557 4710
f 4710 6557 6554
f 4430 4090 4175
f 4175 4090 4089
f 4777 4113 4155
f 4155 4113 4086
f 4175 4089 4176
f 4176 4089 4142
f 4199 4271 4200
f 4200 4271 4798
f 4199 4095 4272
f 4272 4095 5273
f 4406 4405 4404
f 4404 4405 4346
f 4410 4409 6877
f 6877 4409 6876
f 4409 4413 6876
f 6876 4413 6307
f 4415 4148 4416
f 4416 4148 4147
f 4690 4405 4344
f 4344 4405 4342
f 4693 4692 4352
f 4352 4692 4349
f 4701 4700 6337
f 6337 4700 6338
f 4778 4777 4081
f 4081 4777 4155
f 4821 4406 4809
f 4809 4406 4404
f 4176 4142 4181
f 4181 4142 4415
f 4760 4970 4399
f 4399 4970 4692
f 4200 5007 4096
f 4096 5007 4078
f 5266 4693 5269
f 5269 4693 4352
f 5270 5007 5361
f 5361 5007 4797
f 4778 5270 4779
f 4779 5270 5361
f 6285 4410 6875
f 6875 4410 6877
f 6308 4413 4687
f 4687 4413 4412
f 6480 6320 6481
f 6481 6320 6880
f 4701 2878 4702
f 4702 2878 3472
f 6339 6347 6340
f 6340 6347 6348
f 6341 6342 6346
f 6346 6342 6345
f 4416 6308 4414
f 4414 6308 4687
f 6385 4690 6381
f 6381 4690 4344
f 5282 6341 5280
f 5280 6341 6339
f 4700 6342 6338
f 6338 6342 5281
f 6340 6348 4272
f 4272 6348 4270
f 6480 6479 4828
f 4828 6479 4829
f 6490 6479 6489
f 6489 6479 6478
f 4090 4430 6490
f 6490 4430 4429
f 6563 6564 4970
f 4970 6564 4815
f 4694 6566 4366
f 4366 6566 6563
f 6572 6385 6568
f 6568 6385 6381
f 4821 6285 4822
f 4822 6285 6875
f 6572 5266 6569
f 6569 5266 5269
f 3482 3103 4369
f 4369 3103 4370
f 3121 4730 3485
f 3485 4730 4327
f 6277 6280 6273
f 6273 6280 6272
f 6267 6276 6278
f 6278 6276 6279
f 6278 6279 6277
f 6277 6279 6280
f 6279 6256 6280
f 6280 6256 6255
f 6256 3857 6255
f 6255 3857 3754
f 3857 3856 3754
f 3754 3856 3755
f 3856 3703 3755
f 3755 3703 3863
f 3703 3702 3863
f 3863 3702 3759
f 3702 3706 3759
f 3759 3706 3670
f 3706 3705 3670
f 3670 3705 3668
f 3705 3773 3668
f 3668 3773 3882
f 3882 3773 3883
f 3883 3773 3707
f 3707 3708 3883
f 3883 3708 3880
f 3708 3710 3880
f 3880 3710 3881
f 3709 5241 3710
f 3710 5241 3881
f 5241 3709 5234
f 5234 3709 3786
f 3693 3712 3786
f 3786 3712 5234
f 4051 4055 4052
f 4052 4055 4056
f 4056 4055 4057
f 4057 4055 4054
f 4066 5238 5236
f 5236 5238 3989
f 4066 4069 5238
f 5238 4069 4035
f 6881 3962 3960
f 3960 3962 3957
f 6883 4070 6882
f 6882 4070 3941
f 4070 6883 4071
f 4071 6883 6884
f 4071 6884 4072
f 4072 6884 6885
f 6885 6886 4072
f 4072 6886 4031
f 3955 6881 3956
f 3956 6881 3960
f 6884 3991 6885
f 6885 3991 3990
f 6883 6887 6884
f 6884 6887 3991
f 6887 6888 3991
f 3991 6888 3992
f 6888 6887 6889
f 6889 6887 6890
f 6887 6883 6890
f 6890 6883 6882
f 4058 5240 3953
f 3953 5240 3954
f 5236 6888 5239
f 5239 6888 6889
f 5237 6886 3990
f 3990 6886 6885
f 4034 4031 5237
f 5237 4031 6886
f 6881 6882 3962
f 3962 6882 3941
f 6881 3955 6882
f 6882 3955 6890
f 3955 3954 6890
f 6890 3954 6889
f 5239 6889 5240
f 5240 6889 3954
f 6888 5236 3992
f 3992 5236 3989
f 3869 3868 3888
f 3888 3868 4015
f 3868 4012 4015
f 4015 4012 4010
f 4012 4022 4010
f 4010 4022 4009
f 4022 4021 4009
f 4009 4021 4018
f 4020 3974 4001
f 4001 3974 3996
f 4021 4020 4029
f 4029 4020 4001
f 4085 4156 4086
f 4086 4156 4155
f 4113 4777 4114
f 4114 4777 4776
f 4130 4129 4094
f 4094 4129 4091
f 4139 4773 4140
f 4140 4773 4772
f 4149 4178 4150
f 4150 4178 5225
f 4160 4159 4087
f 4087 4159 4088
f 4149 4148 4179
f 4179 4148 4141
f 4085 4084 4183
f 4183 4084 6315
f 4179 4141 4159
f 4159 4141 4088
f 4192 4130 4162
f 4162 4130 4094
f 4197 5288 4198
f 4198 5288 5287
f 4229 4766 4230
f 4230 4766 4771
f 4245 4246 4242
f 4242 4246 4249
f 4183 6315 4418
f 4418 6315 6314
f 4679 4178 4680
f 4680 4178 4177
f 4724 4798 4725
f 4725 4798 4271
f 4728 5275 4729
f 4729 5275 5274
f 4230 4771 4249
f 4249 4771 4242
f 4724 4723 4799
f 4799 4723 5355
f 4823 4824 4891
f 4891 4824 6327
f 4823 4192 4161
f 4161 4192 4162
f 4893 4767 4229
f 4229 4767 4766
f 4894 4895 4898
f 4898 4895 4899
f 4106 4150 4103
f 4103 4150 5225
f 4680 4894 4677
f 4677 4894 4898
f 6420 4977 5301
f 5301 4977 4976
f 4679 4678 5226
f 5226 4678 4427
f 5228 5008 4893
f 4893 5008 4767
f 5285 6354 5286
f 5286 6354 5343
f 5289 5352 5290
f 5290 5352 5349
f 5290 5349 5295
f 5295 5349 5348
f 5302 5299 4202
f 4202 5299 4976
f 4725 4271 5311
f 5311 4271 4270
f 5325 4723 5326
f 5326 4723 4722
f 5335 5355 5325
f 5325 5355 4723
f 5326 4722 5286
f 5286 4722 5283
f 4799 5357 4797
f 4797 5357 5361
f 5359 5356 5335
f 5335 5356 5355
f 4775 4774 5356
f 5356 4774 5357
f 5359 5358 4092
f 4092 5358 4093
f 6316 4740 6317
f 6317 4740 4739
f 6318 4827 6316
f 6316 4827 4740
f 6319 4828 6318
f 6318 4828 4827
f 6320 6480 6319
f 6319 6480 4828
f 6484 6322 6485
f 6485 6322 6321
f 6487 6324 6331
f 6331 6324 6323
f 6331 6323 6330
f 6330 6323 6325
f 6325 6326 6330
f 6330 6326 6329
f 6326 6328 6329
f 6329 6328 5231
f 4824 4685 5228
f 5228 4685 5008
f 5226 6343 5225
f 5225 6343 4103
f 4728 4727 6349
f 6349 4727 5284
f 6350 6351 5285
f 5285 6351 6354
f 4247 4246 6418
f 6418 4246 6365
f 6400 6402 6401
f 6401 6402 6459
f 4197 4196 6409
f 6409 4196 6426
f 6412 4897 6328
f 6328 4897 5231
f 6413 4133 6412
f 6412 4133 4897
f 6414 4134 6413
f 6413 4134 4133
f 6415 4225 6414
f 6414 4225 4134
f 6416 4252 6415
f 6415 4252 4225
f 6417 4253 6416
f 6416 4253 4252
f 4253 6417 6366
f 6366 6417 6419
f 6366 6419 4911
f 4911 6419 6421
f 6422 6423 4908
f 4908 6423 5298
f 5298 6423 6396
f 6396 6423 6424
f 6409 6426 6425
f 6425 6426 6397
f 5300 5299 6399
f 6399 5299 6400
f 6465 6408 6401
f 6401 6408 6398
f 6424 6399 6425
f 6425 6399 6398
f 6349 5284 5311
f 5311 5284 5283
f 6465 6464 5289
f 5289 6464 5352
f 6488 6483 6492
f 6492 6483 6482
f 6486 6491 6482
f 6482 6491 6492
f 6491 4895 6492
f 6492 4895 4157
f 6488 4160 6489
f 6489 4160 4087
f 6501 6502 4418
f 4418 6502 4417
f 6504 6500 6317
f 6317 6500 6314
f 3497 3496 6501
f 6501 3496 6502
f 3499 3498 6504
f 6504 3498 6500
f 4729 5274 4198
f 4198 5274 4195
f 6418 6365 6420
f 6420 6365 4977
f 5295 5348 6350
f 6350 5348 6351
f 5301 6422 6420
f 6420 6422 6421
f 4113 4112 4086
f 4086 4112 4083
f 6320 4112 6880
f 6880 4112 4111
f 4091 4772 4092
f 4092 4772 4775
f 4129 4140 4091
f 4091 4140 4772
f 4137 4140 4128
f 4128 4140 4129
f 4128 6324 4137
f 4137 6324 6321
f 6324 6487 6321
f 6321 6487 6485
f 6487 6486 6485
f 6485 6486 6482
f 4774 4773 4779
f 4779 4773 4776
f 4773 4139 4776
f 4776 4139 4114
f 4139 4138 4114
f 4114 4138 4111
f 4138 6322 4111
f 4111 6322 6880
f 6322 6484 6880
f 6880 6484 6481
f 6484 6483 6481
f 6481 6483 6478
f 6879 6343 6309
f 6309 6343 4428
f 4106 4105 4900
f 4900 4105 6307
f 3500 3167 6495
f 6495 3167 6496
f 3500 6495 3070
f 3070 6495 5368
f 3502 5235 3501
f 3501 5235 4813
f 3024 3503 6473
f 6473 3503 6474
f 3503 3023 6474
f 6474 3023 6374
f 3504 1770 4348
f 4348 1770 4345
f 3502 3505 5235
f 5235 3505 4810
f 3498 3497 6500
f 6500 3497 6501
f 3496 3075 6502
f 6502 3075 6275
f 6299 4254 3174
f 3174 4254 3017
f 1769 3501 4814
f 4814 3501 4813
f 3506 3018 6476
f 6476 3018 4257
f 3507 3499 6499
f 6499 3499 6504
f 3030 4216 3483
f 3483 4216 4215
f 3077 3507 6333
f 6333 3507 6499
f 1784 3160 5249
f 5249 3160 6523
f 3015 3506 4240
f 4240 3506 6476
f 3508 3504 6383
f 6383 3504 4348
f 3509 3016 6477
f 6477 3016 4239
f 3028 3509 6467
f 6467 3509 6477
f 3022 1785 5246
f 5246 1785 5247
f 3161 3508 6570
f 6570 3508 6383
f 3150 3149 4694
f 4694 3149 6566
f 1327 4807 3510
f 3510 4807 4811
f 3510 4811 3505
f 3505 4811 4810
f 3146 3511 4816
f 4816 3511 4350
f 3511 1808 4350
f 4350 1808 4351
f 3485 4327 3159
f 3159 4327 4330
f 1326 3512 4806
f 4806 3512 6310
f 3512 1331 6310
f 6310 1331 4688
